AccusedMasterID,CaseMasterID,AccusedName,AgeYear,GenderID
1,3448,Yashawini Rau,20,2
2,3448,Orinder Kari,35,1
3,3448,Yashoda Madan,39,2
4,1466,Viraj Mody,34,2
5,3932,Wishi Bir,51,1
6,3889,Upasna Goda,32,2
7,3889,Damyanti Prabhakar,40,1
8,2106,Anmol Handa,57,1
9,4495,Madhav Chopra,35,1
10,4334,Girik Bhavsar,53,2
11,4334,Shivani Bose,32,1
12,4334,Irya Rout,50,1
13,2478,Chakradev Char,23,1
14,2478,Mohammed Kade,57,1
15,4361,Shivani Bose,32,1
16,1283,Alexander Chana,48,1
17,1283,Vidhi Hora,50,1
18,739,Yashoda Bala,48,1
19,2542,Saanvi Natt,30,1
20,3489,Charles Rai,22,1
21,1147,Charan Bahri,37,1
22,1147,Gautam Kala,47,1
23,3239,Sanya Doshi,57,1
24,3239,Dev Lanka,41,2
25,1882,Ati Ben,53,1
26,2001,Wishi Bir,51,1
27,1151,Mitesh Bose,60,1
28,2480,Ijaya Chandra,41,2
29,2292,Abdul Kunda,58,1
30,2292,Sanya Doshi,57,1
31,1673,Ayush Oommen,41,1
32,1641,Onveer Badal,22,1
33,590,Sudiksha Master,59,1
34,590,Wyatt Nigam,54,2
35,4150,Janaki Das,54,1
36,4150,Siddharth Sem,33,1
37,4150,Anita Kumar,28,2
38,1209,Rudra More,30,2
39,1209,Manthan Mani,45,1
40,1209,Ucchal Sastry,32,1
41,2554,Alexander Chana,48,1
42,3361,Mohammed Kade,57,1
43,4042,Pooja Lata,35,1
44,1205,Nidhi Sodhi,39,1
45,1373,Yoshita Rau,59,2
46,1373,Alka Kale,41,1
47,1373,Benjamin Dalal,22,1
48,1750,Daksh Khosla,28,1
49,3366,Chameli Upadhyay,46,1
50,3366,Udyati Sahni,21,1
51,4821,Hemangini Kurian,36,1
52,4821,Nidra Nori,58,2
53,1875,Qabil Goda,60,1
54,105,Yashoda Madan,39,2
55,4608,Ekaja Rege,24,1
56,4608,Wishi Walia,36,1
57,2399,Urvashi Dewan,58,1
58,1086,Siddharth Sem,33,1
59,2122,Ryan Deshmukh,59,1
60,3812,Joshua Barman,21,1
61,1526,Shivani Bose,32,1
62,1526,Ekta Nori,22,1
63,4935,Irya Koshy,29,2
64,4935,Darika Chandra,56,1
65,4935,Anita Palan,44,1
66,1960,Wishi Bir,51,1
67,1960,Yashoda Madan,39,2
68,1960,Oscar Saxena,35,1
69,1743,Dev Lanka,41,2
70,12,Upasna Goda,32,2
71,2103,Megha Rattan,47,1
72,1091,Falan Apte,45,1
73,4697,Ganga Dhar,35,1
74,4697,Xavier Pandey,40,2
75,4697,Bahadurjit Luthra,19,1
76,2178,Lopa De,47,1
77,4988,Sudiksha Master,59,1
78,4988,Hemangini Rai,25,1
79,676,Darika Chandra,56,1
80,4313,Theodore Varughese,24,1
81,2569,Chandani Kumar,34,1
82,2569,Jeevika Cheema,59,2
83,2589,Siddharth Sem,33,1
84,2589,Vedika Bose,49,1
85,2589,Abhimanyu Mishra,31,1
86,2589,Balveer Saxena,49,1
87,816,Jyoti Kumar,18,1
88,816,Sarthak Dar,20,1
89,816,David Randhawa,38,2
90,4372,Isha Bora,19,1
91,4372,Kalpit Magar,20,1
92,3421,Chaitaly Srivastava,38,2
93,1789,Yashoda Ganguly,20,1
94,855,Guneet Mani,59,1
95,2769,Kalpit Magar,20,1
96,4026,Aadhya Narula,35,2
97,4026,Chaitaly Srivastava,38,2
98,4026,Harsh Luthra,50,1
99,4026,Vinaya Vaidya,57,1
100,1705,Gagan Mani,55,1
101,1705,Azaan Gaba,59,1
102,3433,Guneet Chander,37,1
103,3433,Tripti Sane,55,2
104,4141,Dayamai Chahal,40,1
105,1925,Bhanumati Rege,20,1
106,3493,Tejas Sastry,48,1
107,1937,Robert Keer,56,2
108,1937,Omkaar Kothari,35,1
109,1937,Aryan Dugar,20,1
110,2601,Rachita Maharaj,58,1
111,2601,Osha Lad,47,1
112,2601,Aarini Sagar,19,1
113,2601,Noah Krishnamurthy,49,1
114,335,Ethan Bir,47,1
115,1108,Tejas Sastry,48,1
116,1107,Rajata Tank,21,1
117,1107,Damini Maharaj,58,1
118,1107,Jagat Singh,32,1
119,4466,Dev Dani,47,1
120,4466,Ati Ben,53,1
121,1413,Jhalak Tara,42,1
122,1413,Benjamin Cheema,59,1
123,865,Balhaar Jani,27,1
124,2164,Gaurangi Chakrabarti,26,1
125,2164,Kiaan Kapoor,43,1
126,2164,Balhaar Iyengar,44,2
127,2164,Hiral Aurora,25,2
128,2723,Rudra More,30,2
129,2723,Wyatt Nigam,54,2
130,2723,Parth Murty,54,1
131,1853,Isaiah Bassi,48,1
132,1853,Luke Chhabra,44,1
133,2948,Radha Luthra,31,1
134,2948,Ekaja Soni,59,2
135,240,Wakeeta Borra,43,1
136,2347,Aryan Dugar,20,1
137,370,Gagan Mani,55,1
138,3875,Balhaar Iyengar,44,2
139,2444,Hritik Aggarwal,21,1
140,2444,Harsh Luthra,50,1
141,2444,Anirudh Pall,41,1
142,1473,Yuvraj Verma,20,1
143,1473,Kashish Randhawa,41,2
144,1757,Charles Sachdeva,22,1
145,1757,Urishilla Vora,22,2
146,1757,Ijaya Gopal,44,1
147,1766,Ati Ben,53,1
148,2197,Tejas Halder,55,1
149,2197,Ryan Deshmukh,59,1
150,1723,Harsh Luthra,50,1
151,3702,Rachana Balay,37,1
152,3702,Yug Jain,44,1
153,3739,Saanvi Natt,30,1
154,505,Anita Palan,44,1
155,505,Shivansh Kannan,23,2
156,505,Faris Sani,45,1
157,3952,Maanas Zacharia,60,2
158,4883,Hredhaan Sane,39,1
159,4286,Mohammed Sahni,39,2
160,1938,Udarsh Saini,26,2
161,4288,Lopa De,47,1
162,4288,Pallavi Chanda,43,1
163,1815,David Thaman,31,1
164,3242,Aarini Comar,41,2
165,263,Yug Shanker,31,2
166,921,Harsh Luthra,50,1
167,1220,Januja Pingle,49,1
168,4437,Yashawini Rau,20,2
169,4437,Rachita Dada,28,1
170,120,Yash Virk,19,1
171,120,Yatan Pal,18,1
172,2639,Orinder Kari,35,1
173,345,Krishna Viswanathan,34,2
174,345,Chaitanya Lad,43,1
175,4643,Charles Sachdeva,22,1
176,4643,Henry Sampath,51,1
177,2224,Benjamin Cheema,59,1
178,2224,Lavanya Narula,54,1
179,3510,Aahana Bumb,35,2
180,3510,Oscar Saxena,35,1
181,3510,Pallavi Kulkarni,36,1
182,1814,Andrew Rattan,22,1
183,1814,Lucky Pillay,26,1
184,3914,Eta Nair,46,1
185,3914,Bhanumati Rege,20,1
186,3914,Chaitanya Nath,59,2
187,3914,Theodore Magar,28,1
188,2981,Laban D’Alia,51,1
189,1898,Tanish Sankar,39,1
190,1898,Upkaar Merchant,51,1
191,1898,Yuvraj Gill,50,2
192,3279,Om Nagy,57,1
193,3279,Anamika Chander,30,1
194,3279,Hemangini Vala,35,1
195,2988,Krishna Pall,52,1
196,2988,Rushil Khalsa,36,1
197,2988,Jackson Vohra,58,1
198,2756,Jeevika Sama,32,1
199,4343,Chanchal Mangal,42,2
200,4343,Dayita Wali,57,2
201,409,Kalpit Sibal,39,1
202,3998,Chanakya Guha,46,1
203,3998,Daniel Khare,51,1
204,4839,Hemal Murty,54,1
205,4839,Charan Ram,55,1
206,167,Falak Pathak,39,1
207,2551,Aarav Ganesan,60,1
208,904,Yamini Tata,28,1
209,3175,Kai Sampath,18,2
210,3175,Aarav Kapoor,44,1
211,3175,Isaiah Bassi,48,1
212,1270,Manya Bhatti,57,1
213,1270,Dakshesh Warrior,37,1
214,1270,Geetika Butala,44,1
215,3346,Dayamai Minhas,53,2
216,687,Kevin Iyer,20,1
217,4711,Adweta Taneja,39,1
218,944,Aashi Banerjee,43,1
219,455,Umang Tiwari,34,1
220,455,Raghav Kara,42,1
221,455,Wyatt Nigam,54,2
222,1860,Bishakha Mand,51,1
223,1860,Anamika Chander,30,1
224,1860,Lohit Venkatesh,39,2
225,1860,Noah Memon,53,1
226,2831,Yamini Tata,28,1
227,2146,Wishi Bir,51,1
228,2146,Anjali Desai,56,2
229,2146,Shivani Bose,32,1
230,1662,Eta Kaul,49,1
231,1662,Maya Solanki,22,1
232,1129,Aarav Chaudhary,32,2
233,1129,Meghana Goyal,35,2
234,4003,Frado Murthy,27,1
235,775,Neel Oak,35,2
236,775,Bhavya Rajagopalan,30,2
237,364,Charan Ram,55,1
238,364,Noah Bahl,37,1
239,540,Yashasvi Bhardwaj,37,1
240,331,Ryan Deshmukh,59,1
241,331,Kamya Murty,21,1
242,331,Onveer Saran,46,1
243,234,Quincy Bansal,39,1
244,191,Abhiram Karpe,38,1
245,191,Vansha Tripathi,58,1
246,2047,Advay Gopal,59,1
247,2047,Utkarsh Sharma,31,1
248,2047,Jhalak Ravel,35,1
249,4762,Darpan Tata,40,2
250,769,Ansh Kala,32,1
251,2498,Arjun Bhagat,22,1
252,4980,Devika Krish,28,2
253,4980,Forum Varty,33,1
254,283,Rachita Dada,28,1
255,283,Chaaya Sem,46,1
256,2962,Anjali Suresh,21,2
257,2962,Dev Dani,47,1
258,4263,Lajita Amble,34,2
259,1983,Girik Swamy,21,1
260,1983,Logan Saha,27,1
261,4598,Tanish Sundaram,39,2
262,4598,Nidra Batta,45,2
263,3787,Jason Shah,53,1
264,1689,Jagat Patel,18,1
265,3813,Daksha Narang,25,1
266,3418,Jason Mall,35,1
267,3329,Hemal Murty,54,1
268,3473,Dakshesh Lall,40,2
269,3473,Frederick Joshi,45,2
270,1224,Reyansh Gokhale,60,1
271,1155,Tarak Pandey,41,2
272,520,Arin Sura,18,1
273,1655,Nathan Badal,50,2
274,3052,Odika Bajaj,46,1
275,3052,Darika Bhasin,33,1
276,3052,Ishwar Palla,28,1
277,3052,Theodore Magar,28,1
278,2495,Theodore Varughese,24,1
279,2353,Nathaniel Sami,43,1
280,2353,Harinakshi D’Alia,30,1
281,2353,Yasti Shetty,18,1
282,4311,Eesha Mandal,42,2
283,4311,Ubika Dani,28,2
284,547,Tanay Sibal,50,1
285,3567,Arin Sura,18,1
286,3567,Hamsini Nadkarni,22,2
287,3567,Gayathri Jaggi,51,1
288,3273,Nimrat Sood,35,1
289,3273,Laban D’Alia,51,1
290,621,Vedant Mukhopadhyay,33,1
291,621,Aayush Bora,29,2
292,2978,Garima Ram,34,2
293,4482,Aashi Banerjee,43,1
294,4482,Ekbal Salvi,51,1
295,3396,Aryan Natarajan,53,1
296,3396,Lohit Venkatesh,39,2
297,3603,Pranav Bandi,34,2
298,503,Anmol Ghosh,46,2
299,734,Sanya Kalla,53,1
300,4211,Azad Sodhi,23,1
301,1080,Neelima Raval,43,1
302,3309,Zilmil Dave,48,2
303,3309,Tara Batta,51,1
304,2436,Yashodhara Datta,58,2
305,3920,Ayush Wason,25,1
306,3920,Peter Pillay,25,1
307,3920,Charita Kibe,60,1
308,1952,Nitesh Bahl,54,1
309,1952,Frado Kant,43,1
310,3312,Bachittar Shan,29,1
311,3312,Yuvraj Verma,58,1
312,2535,Oviya Sharma,59,2
313,4494,Alexander Dutt,20,2
314,4494,Ishwar Kumer,43,2
315,4494,Yatan Pal,18,1
316,1865,Raghav Kala,47,1
317,1865,Bhavya Kari,52,1
318,4457,Teerth Devan,27,1
319,2420,George Prabhu,57,1
320,3696,Oeshi Ghose,46,1
321,3696,Abha Ben,26,2
322,3397,Nathaniel Pathak,24,2
323,75,Wishi Ben,29,2
324,4392,Ati Din,54,1
325,4392,Ojas Bala,56,2
326,4392,Ekavir Raj,19,1
327,3438,Liam Barman,60,1
328,4090,Wishi Walia,36,1
329,4090,Ria Kothari,43,2
330,4090,Harinakshi Sawhney,33,1
331,1638,Bimala Kuruvilla,28,1
332,2731,Rayaan Ramesh,41,1
333,2731,Qarin Badami,29,2
334,2731,Ryan Deshmukh,59,1
335,2731,Yauvani Dani,37,1
336,4854,Ati Kapur,56,1
337,3956,Ekiya Brahmbhatt,40,2
338,3956,Pranav Vala,46,1
339,3784,Vivaan Nigam,48,1
340,4060,Hardik Keer,26,1
341,2823,Yash Virk,19,1
342,2442,Christopher Cheema,37,1
343,2442,Xalak Chaudhary,30,2
344,2442,Timothy Bhatia,57,1
345,4550,Ucchal Seth,32,1
346,4550,Avi Sarin,44,1
347,320,Chatura Dugar,37,1
348,320,Meera Chhabra,50,2
349,320,Forum Varty,33,1
350,1158,Aarush Randhawa,26,2
351,1158,Devika Gera,30,1
352,1158,Yashasvi Keer,42,2
353,1053,Alka Balakrishnan,55,1
354,1053,Vanya Pandya,26,2
355,4180,Omkaar Sangha,35,1
356,1798,Yashoda Shah,58,1
357,1798,Noah Wali,60,1
358,1798,Urvashi Raju,21,1
359,1798,Arin Sur,50,1
360,719,Girik Bhavsar,53,2
361,719,Hamsini Dhar,27,1
362,719,Vinaya Sengupta,30,1
363,449,Vasana Karan,20,1
364,449,Idika Nagy,60,2
365,449,Gaurav Dave,41,1
366,4628,Meera Magar,45,1
367,4628,Zayyan Goel,21,1
368,4628,Udyati Shenoy,50,1
369,4097,Omkaar Suresh,19,1
370,3671,Raagini Ganesan,35,2
371,3671,Veer Shetty,23,2
372,3671,Mohammed Choudhury,25,2
373,3671,Sanaya Garde,31,2
374,4803,Amol Vora,49,1
375,3599,Ladli Datta,24,1
376,807,Devansh Deshmukh,39,1
377,807,Krishna Baria,59,1
378,807,Chaitanya Oommen,48,1
379,807,Girish Koshy,56,1
380,2138,Ladli Biswas,60,1
381,2138,Riya Aurora,33,1
382,2138,Nidra Batta,45,2
383,2138,Advik Vohra,54,1
384,1984,Ekalinga Grover,54,1
385,1984,Sudiksha Parsa,43,1
386,1984,Chakradhar Hegde,19,2
387,3774,Caleb Goel,51,1
388,3774,Gabriel Ghose,39,2
389,3774,Anjali Wable,31,2
390,3774,Omaja Nagarajan,57,1
391,3376,Advika Sachdeva,58,2
392,2646,Pallavi Radhakrishnan,56,1
393,2505,Arin Sur,50,1
394,4987,Zashil Bumb,41,1
395,228,Vinaya Gopal,19,1
396,3968,Krish Thaker,45,1
397,3439,Vrinda Badami,53,1
398,3439,Jairaj Thaker,59,2
399,3439,Divya Hans,52,1
400,95,Nitesh Srinivasan,49,1
401,95,Lakshmi Om,53,2
402,1470,Widisha Srinivas,24,1
403,978,Indrajit Korpal,36,1
404,978,Diya Handa,58,2
405,4233,Teerth Luthra,36,1
406,4233,Amaira Iyengar,54,1
407,1989,Yashawini Rau,20,2
408,440,Gaurangi Ramanathan,55,1
409,3584,Bimala Sarma,49,1
410,3341,Anay Wali,41,1
411,821,Isaiah Chakrabarti,39,1
412,821,Aachal Chakrabarti,42,1
413,821,Mitesh Upadhyay,34,1
414,821,Utkarsh Basu,34,1
415,3602,Omya Shroff,50,1
416,469,Abhimanyu Dugar,38,2
417,469,Lekha Singhal,58,1
418,2491,Parth Baral,52,1
419,2491,Amara Sankaran,31,1
420,612,Abdul Kunda,58,1
421,4005,Benjamin Rout,53,1
422,1916,Jeevika Doctor,40,1
423,1916,Udarsh Saini,26,2
424,1943,William Deshmukh,22,2
425,1943,Aarav Lal,19,1
426,3569,Varsha Vora,35,1
427,4463,Ryan Deshmukh,59,1
428,1494,Charvi Varty,42,1
429,3249,Lavanya Narula,54,1
430,3249,Zinal Mody,40,1
431,3249,Damyanti Deo,26,1
432,2447,Advika Buch,24,1
433,2447,Omkaar Kota,36,1
434,2546,Nikita Yogi,33,1
435,2048,Chasmum Hegde,41,1
436,4834,Aadhya Narula,35,2
437,3358,Bachittar Srivastava,54,1
438,3358,Sudiksha Master,59,1
439,3200,Watika Babu,25,1
440,3200,Yash Gour,24,1
441,553,Rushil Khalsa,36,1
442,4341,Harita Amble,34,2
443,4341,Chaaya Sem,46,1
444,729,Nilima Morar,26,2
445,729,Indira Bajwa,22,1
446,3210,Gaurang Bhagat,54,1
447,177,Damini Char,58,1
448,691,Chakrika Raju,31,1
449,1954,Tanay Sibal,50,1
450,1954,Anamika Sood,42,1
451,1941,Arunima Dani,59,1
452,1399,Robert Shetty,59,2
453,3981,Abha Das,37,1
454,3981,Jagrati Mital,36,1
455,3981,Benjamin Dhingra,50,1
456,3981,Yatin Vala,60,1
457,607,Peter Bahl,50,1
458,4502,Rohan Natt,59,1
459,4502,Lajita Golla,41,1
460,4502,Udant Natarajan,35,1
461,4913,Hritik Rout,32,1
462,4913,Harrison Viswanathan,46,1
463,3966,Janani Atwal,49,1
464,970,Warhi Babu,21,2
465,2051,Umang Tiwari,34,1
466,1537,Hardik Chaudhary,54,1
467,1537,Aayush Nazareth,23,1
468,4301,Janani Purohit,55,1
469,4216,Girik Jain,57,1
470,4216,Ekta Roy,38,1
471,4216,Jhalak Tara,42,1
472,4216,Krishna Pall,52,1
473,3157,Devansh Desai,48,2
474,4485,Qarin Gala,21,1
475,4485,Aadhya Narula,35,2
476,113,Vedhika Shanker,47,2
477,113,Advik Patel,24,1
478,3417,Bina Bhatt,20,1
479,3714,Yagnesh Tella,25,2
480,1848,Omkaar Sura,42,1
481,300,Wyatt Nigam,54,2
482,252,Dalaja Wagle,22,1
483,252,Oscar Saxena,35,1
484,252,Jhalak Tata,36,1
485,4582,Vedant Chowdhury,36,1
486,4582,Faqid Anand,50,1
487,4582,Brinda Comar,41,1
488,1832,Vedika Bose,49,1
489,1832,Gaurav Ganguly,48,1
490,1832,Faraj Parmar,45,1
491,1847,Nakul Varkey,57,2
492,3032,Udarsh Thakur,51,2
493,1683,Sai Ben,60,1
494,1683,George Ahuja,37,1
495,2373,Yasti Shetty,18,1
496,2457,Eta Sunder,57,1
497,2457,Laksh Radhakrishnan,46,1
498,964,Mekhala Raman,50,1
499,4660,Irya Koshy,29,2
500,488,Harshil Mallick,38,1
501,488,Wridesh Basu,40,1
502,2053,David Randhawa,38,2
503,3182,Isha Viswanathan,48,2
504,3182,Urvashi Doctor,36,1
505,3182,Rishi Pau,41,2
506,1060,Nandini Gaba,26,1
507,1060,Nachiket Baria,37,1
508,2898,Rudra Bhatnagar,22,1
509,4539,Odika Bhatt,60,1
510,4555,Janaki Vaidya,44,1
511,4555,Megha Rattan,47,1
512,3136,Ekaja Dugar,55,1
513,1227,Frado Murthy,27,1
514,3825,Chakrika Gole,26,1
515,2939,Dhriti Swaminathan,25,1
516,574,Jackson Bahl,43,1
517,4076,Forum Varty,33,1
518,2814,Balendra Bava,37,1
519,2814,Guneet Sane,36,1
520,2814,Yasti Bir,31,1
521,3722,Elijah Batta,53,1
522,3722,Ekaja Bal,51,1
523,3722,Nidra Kata,47,1
524,2330,Chandran Memon,49,1
525,3400,Timothy Dugal,21,1
526,3400,Andrew Bhakta,34,2
527,1463,Krish Bahri,37,2
528,1463,Joshua Jani,31,1
529,4908,Jackson Vohra,58,1
530,2028,Barkha Rai,47,1
531,2028,Triveni Sampath,22,1
532,1315,Shivansh Saraf,46,1
533,1315,Vanya Gade,46,1
534,1000,Naveen Nadig,51,1
535,1000,Isaac Chakraborty,26,1
536,2550,Anthony Edwin,59,1
537,4603,Tanmayi Goda,51,1
538,187,Manya Mand,36,1
539,2650,Anvi Krish,58,2
540,1935,Karan Som,46,1
541,1935,Arjun Sood,19,1
542,4483,Jagdish Samra,48,2
543,4483,Ekani Ganguly,37,1
544,3308,Reyansh Mital,19,2
545,1005,Farhan Saxena,34,1
546,3410,Kiaan Chandran,55,1
547,2606,Vanya Patel,53,1
548,2606,Zarna Raman,26,1
549,3027,Gaurika Tiwari,59,2
550,4740,Nisha Varma,24,1
551,2983,Teerth Deep,45,1
552,2041,Ethan Misra,27,2
553,2041,Januja Dora,31,1
554,2041,Arunima Chahal,26,2
555,2842,Henry Sampath,51,1
556,732,Hitesh Ram,54,1
557,4752,Wakeeta Walia,28,1
558,1903,Banjeet Guha,24,1
559,1903,Omya Sastry,44,1
560,1903,Champak Mannan,32,1
561,1903,Yauvani Panchal,21,1
562,185,Rayaan Sagar,54,1
563,185,Nihal Parikh,57,1
564,185,Victor Wagle,41,1
565,185,Pratyush Raju,40,1
566,708,Ucchal Prasad,58,1
567,708,Pallavi Chaudhry,39,2
568,708,Darsh Mitter,35,1
569,1919,Neelima Karan,55,2
570,1639,Daksha Hegde,19,2
571,3068,Ladli Sathe,20,1
572,3068,Prisha Chahal,43,1
573,20,Abdul Gulati,44,1
574,4356,Eta Kaul,49,1
575,4356,Odika Bhatt,60,1
576,4356,Atharv Dani,25,1
577,2845,Ayush Balakrishnan,54,1
578,2955,Daniel Mukhopadhyay,32,1
579,713,Triveni Choudhary,35,2
580,2679,Brinda Prashad,20,2
581,3951,Chandran Barad,20,2
582,3835,Yoshita Samra,53,1
583,626,Girik Pandit,39,2
584,626,Manya Rajagopal,43,1
585,2574,Ishita Pall,43,1
586,1694,Pahal Sanghvi,59,1
587,1239,Jhalak Kamdar,31,2
588,1239,Dayamai Mahal,51,1
589,1239,Sai Ben,60,1
590,933,Geetika Rajagopal,29,1
591,1229,Rohan Dass,51,1
592,1229,Chakrika Sanghvi,28,1
593,3453,Mohini Yogi,35,1
594,398,Jairaj Thaker,59,2
595,398,Urvashi Hegde,29,1
596,3627,Kamya Seshadri,53,1
597,3627,Guneet Sane,36,1
598,3339,Yadavi Pillay,28,1
599,3290,Omya Natarajan,38,1
600,3041,Chakrika Nazareth,30,1
601,421,Xavier Pandey,40,2
602,421,Vrinda Sandhu,37,1
603,4168,Dhriti Rastogi,20,1
604,141,Chaitaly Srivastava,38,2
605,141,Warinder Narang,45,1
606,3863,Ranveer Chaudhari,34,1
607,3863,Saanvi Saraf,20,2
608,2869,Triveni Andra,20,1
609,4686,Idika Bal,20,1
610,4686,Qadim Som,44,2
611,814,Abha Dhillon,46,2
612,814,Ishani Sodhi,35,1
613,814,Nitara Wable,38,2
614,1725,Qarin Badami,29,2
615,1725,Anthony Borra,40,2
616,1725,Gaurav Dave,41,1
617,2879,Tarak Bali,43,1
618,1377,Vivaan Ramakrishnan,43,1
619,4486,Mekhala Raman,50,1
620,702,Arin Devi,29,1
621,4832,Bahadurjit Krish,29,2
622,4832,Nandini Handa,43,1
623,1703,Darika Sehgal,26,2
624,1703,Nisha Parsa,40,1
625,1703,Bina Chandra,53,1
626,819,Yoshita Yohannan,42,1
627,819,Warda Nair,49,1
628,2585,Karan Dyal,41,2
629,2585,Tamanna Bora,51,2
630,4122,Aadhya Buch,18,1
631,4122,Nandini Rajagopal,33,2
632,4122,Leena Doshi,50,1
633,3218,Harsh Choudhry,50,1
634,3218,Dhriti Bhardwaj,25,1
635,3218,Ayush Ben,29,2
636,3030,Tarak Shah,59,1
637,3684,Vasana Karan,20,1
638,3684,Dakshesh Sandal,39,1
639,746,Radhika Ramaswamy,27,1
640,2439,Vyanjana Golla,44,1
641,3169,Atharv Bhalla,18,1
642,1010,Chasmum Amble,32,1
643,1010,Sarthak Dar,20,1
644,920,Darpan Kumar,48,1
645,920,Chasmum Pradhan,49,2
646,103,Onkar Dhar,27,1
647,519,Tanay Walla,57,1
648,519,Ekani Bansal,34,1
649,519,Libni Sane,26,1
650,519,Nitesh Rege,33,2
651,2261,Samesh Saran,50,1
652,2261,Rohan Sahni,19,1
653,4433,Raagini Varma,23,2
654,1682,Krishna Nagarajan,50,1
655,1682,Om Banik,44,2
656,874,Faraj Parmar,45,1
657,874,Ethan Mander,19,1
658,1918,Girik Bhavsar,53,2
659,1918,Aarna Korpal,32,1
660,1444,Yatan Pal,18,1
661,1687,Jonathan Badami,26,1
662,1687,Pushti Biswas,34,1
663,3568,Alka Mitter,48,1
664,239,Dayita Wali,57,2
665,239,Urvi Bahri,33,1
666,239,Wishi Walia,36,1
667,2079,Chatresh Brahmbhatt,30,2
668,1724,Daksh Deep,46,1
669,2774,Manya Singhal,43,1
670,2660,Chanakya Krishnan,22,1
671,2660,Jagvi Wadhwa,29,2
672,4158,Jason Grewal,38,2
673,3652,Bakhshi Master,45,2
674,4826,Ladli Sawhney,39,2
675,178,Omkaar Sangha,35,1
676,2894,Samuel Gara,48,1
677,93,Anthony Narain,31,2
678,93,Orinder Kari,35,1
679,1183,Amrita Deshpande,54,1
680,1161,Simon Chakrabarti,43,1
681,1161,Krishna Nagarajan,21,2
682,2305,Yochana Chada,60,2
683,2305,Timothy Verma,22,2
684,2305,Idika Vaidya,44,1
685,4905,Qarin Raja,55,1
686,1120,Ira Banik,44,1
687,1120,Madhav Deo,29,1
688,1120,Jackson Buch,37,1
689,1120,Lakshmi Ganesan,40,1
690,2515,Chakrika Narasimhan,60,1
691,2515,Edhitha Koshy,34,2
692,2515,Fitan Suresh,24,2
693,2615,Aarav Bora,49,1
694,4235,Aadhya Dani,35,1
695,4235,Andrew Bhakta,34,2
696,3973,Simon Tailor,59,1
697,299,Baljiwan Hora,48,1
698,299,Isaiah Raja,60,1
699,4688,Aachal Pal,32,1
700,4688,Zilmil Ram,47,1
701,4688,Omkaar Kothari,35,1
702,134,Chatura Narasimhan,33,1
703,134,Ucchal Devan,50,1
704,1069,Januja Banik,19,1
705,392,Siddharth Grewal,23,2
706,2293,Jeet Mallick,30,2
707,750,Barkha Srinivasan,22,1
708,750,Priya Kala,56,1
709,3803,Kamya Murty,21,1
710,3803,Sneha Dutta,30,2
711,4657,Warda Pillay,40,2
712,1531,Chaitaly Bal,58,1
713,1531,Zansi Kala,28,1
714,1531,Nakul Varkey,57,2
715,2741,Maanav Choudhury,27,1
716,4185,Fiyaz Kaul,52,1
717,1093,Hardik Sahni,34,1
718,1093,Girindra Rama,20,1
719,1093,Pavani Cherian,37,1
720,3886,Diya Badal,54,2
721,3858,Matthew Joshi,60,1
722,3858,Nandini Gandhi,45,1
723,3858,Qadim Dhingra,36,1
724,3858,Raksha Mitra,37,1
725,3053,Vrishti Sharaf,30,1
726,3053,Ojas Sen,45,1
727,3989,Chameli Nayak,36,2
728,4872,Nandini Gaba,26,1
729,4029,Laksh Raval,32,1
730,231,Damini Pandya,33,1
731,1278,Mitali Atwal,34,1
732,266,Patrick Batta,41,2
733,1320,Dayita Pandya,47,2
734,1320,Shivani Gill,56,1
735,1320,Abhimanyu Dugar,38,2
736,2547,Ira Lala,26,2
737,117,Mitesh Thakkar,21,1
738,1355,Falguni Gade,30,1
739,1355,Shivansh Deshmukh,24,1
740,1104,Eesha Oommen,58,1
741,1104,Udyati Varughese,53,1
742,1104,Vedika Chatterjee,34,1
743,4805,Urvashi Doctor,36,1
744,4805,Maya Solanki,22,1
745,2404,Anita Om,46,2
746,2313,Utkarsh Sharma,31,1
747,3856,Zilmil Parekh,36,1
748,3856,Waida Barad,35,1
749,3856,Madhavi Suresh,47,1
750,1972,Chakradev Sethi,40,1
751,3852,Netra Bhat,55,1
752,3852,Charles Rattan,40,2
753,3852,Pavani Jain,57,1
754,954,Dayamai Manda,21,1
755,1595,Keya Arya,50,2
756,2603,Hiral Aurora,25,2
757,4183,Vrinda Mangat,45,1
758,2808,Amruta Behl,37,1
759,3996,Osha Borra,60,1
760,1314,Kala Chaudhari,47,2
761,1314,Kavya Sur,33,1
762,3860,Shivansh Chaudhry,60,1
763,3860,Omkaar Kota,36,1
764,1738,Rohan Manne,32,1
765,1738,Adya Dave,44,1
766,3132,Vedant Mukhopadhyay,33,1
767,3132,Neel Dara,45,1
768,4886,Vidhi Chawla,56,2
769,3354,Tara Bhandari,35,2
770,273,Jai Halder,54,1
771,273,Arin Bir,60,1
772,273,Janani Bahl,44,1
773,1366,Radha Sahota,47,1
774,1366,Lucky Vaidya,38,1
775,1366,Wishi Dave,46,1
776,322,Balvan Srivastava,37,2
777,322,Vanya Patel,53,1
778,4952,Vinaya Vaidya,57,1
779,4952,Forum Gaba,40,1
780,4556,Jackson Date,20,1
781,4556,Samesh More,42,1
782,2510,Manan Dhar,41,1
783,2510,Irya Rout,50,1
784,2510,Maanav Rajagopal,41,1
785,3150,Udyati Deo,47,2
786,3150,Pushti Vasa,30,1
787,3834,Pratyush Pillay,32,1
788,3834,Rehaan Balay,60,2
789,3834,Peter Loyal,56,1
790,2119,Brinda Comar,55,1
791,3260,Henry Apte,24,1
792,3260,Charvi Thaman,49,1
793,2628,Bhavika Ganesh,44,1
794,2628,Zehaan Parsa,35,1
795,4142,Pahal Sahni,50,1
796,4142,Udyati Srivastava,21,1
797,4405,Aarav Lal,19,1
798,4405,Aarini Gera,19,1
799,4405,Yagnesh Pau,40,1
800,2411,Darika Bhasin,33,1
801,2411,Harita Mahal,46,1
802,2901,Xavier Kar,41,1
803,2901,Chanakya Som,50,1
804,2419,Aarna Andra,49,1
805,2419,Urvashi Vora,36,1
806,850,Anita Bhardwaj,26,2
807,850,Wazir Panchal,31,2
808,850,Wridesh Palla,58,1
809,1560,Samar Kar,44,1
810,1560,Ayush Ramakrishnan,20,1
811,1560,Odika Bhandari,30,2
812,4773,Chakrika Kanda,31,1
813,4773,Janaki Kota,21,1
814,733,Chaitanya Arora,34,2
815,733,Aarav Chaudhary,32,2
816,1822,Viraj Garg,36,2
817,1822,Yashodhara Datta,58,2
818,2590,Zaid Bora,58,2
819,2590,Pavani Merchant,59,1
820,838,Faraj Thaman,47,1
821,838,Maya Nagy,27,2
822,4499,Chaitanya Dara,28,1
823,4572,Arin Sura,18,1
824,1731,Nimrat Kapur,32,1
825,1731,Abeer Mannan,47,2
826,3822,Chameli Upadhyay,46,1
827,3822,Madhav Master,19,1
828,627,Rayaan Sagar,54,1
829,627,Ganga Bava,52,1
830,627,Kamya Sibal,54,1
831,4277,Janani Narang,26,2
832,4277,Samar Karan,40,1
833,4277,Timothy Jaggi,33,2
834,1304,Bhavika Aurora,22,2
835,4402,Widisha Dugal,40,1
836,4402,Frado Muni,29,1
837,613,Oscar Shetty,43,1
838,1076,Faras Gour,32,1
839,1076,Megha Venkataraman,57,1
840,1076,Yachana Varma,48,1
841,3923,Nisha Narayan,18,1
842,3923,Ubika Ram,19,1
843,3533,Inaya Goswami,48,1
844,3533,Yatin Narang,57,1
845,3612,Yadavi Shetty,58,2
846,405,Quincy Bansal,39,1
847,405,Hardik Basu,48,1
848,405,Avni Mohan,51,1
849,3265,Rehaan Sahota,31,2
850,4058,Benjamin Varty,29,1
851,1971,Pushti Doctor,57,1
852,1971,Chanakya Roy,53,1
853,1557,Naveen Mukherjee,29,1
854,4818,Dayamai Sidhu,58,1
855,2563,Abha Bhasin,41,1
856,2563,Arya Tank,37,1
857,2563,Ekaja Pai,56,1
858,2316,Ekta Nori,22,1
859,2412,Warjas Kulkarni,53,2
860,2412,Ijaya Dayal,30,1
861,558,Azad Nair,46,1
862,704,Kevin Iyer,20,1
863,704,Aarush Kara,58,1
864,2363,Ekanta Raju,22,1
865,2363,Zehaan Sastry,29,1
866,2363,Lila Bhatti,21,1
867,2363,Ekbal Raj,50,2
868,4981,Avni Lal,56,1
869,909,Chaman Bora,46,1
870,909,Qushi Bedi,25,1
871,4728,Onveer Badal,22,1
872,247,Oni Aggarwal,59,1
873,902,Rachita Maharaj,58,1
874,2026,Vansha Tripathi,58,1
875,2391,Hemal Lad,57,1
876,844,Tanvi Gulati,36,1
877,603,Victor Sem,37,1
878,378,Samar Palla,29,1
879,378,Ekansh Sabharwal,43,2
880,378,Wridesh Cherian,22,1
881,644,Mahika Tata,38,2
882,2472,Chavvi Bala,54,1
883,3049,Tripti Oza,49,1
884,2677,Qabil Goyal,30,2
885,891,Bachittar Gaba,29,1
886,891,Kavya Din,36,2
887,1614,Michael Mandal,37,2
888,4439,Raagini Natarajan,60,1
889,897,Rajeshri Kashyap,38,1
890,2747,Zarna Lad,21,1
891,2065,Jeremiah Narain,44,2
892,2065,Fiyaz Salvi,22,1
893,3266,Krishna Baria,59,1
894,3266,Balendra Bava,37,1
895,1773,Jasmit Ram,18,1
896,3668,Aishani Gera,57,1
897,229,Harini Kaur,52,1
898,1162,Frederick Dasgupta,44,2
899,1162,Aadi Bail,58,1
900,4370,Charan Raghavan,29,1
901,4370,Upkaar Merchant,51,1
902,3491,Aayush Bora,29,2
903,1123,Noah Mahal,58,1
904,4690,Bhavya Goda,29,1
905,3732,Sneha Dara,32,1
906,4335,Jhalak Mittal,36,1
907,4928,Fariq Wali,26,2
908,4928,Chakradhar Randhawa,38,2
909,4928,Naveen Nadig,51,1
910,3486,Nathaniel Tandon,55,2
911,1037,Aradhana Minhas,24,1
912,1037,Harshil Shukla,39,1
913,4726,Lajita Munshi,33,1
914,4726,Amaira Chaudhuri,32,2
915,2252,Dhriti Choudhry,50,2
916,2252,Netra Ratta,56,1
917,2252,Nihal Gupta,57,2
918,2252,Idika Nagy,60,2
919,4973,Shravya Chada,59,1
920,3025,Hardik Keer,26,1
921,3025,Matthew Bhatia,59,1
922,111,Oni Cheema,54,1
923,6,Teerth Luthra,36,1
924,2571,Xiti Kar,33,2
925,4899,Falguni Bajaj,56,1
926,4961,Zayyan Lal,54,1
927,474,Edhitha Vig,21,1
928,474,Bimala Sarma,49,1
929,4493,Tanish Mandal,42,1
930,4493,Divya Hans,52,1
931,4493,Samarth Nadkarni,59,2
932,4493,Yasti Bir,31,1
933,2142,Dev Saxena,41,2
934,2142,Leela Dhar,36,1
935,3256,Ekani Kara,19,1
936,3256,Kevin Babu,50,2
937,2494,Barkha Banerjee,29,1
938,2494,Abeer Sinha,44,1
939,2494,Warda Kadakia,47,1
940,2049,Samuel Singh,41,1
941,4120,Bimala Vaidya,56,1
942,3767,Aayush Khare,46,2
943,808,Widisha Baral,46,2
944,808,Maya Badal,42,1
945,808,Andrew Bhakta,34,2
946,808,Warinder Khanna,23,2
947,3562,Neelima Contractor,31,2
948,2348,Arin Baria,52,1
949,2348,Samaksh Ghose,31,1
950,2348,Advay Batta,41,1
951,994,Vaishnavi Venkataraman,49,1
952,334,Bimala Nagar,57,2
953,4458,Abdul Kalla,60,1
954,4458,Reyansh Bava,54,1
955,4458,Nakul Balan,56,1
956,2434,Priya Venkataraman,59,1
957,2434,Ira Radhakrishnan,19,1
958,2434,Warhi Sankar,40,2
959,452,Riya Aurora,33,1
960,452,Tejas Seth,34,1
961,2810,Yatan Mammen,55,1
962,2810,Jason Khanna,48,1
963,4701,Kamala Mall,30,1
964,2319,Chandani Taneja,30,1
965,2319,Utkarsh Dyal,50,1
966,2319,Neha Jha,23,1
967,404,Chavvi Mahajan,51,1
968,404,Chatura Dugar,37,1
969,2309,Chatresh Sami,60,1
970,2309,Hemang Joshi,23,1
971,1074,Ranveer Purohit,57,1
972,1033,Chandran Doctor,30,1
973,1033,Netra Rama,35,1
974,4154,Garima Ram,34,2
975,4154,Devansh Dutt,24,1
976,4154,Ria Nagy,56,1
977,343,Ekanta Varkey,57,1
978,4082,Nathaniel Khosla,30,1
979,4082,Akshay Munshi,21,2
980,4082,Charvi Karan,29,2
981,3327,Krisha Loyal,60,2
982,2540,Elijah Sundaram,56,1
983,201,Azaan Wadhwa,24,1
984,201,Indrajit Guha,40,1
985,2426,Theodore Magar,28,1
986,2426,Dominic Chatterjee,60,2
987,2426,Wridesh Chand,55,1
988,4680,Gaurang Roy,29,1
989,4680,Omaja Basu,35,2
990,3587,Vedika Tak,52,2
991,4867,Omaja Menon,32,2
992,4867,Vaishnavi Lala,33,1
993,1332,Varenya Nori,20,1
994,1332,Xalak Bhardwaj,21,2
995,4730,Geetika Sodhi,28,1
996,4730,Anusha Balay,23,1
997,1637,Yadavi Dhingra,51,1
998,1619,Devika Goyal,28,1
999,3794,Finn Dass,27,1
1000,3794,Unni Saha,49,1
1001,863,Balhaar Hari,43,1
1002,863,Daniel Mukhopadhyay,32,1
1003,1132,Theodore Choudhary,44,1
1004,4347,Arin Dewan,26,1
1005,4347,Prisha Ahuja,60,1
1006,2616,Xavier Karnik,39,1
1007,3513,Mugdha Loke,54,1
1008,3099,Kashvi Grewal,39,1
1009,3099,Ojas Mukherjee,24,1
1010,4985,Bahadurjit Sant,52,2
1011,2322,Laban Jayaraman,55,1
1012,2322,Anjali Rattan,54,1
1013,2322,Om Bath,36,1
1014,2322,Daksh Dua,55,1
1015,2522,Anjali Varkey,55,1
1016,3648,Tanish Sankar,39,1
1017,3648,Kiaan Sathe,27,1
1018,4214,Jason Bose,34,2
1019,4214,Vedant Gokhale,26,1
1020,639,Radha Sharaf,32,1
1021,349,Brijesh Dey,42,1
1022,349,Raghav Ahuja,37,1
1023,4710,Aarav Khatri,49,1
1024,2686,Rachita Mander,38,1
1025,1179,Ubika Kapadia,50,1
1026,4364,Laksh Gera,38,2
1027,4364,Elijah Chowdhury,57,1
1028,4563,Vamakshi Shere,23,1
1029,3434,Brijesh Bhardwaj,33,2
1030,3434,Qarin Gala,21,1
1031,2062,Kashvi Bhatnagar,49,1
1032,2892,Frederick Pal,49,1
1033,2892,Manbir Bhandari,26,1
1034,4936,Varenya Ray,41,1
1035,4936,Jatin Gandhi,34,1
1036,4936,Varsha Pandya,18,1
1037,4936,Krishna Madan,31,1
1038,230,Samuel Bumb,26,1
1039,4124,Sanya Dhawan,27,1
1040,4124,Teerth Om,22,1
1041,4124,Yashawini Viswanathan,48,1
1042,4124,Hritik Kapur,45,1
1043,4196,Elijah Subramanian,56,1
1044,2050,Anamika Tiwari,47,1
1045,2050,Oeshi Doctor,28,1
1046,4870,Kevin Joshi,51,1
1047,4215,Pavani Mallick,52,2
1048,4215,Meghana Setty,44,2
1049,946,Veer Shetty,23,2
1050,4137,Chaaya Lata,41,2
1051,2954,Chameli Kata,40,2
1052,2954,Oviya Kakar,55,1
1053,4093,Bahadurjit Luthra,19,1
1054,4093,Harshil Dyal,56,1
1055,4398,Wridesh Basu,40,1
1056,1674,Chaaya Korpal,36,1
1057,1674,Fiyaz Wali,44,1
1058,1674,Anusha Gill,55,1
1059,437,Ojasvi Rout,30,2
1060,437,Dipta Warrior,36,1
1061,437,Rachita Muni,24,2
1062,730,Zashil Golla,35,1
1063,4065,Mugdha Doshi,31,1
1064,4065,Devansh Desai,48,2
1065,4065,Anika Anne,58,2
1066,2189,Chakradev Char,23,1
1067,2189,Yagnesh Narayanan,23,1
1068,2189,Ojas De,47,1
1069,1777,Udyati Chaudhry,36,1
1070,4426,Ijaya Narula,60,1
1071,1507,Ronith Sane,48,1
1072,1507,Amaira Majumdar,19,2
1073,1507,Abhimanyu Mishra,31,1
1074,1507,Teerth Deep,45,1
1075,1008,Nathan Basak,52,2
1076,522,Xiti Choudhry,22,1
1077,340,Alexander Dutt,20,2
1078,2384,Ridhi Tripathi,48,2
1079,2384,Bimala Nori,36,1
1080,2384,Rishi Ram,20,1
1081,2038,Nirja Bhagat,22,1
1082,2038,Caleb Padmanabhan,52,1
1083,3021,Qushi Patla,47,1
1084,2315,Chaaya Sem,46,1
1085,2315,Jeet Bhagat,21,2
1086,1500,Neel Oak,35,2
1087,1500,Aarush Rattan,19,2
1088,1500,Finn Ravi,42,1
1089,641,Wishi Walia,36,1
1090,641,Yashica Grewal,39,2
1091,1124,Saanvi Natt,30,1
1092,3618,Nandini Sule,44,2
1093,4268,Yashawini Apte,33,1
1094,3769,Jeet Bava,59,1
1095,3769,Charan Hayer,46,2
1096,3769,Hiral Dar,23,1
1097,1524,Ekiya Dutt,41,1
1098,1524,Devansh Parmar,32,2
1099,444,Gaurav Dave,41,1
1100,444,Amrita Tata,52,1
1101,444,Fiyaz Kunda,48,2
1102,2039,Jyoti Kumar,18,1
1103,1027,Nidra Chandra,20,1
1104,1027,Falak Goswami,23,1
1105,975,Veer Sani,19,1
1106,736,Faris Sahota,36,1
1107,2254,Azaan Dalal,28,2
1108,2254,Kavya Bera,28,1
1109,2254,Hemang Sehgal,43,1
1110,1050,Gaurangi Ganguly,35,1
1111,1050,Alexander Dara,22,1
1112,1050,Frado Murthy,27,1
1113,324,Onveer Sengupta,21,1
1114,4937,Quincy Sankaran,36,1
1115,983,Yahvi Sengupta,34,1
1116,983,Ryan Kar,42,1
1117,983,Lajita Amble,34,2
1118,3742,Harrison Suri,22,1
1119,3742,Wriddhish Raval,55,1
1120,3742,Tarak Kaul,39,2
1121,2090,Sanaya Sem,28,1
1122,2090,Nakul Tella,45,1
1123,47,Leela Agrawal,56,1
1124,47,Chaitanya Lad,43,1
1125,47,Ishwar Munshi,23,1
1126,47,Ojas Tripathi,59,2
1127,918,Nathaniel Rattan,36,2
1128,2891,Aarush Ravel,32,1
1129,2891,Sai Chaudhary,25,1
1130,2891,Darika Saxena,33,2
1131,2400,Bina Sahni,23,1
1132,2400,Yagnesh Chahal,38,1
1133,1642,Adweta Taneja,39,1
1134,919,Amol Chawla,31,2
1135,3440,Ati Khalsa,21,1
1136,315,Ikshita Srinivas,51,2
1137,1275,Timothy Ramakrishnan,41,2
1138,1888,Dhruv Ramaswamy,32,1
1139,1888,Vanya Dhar,58,1
1140,1888,Ladli Doctor,57,1
1141,1888,Aachal Sibal,48,1
1142,1386,Aarush Garg,28,1
1143,256,Janani Purohit,55,1
1144,256,Vaishnavi Saha,31,1
1145,428,Chakrika Chakraborty,43,1
1146,2783,Damini Mani,51,1
1147,2783,Gavin Boase,46,1
1148,1679,Jatin Bobal,48,2
1149,1679,Hardik Barad,32,1
1150,3470,William Dalal,18,1
1151,3470,Ekta Chandra,46,1
1152,2735,Samarth Raj,34,1
1153,2735,Triveni Choudhary,35,2
1154,2088,Pranit Keer,28,2
1155,2088,Ekapad Mani,22,1
1156,2088,Lopa Mander,57,1
1157,3291,Wahab Mallick,46,2
1158,550,Kalpit Magar,20,1
1159,1630,Vanya Vora,41,2
1160,1630,Qasim Sanghvi,30,1
1161,1702,Qabil Sengupta,49,1
1162,1702,Gaurangi Chakrabarti,26,1
1163,1702,Udyati Parsa,20,1
1164,1041,Omya Shroff,50,1
1165,1612,Jeevika Sama,32,1
1166,1612,Qasim Virk,35,2
1167,2052,Ekaraj Srivastava,28,1
1168,1861,Ansh Bala,22,1
1169,1861,Fiyaz Tandon,49,1
1170,1861,Samaksh Gokhale,42,1
1171,249,Jeet Balakrishnan,51,2
1172,249,Ekaja Raja,22,2
1173,3572,Upadhriti Bhavsar,20,2
1174,1813,Qadim Mohanty,57,1
1175,1813,Kashvi Korpal,44,2
1176,1813,Yash Kibe,53,1
1177,1225,Januja Singhal,31,2
1178,1225,Nidra Batta,45,2
1179,1368,Vinaya Nagarajan,46,1
1180,1368,Triya Bhatia,37,1
1181,1368,Dev Lanka,41,2
1182,2940,Rajata Bal,56,2
1183,546,Timothy Wagle,21,1
1184,546,Lakshmi Kari,21,1
1185,546,Chaitaly Khanna,41,1
1186,2703,Manan Issac,22,1
1187,2703,Megha Soni,18,1
1188,2273,Nikita Kadakia,47,1
1189,3055,Chandran Kalla,24,1
1190,2518,Nilima Morar,26,2
1191,4916,Osha Khalsa,53,2
1192,4800,Logan Dhaliwal,20,1
1193,4800,Michael Nanda,20,1
1194,4800,Sudiksha Narasimhan,22,2
1195,2926,Arunima Chaudhari,42,1
1196,2926,Banjeet Borah,55,1
1197,2926,Zinal Shan,47,1
1198,4848,Yahvi Bir,22,1
1199,4848,Hiral Upadhyay,36,1
1200,3993,Bhanumati Patel,45,1
1201,3595,Yashoda Ganguly,20,1
1202,4043,Nilima Narain,34,2
1203,1322,Samaksh Tata,39,1
1204,1322,Meghana Srinivasan,45,1
1205,1322,Vanya Patel,53,1
1206,667,Bina Bhatt,20,1
1207,667,Neha Bhagat,38,1
1208,667,Ekantika Das,56,1
1209,1666,Mohini Baral,35,2
1210,4515,Imaran Kumer,51,1
1211,3783,Inaya Wadhwa,34,1
1212,3783,Jeevika Doctor,40,1
1213,2191,Laksh Reddy,39,1
1214,2836,Jagrati Deshmukh,34,1
1215,2836,Luke Chhabra,44,1
1216,2836,Vihaan Sarin,41,1
1217,4382,Ekapad Narula,38,1
1218,2021,Daksha Sankaran,30,1
1219,39,Raksha Minhas,31,1
1220,3144,Irya Koshy,29,2
1221,3144,Krishna Hans,44,1
1222,3174,Kala Anne,47,1
1223,3174,William Bahl,28,1
1224,3174,Girish Samra,53,1
1225,803,Janani Guha,20,2
1226,803,Arin Chad,57,1
1227,803,Noah Wali,60,1
1228,1433,Nidra Madan,46,2
1229,1433,Ishani Chand,54,1
1230,1433,Ekaraj Hari,56,2
1231,3365,Idika Mann,57,1
1232,3365,Reyansh Joshi,58,1
1233,3365,Shravya Mutti,49,1
1234,2695,Vasana Barad,56,1
1235,3807,Yasti Sathe,38,1
1236,3199,Pahal Bail,44,1
1237,3199,Darsh Toor,25,1
1238,3199,Dalbir Mall,58,1
1239,3517,Ronith Hayre,47,1
1240,4259,Vedant Handa,29,1
1241,4259,Udant Sane,31,1
1242,1686,Riya Bir,47,2
1243,1686,Aishani Aurora,38,1
1244,3294,Anmol Pai,26,1
1245,3294,Finn Rout,56,2
1246,4307,Elijah Khatri,37,1
1247,4843,Reyansh Mital,19,2
1248,3753,Jackson Vala,27,1
1249,3753,Robert Narayan,32,1
1250,2871,Vinaya Garg,54,1
1251,3687,Guneet Ramakrishnan,53,1
1252,3687,Vasatika Gara,26,2
1253,3687,Mitali Pai,39,1
1254,3609,Fitan Suri,50,2
1255,3793,Niharika Narasimhan,51,1
1256,3793,Diya Tiwari,44,2
1257,3793,Tara Rajagopalan,60,1
1258,3793,Gautam Modi,58,1
1259,1380,Gaurang Sangha,32,2
1260,2950,Balhaar Jani,27,1
1261,2950,Chameli Bhakta,58,1
1262,846,Varenya De,22,2
1263,2625,Max Kashyap,18,1
1264,2625,Omkaar Sant,23,1
1265,2190,Yochana Contractor,51,1
1266,561,Oviya Badami,22,1
1267,705,Arunima Mistry,22,1
1268,705,Raksha Kannan,43,1
1269,4071,Balhaar Jani,27,1
1270,4071,Maanas Kumer,46,2
1271,4207,Yochana Dhawan,46,2
1272,1238,Turvi Nori,26,1
1273,1238,Krishna Setty,22,1
1274,4098,Charita Barad,23,1
1275,4098,Arjun Barman,34,1
1276,4098,Jyoti Kumar,18,1
1277,3130,Rehaan Chand,18,1
1278,1790,Tara Mitter,27,1
1279,1261,Bina Kaul,18,2
1280,1204,Tripti Warrior,30,2
1281,1204,Sai Dugal,46,1
1282,4019,Aarush Shere,23,1
1283,3579,Dakshesh Warrior,37,1
1284,632,Ijaya Yogi,48,2
1285,4956,Maya Chopra,29,1
1286,1063,Wakeeta Borra,43,1
1287,1063,Noah Bahl,37,1
1288,1063,William Goswami,34,1
1289,1331,Deepa Seth,30,1
1290,1331,Jackson Kalla,50,2
1291,1331,Bachittar Shan,29,1
1292,745,Gaurangi Mohan,52,1
1293,1846,Benjamin Baral,21,1
1294,1846,Samaksh Tiwari,48,1
1295,1846,Bhanumati Saini,55,1
1296,2829,Bhavya Kari,52,1
1297,2829,Upadhriti Mangat,48,2
1298,2829,Urishilla Edwin,37,1
1299,2557,Mitali Kibe,53,2
1300,2557,Ranbir Kadakia,29,2
1301,2572,Siddharth Pandit,36,1
1302,1059,Dalbir Rao,25,1
1303,1059,Gabriel Ghose,39,2
1304,4315,Ijaya Bal,25,2
1305,4315,Advika Mishra,46,1
1306,2469,Tanmayi Sarraf,54,1
1307,2469,Indrajit Vora,40,1
1308,2469,Tamanna Divan,42,1
1309,2171,Lakshit Pillai,56,1
1310,1418,Shivansh Divan,39,2
1311,1418,Logan Bandi,18,1
1312,1146,Jeet Menon,59,1
1313,1146,Urmi Barman,30,1
1314,982,Niharika Sundaram,58,1
1315,982,Girindra Sachdev,47,2
1316,982,Upasna Manda,31,1
1317,1154,Chandani Mitter,41,1
1318,1154,Zayyan Bal,20,1
1319,1154,Ekaja Shere,25,1
1320,2177,Lucky Dubey,60,1
1321,2060,Naveen Palla,36,2
1322,2060,Simon Peri,25,1
1323,1216,Urishilla D’Alia,37,1
1324,571,Oliver Joshi,22,1
1325,58,Nakul Saini,56,1
1326,22,Charan Bath,55,1
1327,22,Umang Tiwari,34,1
1328,22,Onkar Nagi,35,1
1329,4860,Gunbir Nadig,39,1
1330,4860,Isaiah Bava,48,1
1331,1718,Samar Tripathi,30,2
1332,506,Darsh Om,18,1
1333,3422,Advaith Jani,44,1
1334,3422,Kai Badami,48,1
1335,3243,Bhavna Vig,48,1
1336,4167,Oni Maharaj,46,2
1337,4477,Anita Issac,40,1
1338,3776,Advay Sinha,24,1
1339,530,Qushi Behl,52,1
1340,530,Anjali Raj,43,1
1341,3176,Urvashi Nigam,23,1
1342,3176,Rohan Khalsa,33,1
1343,189,Chanakya Guha,46,1
1344,189,Madhavi Patil,58,1
1345,2014,Triveni Mahal,28,1
1346,2971,Sanya Doshi,57,1
1347,2971,Laksh Chada,60,2
1348,2971,Chakradev Joshi,44,1
1349,3170,Rayaan Sarma,25,1
1350,3985,Lakshmi Om,53,2
1351,3985,Isha Viswanathan,48,2
1352,3985,Lohit Rama,23,1
1353,3085,Adweta Modi,33,2
1354,3085,Chanchal Tak,46,1
1355,3085,Advaith Manda,50,1
1356,1370,Liam Ramanathan,30,1
1357,4676,Oliver Luthra,39,2
1358,4876,Pranit Bir,49,1
1359,4876,Gabriel Lanka,59,2
1360,3334,Henry Murty,40,2
1361,3334,Nilima Kibe,24,1
1362,3334,Aryan Kunda,29,2
1363,2835,Joshua Seth,33,1
1364,4579,Ekaja More,40,1
1365,2927,Advaith Chad,21,1
1366,2927,Nachiket Baria,37,1
1367,853,Gunbir Bail,47,1
1368,853,Abhimanyu Kar,45,1
1369,853,Keya Batra,59,1
1370,3054,Naveen Chanda,27,1
1371,2937,Chasmum Sridhar,57,1
1372,2937,Nikita Kapoor,31,1
1373,2937,Praneel Setty,34,1
1374,526,Damini Peri,34,1
1375,526,Faras Chatterjee,18,1
1376,526,Balveer Ratti,30,1
1377,3988,Ishani Bora,31,1
1378,3988,Ishita Munshi,42,1
1379,3140,Lakshmi Om,53,2
1380,2915,George Prabhu,57,1
1381,2915,Vritti Madan,42,1
1382,2709,Jonathan Chander,55,1
1383,2709,Utkarsh Jha,58,1
1384,2470,Ekantika Srinivas,50,1
1385,1610,Maanas Walia,24,2
1386,1610,Meghana Balakrishnan,56,1
1387,1610,Frederick Gera,18,1
1388,4707,Arunima Dani,59,1
1389,4707,Avi Shetty,44,1
1390,3601,Wishi Ben,29,2
1391,555,Pallavi Sem,38,1
1392,3690,Zayyan Goel,21,1
1393,2623,Nisha Vyas,51,1
1394,2623,Tanveer Madan,24,2
1395,282,Vedant Khalsa,45,1
1396,282,Pallavi Choudhary,49,2
1397,282,Yash Dass,31,1
1398,282,Luke Chopra,47,2
1399,2046,Charan Ram,55,1
1400,2046,Dayamai Mahal,51,1
1401,4587,Faraj Murty,45,2
1402,4587,Hemani Dugal,40,1
1403,4731,Timothy Yadav,60,1
1404,1164,Arin Mangal,26,1
1405,2701,Varsha Gera,39,1
1406,2701,Vyanjana Boase,25,1
1407,1887,Maanas Minhas,34,1
1408,2816,Arjun Agate,23,2
1409,3735,Faris Pandit,25,1
1410,3735,Zaid Gole,30,1
1411,3735,Nitara Halder,48,1
1412,3735,Lakshmi Patla,58,2
1413,1908,Lila Bali,59,1
1414,3710,Vedhika Suri,34,1
1415,3163,Raagini Sagar,49,1
1416,4636,Wakeeta Wali,24,2
1417,4636,Anamika Bala,38,1
1418,4636,Brinda Raja,48,1
1419,4636,Vedhika Shanker,47,2
1420,161,Fitan Sheth,22,1
1421,2364,Faris Chander,42,1
1422,4858,Ishanvi Nanda,38,1
1423,4858,Dayita Majumdar,45,1
1424,1422,Tanmayi Morar,35,1
1425,580,Rushil Khalsa,36,1
1426,580,Dakshesh Warrior,37,1
1427,580,Aarini Lal,59,2
1428,480,Shaurya Madan,58,1
1429,480,Ijaya Devan,23,1
1430,480,Omkaar Saraf,47,2
1431,4995,Maya Gaba,57,2
1432,1240,Nachiket Rege,44,2
1433,4519,Jalsa Rau,44,2
1434,4519,Maanav Nagi,33,2
1435,4519,Neel Patil,42,1
1436,3936,Yagnesh Aggarwal,37,2
1437,3936,Anamika Sood,42,1
1438,4736,Fiyaz Sodhi,34,1
1439,4736,Daksha Date,25,1
1440,4736,Jairaj Sanghvi,51,1
1441,2946,Sanaya Arora,31,1
1442,2946,Pushti Cherian,20,1
1443,1931,Jagvi De,50,1
1444,4566,Anvi Krish,58,2
1445,4566,Gautam Cheema,26,2
1446,4656,Zayan Naik,60,1
1447,4656,Upkaar Sekhon,36,2
1448,4656,Udarsh Kunda,24,2
1449,4929,Onkar Tank,50,2
1450,4929,Vanya Bakshi,59,1
1451,3236,Waida Mangat,37,1
1452,3236,Yahvi Pradhan,49,1
1453,4059,Banjeet Agarwal,55,1
1454,4059,Isaac Chakraborty,26,1
1455,4059,Hritik Kala,47,2
1456,279,Yamini Lalla,22,1
1457,279,Sneha Varty,42,1
1458,4641,Bina Venkataraman,32,1
1459,4641,Jagat Palan,40,1
1460,4641,Zansi Khosla,59,2
1461,4411,Alexander Vig,31,2
1462,4411,Triya Sethi,60,1
1463,602,Henry Rege,45,1
1464,2553,Veda Raghavan,51,1
1465,2553,Kashish Randhawa,41,2
1466,4825,Tristan Venkataraman,39,1
1467,4747,Kalpit Sibal,39,1
1468,19,Tripti Badal,24,1
1469,19,Kamala Bhandari,46,2
1470,19,Rayaan Kadakia,24,2
1471,2662,Aachal Sekhon,54,1
1472,1623,Gautam Chandra,33,1
1473,885,Thomas Savant,22,2
1474,885,Deepa Nagi,58,1
1475,2468,Arya Murthy,48,1
1476,3305,Ijaya Dara,45,1
1477,3305,Ekalinga Raj,27,1
1478,3205,Lekha Srinivasan,42,1
1479,3205,Wridesh Dhar,30,1
1480,2446,Ijaya Sahota,22,2
1481,2446,Urvi Palan,25,1
1482,3231,Yashasvi Oak,50,1
1483,4373,Ronith Aurora,59,1
1484,4373,Lakshit Ghosh,41,1
1485,4758,Vansha Kant,21,1
1486,4758,Jeremiah Butala,54,2
1487,4758,Rachita Shroff,19,2
1488,3707,Odika Sidhu,46,1
1489,3626,Henry Shere,33,2
1490,2043,Riya Sharma,31,1
1491,2043,Leela Konda,37,1
1492,836,Ekbal Deo,50,1
1493,836,Ikshita Tiwari,43,1
1494,836,Neelima Raval,43,1
1495,2920,Jeremiah Jha,60,2
1496,2920,Bahadurjit Chaudhuri,36,1
1497,4990,Kiaan Mahajan,29,1
1498,4990,Xavier Ramachandran,49,1
1499,4990,Qushi Loyal,52,2
1500,4990,Geetika Butala,44,1
1501,3488,Dominic Chakraborty,39,2
1502,3488,Aayush Chakrabarti,49,1
1503,3488,Triya Tailor,23,1
1504,1926,Triveni Sampath,22,1
1505,2196,Xalak Krishnan,42,2
1506,2196,Sarthak Misra,44,1
1507,2729,Rushil Cheema,57,1
1508,2729,Matthew Chandra,23,1
1509,2729,Samarth Panchal,45,1
1510,2729,Jatin Sidhu,45,2
1511,227,Baljiwan Roy,31,1
1512,666,Akshay Munshi,47,1
1513,528,Varsha Contractor,29,1
1514,528,Janani Chandran,30,2
1515,528,Zayan Naidu,56,2
1516,2640,Daksha Singh,48,1
1517,3059,Aahana Natarajan,58,1
1518,3059,Vinaya Gopal,19,1
1519,3059,Darsh Rao,45,2
1520,934,Bahadurjit Sahota,29,1
1521,934,Reyansh De,36,2
1522,4121,Brijesh Raman,32,1
1523,1019,Kala Misra,20,1
1524,372,Yutika Krishnamurthy,39,2
1525,372,Omaja Padmanabhan,56,1
1526,1991,Balvan Ram,52,1
1527,1991,Aryan Patla,37,1
1528,246,Quincy Bora,56,1
1529,246,Avni Setty,18,1
1530,3927,Abeer Jha,53,2
1531,3927,Rajeshri Buch,48,1
1532,4184,Elijah Dhingra,41,2
1533,4184,Charvi Dash,49,1
1534,1111,Amara Lala,48,1
1535,1111,Eta Babu,38,1
1536,889,Chandani Halder,44,1
1537,889,Ishwar Kumer,43,2
1538,3088,Tejas Sastry,48,1
1539,625,Charan Raja,19,1
1540,1257,Jonathan Sunder,37,2
1541,3512,Darika Kuruvilla,18,1
1542,3512,Theodore Ahluwalia,38,1
1543,2733,Raghav Malhotra,32,1
1544,2733,Baljiwan Madan,27,1
1545,360,Balveer Kanda,60,1
1546,2791,Timothy Bhatia,57,1
1547,631,Mohammed More,50,1
1548,3097,David Randhawa,38,2
1549,3097,Meghana Ravel,51,2
1550,3097,Bhavika Cherian,45,1
1551,3097,Robert Bobal,59,1
1552,3167,Luke Ghose,57,1
1553,3167,Ekavir Barad,58,1
1554,3897,Maanav Saran,33,1
1555,3897,Meghana Kale,51,1
1556,4893,Falak Bhakta,53,1
1557,3268,Nandini Din,51,1
1558,2903,Vrishti Srinivas,31,1
1559,2903,Nathaniel Palan,52,1
1560,3983,Wishi Khatri,27,1
1561,3983,George Ahuja,37,1
1562,3983,Wakeeta Pathak,56,2
1563,3983,Jason Pathak,33,1
1564,2924,Rachita Mall,58,1
1565,2924,Veer Shetty,23,2
1566,2924,Wriddhish Boase,42,2
1567,2924,Tristan Ratti,56,1
1568,3980,Qushi Chander,36,1
1569,3980,Samarth Sunder,57,1
1570,905,Hardik Mistry,27,2
1571,2393,Widisha Chaudhuri,45,1
1572,400,Forum Varty,33,1
1573,3948,Krishna Behl,46,2
1574,3105,Odika Pathak,46,1
1575,3105,Maanas Gill,56,1
1576,1333,Sanaya Garde,31,2
1577,1333,Vrinda Badami,53,1
1578,314,Pranit Mittal,45,1
1579,314,Aarush Shere,54,1
1580,3726,Victor Cherian,49,1
1581,2421,Omaja Sha,34,1
1582,2421,Advika Buch,24,1
1583,2919,Teerth Tata,53,1
1584,2262,Nimrat Agarwal,24,1
1585,2938,Gagan Thaker,57,1
1586,222,Suhani Jaggi,31,1
1587,419,Triya Sibal,41,2
1588,3931,Nisha Dyal,31,1
1589,2148,Simon Rout,43,1
1590,966,Garima Ram,34,2
1591,966,Victor Wagle,41,1
1592,3078,Nidra Buch,32,1
1593,3078,Nisha Deol,40,1
1594,1228,Noah Wali,60,1
1595,1228,Gopal Bassi,55,2
1596,1228,Ethan Sama,54,1
1597,3039,Anya Mohan,38,1
1598,3039,Ekaraj Kulkarni,22,2
1599,2253,Azaan Bose,47,1
1600,2253,Sanaya Chacko,56,1
1601,4032,Jalsa Mittal,38,1
1602,3904,Victor Bedi,54,1
1603,1025,Warjas Bora,54,1
1604,1025,Mekhala Shan,27,1
1605,4783,Jagvi Tandon,42,1
1606,680,Niharika Mohan,33,1
1607,635,Upasna Goda,32,2
1608,138,Chasmum Parekh,21,2
1609,752,Nilima Lad,57,1
1610,3653,Reva Vohra,54,1
1611,3653,Wishi Sarin,20,2
1612,3653,Noah Memon,53,1
1613,4918,Baghyawati Sibal,59,1
1614,1729,Noah More,51,2
1615,2010,Turvi Sha,20,1
1616,3080,Forum Varty,33,1
1617,3080,Neelima Khare,57,1
1618,3080,Meera Mane,41,1
1619,1349,Agastya Desai,32,2
1620,1349,Umang Lalla,28,2
1621,1349,Daniel Dara,34,1
1622,1909,Lipika Sinha,31,1
1623,1909,Jagrati Mital,36,1
1624,1909,Jai Gulati,57,1
1625,1751,Bahadurjit Sibal,54,1
1626,1751,Lekha Pall,46,1
1627,4782,Aarini Pai,21,1
1628,4782,Arin Sura,18,1
1629,2044,Geetika Pillay,20,1
1630,2044,Udarsh Upadhyay,60,1
1631,1807,Aryan Bhattacharyya,22,1
1632,1784,Jagdish Brar,44,2
1633,3221,Jyoti Kumar,18,1
1634,3221,Gaurang Magar,49,1
1635,2661,Janya Menon,25,1
1636,2661,Harinakshi Natt,19,1
1637,4609,Rajeshri Swaminathan,51,1
1638,4609,Tristan Nazareth,26,1
1639,4155,Sanaya Kumar,55,1
1640,4155,Divya Nadig,54,1
1641,4155,Leena Hayre,33,1
1642,1721,Pranit Chadha,21,1
1643,1721,Noah Memon,53,1
1644,4430,Harinakshi Dani,21,1
1645,3944,Wishi Walia,36,1
1646,4434,Tamanna Chopra,34,1
1647,2885,Rachita Korpal,51,1
1648,2885,Luke Vig,57,2
1649,664,Osha Shroff,35,2
1650,1363,Prisha Ravi,45,1
1651,1363,Ekanta Varghese,22,1
1652,479,Elijah Nayak,21,1
1653,1589,Anvi Desai,37,1
1654,725,Ojas Sidhu,27,1
1655,2114,Benjamin Varty,21,2
1656,2114,Diya Contractor,18,1
1657,2114,Raghav Suri,35,1
1658,2269,Bhavani Dey,24,1
1659,2269,Yashasvi Borah,32,2
1660,2269,Darpan Tata,40,2
1661,1779,Vaishnavi Sehgal,45,2
1662,1779,Riya Nori,41,1
1663,4939,Teerth Devan,27,1
1664,4446,Rajata Lal,47,1
1665,4446,Isha Memon,54,1
1666,4446,Yashoda Magar,54,1
1667,3921,Raagini Ganesan,35,2
1668,1461,Harish Peri,47,1
1669,782,Harish Karan,30,1
1670,782,Daksh Mukherjee,54,1
1671,2483,Tristan Warrior,19,1
1672,2483,Hamsini Nadkarni,22,2
1673,2483,Upkaar Naik,35,1
1674,3377,Viraj Hari,37,1
1675,3377,Advika Reddy,32,1
1676,3377,Mekhala Raman,50,1
1677,1049,Nathan Badal,50,2
1678,1049,Aarush Parikh,26,1
1679,1416,Tanveer Doshi,53,1
1680,4759,Nicholas Goel,33,1
1681,3419,Samar Badami,24,2
1682,3419,Lohit Rastogi,28,1
1683,3419,Owen Lall,18,1
1684,3184,Ekalinga Kothari,29,1
1685,1605,Matthew Jain,41,1
1686,3997,Warda Batta,53,1
1687,4070,Lakshmi Om,53,2
1688,4070,Praneel Soman,53,1
1689,4597,Nisha Om,53,1
1690,1533,Anthony Pathak,31,1
1691,159,Qabil Varughese,21,2
1692,2511,Panini Pradhan,52,2
1693,2511,Baljiwan Chaudhry,39,1
1694,2511,Gabriel Ghose,39,2
1695,868,Inaya Saxena,57,2
1696,1142,Tanish Pingle,24,2
1697,1142,Yutika Roy,51,2
1698,742,Advik Iyer,58,2
1699,2565,Vyanjana Munshi,35,1
1700,2565,Zayyan Goel,21,1
1701,2565,Yochana Dutta,39,1
1702,4696,Shivansh Saraf,46,1
1703,1472,Yoshita Barad,44,2
1704,1472,Mahika D’Alia,43,1
1705,1472,Omisha Bhatti,36,2
1706,3119,Fariq Choudhry,58,1
1707,2693,Nakul Borde,49,1
1708,4658,Jason Hora,40,1
1709,887,Charita Bhagat,35,1
1710,3874,Farhan Saxena,34,1
1711,3874,Rajata Chakraborty,24,2
1712,4293,Irya Bhatti,35,1
1713,2508,Warjas Bora,51,1
1714,4721,Varenya Apte,28,1
1715,468,Sathvik Dugar,39,1
1716,2473,Tanveer Nanda,31,1
1717,4623,Benjamin Cheema,59,1
1718,4623,Dev Dani,47,1
1719,1401,Darika Chandra,56,1
1720,987,Wishi Babu,28,1
1721,987,Unni Sachdev,30,1
1722,987,Chakradhar Batra,54,2
1723,2979,Utkarsh D’Alia,32,2
1724,254,Balhaar Bobal,48,2
1725,254,William Deshmukh,22,2
1726,254,Yashvi Bains,44,1
1727,1447,Isha Mani,52,1
1728,1447,Yasti Sami,35,1
1729,1447,Caleb Goel,51,1
1730,1732,Januja Mistry,49,1
1731,1732,Charles Mannan,37,1
1732,2291,Yatan Mutti,57,1
1733,1542,Michael Sundaram,49,1
1734,1542,Ira Narain,49,1
1735,2706,Lopa De,47,1
1736,2706,Idika Subramanian,33,1
1737,2706,Naksh Loyal,39,1
1738,4108,Anita Virk,34,1
1739,4108,Vanya Patel,53,1
1740,4081,Ekta Nori,22,1
1741,4081,Aadi Kade,26,1
1742,4081,Nathaniel Dyal,37,1
1743,884,Champak Tiwari,23,1
1744,1758,Januja Khare,60,1
1745,1878,Krishna Pall,52,1
1746,1878,Qushi Joshi,33,1
1747,2673,Bhavna Tandon,19,1
1748,2673,Isaiah Kumar,57,1
1749,2673,Balvan Biswas,24,1
1750,2673,Ishwar Hayer,22,1
1751,1407,Januja Ahuja,45,2
1752,4884,Chaitanya Oommen,48,1
1753,4884,Yash Virk,19,1
1754,594,Neelima Gaba,22,1
1755,374,Bhavya Rajagopalan,30,2
1756,4193,Chandran Barad,20,2
1757,4344,Wishi Modi,37,1
1758,1634,Ati Jhaveri,59,1
1759,2462,Thomas Comar,49,2
1760,2462,Tamanna Chopra,20,2
1761,2947,Jacob Keer,45,1
1762,183,Pratyush Madan,52,1
1763,183,Vedant Tella,51,2
1764,183,Nidhi Walia,52,1
1765,3675,Vasatika Rattan,28,2
1766,3574,Meera Magar,45,1
1767,3574,Ekaja Ramachandran,47,2
1768,1808,Charles Buch,42,1
1769,1808,Aashi Bir,33,1
1770,4474,Guneet Mannan,34,1
1771,564,Oviya More,57,1
1772,564,George Prabhu,57,1
1773,3188,Warjas Vyas,19,1
1774,4622,Viraj Pradhan,26,2
1775,4622,Ekaraj Sengupta,28,1
1776,1030,Chaman Master,57,2
1777,4429,Wyatt Deo,27,2
1778,2340,Hamsini Dhar,27,1
1779,2486,Balveer Kota,40,1
1780,1759,Ganga Bhat,60,2
1781,1759,Charita Dhaliwal,31,1
1782,1759,Urmi Karnik,40,2
1783,464,Chandran Tank,30,2
1784,464,Chandani Sule,24,1
1785,464,Radha Saraf,57,1
1786,464,Sudiksha Bhandari,44,1
1787,569,Mohammed Kade,57,1
1788,3252,Aadhya Tandon,47,1
1789,3252,Vritti Mannan,18,1
1790,1128,Arya Bhargava,33,1
1791,4510,Anika Varkey,22,1
1792,4510,Shaurya Ben,30,1
1793,4510,Peter Kuruvilla,21,2
1794,660,Saksham Kale,41,2
1795,660,Zaid Padmanabhan,29,1
1796,660,Theodore Varughese,24,1
1797,660,Ati Nagi,59,1
1798,516,Bhavya Deep,34,1
1799,1200,Unni Shetty,57,1
1800,1200,Abha Shenoy,38,2
1801,1200,Chaitaly Suri,53,1
1802,4226,Tara Batta,51,1
1803,4479,Fariq Brar,29,1
1804,1191,Wriddhish Sarkar,43,1
1805,1191,Oeshi Ghose,46,1
1806,68,Eiravati Mittal,57,1
1807,68,Agastya Dash,30,1
1808,68,Ikshita Taneja,44,1
1809,606,Benjamin Dalal,22,1
1810,606,Garima Yogi,23,1
1811,2130,Neha Nori,59,2
1812,2130,Jatin Cherian,51,1
1813,2402,Hemang Dhillon,34,1
1814,2402,Yuvraj Loyal,50,1
1815,3383,Oliver Mishra,39,2
1816,3383,Baljiwan Baral,54,1
1817,1323,Isha Sodhi,45,2
1818,1323,Omaja Saini,53,1
1819,1175,Matthew Shankar,36,1
1820,92,Ladli Manda,39,1
1821,92,Wyatt Chatterjee,39,1
1822,342,Dev Dani,47,1
1823,4256,Lopa Nagar,42,1
1824,4256,Yash Malhotra,45,2
1825,2730,Saanvi Gulati,27,2
1826,2730,Sudiksha Parekh,24,2
1827,394,George Grewal,24,1
1828,3359,Nirja Goyal,20,2
1829,4213,Bhavya Goyal,24,1
1830,4213,Bakhshi Goda,39,2
1831,4213,Wishi Walia,36,1
1832,2635,Niharika Kata,50,1
1833,2635,Chakradev Patla,53,1
1834,2635,Advik Pillai,34,2
1835,2559,Chakradhar Karan,32,1
1836,2559,Lipika Bava,26,1
1837,2559,Aarini Chandran,30,2
1838,2337,Ira Deshpande,35,1
1839,3103,Pallavi Kata,52,2
1840,3103,Aachal Tailor,50,2
1841,3103,Ekta Wason,23,1
1842,1880,Dalaja Shenoy,24,1
1843,1880,Balvan Krishna,37,1
1844,3036,Aadi Bakshi,43,1
1845,3036,Patrick Tara,35,1
1846,3036,Dalbir Chahal,31,1
1847,2602,Charles Dutt,30,1
1848,4348,Yash Yohannan,46,1
1849,4348,Agastya Tailor,29,1
1850,4348,Harish Tandon,40,1
1851,3390,Maya Bhatia,53,1
1852,2726,Vasatika Agrawal,58,1
1853,789,Ikbal Srinivasan,39,1
1854,789,Isaiah Chakrabarti,39,1
1855,789,Shravya Mandal,18,1
1856,2289,Indrajit Venkatesh,50,1
1857,2289,Harita Amble,34,2
1858,2794,Fiyaz Naidu,53,1
1859,3945,Indira Barad,54,1
1860,3945,Luke Soni,60,1
1861,3945,Yashasvi Keer,42,2
1862,4790,Kiaan Chandran,55,1
1863,4790,Ekaja Sharaf,36,1
1864,4790,Ladli Chandra,47,1
1865,4790,Ijaya Gopal,44,1
1866,278,Jeevika Doctor,40,1
1867,278,Harshil Swaminathan,20,1
1868,278,Manya Bhatti,57,1
1869,278,Elijah Batta,53,1
1870,4339,Saksham Raval,43,2
1871,4339,Upma Borra,46,1
1872,4339,Xavier Doctor,28,2
1873,1420,Lopa Purohit,55,1
1874,940,Lavanya Maharaj,45,2
1875,2929,Rayaan Chatterjee,52,2
1876,2929,Chakradhar Aggarwal,22,1
1877,2929,Divya Bora,22,1
1878,1435,Raagini Comar,23,1
1879,1435,Hritik Sura,47,1
1880,4218,Yashodhara Nori,41,1
1881,4218,Lakshmi Rattan,30,1
1882,577,Fariq Vig,22,1
1883,2880,Rehaan Mohanty,60,2
1884,2880,Warda Mutti,54,1
1885,2880,Charita Naidu,58,1
1886,4638,Vidhi Magar,42,1
1887,4638,Bahadurjit Salvi,39,2
1888,3548,Orinder Koshy,28,1
1889,3330,Vedant Pillai,39,1
1890,1978,Vihaan Sawhney,53,1
1891,2423,Faraj Chadha,18,2
1892,1800,Dev Lanka,41,2
1893,1800,Siya Pai,21,1
1894,1800,Zaitra Krishna,57,1
1895,1292,Pooja Sangha,37,1
1896,1996,Rushil Borah,21,1
1897,600,Yug Jain,44,1
1898,4199,Chakradhar Kadakia,35,1
1899,4199,Aishani Edwin,43,2
1900,3381,Omkaar Palan,29,1
1901,3381,Oni Batra,46,1
1902,224,Ekalinga Yogi,54,1
1903,224,Oni Kota,39,1
1904,212,Chaitanya Thaker,36,1
1905,212,Triveni Choudhary,35,2
1906,212,Andrew Rattan,22,1
1907,203,Alexander Mammen,41,1
1908,203,Avni Shah,43,1
1909,2023,Bhavani Tripathi,46,2
1910,2250,Yauvani Seth,29,1
1911,2250,Vinaya Gopal,19,1
1912,2250,Om Balakrishnan,28,1
1913,3183,Mohammed Khalsa,42,1
1914,3183,Nikita Gour,28,2
1915,638,Orinder Issac,49,1
1916,638,Warhi Babu,21,2
1917,1600,Aarnav Khatri,18,1
1918,1600,Zilmil Mohan,40,2
1919,1600,Odika Bhatt,60,1
1920,2493,Thomas Sathe,22,1
1921,2493,Atharv Vasa,33,1
1922,2022,Gaurika Srivastava,40,2
1923,1876,Mekhala Ramaswamy,18,1
1924,1902,Anmol Bumb,33,1
1925,2764,Sneha Peri,47,1
1926,1518,Raghav Suresh,49,1
1927,388,Kavya Parekh,33,1
1928,388,Rayaan Sagar,54,1
1929,32,Liam Lad,42,1
1930,32,Ishanvi Ganesan,35,1
1931,32,Parth Nagi,22,1
1932,793,Ryan Deshmukh,59,1
1933,793,Upasna Prasad,56,1
1934,793,Mahika Dave,36,2
1935,4766,Falan Kara,28,1
1936,4766,Dhriti Sahni,30,1
1937,4282,Neelima Nair,55,2
1938,588,Triveni Zachariah,59,2
1939,588,Harinakshi Tandon,54,1
1940,1512,Fariq Pandey,58,1
1941,2882,Baljiwan Barman,45,1
1942,2882,Alexander Sankaran,37,1
1943,2882,Vrinda Randhawa,30,1
1944,1171,Samaksh Vohra,28,1
1945,1171,Om Kade,26,1
1946,3890,Hemang Rao,37,1
1947,3890,Gaurika Pillai,29,2
1948,3890,Oeshi Saraf,57,1
1949,2753,Kevin Raghavan,44,1
1950,2753,Akshay Patel,38,1
1951,587,Vasana Yogi,29,1
1952,587,Yadavi Sachar,18,2
1953,587,Urvi Agrawal,18,2
1954,587,Jyoti Deshmukh,27,1
1955,2075,Turvi Barad,59,1
1956,2075,Nikita Nayak,27,1
1957,403,Vrinda Comar,18,2
1958,403,Vasudha Lad,39,1
1959,403,Tanveer Amble,27,1
1960,403,Rajata Tank,21,1
1961,1344,Quincy Gandhi,34,1
1962,1344,Adweta Taneja,39,1
1963,1951,Rehaan Bala,58,1
1964,1015,Mugdha Mannan,37,1
1965,1015,Ekansh Sanghvi,22,1
1966,1015,Ikshita Sheth,34,1
1967,2702,Rachana Subramanian,49,1
1968,2702,Christopher Jain,48,1
1969,2702,Charan Tank,60,1
1970,4897,Ojasvi Dixit,29,1
1971,4644,Gunbir Sandhu,18,2
1972,4644,Urishilla Vora,22,2
1973,2112,Devansh Deshmukh,39,1
1974,3552,Gaurav Bera,53,2
1975,3552,Chakrika Om,46,1
1976,1342,Manya Jhaveri,48,1
1977,1342,Deepa Sinha,22,1
1978,1118,Lavanya Tandon,52,1
1979,1118,Dipta Kibe,47,1
1980,3744,Nitara Borde,20,2
1981,3744,Ekantika Comar,55,2
1982,3744,Logan Nayak,27,1
1983,3744,Netra Chadha,50,2
1984,2552,Qabil Savant,47,1
1985,2552,Zaid Dutta,22,1
1986,2552,Upasna Goda,32,2
1987,1681,Upadhriti Pandit,22,1
1988,1681,Yashodhara Prabhu,28,1
1989,4091,Christopher Banik,46,1
1990,2796,Anay Bhakta,39,2
1991,4330,Vasatika Vala,30,1
1992,1833,Rajeshri Narayanan,36,1
1993,1833,Vedika Saran,22,1
1994,3337,Mohammed Chaudhuri,19,2
1995,4278,Jeevika Bava,51,1
1996,4278,Rudra Bora,58,1
1997,4737,Arjun Pal,24,1
1998,90,Neel Dey,20,1
1999,1079,Gaurangi Chakrabarti,26,1
2000,2485,Leela Nadkarni,27,1
2001,4118,Meera Mukherjee,40,1
2002,4118,Laksh Ramaswamy,33,1
2003,4202,Bhavna Gara,48,2
2004,4202,Aayush Sengupta,60,1
2005,4202,Aryan Toor,53,2
2006,4202,Anita Narula,46,2
2007,4716,Gunbir Chakraborty,18,1
2008,4716,Zansi Sandal,29,1
2009,4716,Sneha Bali,44,1
2010,2484,Krish Gola,50,1
2011,1172,Bakhshi Banik,43,1
2012,3253,Tanmayi Kapadia,37,1
2013,1414,Frederick Palla,37,2
2014,1414,Lila Kothari,25,1
2015,1414,Bahadurjit Mall,27,1
2016,1414,Vyanjana Sami,50,1
2017,2790,Unni Karpe,51,1
2018,2246,Arunima Sen,25,2
2019,2246,Yoshita Maharaj,55,1
2020,2246,Nidhi Sodhi,39,1
2021,672,Chanchal Andra,55,1
2022,672,Chanakya Srivastava,19,1
2023,2704,Harinakshi Choudhury,35,1
2024,2704,Adya Rattan,36,1
2025,2704,Ekalinga Ghosh,28,1
2026,2704,Chakradev Nazareth,55,1
2027,3608,Aradhana Kota,18,1
2028,3608,Ekaja Kuruvilla,59,1
2029,295,Rehaan Banik,44,1
2030,295,Harita Lal,31,2
2031,295,Kashish Mutti,29,1
2032,2904,Oliver Tripathi,39,2
2033,507,Oviya Sehgal,59,1
2034,3992,Gopal Grewal,30,1
2035,2759,Harini Maharaj,48,1
2036,2759,Rayaan Ganesh,20,1
2037,2759,Rajata Gandhi,28,1
2038,2759,Ikshita Rajan,39,1
2039,1647,Ekanta Dhingra,41,2
2040,2346,Oni Rama,40,1
2041,2346,Azaan Varty,38,1
2042,1187,Raksha Vaidya,44,1
2043,2952,Nathaniel Mohan,44,2
2044,2952,Udarsh Panchal,48,1
2045,365,Vasudha Soni,57,1
2046,845,Krisha Nayar,29,2
2047,845,Laksh Sane,39,1
2048,845,Naveen Bail,39,1
2049,4919,Fariq Sharaf,51,1
2050,4919,Prisha Chahal,43,1
2051,4919,Eta Nair,46,1
2052,679,Aayush Nazareth,23,1
2053,1057,Neha Mallick,39,1
2054,1057,Madhav Mody,43,1
2055,1160,Yagnesh Tella,25,2
2056,1160,Chatresh Koshy,21,1
2057,3455,Maya Sodhi,39,1
2058,3455,Alka Mittal,43,1
2059,3455,Gunbir Puri,21,1
2060,2809,Aarnav Sengupta,29,1
2061,2657,Ekapad Ben,35,2
2062,2657,Ansh Mody,47,2
2063,2657,Warjas Balasubramanian,57,1
2064,3571,Shivani Varkey,49,1
2065,3571,Pushti Brar,20,1
2066,3571,Vinaya Gopal,19,1
2067,3571,Timothy Korpal,34,1
2068,2832,Charles Thaman,53,1
2069,2832,Dev Wason,28,2
2070,2832,Bhavna Chadha,23,1
2071,2832,Keya Goyal,29,1
2072,4906,Robert Shetty,59,2
2073,4906,Libni Magar,32,1
2074,4906,Jackson Khanna,37,1
2075,1733,Hema Viswanathan,36,1
2076,536,Raghav Pal,37,1
2077,3851,Shivani Bose,32,1
2078,3851,Yatin Thakur,55,1
2079,3851,Rachit Bala,56,1
2080,906,Aarini Comar,41,2
2081,1201,Qushi Bhasin,60,1
2082,3020,Aayush Toor,46,2
2083,3020,Manthan Malhotra,22,1
2084,3325,Ayushman Devi,42,1
2085,2110,Lipika Sood,44,1
2086,457,Manthan Soni,26,2
2087,457,Vedant Sekhon,56,1
2088,4595,Champak Barman,51,2
2089,3166,Netra Mahal,52,1
2090,3166,Damyanti Mani,26,1
2091,3166,Aditya Lata,34,1
2092,4999,Rayaan Sagar,54,1
2093,1198,Zansi Pandya,28,1
2094,1503,Veda Subramanian,30,1
2095,2900,Dayamai Mahal,51,1
2096,4889,Sai Reddy,60,2
2097,4889,Lakshit Badami,36,2
2098,4051,Edhitha Char,30,1
2099,2084,Onveer Badal,22,1
2100,2084,Aarush Parsa,42,1
2101,210,Jeremiah Kashyap,33,2
2102,210,William Deshmukh,22,2
2103,210,Amol Ahluwalia,41,2
2104,1508,Chakradhar Sandal,50,2
2105,1508,Ojas Nagarajan,59,1
2106,3611,Aadhya Vora,41,1
2107,3611,Kiaan Chandran,55,1
2108,3611,Rajata Bahl,44,1
2109,2745,Chaaya Dara,35,1
2110,2745,Sarthak Bedi,43,1
2111,2745,Odika Lad,39,1
2112,2745,Kai Warrior,25,2
2113,898,Darsh Mitter,35,1
2114,898,Balveer Modi,24,1
2115,898,Darika Nanda,39,1
2116,1212,Fariq Sanghvi,41,1
2117,1212,Rishi Majumdar,55,2
2118,4424,Viraj Sankaran,29,1
2119,4424,Anjali Sankaran,26,1
2120,4424,Raagini Gupta,40,1
2121,317,Vanya Varghese,33,1
2122,317,Ucchal Soman,56,2
2123,3935,Anita Sathe,21,2
2124,3935,Gagan Wadhwa,50,1
2125,1305,Tanveer Goda,51,1
2126,1305,Yahvi Sinha,18,2
2127,714,Tanveer Bhalla,28,1
2128,3588,Timothy Raju,52,1
2129,3588,Shivansh Saraf,46,1
2130,3588,Parth Baral,52,1
2131,1574,Ubika Modi,32,2
2132,4013,Ekaraj Bava,18,1
2133,4013,Prisha Balay,21,1
2134,1871,Agastya Kaur,40,1
2135,1871,Devansh Pillai,60,1
2136,1871,Zinal Palla,24,2
2137,4011,Harita Manne,39,1
2138,862,Sai Chander,53,1
2139,1431,Kevin Bhasin,56,1
2140,1431,Ria Sood,21,1
2141,2185,Urmi Bassi,54,1
2142,2185,Gavin Aurora,43,1
2143,2185,Meera Magar,45,1
2144,1481,Frado Grover,51,2
2145,1481,Gautami Shukla,44,2
2146,353,Chakradhar Dugar,42,1
2147,353,Aryan Badal,44,1
2148,4830,Ryan Dey,46,1
2149,4830,Anmol Goswami,22,1
2150,3412,Saumya Chandran,56,1
2151,3412,Radha Dutt,54,1
2152,1755,Rohan Madan,42,1
2153,1755,Kai Chandran,35,1
2154,1755,Balhaar Thaman,47,2
2155,4914,Gabriel Ghose,39,2
2156,4914,Ekaja Ray,26,1
2157,484,Jyoti Upadhyay,48,1
2158,484,Bimala Kuruvilla,28,1
2159,484,Hiral Sankaran,48,1
2160,2296,Darika Loyal,28,1
2161,3728,Janaki Sarkar,52,1
2162,3728,Guneet Chauhan,52,1
2163,3728,Nihal Thakur,42,1
2164,2181,Oeshi Nori,19,1
2165,2181,Gautam Prasad,25,2
2166,2181,Girindra Randhawa,47,1
2167,2181,Suhani Magar,23,1
2168,3499,Lavanya Narula,54,1
2169,1566,Wyatt Wali,52,2
2170,1566,Viraj Padmanabhan,29,1
2171,1566,Janaki Kalla,22,2
2172,2496,Wahab Chandra,29,1
2173,2685,Janya Buch,30,2
2174,2685,Wyatt Parmer,29,1
2175,4903,Jai Walia,32,1
2176,4903,Yatan Vala,54,1
2177,3729,Mahika Hayre,37,1
2178,4530,Thomas Kumar,33,2
2179,4530,Frado Kata,22,2
2180,4949,Wakeeta Walia,28,1
2181,4949,Madhavi Shanker,36,2
2182,4949,Tripti Palan,44,1
2183,3718,Yamini Dutt,30,1
2184,2817,Gunbir Varughese,18,1
2185,2817,Vanya Gade,46,1
2186,2817,Yauvani Sama,57,1
2187,4289,Onkar Singh,50,2
2188,4289,Tamanna Lalla,35,1
2189,4289,Mitesh Shah,47,1
2190,4289,Dayita Din,25,1
2191,2958,Zansi Agrawal,40,1
2192,4586,Joshua Kade,43,1
2193,4586,Nilima Morar,26,2
2194,4586,Dakshesh Sood,20,1
2195,4586,Tanay Sibal,50,1
2196,2438,Kalpit Dyal,39,1
2197,2438,Onveer Badal,22,1
2198,950,Girish Bumb,22,1
2199,950,Vanya Sangha,42,1
2200,1437,Ranbir Sabharwal,46,2
2201,4983,Reyansh Jaggi,29,1
2202,2234,Sarthak Basak,54,1
2203,604,Lohit De,19,1
2204,604,Yasti Naidu,25,1
2205,604,Vedhika Naik,43,1
2206,297,Amara Menon,47,1
2207,4371,Chakradhar Ramachandran,35,1
2208,4371,Sarthak Pradhan,27,1
2209,4945,Naveen Rana,41,1
2210,3302,Gautam Pant,42,1
2211,4406,Arya Bora,29,1
2212,4406,Anjali Pradhan,36,1
2213,2932,Gabriel Warrior,53,1
2214,2629,Madhav Ghose,49,1
2215,2629,Guneet Kala,58,2
2216,2629,Priya Ben,40,1
2217,2629,Max Sachdeva,46,1
2218,4792,Panini Patla,23,2
2219,1081,Ubika Sundaram,46,1
2220,1081,Reva Taneja,52,1
2221,2822,Rishi Ramanathan,53,2
2222,2822,Adweta Taneja,39,1
2223,2822,Teerth Luthra,36,1
2224,659,Mitali Soman,31,1
2225,659,Ekbal Salvi,51,1
2226,4381,Chandran Gopal,34,2
2227,835,Lavanya Sundaram,48,1
2228,420,Urishilla Iyengar,44,2
2229,3681,Bina Suri,22,2
2230,3681,Amrita Bobal,30,1
2231,3704,Manan Mishra,29,1
2232,3704,Mekhala Mitter,44,2
2233,4977,Hemang Das,50,2
2234,4977,Fariq Dewan,46,1
2235,4977,Nimrat Bhatia,29,2
2236,4836,Ikbal Varghese,60,2
2237,442,Anya Goel,36,1
2238,3796,Hiral Aurora,25,2
2239,172,Mugdha Datta,23,1
2240,2683,Nidra Goyal,25,1
2241,2170,Reyansh Mital,19,2
2242,2143,Ucchal Bir,51,1
2243,1180,Warjas Nagar,48,1
2244,1180,Daksh Chopra,45,1
2245,4018,Sanaya Jhaveri,58,1
2246,396,Qasim Johal,24,1
2247,396,Devansh Warrior,40,1
2248,396,Osha Loke,47,1
2249,4302,Dominic Bajaj,39,1
2250,4302,Ganga Hayer,29,1
2251,4302,Vedika Bose,49,1
2252,4302,Yauvani Rattan,42,2
2253,3865,Ekavir Kalita,60,2
2254,3180,Banjeet Korpal,53,1
2255,3180,Timothy Khare,30,2
2256,658,Ekiya Mangal,26,1
2257,4754,Oscar Kothari,47,1
2258,4754,Jairaj Thaker,59,2
2259,4754,Ijaya Chandra,41,2
2260,3215,Aahana Bumb,35,2
2261,2689,Watika Babu,25,1
2262,2689,Reva Sachar,52,1
2263,380,Oscar Mahal,39,1
2264,380,Qarin Virk,33,1
2265,380,Tamanna Gaba,27,1
2266,380,Niharika Ravi,56,1
2267,4403,Amol Manda,22,1
2268,36,Rudra Naik,42,1
2269,36,Avni Tandon,34,1
2270,36,Xavier Behl,55,1
2271,4681,Pavani Sinha,56,1
2272,2974,Aradhana Naidu,54,2
2273,2974,Harrison Anand,38,1
2274,4948,Leela Nigam,48,1
2275,4948,Nandini Pandya,47,1
2276,4072,Mitesh Sehgal,43,2
2277,3850,Xiti Pandey,52,2
2278,3850,Om Mishra,56,1
2279,1828,Orinder Mohanty,54,1
2280,4443,Gayathri Sani,44,1
2281,4443,Dayita Sahni,36,1
2282,471,Abeer Lala,52,2
2283,471,Rachita Mani,49,1
2284,471,Aarna Borah,37,1
2285,471,Yatan Basu,33,1
2286,706,Damyanti Chandran,26,1
2287,706,Abdul Gulati,44,1
2288,3717,Yahvi Palla,33,1
2289,1762,Neha Khatri,23,1
2290,1762,Charan Bahri,37,1
2291,1762,Priya Bassi,22,1
2292,188,Omya Shroff,50,1
2293,4217,Quincy Bansal,39,1
2294,4217,Adya Wali,20,1
2295,4877,Finn Yadav,60,1
2296,4877,Nilima Vasa,49,1
2297,4877,Riya Bedi,46,1
2298,3233,Ishaan Raj,20,1
2299,2221,Christopher Shenoy,19,1
2300,310,Faqid D’Alia,50,1
2301,1352,Prisha Raj,34,2
2302,3585,Ekiya Sankaran,58,1
2303,4516,Fariq Bhattacharyya,31,1
2304,4516,Arin Nanda,52,2
2305,3447,Varsha Bera,33,1
2306,3447,Yashasvi Chahal,48,1
2307,3447,Gunbir Mahal,53,1
2308,4700,Vritti Parmar,35,2
2309,1429,Girik Anand,52,1
2310,1429,Ati Kata,23,2
2311,456,Aachal Kumar,27,1
2312,456,Priya Roy,50,1
2313,1761,Amruta Arora,28,1
2314,1761,Ekiya Brahmbhatt,40,2
2315,2556,Yauvani Panchal,21,1
2316,3274,Samesh Sangha,19,1
2317,3274,Dhriti Bhatnagar,21,1
2318,1849,Jagdish Mutti,59,2
2319,1849,Vedika Chandra,37,1
2320,1849,Vedhika Dara,39,1
2321,200,Aarna Nagar,59,1
2322,200,Chaitanya Swaminathan,24,1
2323,200,George Ahuja,37,1
2324,3634,Yamini Mammen,51,2
2325,3634,Aarnav Sinha,20,1
2326,2117,Vedhika Chaudhuri,38,1
2327,2916,Chandresh Lad,54,2
2328,2916,Indali Bir,51,1
2329,2916,Brinda Sodhi,24,2
2330,2220,Timothy Dugal,21,1
2331,2220,Pavani Balan,40,1
2332,2220,Caleb Varty,42,1
2333,723,Inaya Khosla,40,1
2334,2632,Nidra Varghese,56,1
2335,2236,Viraj Mody,34,2
2336,543,Vihaan Golla,46,2
2337,2721,Yahvi Lanka,53,1
2338,2721,Ranveer Mani,44,2
2339,2721,Hamsini Jhaveri,58,1
2340,3075,Krish Thaker,45,1
2341,3075,Zaitra Roy,38,1
2342,3075,Arjun Pal,58,1
2343,3075,Anay More,60,1
2344,2860,Krish Suresh,33,1
2345,2862,Amol Kannan,19,1
2346,2429,Kamala Shroff,50,1
2347,2429,Falak Nagarajan,18,1
2348,2429,Anika Rai,29,1
2349,3375,Gavin Chokshi,28,1
2350,3650,Hemal Goswami,40,1
2351,3650,Vasana Chada,51,1
2352,2380,Balvan Rout,22,2
2353,3953,Bahadurjit Nanda,23,1
2354,2888,Rehaan Mallick,47,2
2355,2888,Vrishti Palan,57,1
2356,2888,Sara Khatri,49,1
2357,3877,Ekalinga Loyal,38,1
2358,766,Ucchal Patla,50,1
2359,4811,Aarav Kulkarni,29,1
2360,4811,Radhika Merchant,25,1
2361,453,Quincy Venkataraman,21,1
2362,1958,Omaja Rai,18,1
2363,1787,Hitesh Kala,47,2
2364,1787,Yash Bhatt,40,1
2365,1787,Saanvi Lala,23,1
2366,1787,Nirja Raja,56,2
2367,1311,Keya Mallick,38,1
2368,1311,Hemani Shanker,52,1
2369,2325,Libni Anand,60,1
2370,4169,Raksha Varughese,25,1
2371,1103,Orinder Chaudhry,19,1
2372,1103,Sneha Chandra,18,2
2373,778,Yashoda Wadhwa,46,1
2374,910,Tanish Deshmukh,24,1
2375,4318,Bina Sane,29,1
2376,651,Jason Banik,60,1
2377,354,Ikbal Ghose,45,2
2378,354,Samesh Shankar,59,1
2379,3651,Balendra Chhabra,33,1
2380,3651,Dayamai Minhas,53,2
2381,3651,Jonathan Kara,48,1
2382,3259,Qarin Dash,44,2
2383,598,Vrinda Badami,53,1
2384,956,Umang Tiwari,34,1
2385,1303,Nisha Goswami,25,1
2386,1303,Xavier Lad,59,1
2387,2778,Laban Kaul,57,1
2388,688,Hemangini Padmanabhan,50,1
2389,688,Onveer Badal,22,1
2390,688,Jhalak Kamdar,31,2
2391,688,Henry Sekhon,42,2
2392,1166,Chanakya Guha,46,1
2393,1166,Isaac Memon,40,1
2394,1166,Isaac Sachdeva,21,1
2395,1125,Vidhi Oommen,39,1
2396,1125,Parth Baral,52,1
2397,2068,Veer Ghose,32,1
2398,4668,Lucky Mishra,49,1
2399,4668,Abeer Nori,35,1
2400,1243,Bhavya Sridhar,38,1
2401,2754,Advika Kadakia,23,1
2402,2754,Tejas Kala,37,2
2403,3786,Radha Parikh,57,1
2404,3786,Vanya Kunda,35,2
2405,4957,Joshua Jani,31,1
2406,1439,Damyanti Bawa,46,1
2407,1439,Gagan Vig,49,1
2408,1439,Daksha Narang,25,1
2409,207,Zehaan Gara,40,1
2410,630,Anusha Khurana,23,1
2411,630,Jairaj Bhatt,23,1
2412,3887,Darika Jha,28,1
2413,3887,Mitali Goswami,38,1
2414,562,Aryan Gill,56,1
2415,562,Nilima Parekh,45,1
2416,2395,Pooja Pandya,57,2
2417,1927,Forum Patil,42,1
2418,3866,Arunima Dani,59,1
2419,3866,Yochana Yadav,29,1
2420,3866,Udyati Sahni,21,1
2421,3961,Advika Uppal,38,1
2422,3961,Aarush Ravel,41,1
2423,2564,Kritika Manne,38,1
2424,4938,Yoshita Jhaveri,25,2
2425,2460,Dalaja Barad,26,1
2426,2460,Bina Soman,55,1
2427,2637,Sanya Kalla,53,1
2428,2637,Imaran Mohanty,43,1
2429,26,Harini Vasa,60,1
2430,4682,Tanish Dalal,35,1
2431,4682,Ucchal Shanker,19,1
2432,2018,Faqid Shanker,54,1
2433,2018,Max Savant,39,1
2434,2018,Irya Subramaniam,18,1
2435,925,Ranbir Comar,60,1
2436,925,Rachita Vala,47,1
2437,925,Yahvi Goyal,33,1
2438,3647,Timothy Dugal,21,1
2439,4374,Bakhshi Baral,40,2
2440,4374,Rohan Babu,53,2
2441,4374,Bhavna Majumdar,23,2
2442,992,Kai Saxena,46,1
2443,992,Logan Sood,46,2
2444,992,Naksh Patil,46,1
2445,857,Arin Sur,50,1
2446,312,Ira Varghese,30,1
2447,312,Charan Khosla,23,2
2448,312,Indrajit Korpal,36,1
2449,2012,Girish Uppal,49,1
2450,3082,Lucky Pillay,26,1
2451,4817,Banjeet Guha,24,1
2452,1400,Dalaja Raja,22,1
2453,4655,Dakshesh Chacko,34,1
2454,879,Chaitanya Lad,43,1
2455,879,Lucky Borde,18,1
2456,4354,Zarna Pandit,23,1
2457,4054,Samar Goyal,58,1
2458,2630,Rachita Sibal,55,1
2459,1521,Indira Bajwa,22,1
2460,1521,Vidhi Keer,33,2
2461,1521,Adya Mittal,54,1
2462,3408,Dayamai Bera,22,1
2463,3544,Anusha Iyengar,27,1
2464,4685,Krishna Nadig,44,2
2465,2258,Damini Char,58,1
2466,1058,Harini Ganesan,37,1
2467,1058,Yashawini Lala,24,1
2468,1058,Janaki Naidu,52,1
2469,3220,Hitesh Bora,39,1
2470,2738,Eshana Dayal,20,2
2471,3296,Zilmil Prashad,36,1
2472,3296,Manbir Pillay,25,1
2473,2440,Urishilla Samra,18,2
2474,2440,Vinaya Merchant,32,2
2475,3465,Jatin Choudhary,42,1
2476,3465,Aryan Natarajan,53,1
2477,3465,Pahal Bassi,55,1
2478,190,Forum Varty,33,1
2479,190,Samar Borra,57,1
2480,190,Teerth Bala,54,2
2481,1746,Kala Andra,47,2
2482,1746,Qushi Dhillon,50,2
2483,1746,Abhiram Hegde,42,1
2484,2530,Harinakshi Shere,52,1
2485,2530,Avni Patil,56,1
2486,2530,Indira Bahri,38,1
2487,952,Azad Vaidya,48,1
2488,952,Yuvraj Palan,58,1
2489,952,Vedant Mukhopadhyay,33,1
2490,3760,Radhika Mannan,44,1
2491,1570,Rachita Nagar,48,1
2492,2299,Harsh Pal,35,1
2493,2299,Libni Sundaram,23,2
2494,2299,Jackson Mistry,45,1
2495,2450,Hemangini Parikh,46,1
2496,2450,Girindra Sundaram,52,2
2497,624,Girindra Morar,18,1
2498,2035,Vasatika Sama,47,2
2499,2035,Oliver Rajan,26,1
2500,4310,Mahika Pradhan,50,2
2501,2595,Vamakshi Sharaf,58,1
2502,2595,Amaira Upadhyay,28,2
2503,4227,Madhav Kothari,55,1
2504,4227,Hemangini Murthy,49,1
2505,341,Ati Din,54,1
2506,341,Siddharth Raval,49,2
2507,4698,Yadavi Kakar,55,1
2508,2555,Watika Garde,18,1
2509,2555,Qadim Dayal,60,1
2510,2555,Ekansh Gokhale,36,1
2511,880,Adya Soman,54,2
2512,1056,Dhriti Kaur,18,1
2513,2083,Kritika Wason,43,1
2514,2083,Darika Bhasin,33,1
2515,2083,Tejas Sridhar,28,1
2516,2083,Edhitha Edwin,38,2
2517,4303,Veda Bath,45,1
2518,4678,Vansha Borra,21,2
2519,4678,Dominic Palla,44,2
2520,2612,Qabil Kaul,43,2
2521,2612,Sanaya Sarma,18,1
2522,2332,Mitesh Boase,49,1
2523,4194,Hardik Jha,24,1
2524,4194,Jeremiah Dutta,45,1
2525,4194,Triveni Sampath,22,1
2526,109,Aashi Nayak,25,1
2527,109,Omkaar Sura,42,1
2528,3625,Yatan Tailor,56,1
2529,2580,Nilima Char,23,2
2530,2580,Benjamin Pal,53,2
2531,2580,Falan Mander,27,1
2532,1981,Yahvi Shanker,55,1
2533,2345,Omya Sastry,44,1
2534,3067,Yauvani Panchal,21,1
2535,1845,Yashawini Dara,36,1
2536,1845,Neel Sachdev,34,2
2537,359,Advika Jaggi,40,1
2538,973,Megha Khosla,29,2
2539,3191,Zayan Patil,39,1
2540,3191,Faqid Anand,50,1
2541,3191,Eesha Dayal,37,1
2542,336,Hemani Bhardwaj,43,1
2543,1039,Urvashi De,32,1
2544,1039,Vidhi Seth,50,1
2545,3126,Mitali Narula,36,1
2546,1608,Gaurav Samra,38,2
2547,3171,Charan Yohannan,23,1
2548,1442,Luke Upadhyay,19,2
2549,1300,Vanya De,58,2
2550,1300,Wahab Banik,50,1
2551,289,Matthew Bedi,22,1
2552,289,Balendra Sarma,35,2
2553,289,Vivaan Keer,45,1
2554,4177,Sai Wason,38,1
2555,4177,Meera Bir,54,1
2556,214,Manthan Khanna,22,2
2557,1763,Tristan Gopal,42,2
2558,1621,Rohan Prakash,34,1
2559,1621,Atharv Dhar,24,2
2560,286,Agastya Comar,23,1
2561,4428,Upasna Bumb,24,2
2562,1581,Odika Solanki,35,2
2563,4650,Rachit Mukhopadhyay,48,1
2564,4849,Adweta Menon,54,2
2565,4849,Yuvraj Jha,41,1
2566,2101,Yahvi Batra,31,1
2567,2101,Oviya Prakash,27,1
2568,3664,Amara More,26,1
2569,3664,Nitara Hegde,26,2
2570,3664,Charvi Banerjee,49,1
2571,1262,Kashvi Chhabra,56,1
2572,4955,Suhani Deshmukh,24,1
2573,3350,Tanmayi Seth,31,1
2574,3350,Tejas Sastry,48,1
2575,2698,Advika Acharya,25,1
2576,2698,Tristan Sachdeva,59,1
2577,2698,Raagini Mane,25,1
2578,3045,Christopher Chopra,43,1
2579,3045,Gaurav Kibe,45,1
2580,692,Pranav Bandi,34,2
2581,692,Atharv Dani,25,1
2582,716,Yuvraj Verma,20,1
2583,716,Aishani Sibal,38,1
2584,716,Mitali Hegde,31,1
2585,2527,Darsh Sibal,40,1
2586,4247,Vasana Lad,47,1
2587,4247,Widisha Tata,40,1
2588,316,Anusha Kulkarni,19,1
2589,316,Faqid Anand,50,1
2590,49,Bhavya Reddy,45,1
2591,4386,Janani Oommen,29,1
2592,4386,Yashoda Bahri,36,1
2593,67,Lekha Bains,24,1
2594,67,Damini Pau,56,1
2595,2368,Nidhi Brar,59,1
2596,4100,Arya Madan,60,1
2597,4100,Rudra Bains,32,1
2598,4100,Kabir Majumdar,31,2
2599,357,Bhavini Sankar,45,1
2600,357,Zaitra Oommen,53,1
2601,357,Falguni Din,23,1
2602,357,Jagvi Goyal,36,1
2603,2107,Jacob Dani,49,2
2604,4272,Odika Swaminathan,57,1
2605,4272,Megha Gola,36,1
2606,4035,Jalsa Kumer,35,1
2607,4094,William Raju,37,1
2608,3763,Keya Ramachandran,29,2
2609,4901,Tarak Bains,58,1
2610,4258,Radha Raju,52,2
2611,3987,Nidhi Dube,54,2
2612,1906,Aahana Varughese,53,1
2613,592,Turvi Shetty,34,1
2614,592,Abhiram Rajagopalan,25,1
2615,10,Frederick Joshi,45,2
2616,10,Pushti Parikh,40,2
2617,3965,Warinder Bail,29,1
2618,4045,Qushi Rai,46,1
2619,3280,Urvi Varughese,36,1
2620,333,Lakshit Kalla,34,1
2621,2398,Tejas Sastry,48,1
2622,4181,Deepa Chad,33,1
2623,4181,Fariq Gill,53,1
2624,4181,Avi Sarin,44,1
2625,2054,Faris Dhingra,19,1
2626,2054,Rohan Toor,18,1
2627,2054,Nikita Ray,29,1
2628,3922,Matthew Saha,40,1
2629,4577,Vedhika Jaggi,55,1
2630,2846,Ishita Ramesh,34,1
2631,2935,Harsh Luthra,50,1
2632,3522,Janya Tiwari,26,1
2633,3640,Dayita Wali,57,2
2634,3640,Anmol Handa,57,1
2635,3640,Adweta Jain,28,1
2636,3640,Urmi Grewal,26,2
2637,2430,Balvan Pall,54,2
2638,2430,Sara Sehgal,33,1
2639,2430,Neel Kumar,60,1
2640,3028,George Pillay,20,1
2641,4523,Vanya Om,53,1
2642,4523,Nisha Chaudhary,48,1
2643,4523,Zilmil Dave,48,2
2644,1266,Irya Koshy,29,2
2645,1266,Farhan Sathe,21,2
2646,2561,Onveer Saran,46,1
2647,2561,Teerth Devan,27,1
2648,3352,Manya Devi,55,1
2649,3352,Lipika Ramesh,21,1
2650,3352,Noah Memon,53,1
2651,4944,Dakshesh Lad,59,2
2652,1236,Christopher Baria,20,1
2653,3646,Wyatt Sant,47,2
2654,3646,Zinal Narasimhan,35,2
2655,573,Bahadurjit Bakshi,41,2
2656,2779,Unni Gole,36,2
2657,2779,Alexander Chaudry,49,1
2658,2779,Kevin Iyer,20,1
2659,1207,Mason Borah,19,2
2660,1207,Raagini Ganesan,35,2
2661,1297,Isaac Karan,51,1
2662,1297,Varsha Lanka,32,1
2663,3407,Tara Sura,46,1
2664,3407,Ayushman Shah,58,1
2665,3407,Brijesh Narula,60,2
2666,3407,Urishilla Dubey,54,1
2667,1492,Jalsa Dugal,56,2
2668,1492,Pallavi Purohit,49,1
2669,1492,Theodore Shetty,46,1
2670,2964,Ekbal Salvi,51,1
2671,2964,Edhitha Rana,56,2
2672,1288,Jhalak Zacharia,21,1
2673,1288,Imaran Talwar,43,2
2674,2499,Jackson Singh,25,1
2675,2499,Sathvik Gade,30,1
2676,2499,Zashil Sood,58,1
2677,3232,Aadi Merchant,52,1
2678,2858,William Doshi,25,2
2679,462,Yash Keer,52,1
2680,462,Urvi Sami,22,1
2681,44,Jackson Banerjee,25,1
2682,1214,Saksham Sangha,50,1
2683,1214,Harinakshi Nadig,34,1
2684,1214,Owen Date,57,1
2685,2154,Indrajit Dara,55,1
2686,2154,Yachana Prabhu,32,1
2687,4346,Harshil Dugal,25,1
2688,1552,Hritik Saraf,34,1
2689,759,Qabil Goda,60,1
2690,759,Aditya Shanker,21,2
2691,2002,Lajita Amble,34,2
2692,2002,Yashvi Pathak,28,1
2693,2002,Janaki Bava,33,1
2694,1799,Neha Acharya,54,2
2695,4004,Aarini Batta,56,1
2696,4659,Rachita Sama,49,1
2697,4659,Brijesh Acharya,38,1
2698,1389,Lucky Pillay,26,1
2699,2509,Bhavini Bose,53,2
2700,2509,Advika Sachdeva,58,2
2701,2509,Udant Devi,35,1
2702,2179,Isaac Chopra,56,1
2703,2179,Orinder Dara,36,1
2704,3683,Tanmayi Goda,51,1
2705,4399,Jairaj Sule,44,1
2706,1821,Arjun Rama,56,1
2707,4033,Pallavi Chauhan,30,1
2708,2156,Tanveer Shankar,28,1
2709,935,Wakeeta Walia,28,1
2710,195,Luke Sha,21,1
2711,195,Meera Chhabra,50,2
2712,195,Unni Pall,54,1
2713,3915,Januja Baria,51,1
2714,3915,Parth Maharaj,25,1
2715,3915,Riya Aurora,33,1
2716,215,Udarsh Thakur,51,2
2717,3505,Amol Panchal,28,2
2718,3505,Onveer Saran,46,1
2719,3505,Bachittar Majumdar,49,1
2720,2281,Meghana Doctor,52,1
2721,4727,Wakeeta Golla,45,1
2722,3472,Aarnav Goyal,54,2
2723,3472,Samaksh Arya,47,2
2724,1272,Girik Swamy,21,1
2725,2342,Zashil Varughese,25,1
2726,2342,Bishakha Dutt,58,1
2727,1967,Vamakshi Modi,58,1
2728,1967,Nachiket Acharya,23,1
2729,1967,Harshil Mallick,38,1
2730,4526,Tristan Shankar,51,1
2731,1032,Manya Rajagopal,43,1
2732,1032,Atharv Mangat,38,1
2733,3335,Vinaya Gopal,19,1
2734,3335,Noah Issac,57,1
2735,2487,Frado Kuruvilla,44,1
2736,3689,Vidhi Hora,50,1
2737,941,Chaitaly Shah,35,1
2738,3320,Neelima Ratta,19,1
2739,3811,Ryan Yadav,40,1
2740,3811,Sudiksha Dyal,38,1
2741,3811,Yagnesh Kapoor,34,1
2742,242,Ranbir Shukla,46,1
2743,1113,Falguni Saran,56,1
2744,1113,Chaitanya Jayaraman,57,1
2745,1113,Samar Madan,60,1
2746,1113,Tanmayi Goda,51,1
2747,5000,Hemangini Vala,35,1
2748,5000,Yatan Shan,37,1
2749,1842,Wriddhish Tella,41,1
2750,1842,Aashi Banerjee,43,1
2751,4006,Nandini Hari,57,1
2752,337,Ati Sarin,31,2
2753,337,Ekanta Bora,21,1
2754,3355,Dakshesh Narula,49,1
2755,1089,Saksham Buch,37,1
2756,1083,Gaurang Chauhan,38,1
2757,1083,Mugdha Chawla,18,1
2758,1083,Girindra Tak,53,1
2759,1083,Wyatt Vig,35,1
2760,2999,Andrew Sen,53,1
2761,2743,Gaurav Ganguly,48,1
2762,486,Laban Padmanabhan,21,2
2763,486,Adweta Bhardwaj,27,1
2764,4933,Urvashi Yogi,28,1
2765,4933,Indira Mall,59,1
2766,4567,Max Ahuja,23,1
2767,3974,Faqid Kara,44,1
2768,3974,Bhavani Kara,31,1
2769,1884,Aarav Kapoor,44,1
2770,1884,Timothy Dutta,34,2
2771,1884,Jyoti Narayan,18,1
2772,1884,Jeet Bhatti,53,1
2773,806,Saumya Krishnamurthy,26,1
2774,99,Charan Ram,55,1
2775,99,Varenya Sarma,32,1
2776,99,Anusha Ray,43,1
2777,780,Dhriti Bhalla,24,1
2778,4447,Yashoda Patla,41,1
2779,4447,Yoshita Rau,59,2
2780,237,Abhimanyu Brar,50,1
2781,4469,Udant Sengupta,53,2
2782,4469,Abdul Varma,24,2
2783,4469,Luke Sinha,33,1
2784,2059,Kai Murthy,40,1
2785,2614,Frado Chopra,44,1
2786,2614,Bhavya Mutti,47,2
2787,1515,Dipta Jha,57,1
2788,4537,Anusha Bobal,28,1
2789,4125,Chandani Memon,50,1
2790,4125,George Prabhu,57,1
2791,2070,Edhitha Bumb,39,1
2792,4626,Oliver Raj,23,2
2793,2357,Wakeeta Gole,24,1
2794,2357,Sai Kaul,30,2
2795,2357,Fariq Lad,36,1
2796,3831,Agastya Lalla,22,1
2797,3831,Rayaan Rajagopal,39,1
2798,2868,Sarthak Sundaram,42,2
2799,2868,Faraj Shan,42,1
2800,2868,Ayaan Kari,46,2
2801,198,Abhimanyu Mishra,31,1
2802,4198,Keya Borde,41,1
2803,4336,Baljiwan Das,58,2
2804,1140,Owen Roy,57,1
2805,304,Ranbir Ahuja,21,2
2806,608,Harrison Chakrabarti,26,1
2807,3908,Abhiram Karpe,38,1
2808,3908,Alka Nadkarni,31,1
2809,3908,Netra Gandhi,40,2
2810,3908,Kiaan Thaman,57,1
2811,2482,Aadhya Kari,22,1
2812,2482,Frado Mammen,57,1
2813,1127,Faqid Anand,50,1
2814,1127,Zehaan Raman,55,1
2815,1859,Advik Mandal,45,1
2816,3189,Chavvi Chowdhury,25,1
2817,549,Eshana Suri,33,1
2818,1425,Yashvi Keer,25,1
2819,3146,Yutika Chand,20,1
2820,3146,Hamsini Sani,59,2
2821,774,Krishna Ahuja,42,2
2822,785,Siddharth Doshi,40,1
2823,785,Yochana Bhatnagar,56,1
2824,1513,Tamanna Bahri,26,1
2825,143,Suhani Sandal,54,2
2826,143,Samesh Agarwal,18,1
2827,605,Michael Magar,35,1
2828,605,Omkaar Sagar,19,1
2829,2850,Veda Choudhry,45,1
2830,2850,Harini Raval,43,1
2831,2850,Pavani Patel,40,2
2832,2850,Unni Bobal,53,1
2833,3011,Vasatika Krishnan,22,1
2834,4243,Gaurav Sharaf,33,1
2835,4243,Aashi Verma,22,2
2836,3678,Rohan Dutta,34,1
2837,2437,George Sarin,25,1
2838,677,Sudiksha Hayre,35,1
2839,4106,Krish Chaudry,35,1
2840,4106,Adya Nadig,37,1
2841,366,Suhani Kakar,43,2
2842,366,Gagan Mangat,37,1
2843,454,Raghav Krishnan,29,1
2844,4779,Jagrati Mital,36,1
2845,2061,Manthan Tandon,42,1
2846,2061,Andrew Bhardwaj,32,1
2847,4649,Nathan Ghose,52,1
2848,4649,Leela Mallick,36,1
2849,792,Yadavi Mangat,31,1
2850,3288,Arin Loyal,58,2
2851,2841,Forum Ben,25,2
2852,2841,Saksham Srinivas,18,2
2853,2841,Henry Gill,46,1
2854,2520,Girish Koshy,56,1
2855,2520,Ryan Mani,47,1
2856,4088,Nidhi Rana,31,1
2857,24,Garima Mohan,48,1
2858,24,Benjamin Khanna,31,1
2859,2690,Lakshmi Om,53,2
2860,2690,Yug Modi,55,2
2861,2690,Matthew Char,28,1
2862,1539,Nilima Iyengar,50,2
2863,1539,Dev Seshadri,38,1
2864,4230,Qabil Kibe,52,1
2865,1403,Charles Rai,22,1
2866,3957,Ekaja Rege,24,1
2867,2227,Vaishnavi Baria,26,1
2868,2227,Gautam Wadhwa,43,2
2869,1114,Idika Sabharwal,48,2
2870,1114,Aadhya Singh,43,2
2871,1843,Devansh Datta,29,1
2872,1843,Nakul Memon,25,2
2873,4349,Deepa Menon,44,2
2874,1436,Yasti Bir,31,1
2875,1436,Lakshmi Uppal,55,1
2876,1436,Charan Oak,59,1
2877,1436,Meera Gade,42,1
2878,277,Garima Parekh,38,1
2879,751,Divya Hans,52,1
2880,751,Pooja Lata,35,1
2881,1633,Xalak Seth,51,1
2882,1633,Yashodhara Sharma,53,1
2883,1633,Dayamai Mahal,51,1
2884,4765,Vasana Walla,56,1
2885,908,Xavier Gupta,32,1
2886,908,Irya Ganguly,27,1
2887,2425,Tanish Chopra,28,1
2888,4456,Faqid Buch,49,1
2889,4456,Zansi Rajagopal,55,1
2890,4456,Pavani Lad,43,2
2891,451,William Deep,53,1
2892,1174,Aditya Nagy,21,1
2893,1174,Viraj Mody,34,2
2894,4533,Zayan Agate,48,1
2895,4533,Hritik Vala,36,1
2896,2931,Fitan Iyengar,56,1
2897,3121,Nidra Nori,58,2
2898,136,Amaira Shetty,30,1
2899,2780,Lakshmi Walla,30,1
2900,563,Anya Sahni,32,1
2901,3867,Vasana Narula,45,1
2902,4599,Pranav Srinivas,35,1
2903,4535,Indira Bajwa,22,1
2904,4915,Abhimanyu Sane,49,1
2905,3196,Harita Chaudhuri,38,2
2906,3196,Qushi Raj,43,2
2907,3196,Diya Gour,59,2
2908,3804,Leena Deo,38,2
2909,3804,Ubika Oak,18,1
2910,170,Advay Parmar,41,1
2911,170,Chatura Garg,31,1
2912,170,Vinaya Vaidya,57,1
2913,888,Jason Dora,36,2
2914,3332,Ranbir Sarkar,55,1
2915,3332,Fitan Thaman,52,1
2916,518,Oeshi Singhal,44,2
2917,518,Yachana Panchal,51,1
2918,3271,Urmi Grewal,39,2
2919,1979,Lakshmi Contractor,51,1
2920,1979,Raksha Bansal,30,1
2921,1979,Patrick Khare,31,1
2922,2734,Advik Hans,24,1
2923,3481,Gunbir Konda,59,1
2924,3481,Zilmil Das,28,1
2925,148,Alexander Chana,48,1
2926,1330,Chaitaly Jayaraman,58,2
2927,1395,Rishi Mangat,36,2
2928,2890,Aradhana Kumar,54,1
2929,1780,Warjas Rajagopalan,48,1
2930,2744,Pratyush Raju,40,1
2931,2744,Kashish Sharma,41,1
2932,815,Pratyush Tripathi,19,1
2933,815,Abeer Golla,28,2
2934,815,Bhavani Chaudhary,46,1
2935,1656,Gunbir Devi,37,1
2936,1656,Viraj Mody,34,2
2937,402,Kashvi Brahmbhatt,51,1
2938,402,Indali Natt,40,2
2939,2435,Dev Peri,43,1
2940,119,Megha Rattan,47,1
2941,119,Kabir Bhargava,30,1
2942,119,Libni Dar,20,1
2943,2229,David Jain,18,1
2944,139,Jeremiah Khalsa,33,1
2945,4034,Gaurang Talwar,55,1
2946,4034,Yatan Anand,56,1
2947,3482,Wyatt Kapoor,54,1
2948,3777,Maanas Padmanabhan,26,1
2949,3777,Robert Kohli,42,1
2950,3777,Tanay Kala,35,1
2951,3777,Tanish Saini,46,1
2952,1534,Leena Pandit,46,1
2953,4111,Zansi Nagy,46,1
2954,4111,Shaurya Malhotra,43,1
2955,4111,Xiti Prakash,25,1
2956,4219,Eiravati Karnik,55,2
2957,4989,Ucchal Sastry,32,1
2958,4989,Logan Kohli,25,1
2959,4989,Shivani Hari,49,1
2960,4989,Vamakshi Kota,58,1
2961,2982,Falguni Saran,38,1
2962,2982,Benjamin Dalal,22,1
2963,2725,Qasim Natarajan,53,1
2964,2909,Jonathan Rajagopal,54,1
2965,2909,Yoshita Rau,59,2
2966,208,Chandani Kumar,34,1
2967,1302,Tanay Sibal,50,1
2968,3093,Aditya Das,53,1
2969,3093,Ekapad Bath,48,1
2970,3093,Vasana Karan,20,1
2971,3468,Ekaraj Shenoy,26,1
2972,3468,Fariq Sahota,29,1
2973,3468,Ekalinga Anne,38,2
2974,3120,Meghana Mahal,48,1
2975,3120,Balhaar Anand,19,1
2976,27,Yahvi Gill,51,1
2977,3746,Eiravati Raju,30,1
2978,1596,Azad Sharma,29,1
2979,2488,Tejas Sastry,48,1
2980,2488,Udarsh Pandey,24,1
2981,2967,Charita Wable,43,1
2982,2967,Jason Prashad,26,2
2983,2967,Devansh Desai,48,2
2984,2455,Oscar Anand,27,1
2985,2455,Vasana Dua,33,1
2986,4264,Yashodhara Narayan,46,2
2987,4264,Charita Desai,44,2
2988,3757,Bakhshi Mohan,37,2
2989,85,Darpan Raghavan,46,2
2990,2961,Tejas Sastry,48,1
2991,2961,Pushti Talwar,59,1
2992,2961,Urmi Tiwari,50,1
2993,3449,Riya Kaul,56,1
2994,390,Nidhi Balasubramanian,35,1
2995,390,Sai Oommen,46,1
2996,390,Vamakshi Kant,26,1
2997,390,Vedhika Baral,35,1
2998,3765,Vivaan Mander,36,2
2999,2609,Eta Nair,46,1
3000,3495,Ijaya Gopal,44,1
3001,2798,Reva Lad,28,1
3002,2798,Ria Thaker,45,1
3003,2798,Samarth Kalla,26,1
3004,2849,Utkarsh Basu,34,1
3005,2849,Utkarsh Basu,34,1
3006,2762,Shaurya Vasa,52,1
3007,2762,Shaurya Dixit,53,1
3008,4331,Pratyush Khatri,38,1
3009,3331,Daniel Mukhopadhyay,32,1
3010,3331,Keya Deol,26,1
3011,4702,Ekiya Sinha,31,2
3012,3406,Ekiya Keer,31,2
3013,2855,Amara Malhotra,27,1
3014,2855,Tripti Palla,32,1
3015,2855,Ucchal Sastry,32,1
3016,4025,Nathan Ravi,21,1
3017,4025,Ekapad Karan,59,1
3018,4025,Ati Batta,52,1
3019,4546,Tanish Kohli,60,1
3020,4546,Abeer Sharaf,31,1
3021,2806,Aadhya Varghese,37,1
3022,4075,Upadhriti Kala,56,1
3023,4075,Ekaraj Viswanathan,20,1
3024,4075,Bhavya Kari,52,1
3025,2183,Wakeeta Walia,28,1
3026,2752,Advaith Kala,32,1
3027,2752,Laksh Hegde,38,1
3028,2752,Hardik Dubey,29,1
3029,517,Upma Kumer,37,1
3030,94,Baghyawati Bhatia,21,2
3031,2840,Charita Pingle,58,1
3032,2840,Nisha Gera,34,2
3033,2840,Urmi Keer,29,1
3034,2840,Rayaan Jain,46,1
3035,1358,Chakradev Raju,41,1
3036,1742,Forum Ratta,46,2
3037,1742,Devansh Atwal,27,1
3038,995,Chaitaly Raval,21,1
3039,995,Vinaya Gopal,19,1
3040,71,Chanchal De,58,2
3041,71,Varenya Goswami,45,1
3042,4940,Sai Khurana,50,1
3043,3919,Ekbal Barad,23,1
3044,3919,Meghana Krishnamurthy,38,1
3045,66,Jagrati Chauhan,32,1
3046,1131,Manbir Sagar,20,1
3047,4164,Damyanti Venkatesh,55,2
3048,4164,Yash Dhar,21,1
3049,1628,Anamika Gala,47,1
3050,1628,Ladli Datta,24,1
3051,110,Rachana Sarraf,51,1
3052,4993,Amrita Nagy,47,1
3053,4993,Eesha Gaba,35,1
3054,2182,Logan Misra,40,1
3055,2182,Agastya Mistry,26,2
3056,2182,Waida Rana,25,2
3057,926,Utkarsh Kale,46,1
3058,926,Ekaja Bal,51,1
3059,2374,Sathvik Grover,19,1
3060,2374,Dominic Chanda,58,1
3061,731,Zayyan Ganesan,36,1
3062,731,Manya Chakraborty,20,2
3063,2866,Vanya Ram,37,1
3064,1040,Anika Vyas,50,1
3065,1040,Advika Buch,24,1
3066,2471,Arjun Bhagat,22,1
3067,2180,Kala Gokhale,50,1
3068,1095,Sanya Chana,36,2
3069,3283,Anay Wali,41,1
3070,3283,Dev Saha,18,2
3071,3727,Falan Mall,37,1
3072,2819,Manan Vasa,25,2
3073,2819,Faris Dua,19,2
3074,2198,Gauri Munshi,21,2
3075,4853,Frado Varughese,18,1
3076,2568,Oscar Muni,33,1
3077,2007,Vaishnavi Keer,54,1
3078,773,Rehaan Thaker,35,1
3079,773,Harita Varughese,52,1
3080,3991,Nandini Mukhopadhyay,41,1
3081,3991,Nilima Rana,47,1
3082,1785,Yauvani Parikh,26,2
3083,1785,Krishna Raja,20,1
3084,4309,Harish Kata,60,1
3085,2297,Vedhika Goswami,54,1
3086,2297,Aryan Dugar,20,1
3087,2266,Vasana Anne,47,1
3088,3873,Balveer Lata,32,1
3089,3873,Qarin Lad,55,1
3090,3873,Chandresh Kala,34,1
3091,4078,Saanvi Butala,42,1
3092,2056,Yashodhara Mukherjee,34,1
3093,2056,Geetika Mital,22,1
3094,2056,Vedhika Kanda,20,1
3095,3955,Girish Srivastava,29,1
3096,3593,Nachiket Mishra,24,2
3097,3593,Kavya Bajwa,51,1
3098,3593,Karan Pillay,37,1
3099,4591,Advika Sachdeva,58,2
3100,37,Pallavi Muni,29,1
3101,37,Chandran Parsa,41,1
3102,2376,Ethan Pant,28,1
3103,2376,Rushil Wali,60,1
3104,1817,Yash Virk,19,1
3105,4441,Abhiram Karpe,38,1
3106,3616,Zehaan Dyal,52,1
3107,2467,Orinder Jhaveri,55,1
3108,828,Radha Walla,59,1
3109,599,Keya Varghese,40,1
3110,599,Xalak Pathak,43,2
3111,3698,Peter Muni,36,2
3112,1394,Mohini Swamy,52,1
3113,1394,Xiti Rao,52,2
3114,3318,Wahab Mangat,49,1
3115,3318,Urishilla Bajaj,43,2
3116,1756,Radhika Bath,49,1
3117,1756,Reva Varghese,19,1
3118,2359,Shivani Sarin,52,2
3119,2359,Damyanti Prabhakar,40,1
3120,1318,Robert Desai,48,1
3121,1293,Chakrika Gole,26,1
3122,1293,Rehaan Bera,28,1
3123,1293,Indrajit Dani,58,1
3124,1293,Quincy Nigam,49,1
3125,3597,Kamala Koshy,29,1
3126,1667,Jhalak Tara,42,1
3127,1667,Tara Bhavsar,27,1
3128,886,Advika Rana,36,2
3129,886,Jagvi Sur,40,1
3130,886,Chandresh Bhatia,36,2
3131,886,Zayyan Sandhu,46,1
3132,1152,Hardik Shukla,29,1
3133,1810,Karan Wali,47,2
3134,1810,Jeevika Sama,32,1
3135,4835,Aishani Dhillon,53,1
3136,4921,Raksha Desai,34,1
3137,4921,Ekta Roy,38,1
3138,4855,Oni Patla,45,1
3139,2562,Wishi Bhatnagar,46,1
3140,2562,Saumya Naidu,26,1
3141,4427,Upadhriti Sha,31,2
3142,4427,Nisha Memon,51,2
3143,3821,Manthan Mani,45,1
3144,1062,Lavanya Ghose,29,2
3145,2519,Logan Kaur,31,1
3146,2519,Liam Ramachandran,53,1
3147,2519,Girik Tank,22,1
3148,1237,Nihal Bhatt,28,1
3149,1237,Barkha Chaudhry,24,1
3150,1237,Gavin Kumar,44,1
3151,1237,Reyansh Rao,50,2
3152,4400,Girindra Vohra,29,2
3153,2739,Isha Sampath,34,1
3154,4808,Yug Nagy,40,2
3155,4808,Dev Lanka,41,2
3156,4808,Ekani Khosla,29,1
3157,3699,Unnati Mistry,50,2
3158,3699,Laban D’Alia,51,1
3159,3699,Niharika Karan,57,1
3160,3699,Arjun Buch,60,1
3161,2991,Nitara Deo,24,1
3162,2367,Krish Kalita,57,1
3163,2367,Vedhika Tella,48,1
3164,697,Tanvi Tella,52,2
3165,1159,Arunima Dani,59,1
3166,2099,Tripti Doshi,42,1
3167,2099,Frederick Dugar,24,1
3168,2803,Guneet Mani,59,1
3169,2803,Yash Gour,24,1
3170,2803,Abha Barman,57,1
3171,1868,Mitesh Rai,39,1
3172,1752,Darsh Mitter,35,1
3173,1752,Ikshita Sangha,36,2
3174,1085,Ladli Loyal,55,2
3175,1609,Manya Mand,36,1
3176,1609,Ekaja Dugar,55,1
3177,3229,Bakhshi Dalal,53,1
3178,1087,Tanish Brahmbhatt,48,1
3179,1087,George Rajan,39,1
3180,1087,Zaid Jaggi,38,1
3181,1914,Aahana Venkatesh,33,2
3182,1914,Pallavi Agarwal,60,1
3183,1914,Pooja Verma,48,1
3184,3362,Udyati Tailor,54,2
3185,912,Chameli Sura,33,1
3186,912,Ansh Shanker,38,1
3187,912,Reyansh Sawhney,45,1
3188,3622,Advika Chada,42,1
3189,3247,Leena Mitra,18,2
3190,3263,Balhaar Jani,27,1
3191,1034,Dakshesh Srivastava,29,1
3192,1034,Omaja Palla,37,1
3193,3798,Widisha Golla,20,1
3194,3798,Pooja Barad,26,1
3195,163,Advay Gopal,59,1
3196,163,Urvashi Bose,18,1
3197,163,Caleb Goel,51,1
3198,163,Kai Chanda,40,1
3199,4687,Zinal Dhar,56,1
3200,2459,Wridesh Luthra,39,1
3201,2459,Azad Bobal,51,1
3202,2459,Ijaya Varma,58,1
3203,2382,Hritik Aggarwal,21,1
3204,4358,Charan Patil,20,1
3205,4358,Gaurav Dave,41,1
3206,4358,Nimrat Bail,40,2
3207,3516,Bhavna Sodhi,37,2
3208,426,Brinda Munshi,30,1
3209,426,Pahal Atwal,52,1
3210,426,Warjas Chahal,34,1
3211,426,Viraj Mody,34,2
3212,593,Nathan Sabharwal,34,1
3213,593,Vihaan Mutti,24,1
3214,3155,Gagan Mani,55,1
3215,3155,Fariq Borde,22,2
3216,1189,Baghyawati Behl,34,1
3217,1234,Sathvik Bhatia,34,1
3218,2104,Watika Chauhan,29,1
3219,2104,Rayaan Ramesh,41,1
3220,3241,Radha Dube,41,2
3221,3241,Lucky Mani,38,1
3222,470,Aditya Dash,48,2
3223,1660,Sara Venkatesh,45,1
3224,1660,Omya Krishna,20,1
3225,1660,Aryan Narang,24,1
3226,1709,Vincent Samra,53,1
3227,1709,Maanav Wali,48,1
3228,1709,Isha Shroff,48,1
3229,1709,Niharika Raja,38,1
3230,4160,Ijaya Krishnamurthy,47,1
3231,4932,Liam Bhardwaj,39,1
3232,1119,George Kapoor,30,1
3233,1119,Anusha Vasa,44,1
3234,2582,Rehaan Nagi,28,2
3235,2582,Omkaar Tailor,37,1
3236,2582,Manan Sengupta,38,1
3237,1502,Dalaja Rajagopalan,23,2
3238,707,Aarav Sama,42,1
3239,1632,Nilima Bir,54,1
3240,4907,Samar Chawla,26,1
3241,4907,Finn Bhasin,27,1
3242,3086,Dalaja Batta,33,2
3243,3086,Thomas Bala,35,2
3244,1020,Rohan Dass,51,1
3245,1020,Alka Purohit,58,1
3246,1020,Abha Varkey,28,1
3247,1244,Adya Muni,52,1
3248,4522,Ojas Tripathi,32,1
3249,4522,Urvashi Raju,21,1
3250,3586,Tejas Choudhry,36,1
3251,3303,Chakrika Rastogi,50,2
3252,3303,Kalpit Balay,29,1
3253,3303,Onveer Parekh,43,1
3254,303,Vanya Kurian,57,1
3255,4127,Devika Gera,30,1
3256,4127,Yashoda Ganguly,20,1
3257,2203,Zaid Singh,18,1
3258,2203,Raghav Balay,28,1
3259,2203,Anirudh Swaminathan,23,1
3260,3526,Luke Nath,43,2
3261,710,Mason Jani,55,2
3262,4203,Kavya Chaudhary,49,1
3263,754,Timothy Shah,27,2
3264,754,Vrinda Basu,36,2
3265,1453,Chameli Upadhyay,46,1
3266,4397,Mahika Bhattacharyya,54,1
3267,747,Nidhi Bhattacharyya,47,1
3268,747,Maya Goyal,28,2
3269,747,Gaurav Dave,41,1
3270,747,Yatan Sahni,43,1
3271,2666,Harinakshi Kata,36,1
3272,2666,Abhimanyu Ganguly,30,1
3273,2666,Isha Viswanathan,48,2
3274,4172,Gavin Kakar,48,2
3275,4172,Odika Bajaj,46,1
3276,3333,Onveer Walla,36,1
3277,3826,Eshana Rout,53,2
3278,4611,Jagrati Mital,36,1
3279,796,Logan Mandal,30,1
3280,1803,Anvi Pal,25,2
3281,3003,Vivaan Edwin,56,1
3282,3003,Jeet Keer,49,1
3283,3003,Umang Oza,58,1
3284,4244,Amol Sura,42,1
3285,1528,Ikbal Acharya,42,1
3286,1528,Hamsini Balan,29,2
3287,4593,Ekalinga Krishna,30,2
3288,4819,Alexander Kalla,20,1
3289,1296,Gopal Soman,44,1
3290,1296,Elijah Deshpande,40,1
3291,3168,Anita Kumar,28,2
3292,3168,Yashawini Natt,60,2
3293,3168,Meera Ravi,34,2
3294,3168,Kashvi Hayre,55,1
3295,1879,Janaki Dora,39,1
3296,1299,Devansh Desai,48,2
3297,4027,Yug Rajagopal,54,1
3298,4027,Vedant Chowdhury,36,1
3299,4887,Anmol Bahl,34,1
3300,4887,Kiaan Wali,54,1
3301,4887,Chakrika Chatterjee,22,1
3302,4887,Janani Atwal,49,1
3303,3368,Daksha Shetty,48,1
3304,2873,Nisha Saha,58,1
3305,4632,Niharika Raval,22,1
3306,4632,Kamala Puri,18,1
3307,4632,Rajata Mahajan,49,1
3308,4541,Vanya Patel,53,1
3309,2481,Upadhriti Kadakia,45,1
3310,387,Warinder Contractor,39,1
3311,1402,Triveni Zachariah,27,1
3312,1402,Avi Subramaniam,59,1
3313,1402,Umang Kannan,24,1
3314,701,Panini Palan,42,1
3315,1745,Luke Chhabra,44,1
3316,1745,Ubika Murthy,59,1
3317,1804,Wishi Bir,51,1
3318,1804,Nisha Cherian,34,1
3319,3895,Yug Jain,44,1
3320,3895,Ojas Cheema,51,2
3321,3694,Yashica Bose,30,2
3322,3694,Yashvi Loyal,54,1
3323,3694,Vyanjana Badami,39,1
3324,3694,Arunima Upadhyay,58,1
3325,4151,Faras Natt,20,1
3326,1148,Atharv Dani,25,1
3327,3474,Anthony Edwin,59,1
3328,4210,Umang Ratta,39,1
3329,4470,Jeevika Iyer,37,1
3330,3403,Yashvi Sami,43,2
3331,221,Sudiksha Master,59,1
3332,4262,Lopa Nagar,37,1
3333,3409,Wakeeta Korpal,26,2
3334,1498,Yug Shanker,31,2
3335,2320,Zashil Bajwa,45,1
3336,2320,Ekta Lala,19,1
3337,2320,Raagini Ganesan,35,2
3338,3364,Ishwar Golla,23,1
3339,3364,Azaan Ramaswamy,21,1
3340,3364,Caleb Chauhan,20,2
3341,3364,Pratyush Raju,40,1
3342,3645,Jeremiah Chauhan,31,1
3343,1197,Yauvani Dani,37,1
3344,2349,Charles Wadhwa,33,2
3345,4143,Oviya Sharma,44,1
3346,2212,Ekalinga Mangal,48,2
3347,4568,Aarav Balakrishnan,51,1
3348,657,Krisha Atwal,27,1
3349,2897,Jeevika Sekhon,42,1
3350,3187,Ishwar Mall,45,2
3351,1121,Pallavi Shanker,27,1
3352,1121,Ojasvi Bhatia,39,1
3353,1121,Wyatt Bala,27,2
3354,2392,Naveen Kara,46,1
3355,1982,David Dutt,29,1
3356,1708,Yutika Dhillon,40,1
3357,4705,Henry Sampath,51,1
3358,4705,Siddharth Chawla,46,1
3359,4007,Balvan Dara,32,1
3360,513,Netra Krishnamurthy,57,1
3361,3300,Vasana Karan,20,1
3362,4383,Aradhana Shukla,31,1
3363,1565,Upadhriti Gaba,49,1
3364,1565,Tarak Sodhi,31,1
3365,3918,Omaja Dave,48,2
3366,2086,Vedika Oommen,45,1
3367,2086,Varenya Cherian,50,1
3368,4057,Omya Nori,40,1
3369,4057,Hemani Contractor,42,2
3370,4057,Jack Chanda,55,2
3371,559,Ekantika Mane,53,1
3372,1096,Faris Sani,45,1
3373,647,Faqid Balay,38,2
3374,647,Meghana Sibal,35,1
3375,244,Suhani Raghavan,37,1
3376,244,Devika Gera,30,1
3377,476,Falak Bala,44,1
3378,476,Mugdha Kapur,57,1
3379,3,Hredhaan Goyal,23,1
3380,1620,Vyanjana Sekhon,40,1
3381,1620,Nitesh Bahl,54,1
3382,2175,Jai Iyengar,58,1
3383,2175,Neel Patla,43,2
3384,2175,Tripti Menon,42,2
3385,2998,Madhav Kala,56,1
3386,2067,Turvi Dash,46,2
3387,901,Advik Babu,23,1
3388,901,Mason Wadhwa,50,1
3389,1310,Oscar Raju,28,1
3390,2327,Mitesh Bose,60,1
3391,931,Ekavir Reddy,22,2
3392,1213,Aadi Saha,48,1
3393,2654,Sneha Morar,39,2
3394,2746,Chakrika Tank,26,1
3395,2746,Falguni Pandit,56,2
3396,2746,Ganga Srinivasan,46,1
3397,1479,Zashil Desai,60,1
3398,1479,Kashvi Verma,24,1
3399,4384,Patrick Bala,33,1
3400,4384,Gavin Dhillon,41,1
3401,4384,Neelima Karan,55,2
3402,3005,Agastya Patel,30,2
3403,197,Aayush Prabhakar,58,1
3404,197,Girindra Mani,34,2
3405,223,Inaya Shetty,23,1
3406,4891,Sudiksha Master,59,1
3407,4891,Gayathri Dhar,35,2
3408,3581,Hitesh Bobal,22,2
3409,2304,Abhimanyu Madan,47,2
3410,2304,Naksh Kalla,54,1
3411,3143,Manthan Purohit,40,1
3412,3143,Eesha Khare,36,1
3413,3446,Deepa Roy,32,2
3414,3677,Diya Ganesan,46,1
3415,823,Ronith Varkey,30,1
3416,823,Noah Memon,53,1
3417,823,Pranit Dar,19,2
3418,4822,Vanya Patel,53,1
3419,4828,Chatura Deshmukh,48,1
3420,4828,Banjeet Bedi,42,1
3421,4828,Anay Varughese,35,1
3422,160,Hemangini Kurian,36,1
3423,160,Vrinda Master,39,2
3424,4300,Chakradev Bhavsar,36,1
3425,4300,Ekbal Salvi,51,1
3426,4300,Faraj Sankar,19,2
3427,1460,Orinder Bhardwaj,34,1
3428,856,Ishwar Narayan,35,1
3429,552,Bhavna Ganesh,28,1
3430,2410,Krish Gour,18,1
3431,646,Hritik Rout,32,1
3432,646,Krishna Atwal,49,1
3433,1913,Suhani Salvi,36,1
3434,1376,Chasmum Dhingra,25,1
3435,2537,Karan Toor,49,1
3436,2537,Chakrika Raju,31,1
3437,4067,Robert Banerjee,53,1
3438,4067,Raghav Devi,35,1
3439,4067,Ekanta Raghavan,49,1
3440,2033,Lipika Lad,28,1
3441,2033,Chandresh Tata,40,2
3442,4129,Gabriel Anand,33,1
3443,3113,Radhika Narain,47,1
3444,3113,Nathaniel Sekhon,51,1
3445,4527,Eta Mammen,59,1
3446,4527,Bhavika Murty,30,1
3447,1812,Fiyaz Munshi,32,1
3448,1812,Andrew Krishnan,29,1
3449,1812,Chasmum Kalita,59,1
3450,2942,Faras Konda,51,1
3451,2942,Wishi Bumb,32,2
3452,4841,Harrison Mani,49,2
3453,4841,Champak Prakash,39,1
3454,4841,Gunbir Ray,23,2
3455,1432,Lila Kota,20,1
3456,1432,Harita Bhandari,58,1
3457,1432,Damini Pillai,35,1
3458,4066,Anirudh Pall,41,1
3459,4066,Balvan Kalita,52,1
3460,4066,Laban Manda,37,1
3461,4513,Oni Raj,20,2
3462,4513,Chanchal Mangal,42,2
3463,4205,Azaan Minhas,52,1
3464,4205,Yashoda Bassi,54,1
3465,1506,Yashawini Dey,39,1
3466,1506,Lajita Borra,37,1
3467,4645,Veer Dara,38,2
3468,4645,Ekaja Soni,59,2
3469,1031,Unnati Sundaram,36,2
3470,1031,David Bhasin,33,1
3471,181,Gayathri Ramachandran,30,1
3472,181,Tripti Dubey,37,2
3473,3667,Yahvi Karan,50,1
3474,3709,Pallavi Chandra,43,2
3475,3709,Kavya Rana,33,2
3476,1378,Caleb Wason,20,1
3477,949,Aarna Saraf,25,1
3478,89,Logan Sankar,47,1
3479,2343,Manthan Handa,34,1
3480,2343,Rayaan Sagar,54,1
3481,4297,Dayita Barad,20,2
3482,4297,Eta Ramanathan,59,1
3483,3145,Mitesh Chana,29,2
3484,2055,Neha Dube,59,1
3485,502,Chaaya Master,47,1
3486,502,Abhiram Balasubramanian,24,1
3487,502,Sudiksha Raman,41,1
3488,502,Rachit De,31,1
3489,150,Damyanti Rama,39,1
3490,150,Maya Lall,27,1
3491,1735,Ladli Buch,21,1
3492,1735,Omya Nayar,49,1
3493,1735,Dayita Kannan,45,1
3494,1735,Sai Srivastava,41,1
3495,683,Guneet Saran,54,2
3496,2751,Gauri Kar,37,1
3497,2751,Daniel Anne,49,2
3498,2040,Aditya Magar,31,1
3499,2040,Bimala Sarma,49,1
3500,2040,Anya Parsa,57,1
3501,1458,Jagdish Chahal,48,2
3502,582,Anya Krishnamurthy,60,1
3503,582,Pallavi Chaudhry,39,2
3504,4734,Avni Mangal,23,1
3505,4692,Niharika Srinivas,46,1
3506,4692,Aarini Aurora,34,2
3507,1602,Manan Padmanabhan,51,2
3508,509,Siddharth Sem,33,1
3509,1554,Turvi Dua,43,1
3510,1554,Zinal Srinivas,25,1
3511,2405,Wishi Hegde,56,1
3512,2405,Alka Dave,23,1
3513,2405,Anvi Vaidya,21,1
3514,2405,Janya Ramanathan,54,1
3515,174,Gautami Bath,19,1
3516,3809,Eta Kaur,55,2
3517,1421,Christopher Lala,56,1
3518,1421,Balendra Rattan,25,2
3519,2719,Varsha Kannan,42,1
3520,2719,Farhan Saxena,34,1
3521,2719,Darsh Deshmukh,19,1
3522,5,Jack Chacko,28,1
3523,3250,Rudra Choudhury,50,1
3524,1532,Yashawini Gole,47,1
3525,1532,Jagrati Mital,36,1
3526,4049,Faris Panchal,35,1
3527,3179,Qasim Choudhry,25,1
3528,3820,Manbir Purohit,29,1
3529,3800,Ekbal Kunda,27,1
3530,1092,Amaira Ravi,54,1
3531,1699,Viraj Bath,29,1
3532,1699,Isha Bhargava,24,1
3533,257,Xalak Chaudhary,30,2
3534,4959,Advay Sura,21,1
3535,4024,Noah Wali,60,1
3536,4024,Teerth Ratti,46,1
3537,4144,Teerth Kar,60,1
3538,4144,Jai Johal,35,1
3539,4144,Simon Garg,28,1
3540,4144,Zaid Babu,50,1
3541,1465,Reyansh Shukla,43,2
3542,1465,Ekaja Sathe,52,1
3543,3641,Maya Bhatnagar,51,1
3544,4271,Dominic Nair,23,1
3545,4077,Ishwar Narayan,40,1
3546,3261,Gopal Bhardwaj,20,1
3547,3261,David Randhawa,38,2
3548,537,Krishna Viswanathan,34,2
3549,4231,Unnati Dara,42,1
3550,4231,Lajita Pau,51,2
3551,2608,Daniel Khare,51,1
3552,2608,Sachi Sathe,45,1
3553,1796,Omkaar Sehgal,41,2
3554,1796,Aachal Vasa,20,1
3555,4767,Brinda Bains,44,1
3556,435,Rayaan Jhaveri,50,1
3557,4163,Andrew Singhal,58,1
3558,4163,Charvi Hari,25,1
3559,4163,Amol Balakrishnan,39,1
3560,3504,Lila Jhaveri,46,1
3561,3504,Mekhala Kanda,26,1
3562,3485,Naksh Chana,31,1
3563,1392,Tripti Anand,22,2
3564,4588,Saumya Lad,42,1
3565,4588,Tanay Murty,52,2
3566,2633,Gayathri Khatri,25,1
3567,2633,Chanchal Chaudry,59,2
3568,3663,Dayamai Mahal,51,1
3569,2461,Isaac Bassi,43,1
3570,2461,Fiyaz Sibal,51,1
3571,2461,Indira Zachariah,23,1
3572,2094,Dayita Swamy,52,1
3573,2094,Ishita Konda,43,2
3574,2786,Chakrika Gole,26,1
3575,2786,Hema Kalla,37,1
3576,2019,Rohan Sarkar,42,1
3577,1445,Neelima Karan,53,1
3578,355,Nisha Brar,27,2
3579,1265,Leena Nanda,31,2
3580,1265,Bhavani Konda,29,1
3581,1265,Nisha Munshi,56,1
3582,4250,Andrew Karpe,29,2
3583,4250,Upadhriti Bandi,52,1
3584,4250,Varsha Balasubramanian,31,1
3585,4250,Hritik Rout,32,1
3586,1544,Faraj Bose,39,2
3587,3854,Gunbir Dugal,31,1
3588,3854,Yatan Kadakia,40,1
3589,3854,Omkaar Suresh,19,1
3590,1933,Ria Kapoor,57,1
3591,1233,Urishilla Vora,22,2
3592,4654,Eta Nair,46,1
3593,3444,Yochana Thaman,35,1
3594,4039,Janaki Grover,21,2
3595,4039,Darsh Dhingra,36,1
3596,3469,Varenya Krishnamurthy,32,1
3597,620,Chatresh Gade,44,1
3598,620,Megha Nadig,57,1
3599,3620,Rajeshri Padmanabhan,53,1
3600,3620,Gaurika Sankaran,18,1
3601,3620,Chaitanya Morar,31,2
3602,2928,Tanay Bhakta,45,1
3603,2928,Nitesh Vaidya,30,2
3604,2949,Jasmit Gera,21,1
3605,1384,Chaitanya Nath,59,2
3606,1384,Upma Kumer,44,1
3607,3314,Nathaniel Kadakia,24,1
3608,3314,Charita Rajagopalan,18,1
3609,4521,Kabir Mutti,60,2
3610,4521,Bhavna Mittal,55,1
3611,4521,Ishani Yogi,22,1
3612,4521,Dev Dani,50,1
3613,3656,Darsh Chad,51,2
3614,3656,Upma Dhillon,59,1
3615,3656,Faqid Anand,50,1
3616,1511,Darsh Golla,56,2
3617,3806,Jasmit Sundaram,48,1
3618,3806,Gaurav Ganguly,48,1
3619,1110,Benjamin Atwal,49,1
3620,3575,Bhanumati Shere,20,1
3621,3575,Harita Koshy,37,1
3622,4037,Nachiket Subramanian,31,1
3623,903,Azaan Sanghvi,39,1
3624,903,Vasudha Krish,35,1
3625,903,Maanas Devan,49,1
3626,253,Urishilla Loke,49,1
3627,253,Chakrika Dutta,26,1
3628,523,Raagini Ganesan,35,2
3629,523,Odika Bajaj,46,1
3630,4012,Inaya Amble,23,1
3631,4012,Xiti Bobal,55,1
3632,4012,Zaid Bhargava,29,2
3633,1760,Champak Comar,23,1
3634,4844,Advaith Soman,37,1
3635,4844,Mohammed Choudhury,25,2
3636,2414,Jyoti Sarma,21,2
3637,2414,Ekavir Sampath,45,2
3638,1514,Xavier Bal,53,1
3639,1754,Upasna Sahota,52,1
3640,1754,Aryan Natarajan,53,1
3641,3416,Nandini Andra,46,1
3642,3416,Shivansh Din,44,1
3643,3416,Gavin Chandra,37,1
3644,4865,Jack Comar,52,1
3645,4865,Qabil Goda,60,1
3646,4481,Ranveer Pall,22,1
3647,4481,Indira Bajwa,22,1
3648,1510,Isha Rajagopalan,55,1
3649,1510,Yadavi Thakur,42,1
3650,1510,Logan Saha,27,1
3651,3900,Bachittar Batra,38,2
3652,3900,Samesh Bora,27,2
3653,4770,William Bhatt,20,1
3654,4770,Yachana Kohli,19,2
3655,4770,Maanav Narayanan,54,1
3656,2228,Gauri Mander,59,1
3657,2228,Jyoti Shah,60,2
3658,2228,Qadim Goswami,18,2
3659,2624,Andrew Rattan,22,1
3660,259,Arya Dara,51,2
3661,1258,Widisha Kata,39,2
3662,1258,Hredhaan Saxena,28,1
3663,3135,Wazir Virk,36,1
3664,3135,Yashvi Parmer,30,1
3665,876,Mekhala Sem,22,1
3666,876,Aarav Talwar,48,1
3667,3838,Faras Thaman,38,1
3668,2911,Yadavi Tripathi,19,1
3669,2257,Amaira Yadav,41,1
3670,2669,Rushil Panchal,51,1
3671,3070,Saanvi Sen,20,1
3672,3070,Nitesh Kadakia,37,1
3673,2765,Yoshita Kapur,37,1
3674,2765,Lajita Golla,41,1
3675,2765,Samar Nayak,50,1
3676,718,Yagnesh Agarwal,60,1
3677,718,Kamya Gokhale,59,1
3678,718,Bina Brahmbhatt,32,1
3679,1697,Jasmit Kothari,19,1
3680,344,Anvi Nanda,39,1
3681,344,Ganga Dhar,35,1
3682,344,Alka Brar,50,2
3683,1550,Isaac Chakraborty,26,1
3684,3092,Chasmum Ganesh,41,2
3685,3884,Peter Bahl,50,1
3686,3884,Mahika Chowdhury,56,1
3687,1313,Libni Hayer,34,2
3688,4520,Ayush Ramesh,31,1
3689,4820,Urmi Sani,31,1
3690,4820,Chakradhar Sahota,40,1
3691,4820,Waida Sharma,39,2
3692,3891,Praneel Dora,26,1
3693,82,Jackson Agrawal,52,1
3694,82,Zaid Agarwal,54,2
3695,3912,Tanay Comar,22,1
3696,1273,Qadim Rege,35,1
3697,1786,Diya Chadha,41,2
3698,1347,Krisha Patil,25,1
3699,1347,Gaurang Bhagat,54,1
3700,4986,Zayyan Toor,55,2
3701,927,Triveni Murthy,18,1
3702,927,Bhavini Dhaliwal,22,2
3703,927,Daniel Murty,58,1
3704,990,Sai Warrior,32,2
3705,990,Om Rout,46,2
3706,4784,Pallavi Raj,54,1
3707,3771,Varenya Shroff,32,1
3708,4847,Ekalinga Shukla,47,2
3709,2676,Falak Pathak,39,1
3710,382,Yoshita Datta,52,1
3711,4581,Faras Bains,28,1
3712,4581,Vanya Patel,53,1
3713,3165,Vedika Bose,49,1
3714,3165,Sanaya Deo,30,1
3715,1894,Yauvani Toor,23,1
3716,1894,Siddharth Lad,58,1
3717,3349,Chanakya Sha,35,1
3718,2549,Anmol Mahajan,41,2
3719,2549,Kiaan Dave,51,1
3720,4514,Nathaniel Muni,40,1
3721,4514,Tejas Luthra,20,1
3722,4514,Niharika Sharma,45,1
3723,1869,Dipta Lanka,26,2
3724,1284,Lucky Patel,42,1
3725,1284,Kala Dhingra,35,2
3726,3773,Thomas Gara,29,1
3727,2584,Upadhriti Kota,30,1
3728,2584,Charita Shah,27,1
3729,60,Rohan Dass,51,1
3730,3557,Fariq Ramachandran,47,1
3731,3557,Triveni Goda,40,2
3732,3557,Warinder Saha,32,1
3733,3658,Advaith Roy,53,1
3734,3815,Riya Venkataraman,50,2
3735,3815,Gabriel Saran,51,1
3736,3815,Lavanya Subramanian,33,1
3737,3614,Hardik Bajwa,34,1
3738,3614,Sanaya Garde,31,2
3739,3614,Shivani Bose,32,1
3740,3903,Abhimanyu Dugar,38,2
3741,4195,Sai Prashad,23,1
3742,4195,Qadim Devi,18,1
3743,694,Victor Morar,52,2
3744,327,Anthony Bala,31,1
3745,158,Yashawini Sen,36,1
3746,162,Balendra Bajwa,34,2
3747,1716,Benjamin Hegde,39,2
3748,1716,Oeshi Ghose,46,1
3749,2464,Darika Nazareth,27,1
3750,1636,Jhalak Ravel,35,1
3751,1636,Atharv Dani,25,1
3752,1454,Karan Som,46,1
3753,1184,Nathan Vora,19,1
3754,107,Tripti Kale,49,1
3755,107,Max Suresh,40,1
3756,1317,Damini Pai,51,2
3757,1579,Gopal Parmar,52,1
3758,4432,Naveen Bajaj,28,1
3759,1456,Eiravati Contractor,26,1
3760,4496,Lekha Nagi,26,1
3761,668,Kamya Murty,21,1
3762,668,Kashvi Shah,53,1
3763,97,Anthony Tata,21,1
3764,38,Devika Oza,19,1
3765,38,Daksh Chawla,59,1
3766,3342,Charan Ram,55,1
3767,3342,Bakhshi Sunder,23,1
3768,3761,Kashish Cherian,29,1
3769,3761,Sathvik Bhatia,35,2
3770,1044,Fiyaz Choudhry,60,1
3771,2984,Gaurika Dara,59,2
3772,2984,Isaac Om,22,1
3773,2984,Ubika Das,27,1
3774,2984,Chaitaly Srivastava,38,2
3775,3578,Hredhaan Tak,44,1
3776,3578,Bhavika Pall,34,1
3777,3578,Tejas Kohli,33,1
3778,313,Orinder Pai,38,1
3779,129,Matthew Vora,30,1
3780,129,Vivaan Sundaram,34,1
3781,129,Gaurangi Lad,40,1
3782,3542,Ucchal Seth,32,1
3783,698,Bhavna Rao,34,1
3784,1558,Vrishti Merchant,30,1
3785,1905,Aadi Dayal,52,1
3786,3190,Radha Behl,24,1
3787,3190,Krishna Rai,29,2
3788,3519,Jasmit Rattan,46,1
3789,3978,Bhavika Nadig,55,1
3790,3679,Nilima Chandran,19,1
3791,3679,Chandani Bath,32,1
3792,1379,Saksham Pathak,36,2
3793,1379,Mekhala Misra,32,1
3794,1052,Udyati Bhandari,33,1
3795,1018,Tejas Wali,56,2
3796,3896,Jatin Dada,34,1
3797,3896,Qushi Tripathi,52,2
3798,4136,Anita Kumar,28,2
3799,1615,Patrick Keer,38,2
3800,3071,Aachal Kari,36,1
3801,1282,Vaishnavi Golla,38,2
3802,2720,Maanas Zacharia,60,2
3803,1854,Eshana Edwin,50,1
3804,1993,Rudra Kurian,57,1
3805,1993,Brijesh Badal,55,1
3806,1993,Neha Shan,57,1
3807,1134,Victor Edwin,56,2
3808,1134,Radhika Rege,57,1
3809,1501,Vritti Chokshi,28,2
3810,1501,Ekiya Murthy,36,1
3811,1501,Lohit Nori,26,2
3812,4873,Ekavir Raj,19,1
3813,2877,Mohini Pingle,28,2
3814,2877,George Pandit,21,1
3815,1036,Hemang Date,44,1
3816,3525,Lakshit Hari,25,1
3817,3089,Faras Ramanathan,46,2
3818,3089,Yasti Dewan,22,1
3819,3211,Lopa Palla,19,2
3820,2113,Oliver Biswas,46,1
3821,1242,Parth Bhalla,47,1
3822,2839,Arjun Bhagat,22,1
3823,2839,Pushti Nagi,35,1
3824,1680,Ekanta Baria,43,1
3825,4574,Hemal Mukherjee,51,2
3826,4009,Krisha Palan,58,2
3827,43,Charita Merchant,22,1
3828,43,Xalak Jain,31,1
3829,991,Andrew Dhawan,57,1
3830,2917,Neha Malhotra,53,2
3831,2763,Ishani Krishnan,42,1
3832,1607,Qadim Dhingra,46,1
3833,1607,Chakradhar Deshpande,25,2
3834,1607,Mitesh Natt,58,1
3835,928,Ikshita Bhardwaj,44,1
3836,953,Girish Koshy,56,1
3837,953,Faris Gara,57,1
3838,953,Gauri Mukherjee,60,2
3839,2285,Frado Chowdhury,59,1
3840,2285,Saksham Ganesan,59,1
3841,287,Reyansh Sagar,57,2
3842,287,Mohini Koshy,54,2
3843,287,Jhalak Ravel,35,1
3844,1685,Mason Grover,32,1
3845,1685,Rushil Bhatti,49,1
3846,2161,Nisha Bala,42,1
3847,3131,Qasim Deo,43,1
3848,2186,Christopher Raj,41,1
3849,2186,Avi Sarin,44,1
3850,1665,Shivani Purohit,50,1
3851,743,Anita Kumar,28,2
3852,743,Meghana Mane,27,2
3853,1652,Farhan Saxena,34,1
3854,1652,Damini Pant,56,1
3855,3857,Aarini Kakar,55,1
3856,4265,Yash Bath,43,1
3857,4265,Arin Bawa,41,1
3858,1976,Priya Batta,20,2
3859,1963,Ekani Ganguly,37,1
3860,1963,Neelima Ramakrishnan,19,1
3861,4652,Hitesh Dora,37,1
3862,4652,Zarna Kapoor,23,2
3863,4652,Osha Chandran,23,1
3864,1003,Chaman Naik,43,1
3865,1003,Yashica Dhingra,43,1
3866,1003,Sanaya Sama,21,1
3867,3384,Ria Purohit,30,1
3868,4187,Yashvi Mander,51,1
3869,4187,Frado Dey,25,1
3870,1959,Oni Balay,47,1
3871,4620,Bhavika Varma,46,1
3872,1613,Devansh Dasgupta,31,2
3873,1613,Frado Chaudry,34,2
3874,1613,Nachiket Roy,47,1
3875,3106,Caleb Karpe,47,1
3876,3106,Vrinda Samra,26,1
3877,3106,Yashvi Sharma,42,1
3878,3225,Tanveer Bora,44,1
3879,3225,Veda Mohan,34,2
3880,3225,Veer Shetty,23,2
3881,2358,Frederick Joshi,45,2
3882,2358,Gunbir Kumar,20,1
3883,2358,Xavier Biswas,25,1
3884,3098,Ekalinga Nayak,46,1
3885,436,Yochana Sheth,60,1
3886,3134,Vinaya Gopal,19,1
3887,1468,Guneet Tripathi,45,1
3888,1468,Teerth Devan,27,1
3889,1468,Charan Edwin,33,1
3890,4604,Jeevika Sama,32,1
3891,2,Tristan Kumar,39,1
3892,4866,Abhiram Biswas,24,1
3893,2957,Anjali Desai,56,2
3894,2957,Jason Parmar,59,2
3895,2957,Viraj Dash,24,1
3896,2027,Viraj Munshi,39,1
3897,2757,Dakshesh Bhandari,24,1
3898,1525,Tanveer Murthy,57,1
3899,3065,Prisha Prabhu,38,1
3900,3299,Mohammed Pillai,44,1
3901,3299,Karan Gaba,48,1
3902,4222,Gayathri Mane,60,1
3903,4222,Wazir Gill,24,1
3904,4222,Abhiram Sule,18,1
3905,4222,Indira Nigam,29,1
3906,3814,Upasna Yohannan,54,1
3907,3814,Chanchal Varghese,56,1
3908,3814,Vansha Din,19,1
3909,4128,Urishilla Singhal,25,1
3910,4128,Dalaja Wagle,22,1
3911,2992,Aarini Comar,41,2
3912,2992,Bimala Kari,21,1
3913,2992,Damyanti Mukherjee,32,1
3914,3799,Anvi Tata,57,1
3915,690,Pooja Sahni,51,1
3916,690,Arunima Konda,19,1
3917,690,Pallavi Radhakrishnan,56,1
3918,690,Irya Behl,48,1
3919,3580,Chandani Tara,60,1
3920,4861,Amara Sankaran,31,1
3921,3537,Netra Dada,39,1
3922,3537,Meera D’Alia,29,2
3923,4484,Arya Dyal,21,1
3924,4484,Oliver Bakshi,47,1
3925,3975,Udant Gara,50,1
3926,3975,Teerth Deep,45,1
3927,508,Eesha Chakraborty,30,1
3928,3018,Anusha Pall,44,1
3929,3018,Neha Dugal,57,2
3930,3018,Veda Oommen,25,2
3931,371,Chaman Sura,31,2
3932,371,Daksha Nori,20,2
3933,371,Hardik Pathak,53,2
3934,3535,Anthony Palla,30,2
3935,3370,Yashoda Narasimhan,22,1
3936,3719,Gopal Sarma,23,1
3937,2795,Kala Kaul,43,1
3938,1947,Vanya Raval,28,1
3939,1947,Ekalinga Grover,54,1
3940,1947,Wishi Bava,39,2
3941,3285,Saumya Gera,23,1
3942,4016,Urvashi Raju,21,1
3943,3307,Joshua Pandey,34,2
3944,1369,Vasatika Madan,25,1
3945,1369,Falak Pathak,39,1
3946,1369,Gayathri Apte,31,1
3947,3158,Zilmil Khatri,42,1
3948,262,Zarna Bumb,27,1
3949,1688,Chavvi Minhas,49,2
3950,1968,Oviya Bansal,29,1
3951,4248,Chandran Memon,49,1
3952,4248,Praneel Bhatt,24,2
3953,4823,Abha Sabharwal,53,2
3954,4823,Eesha Dhingra,26,1
3955,4823,Sachi Palla,20,1
3956,4170,Damini Korpal,31,2
3957,4565,Oni Mammen,20,1
3958,3114,Damini Nath,19,1
3959,3114,Radhika Srivastava,30,1
3960,3114,Gayathri Jaggi,51,1
3961,3114,Anirudh Bhatia,35,1
3962,565,Edhitha Narayan,25,1
3963,1855,Qabil Bora,52,1
3964,1855,Umang Hayre,42,1
3965,219,Nisha Varma,24,1
3966,219,Zilmil Gopal,59,2
3967,4785,Pranav Ramachandran,36,1
3968,2941,Ekantika Doctor,41,1
3969,4112,Samuel Kothari,26,1
3970,4112,Pallavi Chaudhry,39,2
3971,4112,Bachittar Oak,40,2
3972,4112,Edhitha Sood,28,2
3973,1911,Idika Bhandari,56,2
3974,4647,Xiti Bhakta,25,1
3975,3427,Ranbir Narang,53,1
3976,3427,Rushil Deshpande,24,1
3977,3427,Abdul Gulati,44,1
3978,2838,Yashawini Madan,58,1
3979,2838,Om Ram,22,1
3980,2838,Hamsini Dara,31,1
3981,217,Bachittar Om,34,1
3982,217,Baljiwan Badami,40,1
3983,1169,Aditya Viswanathan,38,1
3984,157,Odika Dugal,56,1
3985,157,Keya Dave,58,2
3986,2352,Oeshi Kulkarni,21,1
3987,2352,Nidra Dass,53,1
3988,2352,Lohit Sodhi,56,1
3989,981,Damyanti Hegde,52,2
3990,2209,Veda Gulati,18,1
3991,3091,Ishaan Dalal,20,1
3992,3713,George Pal,40,1
3993,2985,Azaan Salvi,51,1
3994,951,Gunbir Hora,49,1
3995,1737,Falan Handa,50,2
3996,2123,Jhalak Kamdar,31,2
3997,2454,Anay Dayal,42,2
3998,2454,Chatura Shroff,21,1
3999,3429,Abhiram Sethi,40,1
4000,3429,Janaki Peri,27,2
4001,3118,Abha Wagle,24,2
4002,3118,Ekaja Soni,59,2
4003,1601,Noah Memon,53,1
4004,1601,Charvi Kunda,53,1
4005,1601,Vamakshi Lal,59,2
4006,2074,Rehaan Murthy,23,1
4007,2074,Rachit Swaminathan,29,1
4008,4573,Girish Chahal,23,1
4009,3116,Elijah Nanda,37,1
4010,3116,Utkarsh Apte,50,2
4011,3317,Darika Bhargava,44,1
4012,1105,Hredhaan Prabhu,42,2
4013,1995,Joshua Barman,21,1
4014,1585,Abeer Biswas,55,2
4015,4041,Girish Koshy,56,1
4016,2401,Alka Bail,24,1
4017,2401,Deepa Tella,43,1
4018,2369,Logan Bhat,21,1
4019,1143,Tejas Kibe,37,1
4020,2737,Vinaya Vaidya,57,1
4021,1831,Tripti Kothari,45,2
4022,2394,Nitesh Balasubramanian,31,2
4023,2394,Amol Dugar,30,1
4024,2394,Mohini Krishna,41,2
4025,2394,Omkaar Suresh,19,1
4026,567,Hardik Ben,28,1
4027,2165,Nitesh Menon,45,1
4028,2847,Gunbir Parsa,57,2
4029,4635,Daksh Vala,30,1
4030,4635,Samaksh Vora,27,1
4031,4635,Ucchal Ratti,24,1
4032,3876,Balveer Comar,55,2
4033,3876,Vinaya Manda,18,1
4034,3876,Charan Wali,20,1
4035,2205,Oeshi Ghose,46,1
4036,2356,Michael Ben,58,1
4037,98,Samarth Dutta,57,1
4038,3925,Eshana Grewal,32,1
4039,3925,Wriddhish Salvi,42,1
4040,1371,Eta Sunder,57,1
4041,3785,Avni Doshi,27,2
4042,3785,Amara Vig,57,1
4043,124,Anthony Bala,37,2
4044,124,Maya Khosla,49,1
4045,4294,Joshua Pingle,34,2
4046,4862,Leela Srinivas,56,1
4047,4862,Charles Sachdeva,22,1
4048,4625,Omisha Kashyap,43,1
4049,3047,Ishaan Ramesh,36,1
4050,1285,Januja Shan,27,2
4051,4273,Lakshmi Doctor,41,1
4052,2792,Upkaar Bhatti,51,1
4053,3635,Zinal Raju,45,1
4054,1917,Gagan Dave,32,1
4055,894,Yagnesh Raju,27,2
4056,894,Madhavi Rai,21,1
4057,2539,Advika Kothari,56,1
4058,2539,Shaurya Goswami,21,1
4059,2539,Pavani Gupta,37,1
4060,4467,Isaiah Chakrabarti,39,1
4061,1112,Onveer Bhat,45,1
4062,544,Faris Kant,37,1
4063,527,Gagan Mani,55,1
4064,527,Gautami Soni,43,2
4065,527,Isaac Vig,18,2
4066,827,Aditya Dora,22,2
4067,4809,Chandran Dass,51,1
4068,4809,Zaitra Wason,42,1
4069,2750,Saanvi Jayaraman,49,1
4070,2750,Rajeshri Chakraborty,29,1
4071,4162,Warjas Narasimhan,28,1
4072,4162,Isaiah Soni,22,1
4073,4624,Dev Magar,44,2
4074,4624,Nidra Thakkar,24,1
4075,4575,Rohan Dass,51,1
4076,4575,Pallavi Kulkarni,36,1
4077,1990,Yahvi Sharaf,53,1
4078,1990,Hiral Cheema,56,2
4079,1990,Chasmum Arora,50,1
4080,1635,Jatin Kar,44,1
4081,4239,Nidra Naik,40,1
4082,406,Hitesh Ram,54,1
4083,3156,Anika Rout,30,1
4084,4260,Ekapad Gera,50,2
4085,4260,Inaya Basak,19,1
4086,2976,Hardik Ratta,42,1
4087,3413,Hredhaan Mital,52,1
4088,3916,Osha Lad,47,1
4089,3916,Januja Pingle,49,1
4090,3916,Vedant Chowdhury,36,1
4091,3240,Tara Batta,51,1
4092,3738,Frederick Chhabra,37,1
4093,3738,Shravya Walia,25,1
4094,2833,Dipta Ganesan,19,2
4095,2833,Jonathan Varty,33,1
4096,1830,Abdul Dutta,43,1
4097,1428,Brinda Saraf,31,2
4098,4881,Faras Natt,42,1
4099,4881,Eesha Chaudhry,38,1
4100,860,Timothy Ratti,22,1
4101,1563,Saanvi Mohanty,52,2
4102,1563,Jacob Khatri,32,1
4103,1563,Dalbir Samra,56,2
4104,1563,Wridesh Basu,40,1
4105,236,Siddharth De,20,1
4106,236,Dipta Kothari,23,1
4107,236,Gagan Wali,43,1
4108,1023,Timothy Bhatia,57,1
4109,1023,Ladli Shroff,55,1
4110,4321,Nitesh Chana,55,1
4111,3508,Ekavir Raj,19,1
4112,3508,Omkaar Bail,33,1
4113,4279,Vedhika Ghose,21,1
4114,4279,Ati Kapur,56,1
4115,4279,Maya Das,43,2
4116,1587,Arin Kaul,52,1
4117,1587,Lucky Dhawan,29,1
4118,1587,Manya Verma,34,1
4119,1643,Laksh Bassi,45,2
4120,1643,Krisha Khare,24,2
4121,4046,Hardik Chaudhary,54,1
4122,4911,Qasim Deshpande,34,1
4123,4911,Yauvani Ram,30,2
4124,4911,Saanvi Sandal,22,1
4125,1948,Gopal Walia,42,1
4126,1948,Mahika Madan,37,1
4127,4558,Yashica Savant,36,1
4128,126,Varenya Shere,45,2
4129,3234,Imaran Vig,35,2
4130,1354,Tanay Parsa,22,1
4131,1354,Bakhshi Dar,40,1
4132,1354,Timothy Chadha,44,2
4133,2893,Indali Mani,60,1
4134,2893,Aarini Korpal,49,2
4135,1126,Hema Varkey,22,1
4136,809,Yash Mukherjee,57,1
4137,809,Timothy Dugal,21,1
4138,348,Pushti Sarkar,32,1
4139,669,Jairaj Bera,19,1
4140,2622,Lila Malhotra,26,2
4141,2622,Zilmil Sani,30,1
4142,883,Veda Gopal,45,1
4143,883,Manthan Baria,37,1
4144,883,Gautami Hora,27,1
4145,4113,Omaja Chanda,43,1
4146,1193,Riya Sarraf,52,1
4147,1193,Gaurika Merchant,45,1
4148,91,Bhanumati Dhaliwal,53,1
4149,91,Urvi Dhillon,51,1
4150,91,Yashawini Padmanabhan,41,1
4151,4616,Upkaar Dash,47,1
4152,4616,Bina Rastogi,39,1
4153,648,Abeer Pingle,56,2
4154,648,Elijah Parmar,51,1
4155,4614,Krish Thaker,45,1
4156,4614,Jhalak Tata,36,1
4157,4614,Chatura Kaul,28,2
4158,4717,Girik Bava,56,2
4159,4717,Hemangini Bhargava,58,2
4160,4717,Champak Parsa,56,1
4161,3212,Ryan Shroff,46,1
4162,3212,Janani Rai,42,1
4163,3212,Advay Dasgupta,36,2
4164,3212,Jagrati Handa,52,2
4165,3428,Ishwar Wadhwa,40,2
4166,2310,Janaki Shanker,24,2
4167,3034,Manya Raghavan,46,2
4168,3034,Ryan Mannan,25,1
4169,3938,Tara Ratta,31,2
4170,3281,Liam Srivastava,44,1
4171,432,Anvi Yohannan,42,2
4172,3596,Aadi Bhatnagar,44,1
4173,3596,Raksha Choudhry,48,1
4174,3596,Niharika Nazareth,50,1
4175,1066,Imaran Rao,29,2
4176,1066,Tara Sachdev,31,2
4177,1066,Mahika Kaur,54,1
4178,1823,Girindra D’Alia,44,1
4179,1823,Chaaya Bir,26,2
4180,2157,Baljiwan Memon,57,1
4181,3133,Frado Murthy,27,1
4182,3942,Bakhshi Shankar,58,1
4183,3942,Triya Rama,18,1
4184,3942,Yashoda Comar,52,1
4185,3942,Eesha Kannan,55,1
4186,1717,Vasudha Jani,23,2
4187,791,Ranbir Bir,49,1
4188,81,Omaja Nagarajan,57,1
4189,1185,Inaya Saraf,28,1
4190,1185,Ishaan Yadav,21,1
4191,443,Mahika Kant,59,1
4192,1182,Krisha Narayan,39,1
4193,3192,Vansha Om,21,1
4194,3693,Tanay Sarkar,57,2
4195,3459,Laksh Buch,25,1
4196,3459,Onveer Badal,22,1
4197,3450,Champak Sachdeva,18,1
4198,1910,Bachittar Srivastava,54,1
4199,2105,Geetika Bhandari,53,1
4200,4365,Yuvraj Verma,58,1
4201,4365,Ekaja Dugar,55,1
4202,4365,Veer Narain,44,1
4203,2240,Vincent Bumb,60,2
4204,4651,Falguni Sane,49,1
4205,4651,Benjamin Dalal,22,1
4206,4651,Gaurangi Agrawal,48,1
4207,3002,Chatura Shankar,39,1
4208,3768,Naksh Tata,41,1
4209,3768,Ucchal Lalla,58,1
4210,3768,Anika Sagar,44,1
4211,3768,Bhavini Biswas,24,2
4212,1783,Krisha Shah,28,1
4213,3431,Janya Buch,20,1
4214,3431,Nicholas Subramaniam,19,1
4215,3431,Oeshi Warrior,19,1
4216,3431,Damyanti Biswas,54,2
4217,4047,Onkar Madan,34,1
4218,4047,Maanav Yadav,36,1
4219,4047,Yash Virk,19,1
4220,2532,Krishna Verma,53,1
4221,4714,Daksh Wali,47,1
4222,4714,Anika Bobal,31,1
4223,965,Dayamai Mahal,51,1
4224,4471,Gauri Dutta,45,2
4225,3013,Chatura Balan,43,1
4226,3393,Nathan Korpal,33,1
4227,1712,Forum Chatterjee,25,2
4228,740,Kamya Mander,42,1
4229,740,Raagini Pai,26,2
4230,740,Bachittar Yohannan,50,1
4231,740,Hemal Mitter,47,1
4232,2867,Inaya Guha,39,1
4233,2867,Vivaan Sen,57,1
4234,2989,Bhavani Dube,21,1
4235,2989,Adya Pandya,58,1
4236,4148,Mitali Bora,29,1
4237,4746,Pallavi Natarajan,18,1
4238,69,Chandran Barad,20,2
4239,69,Chanakya Deshpande,55,1
4240,1611,Mekhala Goswami,25,1
4241,3737,Shivansh D’Alia,40,2
4242,3737,Jason Tak,29,1
4243,3458,Charvi Edwin,39,1
4244,1362,Darpan Seshadri,51,1
4245,1362,Neelima Karan,55,2
4246,3042,Jonathan Sood,55,2
4247,3042,Aarna Choudhury,29,1
4248,1345,Yagnesh Bava,35,1
4249,3298,Jagrati Mital,36,1
4250,3298,Mohammed Dey,23,2
4251,3298,Yug Mukherjee,29,1
4252,1586,Nilima Dua,49,2
4253,4498,Chavvi Hayre,52,1
4254,4498,Balveer Agate,53,1
4255,873,Azaan Sarma,55,1
4256,873,Ria Purohit,22,2
4257,873,Anthony Buch,28,1
4258,3264,Kevin Iyer,20,1
4259,4708,Harita Parikh,51,1
4260,2091,Brinda Prashad,20,2
4261,2091,Nitesh Ramesh,50,1
4262,3680,Geetika Butala,44,1
4263,2680,Anya Swaminathan,37,1
4264,4487,Radhika Manda,27,2
4265,3311,Sanya Karnik,40,1
4266,3311,Damini Sule,45,1
4267,3311,Tarak Anne,55,1
4268,4524,Yashica Kohli,29,2
4269,4552,Radhika Iyengar,54,1
4270,4134,Caleb Sachdeva,45,1
4271,674,Vasudha Saini,22,2
4272,674,Balveer Choudhary,22,1
4273,674,Chameli Upadhyay,46,1
4274,674,Ati Buch,32,1
4275,3357,Yuvraj Sachdev,22,1
4276,4352,Bakhshi Sinha,48,1
4277,1551,Jack Dar,36,1
4278,4368,Ishita Tandon,24,1
4279,4368,Akshay Tak,53,1
4280,325,Nisha Saxena,55,1
4281,794,Oviya Pingle,54,1
4282,794,Vasana Dash,34,2
4283,1405,Gunbir Madan,33,2
4284,1405,Harrison Deol,51,1
4285,274,Diya Kata,32,1
4286,3833,Yauvani Dani,37,1
4287,3833,Jeet Chanda,29,1
4288,3017,Wakeeta Walia,28,1
4289,3017,Gautam Bobal,20,1
4290,3017,Geetika Thaker,50,1
4291,1555,Ayush Bajaj,55,1
4292,4525,Nachiket Kar,47,1
4293,4525,Chaitanya Palan,47,2
4294,118,Praneel Reddy,47,1
4295,118,Kevin Chander,41,1
4296,3721,Tanveer Lanka,22,1
4297,3721,Yatin Seth,37,2
4298,3721,Hemani Sibal,47,1
4299,3721,Chandran Nayar,52,1
4300,3565,Devika Bansal,55,1
4301,2687,Vedika Sura,32,1
4302,3284,Anirudh Natarajan,53,1
4303,475,Neelima Shenoy,22,1
4304,475,Yatan Dar,27,1
4305,475,Wishi Walia,36,1
4306,475,Lajita Chand,51,1
4307,4451,Leela Ahluwalia,23,1
4308,4813,Arjun Varughese,56,1
4309,4813,Agastya Dara,43,1
4310,4813,Ucchal Bath,46,1
4311,861,Kashish Kadakia,49,2
4312,861,Urvashi Yohannan,39,1
4313,861,Oliver Pant,53,1
4314,1962,Yasti Munshi,32,1
4315,3008,Nikita Barad,23,2
4316,3564,Champak Mannan,32,1
4317,3564,Ganga Thaman,25,2
4318,3230,Harsh Saraf,51,1
4319,1616,Chandani Ganguly,36,1
4320,1616,Reyansh Sur,30,1
4321,1397,Jhalak Kamdar,31,2
4322,1397,Jackson Dhawan,40,1
4323,4287,Sanaya Thaker,25,1
4324,3837,Krishna Viswanathan,34,2
4325,45,Libni Kamdar,56,1
4326,45,Vinaya Sagar,54,2
4327,45,Dalaja Deshmukh,19,1
4328,292,Udarsh Thakur,51,2
4329,292,Faris Kumer,18,1
4330,292,Warda Setty,51,2
4331,292,Kashish Contractor,36,1
4332,4780,Raghav Nath,44,2
4333,2678,Radha Luthra,31,1
4334,2678,Nikita Yogi,33,1
4335,2678,Ojas Johal,59,2
4336,870,Liam Sastry,30,1
4337,870,Liam Barman,60,1
4338,870,Andrew Kakar,30,1
4339,1549,Vedhika Krishna,28,1
4340,1549,Jagvi Chaudhry,39,1
4341,2136,Falguni Rattan,41,2
4342,2136,Chaitaly Mani,25,1
4343,2136,Radha Sangha,44,1
4344,1235,Hritik Walia,26,1
4345,3686,Aayush Boase,40,1
4346,1309,Kamala Uppal,51,2
4347,4673,Vamakshi Varty,48,1
4348,4673,Bachittar Modi,21,1
4349,4104,Parth Parmar,25,1
4350,4104,Faraj Kanda,35,1
4351,4104,Fariq Bahri,42,1
4352,2968,Samaksh Mangat,40,1
4353,4326,Girish Thakur,28,1
4354,1653,Shaurya Gour,35,1
4355,271,Naksh Rao,41,1
4356,271,Arin Biswas,37,1
4357,271,Anjali Shan,56,1
4358,2675,Idika Din,28,1
4359,1471,Aarush Bajwa,58,2
4360,744,Amaira Iyengar,54,1
4361,4781,Gautam Shan,25,1
4362,4781,Amruta Vala,30,1
4363,4781,Wakeeta Madan,20,1
4364,3477,Sanaya Vala,58,1
4365,3477,Saanvi Mukhopadhyay,28,1
4366,3477,Harita Narang,60,1
4367,1504,Urvashi Doctor,36,1
4368,1504,Vedika Garde,55,1
4369,1930,Odika Chander,45,1
4370,1930,Netra Grewal,44,1
4371,1930,Yagnesh Parikh,20,2
4372,682,Lavanya Kumar,50,2
4373,4991,Tejas Chaudhary,49,1
4374,3193,Azaan Nanda,50,2
4375,524,Hiral Chand,36,1
4376,963,Jagrati Reddy,51,1
4377,328,Charvi Thakur,32,2
4378,847,Gaurika Seshadri,60,1
4379,3498,Eta Sahota,39,1
4380,3498,Nirja Hegde,23,1
4381,3498,Lekha Comar,26,2
4382,4110,Hemani Dutt,29,2
4383,2577,Udant Banerjee,38,1
4384,2577,Ansh Pai,23,1
4385,4440,Jalsa Balan,23,1
4386,2997,Amara Reddy,44,1
4387,2997,Girik Ganesh,42,1
4388,2997,Warinder Krishna,31,1
4389,2997,Harita Garde,54,1
4390,4757,Panini Samra,50,1
4391,4757,Mason Dani,30,1
4392,417,Jairaj Nori,35,1
4393,417,Ikshita Peri,38,1
4394,3012,Rishi Bir,48,1
4395,3012,Chatresh Chand,18,1
4396,3012,Inaya Saraf,35,1
4397,2147,Gayathri Kade,27,1
4398,3749,Orinder Lad,33,1
4399,3749,Sai Palan,25,2
4400,3749,Chakrika Samra,58,2
4401,3749,Upasna Bandi,18,2
4402,493,Kevin Iyer,20,1
4403,1307,Upadhriti Sarkar,50,1
4404,4291,Jeet Sura,24,1
4405,3387,Matthew Upadhyay,59,1
4406,3701,Yug Shanker,31,2
4407,3610,Victor Lalla,60,1
4408,3610,Ucchal Kala,47,1
4409,2249,Abhimanyu Choudhary,33,2
4410,4001,Charan Samra,28,1
4411,1791,Dalbir Vohra,37,1
4412,1791,Naksh Krishna,42,1
4413,643,Radhika Dhar,54,1
4414,643,Indrajit Panchal,23,1
4415,369,Gautam Sastry,41,1
4416,1047,Yatan Malhotra,52,2
4417,4415,Urvi Dyal,37,1
4418,2627,Rachana Shenoy,56,2
4419,1246,Mohammed Sahni,39,2
4420,127,Isaac Sathe,60,1
4421,2081,Qarin Rege,54,2
4422,2081,Hema Bali,41,1
4423,2081,Yoshita Karnik,22,1
4424,4379,Benjamin Dalal,22,1
4425,11,Aditya Mane,29,1
4426,11,Reva Sinha,19,1
4427,3501,Yashodhara Mane,28,1
4428,2413,Widisha Dugal,24,1
4429,2413,Abhimanyu Mishra,31,1
4430,2413,Zaid Warrior,20,1
4431,663,Panini Buch,19,1
4432,4979,Mohammed Suri,23,1
4433,1684,Keya Majumdar,47,1
4434,1684,Jeremiah Baral,36,1
4435,1795,Vedika Brar,27,1
4436,1795,Ronith Tara,47,1
4437,960,Liam Bala,42,1
4438,2977,Aarini Guha,54,1
4439,2977,Akshay Tata,55,1
4440,445,Rishi Radhakrishnan,41,2
4441,445,Qarin Thakur,52,1
4442,1631,Arjun Ganguly,58,1
4443,294,Krishna Viswanathan,34,2
4444,294,Laban D’Alia,51,1
4445,2239,Ubika Suri,36,1
4446,3695,Elijah Agarwal,33,1
4447,2718,Ijaya Kapur,43,1
4448,2718,Manan Mann,34,1
4449,3959,Warda Baral,27,1
4450,3959,Ojas Bhavsar,21,1
4451,3959,Sara Mohanty,55,1
4452,4900,Darsh Acharya,49,1
4453,4900,Falak Pathak,39,1
4454,709,Aarini Bava,51,1
4455,709,Xiti Patla,30,1
4456,709,Rachana Goswami,39,1
4457,709,Daniel Khare,51,1
4458,4422,Chatura Pandey,29,2
4459,4422,Zarna Rajagopalan,40,1
4460,4422,Triveni Sampath,22,1
4461,1964,Kamya Ravel,50,2
4462,1964,Chandresh Andra,40,2
4463,1964,Dipta Memon,33,2
4464,494,Ekavir Raj,19,1
4465,637,Zaid Solanki,19,1
4466,255,Saksham Banerjee,49,1
4467,2034,Jason Sami,55,1
4468,1598,Lohit Naik,54,1
4469,1440,Damini Morar,27,2
4470,1440,Yatan Pal,18,1
4471,748,Triya Luthra,51,1
4472,18,Elijah Ranganathan,58,1
4473,18,Anjali Desai,56,2
4474,1329,Daksha Dewan,55,1
4475,1094,Warda Mutti,45,2
4476,1094,Aayush Choudhary,56,1
4477,1101,Jagrati Mital,36,1
4478,535,Ojas Desai,30,2
4479,4488,Priya Date,39,1
4480,4488,Udyati Bora,29,2
4481,2652,Qarin Brar,58,2
4482,1546,Dakshesh Goyal,22,1
4483,2538,Manya Rajagopal,43,1
4484,2538,Garima Hari,31,1
4485,2812,Jeet Goda,53,1
4486,4284,Hiral Palla,49,2
4487,3254,Kavya Bassi,51,1
4488,3254,Christopher Shan,43,1
4489,3072,Gabriel Goyal,44,2
4490,3072,Maya Kari,50,1
4491,3072,George Ranganathan,30,2
4492,2896,Naksh Chaudhari,20,1
4493,2896,Janaki Das,52,1
4494,2896,Lucky Nazareth,26,2
4495,1195,Guneet Sane,36,1
4496,1195,Omaja Sankaran,21,1
4497,1802,Lipika Wadhwa,35,1
4498,786,Zehaan Minhas,34,1
4499,786,Chanakya Aggarwal,36,1
4500,2102,Henry Bora,49,1
4501,2195,Faraj Ramachandran,23,2
4502,302,Qarin Mandal,41,1
4503,4732,Harini Om,19,1
4504,4732,Ishaan Raval,32,1
4505,2776,Hemangini Mukherjee,56,1
4506,2069,Upma Mangat,43,1
4507,2069,Kashish Randhawa,41,2
4508,1390,Vamakshi Tripathi,41,1
4509,1390,Ekaja Rege,24,1
4510,1133,Charvi Varty,42,1
4511,1133,Nachiket Dasgupta,47,2
4512,3219,Hemani Chaudhry,23,1
4513,3219,Chaaya Bandi,44,1
4514,3219,Guneet Jain,44,1
4515,566,David Thaman,31,1
4516,566,Damyanti Tak,23,1
4517,3090,Jagdish Samra,48,2
4518,3090,Advika Garde,43,2
4519,4176,Rehaan Oak,38,1
4520,4176,Baljiwan Edwin,51,1
4521,2797,Mitali Khosla,41,1
4522,2797,Yug Patla,31,1
4523,2797,Charles Loke,55,2
4524,2032,Gayathri Srinivas,46,1
4525,2899,Bhavika Memon,32,2
4526,3934,Wishi Batra,30,2
4527,1974,Mahika Virk,57,1
4528,1974,Shivansh Mannan,19,2
4529,1404,Vinaya Kothari,22,2
4530,4116,Shaurya Chad,19,1
4531,1449,Lohit Bobal,41,1
4532,1116,Aarna Kuruvilla,52,1
4533,2856,Damini Char,58,1
4534,4699,Darsh Walla,29,1
4535,4699,Anamika De,29,2
4536,4531,Aadi Desai,58,1
4537,1522,Advik Sharaf,21,1
4538,1522,Orinder Mammen,48,1
4539,1522,Nicholas Oza,60,1
4540,1522,Yochana Bhasin,25,1
4541,1949,Darsh Barad,36,2
4542,1949,Dayamai Dora,50,1
4543,1011,Maanas Bora,22,1
4544,1011,Raagini Wadhwa,33,1
4545,1011,Yashoda Kala,26,1
4546,999,Umang Tiwari,34,1
4547,999,Warda Mangal,40,1
4548,3979,Harinakshi Soman,31,1
4549,3818,Nathaniel Sandhu,48,1
4550,3076,Maanav D’Alia,35,2
4551,3076,Zinal Sen,52,1
4552,3076,Yashodhara Datta,21,1
4553,1029,Harshil Bose,35,1
4554,2865,Wazir Doctor,31,2
4555,4298,Maanas Walia,34,1
4556,1692,Lavanya Venkataraman,33,1
4557,1692,Atharv Dani,25,1
4558,1692,Karan Atwal,26,2
4559,3990,Nihal Chatterjee,58,1
4560,3990,Ayushman Balasubramanian,55,1
4561,1196,Dev Dani,47,1
4562,1196,Eiravati Bala,53,1
4563,1944,Arunima Golla,53,2
4564,1474,Benjamin Jani,41,1
4565,4890,Isaac Srinivas,28,1
4566,202,Zinal Chaudhary,36,1
4567,202,Alka Kale,41,1
4568,4450,Chaitanya Padmanabhan,24,1
4569,4829,Hritik Rout,32,1
4570,4829,Qarin Gade,28,1
4571,4829,Zilmil Dave,48,2
4572,2283,Samarth Peri,36,1
4573,4391,Aarnav Pillai,40,1
4574,984,Isha Seshadri,35,2
4575,272,Aarini Aggarwal,25,2
4576,272,Yashica Bobal,32,2
4577,4589,Dakshesh Warrior,37,1
4578,2504,Triveni Dhar,50,1
4579,2504,Arunima Ratti,51,1
4580,3540,Sathvik Jaggi,22,1
4581,3540,Girik Kala,40,1
4582,3540,Finn Halder,23,2
4583,1704,Ekalinga Wadhwa,34,1
4584,2905,Liam Savant,25,1
4585,2905,Neelima Karan,55,2
4586,1669,Avi Tank,29,2
4587,1881,Sai Swaminathan,36,1
4588,2889,Pratyush Peri,38,1
4589,2889,Ijaya Oak,36,2
4590,2889,Widisha Srinivas,24,1
4591,533,Nikita Prabhu,18,1
4592,2705,Wahab Dora,18,1
4593,3151,Warinder Goel,19,2
4594,3151,Nisha Lala,57,1
4595,288,Indira Doshi,20,2
4596,2688,Gaurang De,55,1
4597,2688,Patrick Bhatia,23,1
4598,3861,Raghav Dhar,19,2
4599,3639,Dayita Bakshi,51,1
4600,3639,Baljiwan Dey,34,1
4601,1838,Yasti Bir,31,1
4602,1838,Sai Golla,45,2
4603,1838,Netra Chanda,21,1
4604,877,Chaitaly Shan,49,2
4605,877,Ishani Parsa,39,1
4606,762,Yutika Grewal,30,2
4607,1650,Hiral Dubey,27,1
4608,1650,Udant Pillai,57,1
4609,1650,Vanya Gade,46,1
4610,1650,Jatin Rajagopal,36,2
4611,4389,Varenya Badal,19,1
4612,2758,Ekantika Randhawa,23,1
4613,2758,Neelima Bedi,23,1
4614,1260,Hema Goswami,49,2
4615,1260,Timothy Sahni,30,1
4616,1829,Gabriel Banik,38,1
4617,1829,Neel Sani,43,2
4618,1829,Abdul Dutt,47,1
4619,1829,Ojas Loke,42,1
4620,4735,Ekaja Rege,24,1
4621,4561,George Mistry,36,2
4622,4561,Mason Kalita,53,1
4623,4561,Dayamai Sama,60,1
4624,4561,Shravya Bobal,47,1
4625,525,Balvan Manne,58,1
4626,1720,Irya Koshy,29,2
4627,4175,Balhaar Choudhary,40,1
4628,2302,Aarav Sawhney,58,2
4629,153,Tarak Seshadri,46,2
4630,3917,Chaitaly Sankaran,30,1
4631,3917,Aayush Zachariah,36,1
4632,3385,Nakul Deshpande,35,1
4633,1793,Dayita Nagar,29,1
4634,4706,Lucky Pandit,28,1
4635,2902,Waida Nair,40,1
4636,2902,Siddharth Sharma,25,2
4637,4,Logan Kata,41,1
4638,4,Manya Bhagat,26,1
4639,2300,Yochana Bal,45,1
4640,4174,Zaitra Atwal,55,1
4641,4896,Ayaan Mane,31,2
4642,1135,Eiravati Joshi,33,1
4643,347,Udarsh Mukherjee,21,2
4644,154,Benjamin Kalla,18,1
4645,154,Ishaan Bhat,26,1
4646,2013,Farhan Dey,21,1
4647,2013,Leena Badal,44,1
4648,4504,Watika Babu,25,1
4649,4504,Aarini Raja,23,2
4650,1145,Samaksh Ramesh,31,1
4651,1145,Ethan Venkataraman,19,1
4652,1145,Bachittar Gill,46,1
4653,3206,Aayush Varughese,52,1
4654,4350,Manan Kata,46,1
4655,3494,Abdul Rau,53,2
4656,3494,Yashoda Srivastava,20,2
4657,3494,Kamala Munshi,28,2
4658,3743,Raagini Swamy,35,1
4659,2042,Zehaan Dubey,26,1
4660,4305,Irya Rout,50,1
4661,213,Daksha Walia,48,1
4662,213,Ira Nagi,20,1
4663,213,Logan Varma,39,2
4664,947,Shaurya Tandon,49,1
4665,947,Darsh Sanghvi,31,1
4666,4069,Christopher Sule,52,1
4667,4069,Jyoti Lanka,30,1
4668,4069,Pahal Peri,37,2
4669,1769,Chatresh Singhal,20,2
4670,1769,Chatura Khosla,37,1
4671,1396,Rachita Pillay,26,2
4672,1396,Reyansh Sibal,56,1
4673,351,Kamala Sahota,53,1
4674,351,Reva Kulkarni,35,1
4675,407,Nidra Shenoy,44,1
4676,407,Bhavya Mital,27,1
4677,3628,Rishi Setty,34,1
4678,2096,Ethan Bandi,35,2
4679,1231,Ekaraj Butala,49,1
4680,2591,Tamanna Banik,52,1
4681,2994,Pranit Dugar,44,1
4682,2994,Chaitaly Srivastava,38,2
4683,2994,Ethan Wadhwa,19,1
4684,1797,Ryan Deshmukh,59,1
4685,2990,Farhan Dewan,25,2
4686,3772,Sathvik Saha,21,1
4687,996,Hamsini Dhar,27,1
4688,609,Jalsa Thaker,59,2
4689,609,Urvi Din,29,1
4690,609,Harrison Gandhi,48,1
4691,2116,Jagat Singh,32,1
4692,4772,Hemal Dara,20,2
4693,1728,Udyati Borah,29,1
4694,1004,Daksha Gola,18,1
4695,1004,Aditya Chawla,51,1
4696,1298,Sachi Master,43,1
4697,2432,Darpan Chacko,35,2
4698,2432,Isaiah Kamdar,26,2
4699,1024,Joshua Jani,31,1
4700,1024,Damyanti Das,49,1
4701,3035,Oscar Boase,42,1
4702,3035,Tarak Brar,36,2
4703,3035,Diya Bali,48,1
4704,2344,Omkaar Sheth,48,1
4705,2344,Neha Rama,58,1
4706,1744,Aahana Bumb,35,2
4707,1122,Ubika Koshy,22,2
4708,3197,Waida Nayak,37,1
4709,3197,Simon Gupta,18,1
4710,3197,Madhavi Shenoy,32,2
4711,3197,Yashoda Khanna,47,1
4712,2118,Nathan Srinivasan,27,1
4713,2118,Teerth Luthra,36,1
4714,4801,Robert Desai,54,1
4715,4801,Raagini Atwal,38,1
4716,4801,Balendra Kade,24,1
4717,1836,Alexander Chana,48,1
4718,1836,Jagrati Walia,50,2
4719,1836,Luke Jhaveri,41,2
4720,753,Chandran Patla,58,1
4721,3128,Diya Ranganathan,41,1
4722,3128,Aadi Verma,43,1
4723,3128,Timothy Lanka,50,1
4724,2279,Sneha Naidu,20,1
4725,3138,Balhaar Kaur,49,1
4726,915,Ucchal Deshpande,57,1
4727,915,Jai Tank,43,1
4728,2324,Ati Ahluwalia,45,1
4729,2598,Shaurya Palla,34,2
4730,1348,Anmol Tata,50,1
4731,1348,Amrita Kara,35,2
4732,2213,Zarna Choudhury,27,1
4733,2655,Xavier Mohan,40,1
4734,4420,Sara Salvi,36,1
4735,4228,Vedhika Dugal,24,1
4736,3015,Laban Bawa,38,2
4737,2497,Balendra Bava,37,1
4738,1820,Yamini Kumar,53,1
4739,1820,Jeevika Ganguly,36,1
4740,997,Dalbir Ben,23,1
4741,4629,Liam Raj,31,1
4742,2176,Daniel Khare,51,1
4743,2176,Nikita Cherian,52,1
4744,4778,Ijaya Chandra,41,2
4745,3503,Gaurika Tiwari,59,2
4746,2200,Ucchal Prasad,58,1
4747,2200,Rudra Brar,38,1
4748,1970,Arunima Chahal,26,2
4749,1970,Vaishnavi Rama,35,1
4750,1970,Patrick Sood,56,2
4751,1970,David Roy,27,1
4752,1710,Ishani Bala,39,1
4753,361,Faras Rajagopalan,24,1
4754,3969,Damyanti Sawhney,41,1
4755,3969,Mitali Wagle,54,1
4756,3958,Ekanta Kannan,29,2
4757,3958,Benjamin Rout,53,1
4758,3958,Qabil Rout,45,1
4759,125,Nikita Grover,42,2
4760,1387,Zashil Bumb,41,1
4761,16,Chandani Kumar,34,1
4762,291,Laban Chhabra,27,1
4763,291,Eshana Tella,30,1
4764,2085,Isaac Narayanan,57,1
4765,2085,Ishaan Narula,22,1
4766,2085,Tamanna Das,37,2
4767,2174,Siddharth Sem,33,1
4768,2174,Atharv Dani,25,1
4769,2174,Zayyan Bora,44,1
4770,2174,Neha Chakrabarti,42,1
4771,3928,Faraj Modi,29,1
4772,1695,Arunima Sehgal,34,1
4773,655,Finn Dara,58,1
4774,655,Charan Bassi,47,1
4775,655,Chandran Yogi,24,1
4776,1934,Chaman Mukhopadhyay,22,2
4777,59,Advika Dalal,30,1
4778,59,Lakshmi Swamy,42,1
4779,59,Veer Shetty,23,2
4780,4454,Yashvi Yogi,42,2
4781,1269,Darika Atwal,35,2
4782,2020,Aarush Karan,18,1
4783,3570,Gauri Pathak,25,1
4784,3570,Bachittar Srivastava,54,1
4785,3570,Christopher Sami,35,1
4786,4585,Siddharth Menon,41,1
4787,55,Avi Bhat,19,1
4788,1654,Sathvik Wagle,30,1
4789,1654,Jyoti Datta,33,2
4790,1864,Praneel Ganesh,46,1
4791,1864,Thomas Bora,18,1
4792,1864,Indira Chanda,41,1
4793,2135,Siddharth Natt,50,1
4794,2875,Lakshit Shetty,42,1
4795,2875,Vrishti Badal,39,2
4796,3725,Dakshesh Warrior,37,1
4797,1274,Upma Narain,20,1
4798,2063,Bhavika Deol,26,1
4799,2063,Charan Lanka,51,1
4800,4507,Faris Rege,45,1
4801,4507,Hemang Kashyap,31,2
4802,4507,Harini Bobal,29,1
4803,4507,Jonathan Madan,31,1
4804,4756,Charvi Yadav,19,1
4805,3164,Dev Dani,47,1
4806,211,Sara Nayak,30,2
4807,211,Gagan Gour,34,1
4808,211,Ikshita Mital,28,1
4809,1672,Faqid Anand,50,1
4810,1672,Jagvi Kapoor,50,1
4811,260,Advay Mitra,57,2
4812,3374,Krisha Naidu,29,1
4813,1629,Theodore Sarma,47,2
4814,820,Lipika Sane,31,1
4815,362,Harita Dugal,28,1
4816,717,Onveer Mane,36,2
4817,717,Vedhika Chhabra,38,2
4818,2825,Andrew Bhargava,31,2
4819,1021,Arjun Manne,60,2
4820,2192,Hemal Dara,19,1
4821,2192,Daksha Narang,25,1
4822,2192,Qasim Khare,27,1
4823,2064,Upkaar Merchant,51,1
4824,4290,Frado Hayer,50,1
4825,3842,Yashvi Kar,34,2
4826,2375,Pranav Keer,18,2
4827,4930,Tristan Deshmukh,52,1
4828,4930,Veer Hora,42,1
4829,851,Aishani Mitter,56,2
4830,1415,Chakradhar Hegde,19,2
4831,1415,Chasmum Loyal,59,1
4832,1415,Riya Dey,36,1
4833,1491,Frado Kant,43,1
4834,1491,Chakrika Raju,31,1
4835,1491,Orinder Singhal,56,1
4836,1491,Onkar Trivedi,57,1
4837,3432,Kala Ahluwalia,32,1
4838,2287,Sarthak Sen,28,1
4839,423,Joshua Sagar,36,2
4840,3758,Mahika Patla,34,1
4841,4409,Yasti Luthra,30,1
4842,4409,Finn Deo,42,1
4843,2604,Nakul Sem,52,1
4844,2604,George Deep,34,1
4845,3401,Atharv Bawa,46,2
4846,3401,Dakshesh Raju,50,2
4847,3401,Isha Narula,38,1
4848,3894,Aarna Ranganathan,52,2
4849,2659,Irya Badal,28,1
4850,2659,Ekaja Dhaliwal,48,2
4851,1946,Gaurang Tak,37,2
4852,1946,Upasna Narula,45,2
4853,958,Maanas Mohanty,25,2
4854,958,Banjeet Mangal,48,1
4855,834,Falak Kata,30,2
4856,393,Christopher Tella,28,1
4857,393,Nandini Prasad,50,1
4858,3141,Victor Wagle,41,1
4859,3141,Mitali Dhawan,41,1
4860,1668,Gagan Divan,57,1
4861,1668,Gagan Sibal,57,1
4862,2298,Qushi Aggarwal,45,1
4863,4583,Jason Borra,34,1
4864,4583,Kalpit Sastry,54,1
4865,1955,Nihal Maharaj,56,1
4866,758,Qushi Sharma,57,1
4867,758,Lajita Bansal,38,2
4868,758,Kiaan Lata,28,1
4869,2379,Indrajit Grover,20,1
4870,2379,Hitesh Keer,53,1
4871,1045,Niharika Koshy,38,2
4872,1045,Jackson Bahl,43,1
4873,1690,Jatin Gour,50,1
4874,2008,Sudiksha Issac,54,1
4875,3755,George Dhingra,54,1
4876,3755,Lipika Mander,59,1
4877,4455,Rushil Dutta,19,2
4878,4455,Mitesh Narasimhan,31,1
4879,4455,Advik Vohra,54,1
4880,332,Rohan Dass,51,1
4881,2681,Upma Dixit,40,2
4882,2681,Yochana Anne,45,1
4883,2681,Quincy Saraf,41,1
4884,3524,Rachana Krishnan,26,1
4885,2326,Chameli Murthy,48,1
4886,3563,Luke Date,49,1
4887,3563,Gautam Sengupta,33,1
4888,942,Anita Gole,51,1
4889,2149,Advik Vohra,54,1
4890,2149,Dipta Varughese,25,1
4891,2631,Riya Kadakia,19,1
4892,14,Advik Vohra,54,1
4893,14,Unni Pillay,39,1
4894,14,Abdul Anand,50,1
4895,14,Vedika Lad,25,1
4896,939,Kala Deshmukh,21,1
4897,2663,Warhi Babu,21,2
4898,2663,Chandani Aggarwal,53,2
4899,2663,Rajata Konda,51,1
4900,4633,Tanmayi Guha,48,1
4901,4633,Benjamin Samra,60,1
4902,4633,Warinder Kurian,34,1
4903,3315,Tanmayi Muni,56,1
4904,3315,Yutika Kohli,60,2
4905,3315,Ishita Pall,43,1
4906,1252,Maanav Naik,22,1
4907,1252,Hemang Raman,32,2
4908,4920,Charan Ram,55,1
4909,4920,Kabir Prakash,39,1
4910,4920,Ekta Tella,34,1
4911,4920,Yatin Nair,46,1
4912,2131,Maya Ganesh,25,1
4913,2131,Kashish Randhawa,41,2
4914,2820,Agastya Bajwa,59,2
4915,2820,Zinal Joshi,30,1
4916,2820,Fitan Sinha,58,1
4917,2415,Harish Dhaliwal,25,1
4918,2415,Arjun Sood,19,1
4919,622,Arunima Gokhale,34,1
4920,622,Rudra Bhavsar,53,1
4921,548,Xiti Barad,48,2
4922,1850,Gopal Gopal,49,2
4923,1850,Jhalak Behl,42,2
4924,1850,Isaac Chakraborty,26,1
4925,779,Warhi Babu,21,2
4926,779,Ayush Oommen,41,1
4927,350,Varsha Mangal,21,1
4928,350,Chasmum Chanda,40,1
4929,350,Brinda Kala,29,1
4930,3911,Jhalak Bora,24,1
4931,384,Girish Koshy,56,1
4932,384,Balhaar Jani,27,1
4933,3929,Hamsini Oak,30,1
4934,3929,Rajata Tank,21,1
4935,3929,Lekha Bains,36,1
4936,2311,Sanaya Kurian,28,1
4937,1073,Hredhaan Sane,39,1
4938,1073,Watika Khare,23,1
4939,321,Yochana Ramachandran,26,1
4940,321,Ekani Rao,26,2
4941,3476,Indira Saraf,32,1
4942,3024,Hemangini Venkataraman,52,1
4943,3024,Januja Sarkar,59,2
4944,4038,Ekaja Shah,38,1
4945,1874,Urvi Goyal,57,1
4946,1874,Ucchal Magar,50,1
4947,2233,Mohammed Choudhury,25,2
4948,140,Jeevika Desai,57,1
4949,140,Pooja Subramanian,55,1
4950,140,Ekbal Zachariah,29,2
4951,1547,Ekapad Bhavsar,34,2
4952,4738,Jacob Palla,56,1
4953,4738,Nachiket Ratti,47,1
4954,4738,Nicholas Bora,39,1
4955,4738,Lavanya Sule,34,1
4956,4448,Sai Ben,60,1
4957,4448,Edhitha Chaudry,32,1
4958,1915,Amaira Nadkarni,37,1
4959,1915,Peter Morar,20,1
4960,1915,Janaki Raju,27,1
4961,269,Yoshita Rau,59,2
4962,4631,Amara Bose,57,2
4963,4631,Pooja Lata,35,1
4964,4092,Waida Chakrabarti,56,1
4965,4092,Ekapad Ratta,32,1
4966,2159,Lucky Pillay,26,1
4967,3323,Balendra Kapadia,59,1
4968,4192,Yatan Kaul,38,2
4969,4192,Gagan Vyas,26,1
4970,3523,Nachiket Baria,37,1
4971,3962,Mitesh Upadhyay,34,1
4972,3962,Geetika Sibal,22,2
4973,3962,Devika Gera,30,1
4974,1153,Timothy Nanda,26,1
4975,4249,Girik Sandal,26,1
4976,4249,Lucky Dixit,23,1
4977,4249,Agastya Mander,18,2
4978,2749,Gauri Mallick,52,1
4979,155,Garima Dixit,59,1
4980,155,Wridesh Sridhar,24,1
4981,2543,Harsh Ganguly,28,1
4982,2801,Dayamai Shetty,45,2
4983,2082,Yasti Date,23,2
4984,2082,Tanay Nigam,32,1
4985,2082,Viraj Sandhu,22,1
4986,2082,Hemang Dhar,49,1
4987,3782,Rachita Chanda,22,1
4988,4720,Amruta Bath,33,1
4989,4720,Wakeeta Gara,33,1
4990,4720,Bhanumati Rege,20,1
4991,4720,Faqid Thaman,38,1
4992,3881,Jacob Oommen,60,1
4993,194,Lipika Varkey,39,2
4994,194,Arjun Kumar,40,1
4995,194,Nidhi Pall,54,1
4996,2169,Azad Gola,45,2
4997,2169,Niharika Aurora,32,1
4998,2127,Akshay Parekh,51,1
4999,2127,Ojas Bala,56,2
5000,4547,Hritik Rout,32,1
5001,4547,Hamsini Gill,21,1
5002,4547,Anthony Koshy,20,1
5003,4547,Karan Sarin,54,2
5004,4328,Zashil Chaudhari,58,1
5005,4328,Darika Gupta,20,1
5006,4328,Arin Srinivasan,46,2
5007,4954,Vasudha Gulati,44,1
5008,1658,Saksham Mutti,35,1
5009,427,Samesh Rao,49,2
5010,4600,Nisha Wable,31,2
5011,1942,Aditya Hari,31,1
5012,1942,Dakshesh Pathak,25,2
5013,1499,David Bandi,45,1
5014,2736,Manthan Shah,51,1
5015,4549,Abeer Dugal,34,1
5016,4549,Xalak Dutt,21,1
5017,1222,Zilmil Jhaveri,38,1
5018,511,Hitesh Patel,18,1
5019,3724,Madhavi Sundaram,43,2
5020,3724,Christopher Hegde,39,2
5021,797,Idika Dugal,33,2
5022,797,Yoshita Rau,59,2
5023,797,Faraj D’Alia,32,1
5024,797,Aahana Bumb,35,2
5025,2248,Veer Shetty,23,2
5026,916,Chandran Raghavan,52,2
5027,1100,Abhimanyu Gole,18,1
5028,2476,Vasudha Lal,37,1
5029,2141,Radha Garg,24,1
5030,2141,Kiaan Banerjee,45,1
5031,2651,Ekani Bobal,36,2
5032,2651,Tanish Sami,21,1
5033,2235,Veer Karpe,34,2
5034,57,Zinal Bhattacharyya,26,1
5035,57,Lavanya Chawla,20,1
5036,57,Chaman Saini,43,1
5037,4095,Manthan Balakrishnan,19,1
5038,4095,Vamakshi Dutta,38,1
5039,4095,Ekaraj Sane,26,1
5040,2610,Bachittar Shan,29,1
5041,2610,Manya Mand,36,1
5042,1940,Eta Sunder,57,1
5043,1940,Chaitaly Srivastava,38,2
5044,4970,Jyoti Bala,33,1
5045,4970,Pranit Patil,46,2
5046,4970,Kamya Murty,21,1
5047,4970,Girindra Khosla,45,2
5048,1649,Sarthak Sarin,32,1
5049,1649,Yashasvi Kota,51,1
5050,1649,Aahana Bahri,21,1
5051,4639,Liam Barman,60,1
5052,3816,Jatin D’Alia,35,1
5053,3301,Chatresh Memon,40,1
5054,3301,Sneha Peri,55,1
5055,1339,Vrishti Krishnan,56,2
5056,2187,Vidhi Kapadia,48,1
5057,4554,Hamsini Dhar,27,1
5058,3880,Inaya Basu,48,1
5059,3399,Nathan Badal,50,2
5060,2965,Leena Prashad,38,2
5061,3292,Neel Suresh,26,1
5062,4503,Yash Anne,44,1
5063,4503,Daksh Mand,23,1
5064,1852,Chakradhar Pai,33,2
5065,1852,Bahadurjit Kale,41,1
5066,1852,Gopal Bhargava,25,1
5067,4130,Vasudha Bedi,56,2
5068,1711,Abeer Dhingra,23,2
5069,3087,Gopal Narasimhan,36,1
5070,1326,Frederick Bajaj,19,2
5071,1326,Jhalak Kamdar,31,2
5072,1326,Wyatt Mitter,22,1
5073,3356,Forum Tailor,42,1
5074,3356,Kavya Ramanathan,27,1
5075,496,Qadim Singhal,45,2
5076,496,Nikita Arora,37,1
5077,4472,Bhavika Rattan,53,1
5078,4472,Ekansh Mitter,21,2
5079,1409,Isaac Boase,30,1
5080,1409,Dakshesh Warrior,37,1
5081,1409,Tripti Sane,55,2
5082,938,Bishakha Rai,42,2
5083,938,Veer Bhat,51,2
5084,4833,Siddharth Sem,33,1
5085,4833,Parth Kala,28,1
5086,2207,Anay D’Alia,58,1
5087,3244,Onveer Chanda,47,1
5088,3244,Abhiram Karpe,38,1
5089,1046,Victor Dutt,28,2
5090,840,Avi Barad,56,2
5091,840,Warinder Nayak,47,1
5092,1824,Avi Mani,45,2
5093,1824,Ishanvi Ganesh,58,2
5094,4393,Idika Nagy,60,2
5095,4393,David Wali,41,1
5096,3122,Ekalinga Munshi,39,1
5097,4617,Frado Kant,43,1
5098,1890,Charvi Lala,23,1
5099,1176,Gaurav Dave,41,1
5100,4238,Triveni Yogi,34,1
5101,4238,Timothy Iyengar,26,2
5102,268,Atharv Dugar,57,1
5103,510,Teerth Dey,39,2
5104,510,Ayushman Balay,34,1
5105,510,Gaurav Solanki,43,1
5106,3764,Jagdish Kar,51,2
5107,3550,Oni Kothari,30,2
5108,3550,Jagdish Sant,40,1
5109,3550,Sachi Sawhney,58,2
5110,2301,Divya Hans,52,1
5111,4969,Wishi Batta,31,1
5112,4969,Nathaniel Hayer,44,1
5113,489,Rachita Maharaj,58,1
5114,489,Patrick Chauhan,25,2
5115,1973,Warjas Yohannan,58,1
5116,1973,Victor Sathe,22,2
5117,3340,Charles Saran,19,2
5118,3115,Adya Chowdhury,21,1
5119,3115,Onveer Samra,31,2
5120,772,Zashil Pandey,22,1
5121,3583,Maanav Prabhu,58,1
5122,3583,Vihaan Vohra,45,2
5123,3583,Girik Bhavsar,53,2
5124,1177,Benjamin Dey,50,1
5125,1177,Tejas Manda,60,2
5126,1177,Saumya Bhargava,58,1
5127,790,Wazir Kata,38,2
5128,1077,Ikbal Yohannan,51,1
5129,1077,Riya Nath,33,2
5130,3688,Oscar Sem,18,1
5131,3950,Victor Pau,46,1
5132,3950,Ekiya Shenoy,55,1
5133,4998,Varenya Mane,49,1
5134,276,Avi Salvi,34,1
5135,186,Hemal Basak,54,1
5136,186,Pranav Nagarajan,42,1
5137,186,Varsha Shetty,55,1
5138,2188,Isha Bora,19,1
5139,2188,Daksh Mistry,49,2
5140,1022,Rudra Bhatnagar,22,1
5141,1895,Oeshi Bedi,58,1
5142,1895,Jagdish Jaggi,20,1
5143,1895,Nathan Mannan,52,1
5144,4000,Warjas Saraf,43,1
5145,4000,Oscar Lala,24,1
5146,2710,Nicholas Pandit,50,1
5147,2710,Neelima Sachar,24,1
5148,4942,Kevin Krishna,52,2
5149,4942,Mahika Baral,35,1
5150,1809,Xiti Comar,30,1
5151,985,Jackson Patil,31,1
5152,3228,Amaira Iyengar,54,1
5153,3228,Champak Mannan,32,1
5154,974,Adya Sidhu,55,1
5155,4242,Ayushman Uppal,36,1
5156,4242,Umang Krishnan,41,1
5157,4242,Ekalinga Dalal,55,1
5158,3425,Kala Shere,40,1
5159,3425,Dev Lanka,41,2
5160,2789,Shivansh Saraf,46,1
5161,656,Devika Raju,60,1
5162,4191,Rehaan Ramakrishnan,55,1
5163,4191,Janani Garde,40,1
5164,3023,Aarav Raja,55,2
5165,3023,Tanveer Gupta,19,1
5166,3023,Naveen Mand,31,1
5167,3172,Chaaya Munshi,50,2
5168,3172,Noah Naidu,60,1
5169,3172,Lila Hans,22,1
5170,4748,Nitara Behl,38,1
5171,4557,Vrinda Badami,53,1
5172,4557,Maya Johal,45,1
5173,4274,Ijaya Baria,50,1
5174,4274,Tanveer Natt,32,1
5175,1451,Yahvi Chaudhry,57,1
5176,137,Udarsh Shankar,35,1
5177,137,Janani Vasa,34,1
5178,3817,Zinal Mody,40,1
5179,3414,Dakshesh Warrior,37,1
5180,3414,Rudra Varma,19,1
5181,4475,Chanakya Nagi,31,1
5182,4475,Ojas Agate,36,2
5183,4475,Yochana Sarraf,23,2
5184,4475,Janaki Rao,26,2
5185,352,Joshua Prabhakar,45,1
5186,2242,Kritika Mani,40,1
5187,4190,Onkar Prabhakar,43,2
5188,1576,Yamini Tata,28,1
5189,1576,Anmol Keer,38,2
5190,1576,Yashica Hora,31,2
5191,1819,Nathaniel Sami,43,1
5192,3840,Avi Bora,58,2
5193,3840,Saanvi Narain,50,1
5194,2365,Yashoda Bala,48,1
5195,616,Gaurav Ramachandran,19,1
5196,945,William Ram,43,2
5197,2671,Bhavani Lala,32,1
5198,4079,Adweta Mammen,52,1
5199,4878,Samar Das,46,1
5200,4878,Arunima Chahal,26,2
5201,1837,Harinakshi Kunda,26,1
5202,87,Ethan Rao,24,2
5203,87,Amrita Hora,55,1
5204,784,Samaksh Prashad,26,1
5205,1263,Samaksh Pant,56,1
5206,1263,Gaurav Acharya,46,1
5207,957,Pranit Ghosh,51,1
5208,957,Harini Kalla,30,1
5209,3531,Netra Sodhi,47,1
5210,4925,Luke Sha,46,1
5211,1088,Dalbir Bajwa,47,1
5212,4369,Amrita Hans,59,2
5213,2799,Jasmit Parsa,26,1
5214,2799,Urishilla Bora,50,1
5215,4240,Bishakha Mand,51,1
5216,4355,Niharika Nazareth,28,2
5217,3000,Sudiksha Ramakrishnan,55,1
5218,1338,Pooja Behl,35,1
5219,1338,Dakshesh Bajaj,39,2
5220,166,Ayush Sidhu,23,1
5221,166,Zehaan Mahajan,27,1
5222,2732,Radha Deol,20,1
5223,2732,Ishwar Kumer,43,2
5224,2339,Yasti Sem,39,2
5225,323,Anya Sundaram,20,2
5226,323,Ganga Chakrabarti,22,2
5227,2523,Rachit Shenoy,56,1
5228,2523,Qasim Majumdar,51,1
5229,2523,Robert Bawa,18,1
5230,2523,Balvan Nagar,44,2
5231,2600,Watika Kumar,54,1
5232,2600,Tara Baral,29,1
5233,2600,Vansha Seth,30,1
5234,2600,Bimala Rau,49,1
5235,4028,Yashodhara Narayan,54,1
5236,4028,Charita Parsa,52,2
5237,3828,Faraj Sami,49,1
5238,3828,Tanish Jani,50,2
5239,176,Hemangini Jani,51,1
5240,176,Teerth Deep,45,1
5241,176,Urvashi Buch,43,2
5242,2004,Zaid Tripathi,30,1
5243,3676,Tanvi Venkataraman,42,1
5244,1084,Bishakha Sridhar,34,2
5245,3226,Krisha Vyas,29,1
5246,895,Liam Oommen,19,1
5247,895,Chaitanya Grover,47,1
5248,4073,Henry Karnik,36,1
5249,4073,Sneha Korpal,18,2
5250,4073,Aahana Garg,54,1
5251,3700,Rayaan Bhatt,19,1
5252,673,Varenya Kuruvilla,32,1
5253,673,Maya Patel,60,1
5254,673,Jacob Gupta,36,2
5255,673,Girish Garg,36,1
5256,929,Deepa Agarwal,25,1
5257,929,Vedant Mann,29,1
5258,4107,Divya Singhal,36,2
5259,4107,Ijaya Gera,54,1
5260,738,Abhimanyu Sahni,32,1
5261,738,Caleb Mandal,32,1
5262,3598,Arunima Bahl,29,2
5263,2307,Nandini Gaba,26,1
5264,4824,Qasim Soni,52,1
5265,4824,Quincy Bansal,39,1
5266,4824,Wakeeta Walia,28,1
5267,2560,Xiti Dhar,59,1
5268,1892,Falguni Agate,23,1
5269,4815,Gagan Venkatesh,47,1
5270,4815,Vedhika Sant,21,1
5271,4815,Eiravati Choudhury,57,1
5272,1289,Gaurika Subramanian,54,2
5273,4431,Vansha Panchal,38,1
5274,4431,Dev Lall,55,1
5275,3270,Ekiya Issac,18,1
5276,3270,Jalsa Sankaran,51,1
5277,4367,Divya Sharaf,35,1
5278,1693,Gautam Kala,47,1
5279,1693,Jagdish Datta,24,1
5280,1527,Bhavna Lalla,49,1
5281,3633,Hiral Johal,34,1
5282,2596,Ati Tandon,24,1
5283,2596,Ekani Ganguly,37,1
5284,3669,Bhanumati Rege,20,1
5285,3029,Gautam Anand,28,1
5286,1007,Mohammed Kade,57,1
5287,1007,Aryan Dugar,20,1
5288,1251,Krishna Ganesan,25,1
5289,2636,Harini Ranganathan,52,1
5290,2636,Kamya Dass,50,2
5291,2263,Teerth Vasa,32,1
5292,849,Yatan Pal,18,1
5293,1929,Fiyaz Bhagat,23,1
5294,1929,Parth Baral,52,1
5295,3901,Jeevika Hari,55,1
5296,3901,Yochana Bal,23,1
5297,4542,Vinaya Kohli,37,2
5298,4542,Rachita Bava,60,1
5299,4208,Timothy Karpe,33,1
5300,4208,Ranbir Barad,59,1
5301,1013,Bina Kalla,57,2
5302,3480,Ira Maharaj,52,2
5303,3246,Kai Rege,60,1
5304,3708,Neel Bedi,24,1
5305,3708,Chandran Rao,31,1
5306,3708,Elijah Venkataraman,46,2
5307,1788,Anusha Cherian,18,2
5308,4002,Gunbir Mukhopadhyay,53,1
5309,4002,Jasmit More,44,1
5310,4002,Zansi Lanka,27,1
5311,4002,Mohammed Kade,57,1
5312,1137,Yatin Vohra,29,1
5313,1137,Timothy Iyengar,41,1
5314,4099,Mugdha Anne,31,1
5315,4099,Anjali Wable,31,2
5316,1427,Jagrati Mital,36,1
5317,1427,Lakshit Balan,38,1
5318,1256,Mohini Chaudhari,57,1
5319,4008,Chatresh Thaker,22,2
5320,4008,Wridesh Basu,40,1
5321,4008,Barkha Sunder,57,1
5322,1987,Yuvraj Verma,20,1
5323,3162,Imaran Anand,46,1
5324,3600,Tarak Jain,28,1
5325,3600,Gavin Grover,47,2
5326,144,Balhaar Morar,43,1
5327,1877,Urishilla Gour,53,2
5328,1877,Dhriti Zacharia,54,1
5329,1877,Ekantika Chahal,21,1
5330,2371,Benjamin Rout,53,1
5331,2371,Varsha Vora,35,1
5332,2371,Rishi Tara,20,1
5333,2371,Rohan Natt,59,1
5334,416,Faris Mahal,51,1
5335,2006,Chanakya Guha,46,1
5336,3227,Girindra Shere,26,1
5337,3227,Advay Bhatt,34,1
5338,1346,Damyanti Prabhakar,40,1
5339,1346,Rachita Kulkarni,59,1
5340,72,Isaiah Agate,53,1
5341,72,Rehaan Toor,20,1
5342,3009,Ishwar Hegde,47,1
5343,3009,Oni Joshi,27,1
5344,3674,Kritika Mody,24,1
5345,2649,Tanay Yogi,40,1
5346,2383,Jagrati Rama,19,1
5347,2383,Omkaar Suresh,19,1
5348,267,Nitara Kalita,30,1
5349,4802,Sai Chakraborty,21,1
5350,4255,Eta Kaul,49,1
5351,4255,Girish Batra,39,1
5352,4351,Nikita Ganguly,34,1
5353,2427,Irya Mangal,40,1
5354,2427,Chandresh Chowdhury,23,1
5355,1646,Tanay Soni,33,2
5356,1901,Bhavani Gole,34,2
5357,1901,Mitali Maharaj,60,1
5358,1945,Ishaan Tandon,54,1
5359,3347,Urvashi Shanker,19,1
5360,3347,Gunbir Balay,41,1
5361,1765,Kalpit Raval,51,1
5362,1765,Kevin Venkataraman,46,2
5363,3022,Anvi Goswami,55,1
5364,3022,Sudiksha Pant,26,1
5365,4924,Gabriel Ghose,39,2
5366,4924,Krishna Shankar,60,1
5367,3604,Azaan Manda,27,1
5368,4109,Yauvani Kapadia,56,2
5369,4109,Azad Lanka,32,1
5370,4109,Diya Hayer,38,2
5371,4109,Vihaan Zachariah,54,2
5372,2160,Vedant Nayar,52,1
5373,2160,Jeevika Wali,36,1
5374,2160,Idika Murthy,52,1
5375,2303,Aahana Gola,22,1
5376,930,Brijesh Wali,54,2
5377,930,Unnati Dada,28,1
5378,218,William Khalsa,36,1
5379,218,Daniel Batra,24,2
5380,218,Anmol Ravel,42,1
5381,922,Ikbal Thakur,32,2
5382,922,Brijesh Baria,32,1
5383,922,Ayaan Deep,36,2
5384,2218,Gunbir Gera,55,2
5385,2218,Aashi Banerjee,43,1
5386,2218,Timothy Dave,36,1
5387,2748,Manya Bail,39,1
5388,2748,Raghav Keer,23,1
5389,3007,Balvan Deol,46,2
5390,3079,Yashasvi Doshi,27,1
5391,899,Abha Radhakrishnan,57,1
5392,2003,Jacob Vyas,47,1
5393,4718,Yatin Uppal,45,2
5394,62,Siya Sharaf,38,2
5395,798,Parth Murty,54,1
5396,1388,Xavier Gour,50,1
5397,3605,Daksha Narang,25,1
5398,2477,Vedant Tripathi,54,1
5399,2477,Patrick Singhal,29,1
5400,4133,Wyatt Varty,27,1
5401,4133,Max Mangat,45,1
5402,2172,Krishna Oza,23,1
5403,3100,Kashvi Srinivas,49,1
5404,3372,Wakeeta Varughese,36,1
5405,145,Turvi Lad,33,1
5406,145,Ridhi Goda,25,1
5407,3859,Kashvi Babu,45,1
5408,4253,Isaiah Bassi,48,1
5409,4253,Qarin Issac,39,1
5410,501,Teerth Sachar,24,1
5411,2199,Aayush Vohra,41,2
5412,2199,Nandini Bobal,52,1
5413,483,Tejas Chauhan,43,1
5414,483,Indrajit Agarwal,42,1
5415,2312,Girish Divan,18,2
5416,2312,Jeevika Yohannan,41,2
5417,1382,Gagan Parekh,19,1
5418,1382,Ucchal Bal,30,1
5419,1382,Sara Setty,26,1
5420,1677,Chatura Sarraf,49,1
5421,4223,Aishani Subramanian,23,1
5422,4223,Gaurangi Kadakia,39,2
5423,4131,Chaitaly Merchant,56,1
5424,2755,Harrison Borra,20,2
5425,2755,Lajita Raja,49,1
5426,2755,Lakshmi Ganguly,60,1
5427,761,Devika Badal,22,2
5428,1009,Rishi Talwar,40,1
5429,4478,Keya Dhillon,58,1
5430,4478,Jack Deo,28,1
5431,3853,Pranit Bassi,26,2
5432,3759,Jack Apte,34,2
5433,2800,Hredhaan Barad,35,1
5434,1321,Reyansh Gokhale,60,1
5435,1321,Anirudh Sundaram,29,1
5436,3909,Oliver Sidhu,22,1
5437,2770,Ayaan Kanda,59,1
5438,2770,Fiyaz Dhawan,53,1
5439,3801,Faraj Nanda,49,2
5440,3801,Sai Singh,33,1
5441,977,Samaksh Srinivas,48,1
5442,1028,Darpan Badal,60,1
5443,439,Rayaan Ramesh,41,1
5444,439,Qarin Dutta,42,1
5445,1372,Udarsh Chandran,37,2
5446,1372,Rachit Barman,56,1
5447,2575,Sanya Doshi,57,1
5448,2575,Alexander Pingle,18,2
5449,1411,Pahal Krishna,40,1
5450,1411,Chaitanya Iyer,59,2
5451,1411,Teerth Chokshi,21,2
5452,2134,Advay Gopal,59,1
5453,2134,Chaaya Sem,46,1
5454,591,Fiyaz Magar,24,1
5455,591,Benjamin Cheema,59,1
5456,4927,Dalaja Sekhon,30,1
5457,491,Baghyawati Soni,18,1
5458,1770,Chatura Dugar,37,1
5459,1770,Jagvi Dhingra,38,2
5460,3790,Nicholas Dyal,55,1
5461,699,Dayamai Tella,34,2
5462,699,Forum Saha,28,1
5463,2372,Brinda Lata,22,2
5464,2372,Samar Halder,56,2
5465,2377,Brinda Sathe,39,1
5466,64,Kala Tara,35,1
5467,64,Bhavini Patel,57,1
5468,4317,Ayushman Bhat,30,1
5469,4317,Nathaniel Dora,55,1
5470,4317,Netra Shankar,43,1
5471,4188,Madhav Naik,46,1
5472,636,Finn Koshy,58,1
5473,4774,Kamya Hegde,40,1
5474,4946,Dev Dani,47,1
5475,4946,Netra Pandey,57,1
5476,4704,Nimrat Sood,35,1
5477,1016,Anusha Bhasin,30,2
5478,4634,Jacob Sangha,53,1
5479,4634,Thomas Zachariah,58,1
5480,4312,Osha Narula,21,2
5481,319,Zinal Mody,40,1
5482,2788,Dhriti Sarin,45,1
5483,3051,Parth Bhatti,43,1
5484,238,Harish Shankar,30,1
5485,238,Chasmum Balay,23,2
5486,238,Gaurang Gulati,38,1
5487,1446,Kai Pau,32,1
5488,1446,Gautami Bhatt,42,1
5489,4751,Raghav Pall,26,2
5490,4751,Krish Kalla,46,1
5491,3147,Peter Mitra,37,2
5492,3147,Manthan Iyer,32,2
5493,3147,Laban Saraf,21,1
5494,3147,Ronith Wali,21,1
5495,196,Caleb Sahni,54,1
5496,4157,Timothy Gandhi,37,1
5497,4157,Logan Kothari,38,2
5498,695,Aradhana Sehgal,41,2
5499,695,Priya Saraf,22,1
5500,1567,Pratyush Pandya,41,2
5501,1567,Widisha Randhawa,45,1
5502,1457,Jasmit Mody,23,1
5503,2274,Shivansh Kannan,23,2
5504,2274,Yash Kulkarni,31,1
5505,1899,Daniel Mittal,43,1
5506,1064,Teerth Mahajan,32,2
5507,3878,Meera Magar,45,1
5508,1965,Vasana Deep,19,1
5509,1965,Libni Chacko,26,1
5510,1965,Watika Babu,25,1
5511,1965,Barkha Dube,51,1
5512,4827,Jeevika Chaudhary,53,1
5513,4152,Yoshita Rau,59,2
5514,4152,Xavier Brar,51,1
5515,4152,Aarush Kulkarni,55,1
5516,4152,Imaran Narayanan,37,2
5517,1138,Onkar Gokhale,40,1
5518,1138,Jairaj Sundaram,34,1
5519,3672,Aadhya Patla,45,2
5520,3672,Kavya Bhasin,26,1
5521,3672,Mohammed Kade,57,1
5522,1167,Mitesh Bala,18,1
5523,1167,Pranav Lalla,46,2
5524,1568,Pratyush Vaidya,35,1
5525,250,Nathaniel Pathak,24,2
5526,250,Bachittar Sodhi,41,1
5527,560,Sanaya Sura,39,2
5528,4408,Radha Comar,41,1
5529,3536,Aarush Gulati,34,1
5530,3536,Yash Virk,19,1
5531,4322,Ikbal Chakrabarti,40,2
5532,3460,Eiravati Banerjee,55,1
5533,3460,Brinda Tara,50,1
5534,4103,Hiral Tripathi,51,2
5535,1734,Rayaan Ramesh,41,1
5536,2397,Utkarsh Sane,41,2
5537,671,Abhimanyu Panchal,32,1
5538,671,Neelima Kade,53,2
5539,671,Tripti Rege,46,2
5540,2225,Vasudha Amble,19,2
5541,2225,Fitan Bansal,29,1
5542,2225,Jhalak Lata,33,1
5543,2225,Nikita Sanghvi,39,1
5544,3788,Aarini Uppal,58,1
5545,3788,Indrajit D’Alia,58,1
5546,3788,Pavani Wagle,50,1
5547,3117,Nihal Dua,31,2
5548,108,Sanaya Palan,58,1
5549,424,David Dey,50,1
5550,424,Zansi Sagar,46,1
5551,424,David Sangha,53,1
5552,424,Indali Saxena,37,1
5553,2583,Raghav Sachar,41,1
5554,2583,Manan Jaggi,55,1
5555,2534,Azad Walia,34,1
5556,2534,Fiyaz Atwal,59,1
5557,1664,Arjun Soni,20,1
5558,3404,Tanveer Pandey,51,1
5559,3404,Zansi Warrior,34,2
5560,3404,Ucchal Prasad,58,1
5561,3632,Hemal Murty,54,1
5562,3094,Ekta Nori,22,1
5563,3094,Nikita Bains,53,1
5564,866,Chaitaly Boase,60,1
5565,866,Devika Krish,28,2
5566,4359,Bhavna Chhabra,44,2
5567,2514,Chanakya Dara,20,1
5568,2514,Ishani Murthy,58,2
5569,2514,Tara Joshi,44,1
5570,770,Yashodhara Doctor,42,1
5571,1826,Barkha Bhatia,19,1
5572,466,Anjali Wable,31,2
5573,2268,Logan Pillay,38,1
5574,2268,Manya Mand,36,1
5575,3328,Anya Iyer,50,2
5576,2272,Kamya Karan,24,1
5577,1099,Keya Pant,44,1
5578,2251,Viraj Dhar,44,2
5579,2251,Dakshesh Bora,52,1
5580,3703,Ekaja Soni,59,2
5581,3963,Gaurav Dave,41,1
5582,3547,Damini Narayanan,30,1
5583,2516,Harinakshi D’Alia,30,1
5584,2516,Azaan Pai,33,1
5585,4771,Xalak Biswas,26,1
5586,1014,Dhriti Prabhu,38,2
5587,1014,Ayush Karnik,24,1
5588,1591,Jeevika Walla,57,2
5589,4414,Zilmil Balasubramanian,22,1
5590,4414,Yatan Pal,18,1
5591,4414,Leena Cherian,46,1
5592,130,Kamya Boase,25,1
5593,130,Dominic Sarma,30,1
5594,130,Samuel Jha,43,1
5595,2782,Dev Kara,43,2
5596,2782,Nathaniel Pathak,24,2
5597,1090,Guneet Chander,37,1
5598,1090,Januja Kuruvilla,35,2
5599,4010,Chaitaly Ahluwalia,20,2
5600,4010,Chaaya Batra,20,1
5601,4010,Isaac Srinivasan,32,1
5602,2015,Jagrati Char,54,1
5603,2015,George Barad,31,1
5604,284,Vedika Palla,50,2
5605,4319,Raagini Karnik,28,2
5606,4319,Maanas Bains,41,1
5607,1419,Azad Uppal,49,1
5608,1419,Lajita Chopra,39,1
5609,1419,Amrita Dugar,51,1
5610,2360,Jhalak Kamdar,31,2
5611,2360,Damini Shetty,59,1
5612,116,Rushil Khalsa,36,1
5613,116,Guneet Basu,30,1
5614,2237,Wishi Bhakta,29,2
5615,765,Harrison Pandya,51,1
5616,765,Ranveer Sathe,37,1
5617,4856,Ishita Pall,43,1
5618,4856,Wishi Ben,29,2
5619,4453,Gunbir Kota,32,1
5620,1844,Darika Vaidya,26,1
5621,1844,Hritik Butala,60,1
5622,3960,Mohini Gara,35,1
5623,3960,Hitesh Bajwa,28,1
5624,3960,Rishi Mahal,28,1
5625,3367,Arjun Sood,19,1
5626,3367,Inaya Lanka,19,1
5627,3367,Panini Srivastava,42,1
5628,3367,Jacob Salvi,41,1
5629,1043,Anya Kar,26,2
5630,1043,Ekta Arya,27,1
5631,1043,Tarak Agrawal,44,2
5632,1043,Arjun Ravi,27,1
5633,771,Arjun Buch,40,1
5634,771,Yamini Sood,59,2
5635,771,Pavani Sharaf,49,1
5636,4627,Ekaraj Chander,46,1
5637,2697,Harsh Kapur,41,2
5638,2697,Jeremiah Divan,48,2
5639,2697,Ayush Thakkar,50,2
5640,2707,Dayamai Minhas,53,2
5641,2707,Omya Doctor,46,1
5642,2707,Vasatika Sarraf,47,1
5643,2707,Vinaya Gopal,19,1
5644,829,Xalak Solanki,53,1
5645,829,Vyanjana Swamy,59,1
5646,1324,Watika Babu,25,1
5647,4528,Naksh Singh,23,1
5648,3589,Naksh Buch,50,2
5649,1487,Ekanta Sarkar,25,1
5650,711,Raagini Ganesan,35,2
5651,711,Yashodhara Bhat,51,1
5652,711,Hritik Sawhney,47,1
5653,3617,Andrew Bhakta,34,2
5654,4909,Tanish Gera,29,2
5655,4050,Girik Bhavsar,53,2
5656,4436,Gaurang Upadhyay,22,2
5657,243,Divya Hans,52,1
5658,243,Gabriel Borra,45,1
5659,2016,Onveer Badal,22,1
5660,2016,Nitara Raj,46,2
5661,2016,Ayush Pathak,44,2
5662,4377,Girik Mander,37,1
5663,4377,Jhalak Dhar,23,1
5664,4377,Chatura Chowdhury,47,1
5665,4648,Yash Mishra,50,1
5666,3971,Lavanya Tata,33,1
5667,3971,Upkaar Oommen,35,1
5668,3971,Joshua Sastry,27,1
5669,3971,Frado Murthy,27,1
5670,25,Manthan Nagy,28,2
5671,25,Vansha Tripathi,58,1
5672,25,Mahika Nori,32,1
5673,1714,Charles Sachdeva,22,1
5674,812,Lekha Magar,34,1
5675,618,Niharika Chowdhury,19,1
5676,618,Anmol Mital,43,2
5677,618,Chakrika Char,25,1
5678,4683,Utkarsh Sharma,31,1
5679,1811,Shivansh Sarraf,30,1
5680,1811,Robert Shetty,59,2
5681,4922,Chaitaly Ramakrishnan,45,1
5682,2724,Isaac Mohan,46,1
5683,2724,Kamya Krishna,51,2
5684,2724,Wahab Kara,57,2
5685,3430,Kashvi Varkey,25,1
5686,3430,Bhavna Menon,25,2
5687,4308,Samesh Krish,53,1
5688,1082,Ayush Ghose,29,1
5689,1082,Kamya Pal,38,1
5690,3780,Rajata Ahuja,48,1
5691,3780,Pooja Gill,36,2
5692,4663,Samar Hari,37,1
5693,2642,Indira Luthra,25,2
5694,3885,Chavvi Andra,20,2
5695,1325,Divya Mammen,59,1
5696,3754,Anay Wali,41,1
5697,3754,Parth Baral,52,1
5698,3351,Wridesh Basu,40,1
5699,4804,Suhani Parsa,44,1
5700,4804,Yatan Sami,31,1
5701,2317,Janaki Vaidya,44,1
5702,2317,Widisha Shukla,38,2
5703,2317,Dipta Doshi,49,1
5704,102,Meera Pillay,32,1
5705,2500,Bhanumati Zacharia,43,2
5706,4324,Zaitra Kara,30,1
5707,4324,Chakradev Arora,35,1
5708,4461,Girik Tak,28,2
5709,381,Avi Murty,22,1
5710,2578,Omkaar Chawla,44,1
5711,2578,Damini Bhavsar,20,1
5712,2578,David Randhawa,38,2
5713,4512,Oscar Ram,50,1
5714,4512,Ayush Ahluwalia,21,1
5715,4512,Faras Kata,19,1
5716,4512,Yochana Vaidya,33,1
5717,833,Kamala Dutt,19,2
5718,833,Aradhana Grover,20,1
5719,3949,Vansha Mann,53,1
5720,3949,Chatresh Wable,53,2
5721,3949,Urvashi Naik,32,2
5722,3949,Urvashi Mand,26,1
5723,2431,Jonathan Parmer,54,1
5724,570,Ethan Misra,27,2
5725,570,Teerth Luthra,36,1
5726,3933,Kiaan Krish,36,2
5727,4605,Baljiwan Divan,38,2
5728,554,Upadhriti Sunder,18,1
5729,1042,Bina Thakur,44,1
5730,1740,Prisha Desai,18,2
5731,1740,Nitesh Srinivasan,49,1
5732,1740,Chaitanya Cheema,21,2
5733,1740,Jackson Deol,49,2
5734,1291,Meera Setty,41,1
5735,1291,Arjun Sood,19,1
5736,1291,Tara Batta,51,1
5737,1291,Harinakshi Ganguly,34,1
5738,802,Divya Barad,48,1
5739,802,Rachita Malhotra,31,1
5740,1928,Arunima Dani,59,1
5741,1928,Sanya Kunda,38,2
5742,1250,Jhalak Chokshi,31,1
5743,1250,Lavanya Dewan,55,1
5744,1434,Lila Saran,47,2
5745,1434,Hamsini Nadkarni,22,2
5746,2387,Harshil Mallick,38,1
5747,2945,Omya Dugar,26,2
5748,2945,Lohit Patla,49,1
5749,1748,Anay Wali,41,1
5750,76,Kashish Atwal,29,1
5751,76,Qushi Shan,21,1
5752,76,Anmol Bhatia,40,2
5753,76,Bakhshi Iyer,44,2
5754,2529,Mitali Chauhan,53,1
5755,2573,Lohit Pandey,18,1
5756,2573,Ganga Ray,31,2
5757,4232,Urmi Gopal,43,1
5758,204,Yagnesh Agrawal,29,1
5759,209,Isaac Deshmukh,23,1
5760,209,Bhanumati Viswanathan,23,1
5761,3573,Anthony Dhar,60,1
5762,63,Anya Upadhyay,50,1
5763,1455,Yochana Walla,56,2
5764,1509,Aradhana Keer,53,1
5765,1509,Irya Koshy,29,2
5766,2378,Avni Din,45,1
5767,2378,Yutika Shah,23,1
5768,1489,Anmol Date,59,1
5769,1215,Upkaar Nayar,45,1
5770,3594,Wakeeta Borra,43,1
5771,4871,Ekta Chatterjee,27,2
5772,1381,Manthan Mani,45,1
5773,1211,Vinaya Jha,24,2
5774,1211,Rachana Ghose,33,2
5775,4340,Januja Taneja,53,1
5776,4729,Sarthak Dar,20,1
5777,4729,Jackson Edwin,26,1
5778,4729,Chameli Chana,44,1
5779,3661,Ikbal Bava,21,1
5780,472,Vamakshi Dubey,39,1
5781,4442,Avni Banerjee,21,1
5782,4442,Anirudh Mahajan,23,1
5783,4442,Inaya Chatterjee,47,1
5784,3057,Netra Pall,41,1
5785,3057,Benjamin Rout,53,1
5786,3736,Rudra Om,38,1
5787,2960,Nachiket Baria,37,1
5788,2960,Neel Reddy,39,1
5789,4674,Mason Rao,50,1
5790,3217,Lekha Padmanabhan,51,1
5791,3217,Ishwar Varkey,20,1
5792,4931,Jeet Prasad,53,1
5793,1035,Veer Shetty,23,2
5794,1035,Zinal Sarkar,49,2
5795,363,Hitesh Nagar,20,1
5796,363,Bahadurjit Luthra,19,1
5797,363,Sai Gopal,52,1
5798,363,Janaki Munshi,49,1
5799,4845,Aashi Banerjee,43,1
5800,3081,Dominic Agrawal,36,1
5801,3081,Laban Hans,56,1
5802,3824,Vinaya Thakur,32,2
5803,3747,Falguni Shere,48,1
5804,3747,Kala Wason,21,1
5805,1165,Henry Nazareth,60,1
5806,1165,Darika Sarma,18,2
5807,4637,Bhavna Srinivas,22,2
5808,4637,Ranveer Karnik,40,1
5809,1391,Jagvi Minhas,35,2
5810,3348,Indali Bandi,60,1
5811,3348,Upadhriti Krishnamurthy,50,1
5812,3348,Neel Oak,35,2
5813,3348,Hemangini Chaudhari,48,1
5814,3208,Keya Raval,46,1
5815,3208,Henry Varghese,45,2
5816,3208,Bakhshi Anne,47,1
5817,3208,Mitali Master,42,1
5818,3810,Ryan Gour,20,1
5819,932,Ishwar Keer,40,1
5820,3577,Oviya Sharma,59,2
5821,330,Balhaar Mani,47,1
5822,1992,Wakeeta Dada,59,2
5823,4490,Karan Som,46,1
5824,1054,Urvashi Doctor,36,1
5825,3778,Lopa Khurana,47,1
5826,3778,Odika Bajaj,46,1
5827,4693,Yashoda Borra,34,1
5828,42,Patrick Sabharwal,34,1
5829,675,Logan Pingle,43,1
5830,675,Ekalinga Prabhakar,56,2
5831,4904,Chavvi Palla,51,1
5832,2045,Radha Modi,32,1
5833,2045,Kala De,57,1
5834,2045,Balveer Shenoy,38,2
5835,2618,Wahab Gokhale,57,1
5836,2618,Sanaya Kala,47,1
5837,2618,Vasana Sridhar,57,1
5838,3108,Samesh Modi,43,1
5839,3108,Ekta Nori,22,1
5840,3108,Urvashi Doctor,36,1
5841,2286,Gautam Bose,58,1
5842,2286,Adya Pau,52,1
5843,2286,Eiravati Narang,47,1
5844,2286,Rehaan Samra,55,1
5845,2607,Sudiksha Master,59,1
5846,2607,Balendra Rajan,46,2
5847,2607,Chanakya Guha,46,1
5848,3046,Vedant Chowdhury,36,1
5849,3046,Advika Sachdeva,58,2
5850,2204,Isha Tak,29,1
5851,1741,Riya Bhagat,35,1
5852,1417,Riya Patla,39,2
5853,1767,Omkaar Din,54,1
5854,1767,Christopher Mander,29,2
5855,1767,Baghyawati Wali,28,2
5856,2761,Hamsini Sanghvi,47,1
5857,2761,Madhav Bhandari,34,1
5858,2475,Tripti Trivedi,25,1
5859,2475,Vedika Sant,35,2
5860,3004,Aahana Mann,24,1
5861,804,Reva Parsa,49,1
5862,804,Watika Panchal,32,1
5863,804,Joshua Sharaf,39,2
5864,804,Umang Mistry,30,2
5865,1163,Karan Nadkarni,39,1
5866,4590,Shaurya Dani,36,1
5867,4590,Lekha Mallick,41,1
5868,4590,Aashi Mukherjee,28,1
5869,2111,Udyati Gandhi,36,1
5870,3590,Kevin Iyer,20,1
5871,3590,Aahana Singh,40,1
5872,3590,Yasti Agate,24,1
5873,2760,Parth Barad,18,1
5874,2760,Jagdish Garde,32,2
5875,4241,Agastya Tailor,21,1
5876,2712,Tejas Pall,24,2
5877,3673,Eesha Raman,29,1
5878,3673,Lajita Murty,45,1
5879,3673,Vedika Ranganathan,49,1
5880,2653,Abha Dugal,50,1
5881,1604,Aadhya Bhakta,27,1
5882,1604,Advaith Raval,45,2
5883,386,Qadim Yogi,50,1
5884,1644,Nicholas Gade,34,1
5885,1644,Ekani Ganguly,37,1
5886,3902,Adweta Taneja,39,1
5887,3902,Wishi Bir,51,1
5888,86,Alka Swamy,53,1
5889,86,Reva Dubey,30,1
5890,86,Hemal Choudhury,47,1
5891,3287,Abdul Thaker,30,1
5892,3287,Hredhaan Dasgupta,25,1
5893,1452,Advay Verma,50,1
5894,3827,Falan Krish,33,2
5895,3827,Anusha Panchal,19,1
5896,4968,Urvi Bose,26,2
5897,4968,Fitan Nagar,21,2
5898,1891,Sarthak Raghavan,30,1
5899,3338,Andrew Chahal,52,1
5900,3338,Anvi Deep,44,1
5901,3338,Vivaan Nigam,48,1
5902,1597,Diya Dani,60,1
5903,1597,Devika Hora,21,1
5904,1597,Diya Sane,39,1
5905,1597,Kamala Baria,55,1
5906,4229,Kiaan Banik,46,1
5907,2370,Harini Desai,33,1
5908,3558,Omisha Thakur,50,1
5909,3558,Ati Srivastava,51,1
5910,4251,Vyanjana Iyengar,31,1
5911,1408,Yagnesh Lall,36,1
5912,1408,Bahadurjit Luthra,19,1
5913,1870,Urishilla Lanka,56,1
5914,133,Kritika Sandhu,26,1
5915,133,Vincent Sastry,46,1
5916,4996,Mekhala Prakash,32,1
5917,4996,Ati Gokhale,48,1
5918,4996,Ganga Iyengar,24,1
5919,4996,Riya Aurora,33,1
5920,4569,Alexander Kala,34,1
5921,4569,Lopa De,47,1
5922,3926,Divya Rege,24,1
5923,3926,Advay Gopal,59,1
5924,3926,Janani Comar,29,2
5925,460,Ria Kothari,43,2
5926,4407,Kamala Gour,45,1
5927,65,Jyoti Bava,20,1
5928,4435,Gavin Parsa,55,1
5929,4435,Nandini Gaba,26,1
5930,4966,Yasti Kalita,46,1
5931,29,Frado Sodhi,22,1
5932,2474,George Butala,56,1
5933,4793,Yuvraj Warrior,37,1
5934,4793,Daksha Chaudhuri,60,1
5935,4793,Jackson Mitter,22,1
5936,2140,Priya Baral,42,1
5937,2140,Xiti Balasubramanian,55,2
5938,2458,Amaira Om,50,1
5939,2458,Rehaan Vora,49,1
5940,2458,Ikbal Apte,19,1
5941,4630,Gaurang Misra,59,1
5942,4630,Ishita Sami,19,2
5943,4630,Warinder Hayre,30,1
5944,4630,Zaid Venkatesh,55,1
5945,1426,Frado Dar,49,1
5946,1426,Kala Pandit,48,1
5947,1538,Xiti Chaudry,36,1
5948,389,Eesha Venkataraman,39,2
5949,4473,Jagvi Prashad,45,1
5950,4138,Balvan Koshy,43,1
5951,875,Sai Bajaj,52,1
5952,3791,Teerth Nagi,42,2
5953,88,Vanya Puri,36,1
5954,88,Arjun Seth,53,1
5955,2449,Baljiwan Mohanty,29,1
5956,2645,Tripti Sane,55,2
5957,3125,Luke Sunder,41,2
5958,3125,Aarush Mandal,35,2
5959,433,Ijaya Chandra,41,2
5960,4500,Maanas Hayer,23,1
5961,401,Vedant Chowdhury,36,1
5962,241,Varsha Mohan,33,1
5963,241,Gagan Hegde,58,1
5964,661,Tara Dutt,30,1
5965,661,Yachana Shan,54,1
5966,2634,Rajata Parmer,39,1
5967,2634,Alexander Dutt,20,2
5968,1178,Manthan Doctor,55,2
5969,1178,Qushi Dada,37,1
5970,3043,Oni Bhagat,25,1
5971,1592,Charles Sachdeva,22,1
5972,1592,Maya Raghavan,43,1
5973,1190,Lekha Sant,45,1
5974,1190,Pranit Parsa,34,1
5975,2944,Parth Baral,52,1
5976,2944,Alexander Dube,49,2
5977,2975,Teerth Sawhney,22,1
5978,2975,Theodore Varughese,24,1
5979,2975,Anita Kumar,28,2
5980,2767,Lajita Puri,39,1
5981,2936,Ayushman Iyer,38,2
5982,2093,Warhi Virk,48,1
5983,2093,Falak Parsa,37,1
5984,1478,Aarav Chaudhary,32,2
5985,1478,Jagat Badal,36,1
5986,1478,Udyati Kant,46,1
5987,1478,Ekaraj Basu,27,2
5988,1517,Dhriti Swaminathan,25,1
5989,1517,Gautami Muni,41,1
5990,1517,Chaaya Kala,51,1
5991,2594,Dev Memon,33,2
5992,2594,Bhavini Gola,25,2
5993,2594,Anay Sethi,50,1
5994,3148,Xalak Chaudhary,30,2
5995,3148,Chanakya Chakrabarti,35,2
5996,1048,Frado Kant,43,1
5997,1048,Aarini Maharaj,27,1
5998,2366,Aadi Bala,34,1
5999,2366,Zinal Madan,60,1
6000,3461,Jhalak Bala,31,1
6001,73,Aahana Bumb,35,2
6002,3202,Isha Viswanathan,48,2
6003,3402,Chatura Bajaj,28,2
6004,4511,Nicholas Biswas,50,2
6005,1486,Netra Handa,33,1
6006,1486,Nathan Savant,31,1
6007,1603,Falguni Dhar,42,1
6008,4509,Owen Peri,40,1
6009,4509,Ubika Batta,35,1
6010,497,Tara De,19,1
6011,2656,Matthew Choudhary,23,1
6012,2656,Neel Soni,23,1
6013,2656,Upma Kurian,27,1
6014,3528,Siya Dara,35,1
6015,3528,Finn Deshpande,56,1
6016,3528,Kevin Raval,56,1
6017,4068,Ekantika Datta,50,1
6018,1764,Odika Mall,55,1
6019,4960,Advika Raghavan,19,2
6020,2922,Yashawini Nadkarni,44,1
6021,2922,Aarush Dara,23,1
6022,379,Libni Anand,56,1
6023,180,Sai Bal,56,2
6024,1477,Daksha Pathak,27,1
6025,3994,Bhanumati Goyal,31,2
6026,1545,Inaya Karpe,49,1
6027,2793,Osha Misra,58,1
6028,581,Irya Datta,52,1
6029,581,Anya Yadav,56,1
6030,581,Krishna Venkataraman,24,2
6031,1606,Sanaya Toor,25,1
6032,1606,Maya Chakrabarti,34,1
6033,1606,Qadim Din,57,1
6034,1606,Samaksh Majumdar,46,1
6035,418,Liam Apte,48,1
6036,1223,Yauvani Dani,37,1
6037,1223,Reyansh Pathak,32,2
6038,2264,Januja Natarajan,28,2
6039,4156,Aachal Kapur,19,1
6040,4156,Krishna Pal,53,1
6041,114,Gaurang Bhagat,54,1
6042,114,Noah Reddy,34,1
6043,48,Adya Sharma,60,1
6044,48,Isaiah Dass,58,1
6045,48,Daksh Khosla,28,1
6046,2878,Ekantika Dara,52,2
6047,2878,Chaitaly Nazareth,58,1
6048,2878,Eesha Sanghvi,43,1
6049,2878,Yash Raval,53,1
6050,4036,Gautam Gola,18,2
6051,4036,Ladli Biswas,60,1
6052,3720,Janaki Deshpande,52,2
6053,3720,Nilima Behl,32,2
6054,3720,Kabir Malhotra,50,2
6055,3720,Charles Deshmukh,45,1
6056,1312,Vaishnavi Deo,54,2
6057,3893,Vamakshi Goswami,23,2
6058,3893,Darsh Mitter,35,1
6059,4562,Kashish Balan,31,1
6060,4562,Kritika Nigam,18,2
6061,3868,Gaurav Kale,41,1
6062,3733,Udarsh Baral,36,2
6063,3733,Rachita Bera,30,2
6064,822,Nihal Parikh,57,1
6065,822,Shivansh Kannan,23,2
6066,1139,Rachit Seth,43,2
6067,1139,Barkha Bajaj,30,1
6068,1969,Zarna Sarin,56,1
6069,1969,Ucchal Seth,32,1
6070,1483,Yachana Jha,25,2
6071,2120,Jackson Bir,42,1
6072,2708,Nimrat Sagar,34,2
6073,2708,Ikbal Tank,56,2
6074,4314,Warda Warrior,41,2
6075,1573,Ijaya Nagy,45,1
6076,1573,Anmol Handa,57,1
6077,3258,Isha Koshy,30,1
6078,911,Onveer Dugal,51,1
6079,205,Wriddhish Majumdar,60,1
6080,205,Michael Chada,30,1
6081,205,Ekanta Mutti,47,1
6082,2308,Dalaja Tailor,41,1
6083,2308,Rajata Sarraf,59,1
6084,2308,Balhaar Hayre,28,1
6085,3972,Bishakha Dhingra,35,1
6086,979,Chatura Biswas,33,1
6087,979,Saanvi Natt,30,1
6088,979,Gautami Raval,19,1
6089,3986,Damini Bassi,53,1
6090,3986,Laksh Rajagopal,52,1
6091,1700,Logan Menon,58,1
6092,1719,Owen Vaidya,24,1
6093,2787,Benjamin Dhingra,50,1
6094,2588,Kabir Kari,37,1
6095,2588,Samarth Wali,36,2
6096,2323,Chandran Chawla,55,1
6097,2323,Unnati Hora,47,2
6098,3500,Damyanti Narasimhan,60,2
6099,4879,Raagini Ganesan,35,2
6100,3534,Vincent Tara,22,1
6101,3534,Umang Dugar,58,1
6102,3534,Isaiah Bassi,48,1
6103,3534,Zaid Murty,33,1
6104,2613,Arin Raval,48,2
6105,383,Adya Sangha,18,1
6106,1268,Gaurang Gill,32,2
6107,1957,Radha Pandey,41,1
6108,1957,Ati Malhotra,37,2
6109,1957,Riya Kunda,50,1
6110,1957,Darsh Mahajan,60,2
6111,4388,Pooja Babu,31,2
6112,4388,Pooja Lata,35,1
6113,1202,Kabir Bawa,50,1
6114,614,Jason Pingle,42,1
6115,614,Yashodhara Datta,58,2
6116,3248,Jatin Balasubramanian,60,1
6117,3388,Bachittar Jha,33,1
6118,3420,Upadhriti Minhas,20,1
6119,3420,Chandani Chauhan,50,1
6120,2403,Yashasvi Keer,42,2
6121,2403,Avni Devi,46,1
6122,226,Anmol Khurana,31,2
6123,832,Lavanya Chopra,39,1
6124,1816,Kritika Sanghvi,27,1
6125,1622,Pallavi Dua,26,1
6126,4761,Aarini Comar,41,2
6127,4449,Ekansh Dyal,27,1
6128,4449,Onveer Saran,46,1
6129,515,Tanvi Saraf,46,1
6130,515,Hardik Chaudhary,54,1
6131,515,Omkaar Nagar,58,1
6132,4719,Aarini Comar,41,2
6133,907,Logan Solanki,19,1
6134,3527,Yashodhara Desai,50,2
6135,412,Gaurangi Manda,54,1
6136,412,Ubika Apte,45,1
6137,412,Oeshi Doshi,45,2
6138,1385,Onkar Mangal,43,1
6139,4267,Krishna Chowdhury,53,1
6140,4267,Amol Saraf,24,1
6141,3319,Deepa Krishna,45,1
6142,3319,Noah Dube,42,2
6143,3319,Yug Chaudhry,38,2
6144,306,Nachiket More,37,2
6145,306,Anusha Dhar,45,1
6146,2727,Jeet Mangat,20,1
6147,2727,Inaya Lalla,48,2
6148,1488,Christopher Raghavan,57,2
6149,4292,Nathan Varty,29,1
6150,1001,Kala Kalla,42,1
6151,1988,Dalbir Kant,53,2
6152,490,Charita Kibe,60,1
6153,3846,Isaiah Samra,41,2
6154,3846,Tanish Dalal,51,1
6155,3751,Samarth Kara,29,2
6156,2361,Ishwar De,41,1
6157,3415,Ekaraj Kade,59,1
6158,3415,Manya Bhatti,57,1
6159,3415,Gaurangi Rao,48,1
6160,3454,Vedhika Nagy,53,1
6161,3454,Ekaja Bal,51,1
6162,1280,Meera Rastogi,21,1
6163,4571,Matthew Krishna,49,1
6164,280,Falguni Bedi,58,1
6165,280,Utkarsh Vaidya,41,2
6166,280,Ryan Suri,50,1
6167,1334,Ekani Chaudhuri,39,1
6168,4741,Ekani Mall,28,1
6169,1726,Benjamin Cheema,59,1
6170,1726,Bimala Kuruvilla,28,1
6171,768,Faqid Wadhwa,52,1
6172,4459,Yashodhara Mannan,42,1
6173,1648,Ladli Datta,24,1
6174,1648,Aachal Gandhi,20,1
6175,1648,Anita Bajwa,44,1
6176,1648,Krishna Roy,23,1
6177,4280,Jason Natt,34,2
6178,112,Nandini Warrior,35,1
6179,112,Neelima Bains,37,1
6180,112,Timothy Bhatia,57,1
6181,1485,Mugdha Prashad,51,1
6182,848,Devika Gera,30,1
6183,988,Onveer Mohan,40,1
6184,988,Yasti Bakshi,31,2
6185,937,Chasmum Deol,60,1
6186,937,Rudra Naik,25,1
6187,1438,Nimrat Balay,59,2
6188,1438,Nathaniel Bhalla,59,1
6189,1438,Jhalak Ravel,35,1
6190,2807,Naksh Palan,44,1
6191,2826,Yuvraj Verma,58,1
6192,2826,Maanas Zacharia,60,2
6193,839,Dayita Dave,44,2
6194,3451,Ekaja Dugar,55,1
6195,3014,Om Chacko,19,1
6196,3014,Udant Kumar,35,2
6197,1778,Manya Bhatti,57,1
6198,1778,Gunbir Chopra,33,1
6199,30,Arin Ramanathan,30,2
6200,30,Aditya Chahal,56,1
6201,3638,Chaitanya Oommen,48,1
6202,3638,Jhalak Tata,36,1
6203,2341,Vasana Acharya,53,2
6204,2341,Jonathan Banerjee,29,1
6205,2921,Damyanti Shroff,46,2
6206,2852,Arunima Chahal,26,2
6207,2852,Tamanna Venkataraman,40,2
6208,2852,Matthew Kapoor,20,1
6209,199,Quincy Bansal,39,1
6210,199,Tanish Sundaram,39,2
6211,199,Charita Krishnamurthy,18,1
6212,199,Hritik Rout,32,1
6213,1493,Tarak Ray,44,1
6214,3775,Amaira Sethi,30,1
6215,3044,Edhitha Dugal,29,1
6216,2592,Gunbir Kaur,29,1
6217,149,Vrinda Thakkar,41,2
6218,642,Owen Deo,35,1
6219,2011,Balhaar Iyer,28,1
6220,4724,Rohan Dass,51,1
6221,4742,Logan Saha,27,1
6222,4742,Sai Barad,59,2
6223,4742,Udarsh Subramanian,55,1
6224,1907,Aadhya Patel,57,2
6225,4810,Chakrika Raju,31,1
6226,1651,Ayush Kala,24,1
6227,1651,Tarak Narayanan,21,1
6228,1651,Faras Thaman,57,1
6229,1651,Sanya Dash,27,1
6230,3343,Arya Morar,46,1
6231,3343,Amrita Deol,44,1
6232,4269,Tamanna Chandra,20,2
6233,4269,Lakshmi Nagarajan,60,1
6234,3947,Udant Bassi,46,1
6235,3947,Gaurangi Rege,44,1
6236,3947,Leela Karpe,18,1
6237,3545,Rajeshri Narain,19,1
6238,3545,Raksha Garde,22,1
6239,338,Logan Saha,27,1
6240,4863,Qasim Gokhale,27,2
6241,4863,Vedant Chowdhury,36,1
6242,4863,Ekanta Chakrabarti,26,1
6243,4863,Victor Dasgupta,29,1
6244,2524,Noah Dave,35,1
6245,1590,Matthew Varty,60,1
6246,1136,Chakradhar Vasa,51,1
6247,3819,Maanas Khurana,51,1
6248,3619,Utkarsh Kapadia,19,1
6249,307,Chaitaly Natarajan,39,1
6250,21,Alka Goda,58,1
6251,21,Sanya Boase,46,2
6252,21,Qabil Goda,60,1
6253,21,Sachi D’Alia,35,1
6254,1277,Isaac Mukherjee,57,1
6255,2445,Dhriti Barad,50,1
6256,2445,Hamsini Dutt,30,2
6257,2445,Yachana Sama,28,1
6258,2445,Chasmum Kannan,31,1
6259,3748,Zashil Purohit,55,1
6260,373,Lucky Amble,50,1
6261,4733,Aachal Kakar,26,1
6262,2294,Madhavi Lanka,39,1
6263,2294,Lipika Wagle,57,1
6264,2674,Chanakya Puri,29,2
6265,2674,Eta Kaul,49,1
6266,2674,Dalaja Chaudhari,37,1
6267,2674,Bhavya Kota,46,1
6268,3892,Naveen Nadig,51,1
6269,3892,Shravya Bora,58,1
6270,3892,Udant Agarwal,60,1
6271,3484,Harinakshi Chakrabarti,29,1
6272,3484,Leena Sarin,38,2
6273,123,Raksha Soman,37,1
6274,123,Radhika Upadhyay,50,1
6275,3697,Chandani Kumar,34,1
6276,3697,Xalak Soni,60,2
6277,3697,Ekiya Sood,47,1
6278,132,Nirja Bhardwaj,22,1
6279,132,Sai Gopal,23,1
6280,132,Kalpit Ramachandran,46,1
6281,1839,Logan Bhagat,18,2
6282,2714,Lajita Golla,41,1
6283,2714,Chatura Dugar,37,1
6284,4607,Vedhika Shanker,47,2
6285,4607,Chatresh Loyal,56,1
6286,4607,Bhavika De,27,2
6287,3883,Finn Bhakta,23,1
6288,74,Daniel Pradhan,19,1
6289,3870,Ira Kuruvilla,47,1
6290,2226,Samarth Viswanathan,54,1
6291,799,Rachita Dugal,20,1
6292,640,Finn Cherian,53,1
6293,696,Yachana Chander,40,1
6294,2611,Zayan Nanda,41,1
6295,2611,Priya Mahajan,19,1
6296,3554,Chandani Pradhan,49,1
6297,1626,Gayathri Jaggi,51,1
6298,924,Orinder Nori,57,2
6299,4753,Janaki Yogi,31,1
6300,4753,Krishna Shan,58,1
6301,4753,Pooja Lata,35,1
6302,1327,Ekani Mane,25,2
6303,1327,Jhalak Pandya,29,1
6304,4709,Samaksh Ramanathan,29,1
6305,741,Victor Sunder,36,1
6306,3437,Teerth Deep,45,1
6307,2699,Urishilla Sood,53,1
6308,2699,Yadavi Dua,24,1
6309,2466,Rayaan Ramesh,41,1
6310,1883,Ijaya Chandra,41,2
6311,285,Vanya Pandya,26,2
6312,3382,Tripti Mitter,48,1
6313,77,Banjeet Sem,43,1
6314,77,Megha Raval,48,2
6315,175,Vidhi Narula,39,1
6316,175,Girik Dubey,30,1
6317,397,Rajeshri Anand,38,1
6318,397,Abha Chatterjee,49,2
6319,4560,Vasana Agate,59,2
6320,4560,Jasmit More,32,1
6321,4560,Yashodhara Datta,58,2
6322,3621,Harish Pingle,19,1
6323,2355,Gayathri Mammen,32,1
6324,40,Gauri Bhardwaj,22,1
6325,40,Mohammed Choudhury,25,2
6326,422,Harsh Narasimhan,29,1
6327,422,Nakul Purohit,29,2
6328,2321,Xiti Sem,45,1
6329,2321,Fariq Sehgal,24,1
6330,2321,Rudra Rajagopal,51,1
6331,2267,Urishilla Parsa,21,2
6332,367,Abhimanyu Dugar,38,2
6333,1624,Sachi Bhasin,55,1
6334,3906,Ekani Chaudhari,42,1
6335,686,Janaki Bose,38,1
6336,686,Girish Kala,52,2
6337,1858,Ekapad Raman,30,2
6338,1858,Ikbal Kamdar,21,1
6339,3546,Kritika Rana,30,1
6340,3546,Yatin Mishra,40,1
6341,3546,Nidhi Rajan,20,1
6342,534,Daksha Nanda,18,2
6343,1410,Ishani Lala,52,1
6344,1410,Yashica Koshy,51,1
6345,1561,Frederick Jaggi,37,1
6346,477,Charvi Dash,41,1
6347,477,Yash Borah,22,1
6348,477,Abhimanyu Mishra,31,1
6349,1072,Yashasvi Bhasin,53,1
6350,1072,Rachit Bala,29,1
6351,1072,Turvi Jain,22,1
6352,1072,Yahvi Sule,22,1
6353,4776,Urvashi Dewan,58,1
6354,3629,Nihal Merchant,56,2
6355,3629,Abha Pillay,35,1
6356,896,Pahal Goswami,39,1
6357,1698,Waida Shah,51,2
6358,100,Niharika Muni,28,1
6359,684,Tanay Mukherjee,28,2
6360,3326,Lucky Bassi,27,1
6361,2503,Yashoda Bala,48,1
6362,2503,Kashvi Sachdev,55,2
6363,2503,Qabil Chowdhury,26,1
6364,1301,Maya Kashyap,30,1
6365,1301,Yatin Vala,60,1
6366,1301,Owen Dara,20,1
6367,1301,Arjun Sood,19,1
6368,2184,Gayathri Malhotra,25,1
6369,2184,Parth Baral,52,1
6370,326,Yashasvi Keer,42,2
6371,326,Gaurika Mohanty,25,1
6372,3576,Ekani Venkataraman,57,1
6373,377,Abhiram Som,50,1
6374,2259,Manya Venkataraman,24,1
6375,2231,Pratyush Varma,46,1
6376,2231,Aradhana Cherian,36,1
6377,2155,Jyoti Raval,56,1
6378,1290,Ekani Warrior,53,2
6379,3507,Brinda Prashad,20,2
6380,2024,Kabir Raj,42,1
6381,4385,Reyansh Mital,19,2
6382,3940,Aayush Nazareth,23,1
6383,4366,Ekani Anne,53,1
6384,4366,Vanya Nigam,26,1
6385,4378,Shivani Kakar,21,1
6386,4378,Hemal Sanghvi,34,2
6387,4517,Lavanya Hayer,49,2
6388,1264,Eiravati Wagle,42,1
6389,70,Ria Singh,47,1
6390,70,Vanya Gade,46,1
6391,70,Harini Kaur,36,1
6392,70,Omaja Pall,53,1
6393,4497,Ayushman Goel,36,1
6394,3222,Joshua Pillai,52,1
6395,4750,Baghyawati Amble,22,1
6396,4750,Pavani Tandon,32,2
6397,465,Lavanya Kothari,57,1
6398,465,Anthony Dutta,45,1
6399,465,Kabir Ben,36,1
6400,465,Adya Zachariah,46,2
6401,2162,Mekhala Raman,50,1
6402,2005,Balhaar Aurora,20,2
6403,2005,Azad Sodhi,23,1
6404,296,Fitan Wali,24,2
6405,296,Hiral Sarraf,56,2
6406,4030,Manthan Cheema,23,1
6407,4030,Kiaan Master,28,1
6408,4540,Anamika Sood,42,1
6409,4540,Rohan Doctor,49,1
6410,3731,Tara Deep,31,2
6411,2811,Yoshita Padmanabhan,33,1
6412,4964,Warinder Sengupta,43,2
6413,4529,Umang Kade,30,1
6414,4529,Krisha Kumar,24,1
6415,890,Aarna Kalla,47,1
6416,890,Wahab Chahal,23,2
6417,31,Yashoda Parikh,48,1
6418,31,Sneha Gupta,23,2
6419,1588,Yatan Dubey,47,2
6420,1588,Chandran Shetty,55,2
6421,1267,Netra Dhaliwal,46,1
6422,4061,Qasim Salvi,49,1
6423,2834,Janya Sabharwal,52,1
6424,2536,Fiyaz Chaudhry,49,1
6425,2536,Kiaan Batra,28,2
6426,1462,Warjas Karan,26,1
6427,1462,Yamini Trivedi,26,1
6428,1462,Baljiwan Bhakta,57,2
6429,1583,Shaurya Shan,56,2
6430,1583,Samaksh Rattan,47,1
6431,1583,Falguni Brahmbhatt,48,1
6432,4283,Girik Ram,27,1
6433,504,Chameli Amble,51,1
6434,430,Qadim Bora,35,1
6435,936,Aarnav Dalal,59,1
6436,3649,Arunima Dani,59,1
6437,4179,Ishwar Dube,33,1
6438,4551,Eta Ramakrishnan,50,1
6439,375,Kritika Iyer,41,1
6440,2451,Ekbal Buch,26,2
6441,2451,Reva Kala,49,1
6442,2451,Gaurang Bhagat,54,1
6443,681,Reyansh Thakur,50,1
6444,1896,Omisha Nazareth,54,1
6445,1896,Abeer Brahmbhatt,60,1
6446,1144,Ishita Bhakta,35,1
6447,4338,Gaurang Bhagat,54,1
6448,4868,Chatresh Bains,22,2
6449,4553,Abhimanyu Mishra,31,1
6450,4553,Ijaya Bajwa,27,1
6451,4492,Daksha Murthy,40,1
6452,3321,Harini Kadakia,31,2
6453,3321,Jonathan Wali,58,1
6454,270,Rudra Kannan,44,2
6455,135,Harinakshi Sahni,28,1
6456,135,Pooja Hari,46,1
6457,135,Januja Pingle,49,1
6458,3110,Ojas Subramaniam,39,1
6459,3110,Mitali Taneja,57,1
6460,3110,Yoshita Dave,20,2
6461,2278,Yamini Parekh,43,1
6462,498,Qarin Sundaram,34,1
6463,498,Vivaan Johal,37,1
6464,2275,Daksh Pandya,34,2
6465,4363,Irya Rout,50,1
6466,724,Oeshi Rattan,20,1
6467,1071,Vasana Dube,27,1
6468,1071,Harinakshi Devan,30,2
6469,4672,Eshana D’Alia,56,1
6470,2933,Upadhriti Shankar,51,1
6471,3715,Frederick Joshi,45,2
6472,3715,Aashi Luthra,55,2
6473,1540,Gaurangi Chakrabarti,26,1
6474,4775,Aadhya Basak,27,1
6475,4775,Fitan Buch,48,1
6476,4798,Anay Nanda,58,1
6477,2000,Anusha Parmer,44,1
6478,2335,Bishakha Rattan,42,2
6479,1921,Ubika Mohan,21,1
6480,1921,Charan Dhar,31,2
6481,1921,Dalaja Patel,56,1
6482,2422,Chatura Bajaj,48,2
6483,3159,Rohan Natt,59,1
6484,4261,Quincy Gade,22,1
6485,986,Frado Seshadri,19,1
6486,2861,Ojas Bala,56,2
6487,2861,Arjun Kapoor,57,1
6488,2861,Nilima Morar,26,2
6489,1217,Yachana Sodhi,35,2
6490,4576,Rachit Sani,59,1
6491,2100,Upadhriti Hans,49,2
6492,2100,Hardik Doshi,54,1
6493,2100,Pahal Manne,54,1
6494,955,Jhalak Keer,54,1
6495,4221,Falan Gala,21,2
6496,3937,Ekaja Thaker,36,1
6497,3937,Nidhi Sodhi,39,1
6498,225,Fariq Bhatnagar,21,1
6499,225,Nimrat Walia,26,1
6500,2066,Leena Nair,45,1
6501,2066,Kritika Sarkar,28,1
6502,2802,Orinder Barad,35,2
6503,4173,Aayush Bora,29,2
6504,4173,Qadim Morar,60,1
6505,2406,Vincent Hayre,20,1
6506,4851,Jeevika Deol,59,2
6507,4851,Chasmum Chakraborty,37,1
6508,4912,Gavin Mammen,25,1
6509,3178,Brinda Viswanathan,42,1
6510,3178,Nidra Suri,48,1
6511,3178,Ethan Misra,27,2
6512,917,Kashish Boase,45,1
6513,3201,Balveer Basu,48,2
6514,3201,Vamakshi Tara,54,1
6515,3882,Krishna Pant,21,1
6516,3539,Aarnav Palla,44,1
6517,3539,Faqid Jha,32,1
6518,4266,Udant De,24,1
6519,4266,Sneha Ramaswamy,55,1
6520,1707,Osha Lad,47,1
6521,3497,Aarav Kapoor,44,1
6522,3497,Irya Trivedi,55,2
6523,3497,George Patla,39,1
6524,2031,Leela Dara,25,1
6525,2025,Omya Kumer,29,2
6526,2912,Bhavya Kaur,38,1
6527,2925,Aahana Ganguly,20,2
6528,2925,Indrajit Mander,18,1
6529,3237,Shaurya Wable,37,1
6530,3237,Ekapad Mukhopadhyay,25,1
6531,3518,Finn Ramesh,27,2
6532,4123,Pallavi Soni,39,1
6533,4123,Isaac Kala,27,1
6534,4123,Vyanjana Bajaj,46,1
6535,4950,Raksha Dugal,21,1
6536,813,William Kari,52,1
6537,4345,Omkaar Dutta,50,1
6538,4548,Advaith Ramaswamy,34,2
6539,4548,Utkarsh Raval,27,1
6540,4548,Kamya Sant,24,2
6541,3194,Anmol Munshi,36,1
6542,3194,Abdul Kota,24,2
6543,551,Mason Uppal,53,1
6544,1999,Joshua Choudhary,37,1
6545,3411,Sai Kothari,44,1
6546,3411,Sanaya Garde,31,2
6547,3286,Ekapad More,52,1
6548,4592,Jairaj Dhingra,58,2
6549,4592,Abhiram Kunda,29,2
6550,4592,Aarnav Dass,49,1
6551,4592,Girik Swamy,21,1
6552,1115,Falguni Nair,36,2
6553,3154,Hemang Mandal,27,1
6554,3204,Hemal Naik,52,1
6555,4462,Ekaja Dugar,55,1
6556,1173,George Ratta,57,1
6557,1173,Gaurika Bail,38,1
6558,2071,Abdul Ghose,23,1
6559,2071,Vedant Chowdhury,36,1
6560,2071,Nisha Varma,24,1
6561,2713,Falguni Bawa,34,1
6562,2713,Advika Radhakrishnan,27,1
6563,4786,Jason Shah,53,1
6564,4117,Nidhi Natarajan,42,1
6565,4117,Pooja Bhatnagar,49,1
6566,4117,Hitesh Kakar,46,2
6567,4506,Mahika Shroff,39,1
6568,2080,Faraj Radhakrishnan,36,1
6569,2080,Warda Saxena,44,2
6570,2080,David Banerjee,22,1
6571,2080,Vrishti Lall,47,1
6572,121,Frado Khalsa,60,1
6573,2095,Nilima Morar,26,2
6574,2095,Neha Narayan,19,1
6575,1696,Bimala Pall,21,1
6576,1696,Luke Chhabra,44,1
6577,3195,Dakshesh Iyengar,43,2
6578,3195,Benjamin Rout,53,1
6579,3195,Gautam Sant,24,1
6580,1002,Bhavini Bhatt,19,1
6581,106,Aachal Barad,18,2
6582,106,Azad Bhardwaj,44,1
6583,106,Lajita Dass,60,1
6584,1640,Kashvi Ganesan,46,1
6585,2884,Caleb Mand,21,1
6586,837,Ekavir Sami,22,1
6587,837,Upadhriti Chadha,54,1
6588,837,Omya Som,28,1
6589,837,Upadhriti Sengupta,51,1
6590,3745,Isaiah Babu,46,1
6591,715,Timothy Dey,36,2
6592,3050,Ekantika Bala,22,1
6593,2441,Urvi Pal,39,2
6594,1157,Anvi Krish,58,2
6595,1157,Andrew Mody,59,1
6596,1157,Reva Kala,37,2
6597,1157,Kamya Nagi,33,1
6598,4796,Anjali Sankaran,45,1
6599,1886,Netra Raj,31,1
6600,1886,Jackson Dyal,29,1
6601,1886,Dalbir Pau,42,2
6602,4723,Yashasvi Ranganathan,32,1
6603,4723,Girish Vohra,22,2
6604,3670,Ishita Andra,24,1
6605,3623,Ayush Balakrishnan,54,1
6606,4864,Gaurika Kohli,32,2
6607,4864,Upkaar Merchant,51,1
6608,4864,Harita Amble,34,2
6609,281,Amaira Tara,24,1
6610,4664,Chaman Sem,53,1
6611,3964,Jatin Yohannan,33,2
6612,3124,George Ahuja,37,1
6613,1572,Warhi Sachar,27,1
6614,1572,Elijah Chacko,23,1
6615,2126,Girish Amble,30,1
6616,3127,Tara Batta,51,1
6617,4376,Varenya Bhandari,22,1
6618,4376,Aayush Nazareth,23,1
6619,4842,Zehaan Raj,58,1
6620,4842,Bishakha Ray,56,2
6621,3644,Alka Dara,49,1
6622,2247,Sai Sunder,41,1
6623,2775,Yug Jain,44,1
6624,7,Damyanti Dhillon,45,2
6625,7,Vinaya Goel,45,1
6626,3371,Anirudh Pall,41,1
6627,3371,Brinda Comar,41,1
6628,4869,Alka Vohra,46,1
6629,4417,Ayush Bhatt,49,1
6630,2386,Dhruv Bir,26,1
6631,2517,Krisha Mannan,22,1
6632,2238,Siddharth Sem,33,1
6633,2238,Hredhaan Kumer,23,1
6634,2238,Damini Maharaj,58,1
6635,2238,Jagat Raju,23,1
6636,2166,Balveer Saxena,49,1
6637,2166,Nathaniel Chakrabarti,35,1
6638,2166,Ryan Chaudhry,34,1
6639,2241,Gauri Chaudhry,26,1
6640,689,Janya Vala,58,1
6641,689,Abdul Warrior,23,1
6642,689,Aayush Vasa,51,1
6643,1308,Yatin Rajan,49,1
6644,1308,Rajeshri Dugal,26,1
6645,878,Jason Parmar,51,1
6646,878,Nidhi Agrawal,54,1
6647,878,Hemani Khosla,45,1
6648,575,Raksha Sarin,18,2
6649,301,Ishanvi Saha,19,1
6650,301,Dhriti Virk,32,1
6651,301,Niharika Vig,46,1
6652,1230,Meghana Goyal,35,2
6653,2513,Manthan Prasad,34,1
6654,2513,Urishilla Solanki,47,2
6655,3913,Brinda Kala,21,1
6656,2381,Turvi Dhillon,59,1
6657,4812,Rudra Ray,28,1
6658,4812,Abhimanyu Bhavsar,55,2
6659,4812,Wyatt More,46,1
6660,4812,Aradhana Chad,58,1
6661,142,Oviya Nazareth,32,1
6662,142,Warinder Shenoy,37,1
6663,142,Bhavani Bahl,57,1
6664,4140,Agastya Dube,27,2
6665,1295,Pallavi Mander,59,1
6666,722,Eta Mann,46,1
6667,3740,Oviya Kibe,40,1
6668,1701,Yadavi Nath,43,1
6669,3095,Dalaja Dass,50,2
6670,2665,Leela Nadig,50,1
6671,2665,Urishilla Jayaraman,24,1
6672,2665,Yagnesh Seshadri,51,1
6673,4543,Waida Naik,35,1
6674,4543,Aishani Salvi,34,1
6675,4543,Chameli Patla,40,2
6676,1365,Ria Ghosh,56,2
6677,1365,Mason Ram,25,2
6678,1365,Girindra Dani,22,1
6679,1365,Harinakshi Sawhney,33,1
6680,2452,Chakrika Gole,26,1
6681,2452,Advika Din,29,1
6682,2452,Leena Sastry,45,1
6683,1543,Shaurya Sabharwal,59,2
6684,1543,Tejas Handa,40,2
6685,1543,Warda Gara,54,1
6686,1476,Vidhi Hora,50,1
6687,1476,Anjali Wable,31,2
6688,1476,Ishani Mohanty,51,1
6689,4489,Mitali Rana,27,1
6690,2597,Oviya Sharma,59,2
6691,2597,Onveer Badal,22,1
6692,2597,Daksha Edwin,36,2
6693,781,Chakradhar Mital,53,1
6694,781,Dayita Sen,22,2
6695,2667,Maanav Sehgal,20,1
6696,3977,Rayaan Comar,53,2
6697,1006,Baljiwan Tella,44,1
6698,235,Chanakya Maharaj,38,2
6699,235,Vansha Prabhu,42,1
6700,3073,Meera Walia,33,2
6701,3073,Krishna Basak,42,1
6702,3073,Lakshit Kara,40,1
6703,434,Ira Ramakrishnan,41,1
6704,434,Anamika Muni,27,1
6705,4794,Falan Nair,41,1
6706,3257,Joshua Som,47,1
6707,3257,Veer Lanka,60,1
6708,3257,Kashvi Rama,48,2
6709,2030,Dalaja Behl,41,1
6710,2872,Ladli Datta,24,1
6711,2872,Faras Bahri,44,1
6712,2872,Imaran Borah,26,1
6713,4799,Abhimanyu Mishra,31,1
6714,2077,Hardik Keer,26,1
6715,2077,Dhruv Chakraborty,48,1
6716,1986,Girish Sandal,26,1
6717,1986,Jeevika Sama,32,1
6718,1986,Kai Chanda,55,1
6719,760,Samar Borah,39,1
6720,760,Turvi Mangat,60,2
6721,760,Daksha Badami,21,2
6722,2843,Vihaan Devan,48,2
6723,1254,Quincy Varma,18,1
6724,61,Ladli Sanghvi,30,1
6725,61,Lopa Choudhury,48,2
6726,61,Upkaar Bal,20,1
6727,1548,Neelima Karan,55,2
6728,2993,Lakshmi Loke,34,1
6729,2993,Sara Datta,20,1
6730,2115,Jalsa Bora,51,1
6731,2385,Pahal Mallick,35,2
6732,597,Zayyan Ramachandran,20,2
6733,597,Bina Chaudry,21,1
6734,1562,Jyoti Babu,32,1
6735,290,Raksha Sridhar,48,2
6736,578,Tristan Ranganathan,39,1
6737,2525,Rayaan Ramesh,41,1
6738,2525,Tara Rai,50,2
6739,623,Onveer Krishnamurthy,51,2
6740,4085,Urmi Vohra,21,1
6741,4085,Aarna Choudhary,19,1
6742,2125,Banjeet Karan,51,2
6743,818,Ekalinga Bava,40,2
6744,2168,Oni Chaudhari,32,1
6745,2168,Osha Lad,47,1
6746,2168,Chaaya Kapoor,40,1
6747,3478,Alexander Chana,48,1
6748,3478,Aayush Lad,30,1
6749,3478,Andrew Jhaveri,47,2
6750,2696,Amara Cheema,44,1
6751,2696,Pallavi Majumdar,51,1
6752,2696,Yug Pandey,33,1
6753,2696,Meghana Kanda,59,1
6754,4816,Ekta Chana,58,1
6755,4816,Zinal Mody,40,1
6756,4816,Ubika Wali,26,1
6757,152,Kashish Pradhan,45,1
6758,305,Waida Trivedi,42,1
6759,1393,Krish Bhavsar,51,1
6760,1393,Jagrati Chand,53,1
6761,1078,Yagnesh Bal,38,1
6762,2453,Idika Nagy,60,2
6763,2453,Yatin Narang,47,2
6764,2453,Udarsh Thakur,51,2
6765,2479,Amaira Iyengar,54,1
6766,2479,Mitesh Kannan,57,1
6767,830,Thomas Nadig,32,1
6768,4281,Megha Rama,28,1
6769,4926,William Ghosh,18,1
6770,4390,Oscar Yadav,42,1
6771,4465,Charvi Savant,42,2
6772,4465,Jhalak Kamdar,31,2
6773,1772,Champak Arya,24,1
6774,1772,Frado Brahmbhatt,56,1
6775,2986,Vaishnavi Thaker,38,2
6776,4425,Adya Grewal,26,1
6777,4425,Barkha Dhawan,44,1
6778,4425,Hiral Char,36,1
6779,4083,Mohammed Sarma,51,2
6780,1541,Christopher Gara,26,1
6781,1541,Jeet Singh,52,2
6782,1541,Advika Goel,25,1
6783,3862,Ijaya Gopal,44,1
6784,3615,Chandani Comar,37,1
6785,4661,Ayush Tata,55,1
6786,4661,Ladli Datta,24,1
6787,4661,Brinda Jayaraman,23,1
6788,2290,Zayan Srivastava,27,2
6789,308,Umang Tiwari,34,1
6790,1834,Janani Salvi,19,2
6791,1834,Ira Sankaran,59,2
6792,233,Ubika Varkey,55,1
6793,2121,Chatura Natarajan,33,2
6794,2121,Pahal Sanghvi,59,1
6795,2121,Samar Datta,49,1
6796,859,Dev Chander,22,2
6797,859,Waida Parmar,34,1
6798,500,Brijesh Kapur,43,1
6799,500,Jhalak Khalsa,40,1
6800,4538,Reva Kulkarni,60,1
6801,3006,Gaurangi Pingle,30,2
6802,3006,Jagat Patel,18,1
6803,3006,Charles Srinivasan,30,1
6804,2815,Luke Ray,41,1
6805,2815,Anvi Nanda,23,2
6806,2318,Bhanumati Rege,20,1
6807,2409,Yamini Sangha,21,2
6808,2409,Alka Chokshi,36,1
6809,4859,Jhalak Bir,47,2
6810,3277,Nachiket Baria,37,1
6811,3277,Anvi Shan,50,1
6812,1102,Dhriti Bora,41,1
6813,2772,Vidhi Tella,31,1
6814,2772,Azad Sodhi,23,1
6815,1051,Faras Shroff,42,1
6816,1051,Henry Sampath,51,1
6817,3405,Balvan Sankar,41,1
6818,3405,Arjun Kibe,19,1
6819,3405,Idika Mitter,34,2
6820,3405,Janaki Parsa,38,1
6821,1671,Mitesh Gola,23,2
6822,3161,Nidra Kata,47,1
6823,1150,Ati Ben,53,1
6824,3216,Wakeeta Dani,36,1
6825,3216,Yamini Zachariah,29,1
6826,4760,Jeevika Bawa,22,1
6827,4760,Zayan Kapur,34,1
6828,2691,Madhavi Suri,37,2
6829,3592,Upadhriti Swaminathan,18,1
6830,2219,Harinakshi Gopal,48,1
6831,50,Jeevika Bajwa,29,1
6832,50,Liam Atwal,33,1
6833,628,Noah Nadig,19,1
6834,628,Agastya Batta,41,1
6835,628,Upma Pandit,27,1
6836,628,Hemang Ratti,49,1
6837,693,Parth Prabhu,50,1
6838,3848,Ekantika Chaudhuri,41,1
6839,634,Oeshi Agrawal,26,1
6840,634,Varsha Khosla,33,2
6841,1571,Naksh Patla,25,1
6842,1571,Chakradhar Agrawal,43,1
6843,1571,Nidhi Garde,19,1
6844,3797,Neel Gokhale,24,1
6845,3797,Yug Bhat,22,1
6846,3797,Zehaan Choudhary,21,1
6847,1343,Parth Baral,52,1
6848,1343,Damyanti Deo,26,1
6849,2566,Pallavi More,42,1
6850,2566,Ekaja Parmar,56,1
6851,650,Azad Padmanabhan,54,2
6852,650,Faraj Parmar,45,1
6853,467,Amrita Suri,31,1
6854,1361,Bhavani Khosla,41,1
6855,1181,Pahal Shukla,46,1
6856,1181,Hritik Tiwari,23,1
6857,4480,Unni Raval,36,1
6858,4967,Abeer Vig,27,1
6859,4967,Aadi Biswas,43,1
6860,1594,Chaitaly Savant,58,1
6861,3112,Triveni Kumer,44,1
6862,3112,Michael Samra,59,1
6863,3112,Idika Chakraborty,34,1
6864,3245,Leela Rastogi,19,2
6865,3245,Karan Barad,34,1
6866,1994,Zaitra Anand,22,1
6867,1994,Zashil Thakur,25,1
6868,1994,Liam Mitter,57,2
6869,2643,Faraj Bhasin,58,1
6870,3111,Lakshmi Om,53,2
6871,3111,Libni Walia,53,2
6872,800,Inaya Gupta,56,1
6873,800,Banjeet Barad,48,2
6874,800,Aarav Mani,21,1
6875,800,Ganga Karnik,54,1
6876,3462,Raghav Kaur,52,2
6877,4763,Chandran Thaman,52,1
6878,4763,Avi Verma,36,1
6879,4096,Peter D’Alia,53,1
6880,4096,Waida Varma,31,1
6881,2818,Vanya Mitter,51,2
6882,2818,Krishna Gokhale,47,1
6883,1856,Darpan Ramesh,21,1
6884,1856,Gauri Nayak,36,2
6885,4745,Widisha Srinivas,24,1
6886,4745,Imaran Balakrishnan,20,1
6887,4745,Jeremiah Som,41,1
6888,4837,Shravya Brar,28,1
6889,3282,Daniel Khare,51,1
6890,3282,Aashi Ramesh,44,2
6891,3282,Faraj Luthra,56,1
6892,4615,Fitan Doshi,38,2
6893,4615,Shivani Dey,33,2
6894,2506,Aryan Natarajan,53,1
6895,3559,Aditya Sundaram,23,1
6896,4570,Vaishnavi Pal,59,2
6897,4570,Veda Ram,22,1
6898,4375,Ria Patla,24,1
6899,4375,Bhavna Dhaliwal,21,2
6900,3181,Kamya Nath,29,1
6901,3207,Shivani Talwar,27,1
6902,3207,Qabil Krishnan,35,1
6903,3207,Devika Gera,30,1
6904,3207,Janaki Bajaj,45,1
6905,4159,Harrison Ray,45,1
6906,615,Odika Chauhan,40,1
6907,615,Finn Singh,41,1
6908,2886,Azaan Bose,46,1
6909,2886,Bishakha Batra,25,1
6910,721,Nakul Sane,20,2
6911,721,Rachana Barad,38,1
6912,721,Jagvi Devan,33,1
6913,3269,Gaurav Ganguly,48,1
6914,3269,Harish Kanda,30,1
6915,309,Brijesh Mukherjee,28,2
6916,309,Anamika Kashyap,18,1
6917,3026,Kai Sastry,31,1
6918,3026,Vedant Gera,29,1
6919,3026,Janani Maharaj,37,1
6920,2256,Lekha Singhal,58,1
6921,2256,Inaya Muni,55,1
6922,2256,Indrajit Bhat,22,1
6923,2390,Ekani Babu,22,1
6924,3830,Vasana Thaman,51,2
6925,3830,Anmol Madan,52,1
6926,3830,Upkaar Sood,39,2
6927,3830,Upadhriti Jaggi,58,1
6928,2211,Libni Natt,22,1
6929,2211,Ekaraj Bhandari,21,2
6930,755,Amara Bhatnagar,21,2
6931,755,Wishi Anne,51,1
6932,2073,Advay Nagi,23,1
6933,1017,Zinal Shroff,47,1
6934,1017,Arin Rajagopal,30,1
6935,1017,Ekta Kuruvilla,39,1
6936,1364,Jackson Bahl,43,1
6937,4014,Upadhriti Bajaj,41,2
6938,2828,Owen Mani,60,1
6939,2828,Vaishnavi Lata,57,1
6940,3313,Raghav Oza,46,1
6941,4323,Chaitanya Ravi,32,1
6942,128,Rehaan Merchant,53,1
6943,128,Suhani Sule,55,2
6944,2151,Indrajit Kata,50,1
6945,2151,Aahana Cheema,52,1
6946,33,Irya Mishra,40,1
6947,33,Girish Karpe,43,1
6948,33,Wriddhish Kant,29,1
6949,1936,Kritika Rattan,43,1
6950,2201,Onveer Ramesh,48,1
6951,2408,Zilmil Nigam,58,1
6952,2408,Jack Buch,60,1
6953,2408,Baghyawati Patel,24,1
6954,2418,Charvi Kamdar,35,1
6955,2418,Arin Baral,58,1
6956,4394,Ridhi Uppal,33,1
6957,969,Champak Bobal,20,1
6958,969,Bhavna Bhatt,30,2
6959,969,Nitesh Viswanathan,18,2
6960,368,Lila Ratta,24,1
6961,368,Yutika Raja,47,1
6962,1998,Qushi Sundaram,46,1
6963,3016,Tejas Sastry,48,1
6964,4295,Yuvraj Verma,20,1
6965,4132,Pahal Shankar,29,2
6966,4132,Vasudha Kata,51,1
6967,4132,Ikbal Handa,18,1
6968,4132,Pooja Lata,35,1
6969,2768,Yamini Thaker,50,1
6970,2854,Ishanvi Kohli,22,1
6971,2854,Tanmayi Deshmukh,19,2
6972,2087,Orinder Dada,23,1
6973,2232,Jason Sachdev,49,1
6974,2232,Yashvi Kohli,44,1
6975,2859,Dhruv Raman,58,1
6976,2859,Damyanti Soni,31,1
6977,3487,Oscar Prashad,60,1
6978,3487,Daksha Hegde,19,2
6979,1556,Jagdish Chaudhari,37,1
6980,3102,Ganga Bail,36,1
6981,1383,Zehaan Bera,31,1
6982,1383,Omya Srinivasan,21,1
6983,1383,Chanchal Verma,32,1
6984,3789,Hritik Aggarwal,21,1
6985,1953,Aryan Natarajan,53,1
6986,1953,Jagdish Dugal,28,1
6987,1818,Tarak Lall,38,2
6988,1818,Maya Buch,57,1
6989,1818,Isaiah Sengupta,54,1
6990,3864,Nihal Divan,19,1
6991,4888,Zayyan Varghese,38,1
6992,4888,Ijaya Gopal,44,1
6993,4888,Krisha Sachdeva,28,1
6994,1170,Oeshi Sheth,51,2
6995,1170,Ekbal Salvi,51,1
6996,1170,Chatura Dugar,37,1
6997,4102,Avi Tara,53,2
6998,3705,Nitesh Bahl,54,1
6999,3398,Noah Memon,53,1
7000,3398,Agastya Ranganathan,59,2
7001,391,Devika Memon,59,1
7002,3142,Harini Bhavsar,25,2
7003,4764,Nisha Rajagopal,59,2
7004,4764,Zaid Sunder,57,2
7005,4764,Girik Pandit,39,2
7006,3423,Aarav Ganesan,60,1
7007,881,Dayamai Memon,56,1
7008,3177,Chatura Sagar,28,1
7009,4316,Umang Babu,25,1
7010,4316,Megha Karpe,45,1
7011,3061,Yashvi Dora,33,1
7012,3061,Ronith Warrior,18,1
7013,3061,Shaurya Chaudhry,43,2
7014,1841,Mekhala Bail,21,1
7015,1841,Chandani Deo,59,1
7016,4126,Finn Mandal,18,1
7017,2605,Yauvani Pradhan,36,1
7018,2605,Aarav Thakur,22,1
7019,556,Maanas Prakash,19,1
7020,3483,Priya Tata,19,1
7021,4795,Wriddhish Tella,46,1
7022,4795,Yashasvi Keer,42,2
7023,4795,Neelima Yadav,42,1
7024,1516,Pahal Kara,32,1
7025,346,Anvi Krish,58,2
7026,261,Peter Pillay,25,1
7027,261,Bhanumati Tara,39,2
7028,261,Daksha Vig,40,1
7029,4171,Abdul Zacharia,48,2
7030,4171,Diya Bakshi,26,1
7031,3479,Chatura Sant,55,1
7032,3479,Nidhi Misra,34,1
7033,1529,Mitesh Ravi,19,1
7034,1885,Gaurav Bhandari,18,1
7035,1675,Azad Sodhi,23,1
7036,3982,Amol Nagar,40,1
7037,339,Ishanvi Subramaniam,58,2
7038,339,Balveer Pal,50,1
7039,2722,Siya Deo,37,1
7040,2895,Sudiksha Sodhi,44,1
7041,2895,Mohammed Kade,57,1
7042,3839,Lakshmi Bhat,51,1
7043,831,Urvashi Kara,21,1
7044,4380,Jacob Ganguly,57,1
7045,589,Mason Khare,20,1
7046,589,Anusha Mohan,39,2
7047,589,Sanya Datta,49,1
7048,1713,Kai Mand,19,1
7049,1713,Dalaja Wagle,22,1
7050,1713,Jairaj Thaker,59,2
7051,557,Girik Jain,57,1
7052,2771,Krishna Oak,36,1
7053,3386,Nathaniel Chokshi,49,1
7054,545,Aashi Saini,28,1
7055,545,Yagnesh Bhagat,32,2
7056,4362,Agastya Sekhon,56,2
7057,4846,Ekiya Baral,27,1
7058,1505,Harshil Dutt,24,1
7059,248,Darika Bobal,31,1
7060,4892,Pratyush Shroff,40,2
7061,4892,Balhaar Bajwa,40,1
7062,80,Ijaya Seth,41,1
7063,80,Samar Suresh,34,1
7064,1559,Brinda Kaul,48,1
7065,1559,Arin Roy,34,1
7066,4953,Ucchal Naik,18,1
7067,4953,Falguni Brahmbhatt,26,2
7068,4610,Aachal Chakrabarti,42,1
7069,1897,Ekaraj Keer,18,1
7070,1897,Jatin Pillay,59,1
7071,3899,Irya Devan,56,1
7072,3899,Brinda Chaudhuri,29,2
7073,2076,Gabriel Ghose,39,2
7074,2076,Amrita Bhardwaj,21,1
7075,4464,Chakrika Gole,26,1
7076,4464,Nilima Patla,24,2
7077,1480,Orinder Murthy,55,2
7078,1480,Tanish Kuruvilla,48,1
7079,1480,Sai Dugar,30,2
7080,4831,Udant Mangal,60,1
7081,2581,Siya Grover,36,1
7082,4667,Yashvi Viswanathan,60,1
7083,3083,Inaya Zachariah,60,2
7084,3083,Sai Agate,35,1
7085,3083,Eesha Shah,56,1
7086,4975,Qabil Gola,29,1
7087,4975,Dominic Bandi,21,2
7088,4975,Abeer Bhakta,45,1
7089,4975,Daksh Khosla,28,1
7090,1753,Leena Bali,52,1
7091,1753,Advaith Mahal,38,1
7092,4532,Chandresh Parmer,38,1
7093,4209,Chakradev Char,23,1
7094,1851,Saanvi Natt,30,1
7095,3069,Joshua Pal,42,2
7096,3001,Hemal Kala,23,1
7097,3001,Bhavya Kannan,26,1
7098,3553,Kala D’Alia,53,1
7099,3553,Sneha Narang,22,1
7100,4744,Pranit Prabhu,45,1
7101,4744,Dhruv Jayaraman,33,1
7102,4744,Leela Shah,22,1
7103,4744,Meghana Bhavsar,49,1
7104,2362,Vidhi Hora,50,1
7105,2362,Hitesh Ram,54,1
7106,737,Adya Shetty,40,1
7107,3066,Meera Halder,34,1
7108,4114,Ekaja Soni,59,2
7109,2137,Vanya Patel,53,1
7110,2137,Vidhi Oommen,48,2
7111,2137,Sathvik Batta,56,2
7112,1423,Anmol Munshi,48,1
7113,3010,Advika Devan,30,1
7114,1497,Girindra Dhawan,30,1
7115,767,Chakrika Padmanabhan,27,2
7116,1553,Yasti Bir,31,1
7117,1553,Baghyawati Ravel,42,2
7118,4739,Aishani Bahri,25,2
7119,4739,Keya Wali,50,2
7120,4739,Mason Dasgupta,59,1
7121,653,Wakeeta Borra,43,1
7122,653,Girindra Chaudhary,42,1
7123,2217,Urmi Randhawa,49,1
7124,2781,Aashi Kibe,36,1
7125,3515,Pranit Goyal,30,2
7126,3515,Udant Natarajan,35,1
7127,1950,Saanvi Natt,44,1
7128,1950,Ubika Wable,34,1
7129,171,Dhruv Shenoy,19,2
7130,1199,Rajeshri Deshpande,51,1
7131,1199,Meera Magar,45,1
7132,1199,Dakshesh Sankaran,47,1
7133,1199,Ranveer Kapoor,53,1
7134,4296,Ishita Virk,45,1
7135,4838,Charita Kibe,60,1
7136,4838,Diya Dara,39,1
7137,700,Bhavika Chadha,25,1
7138,700,George Prabhu,57,1
7139,2124,Tanmayi Raghavan,38,2
7140,3203,Sathvik Borra,26,1
7141,1249,Lekha Borra,36,2
7142,3659,Harinakshi D’Alia,30,1
7143,182,Maanas Bora,54,1
7144,2144,Gautam Doctor,51,1
7145,2951,Panini Ravel,36,1
7146,4618,Waida Bawa,42,1
7147,3160,Vidhi Sachar,54,1
7148,1335,Avi Gara,45,1
7149,1335,Quincy Chakrabarti,18,2
7150,2830,Ekanta Ramachandran,49,1
7151,2830,Ijaya Mannan,59,2
7152,2830,Eshana Bhatt,34,1
7153,2830,Pavani Bhagat,19,1
7154,3509,Manbir Dubey,28,1
7155,3509,Ladli Sathe,20,1
7156,3509,Noah Ramakrishnan,60,2
7157,4769,Aarush Shere,45,1
7158,2906,Chakradhar Boase,57,2
7159,2906,Zarna Arya,53,1
7160,1722,Mitesh Upadhyay,34,1
7161,51,Raagini Rout,35,1
7162,51,Eshana Gill,56,1
7163,78,Jack Nanda,39,2
7164,3063,Aashi Bhardwaj,47,1
7165,4246,Yashica Lad,42,1
7166,4246,Madhavi Agrawal,24,1
7167,4246,Kalpit Sibal,39,1
7168,4246,Ojasvi Dasgupta,20,1
7169,4197,Elijah Rajagopalan,38,1
7170,4197,Aarush Das,29,1
7171,4197,Lohit Thakkar,22,2
7172,4387,Adya Khare,49,1
7173,54,Chatresh Chana,33,1
7174,1359,Abha Mittal,47,1
7175,1359,Dayamai Minhas,53,2
7176,3582,Balhaar Johal,60,2
7177,3582,Vivaan Natt,50,2
7178,2670,Avni Kade,22,2
7179,3543,Tripti Sane,55,2
7180,3954,Sachi Golla,48,1
7181,2863,Yashasvi Mander,24,1
7182,4703,Ekaraj Varughese,36,1
7183,4725,Oeshi Bhatt,32,1
7184,1186,Rachana Oza,58,2
7185,2058,Damini Maharaj,58,1
7186,1923,Kai Mammen,47,1
7187,2284,Lohit Bedi,44,1
7188,1206,Gaurangi Dayal,28,1
7189,1806,Mitali Bumb,54,1
7190,1806,Gayathri Jaggi,51,1
7191,4342,Sanaya Garde,31,2
7192,4342,Ekansh Naidu,30,1
7193,2620,Yashawini Rau,20,2
7194,2620,Gautam Thakkar,51,1
7195,2620,Wahab Varty,39,1
7196,1367,Yug Bumb,21,1
7197,1367,Nitesh Prakash,53,1
7198,2619,Jeevika Cheema,59,2
7199,2619,Mitali Sandhu,51,1
7200,2619,Victor Comar,20,1
7201,4965,Krishna Kale,25,1
7202,962,Nidra Nori,58,2
7203,962,Benjamin Cheema,59,1
7204,1985,Balendra Keer,39,2
7205,4055,Omkaar Sura,42,1
7206,4055,Qabil Modi,53,1
7207,4534,Bhavini Mitter,20,1
7208,4534,Michael Shan,53,2
7209,4534,Peter Parsa,23,1
7210,115,Ladli Bala,37,2
7211,4715,Laksh Bhat,46,1
7212,4715,Frado Gaba,41,1
7213,4715,Warjas Sidhu,28,1
7214,3855,Gautam Balay,54,1
7215,4578,Ijaya Rastogi,40,1
7216,1287,Oscar Warrior,42,1
7217,1287,Vaishnavi Chandran,56,1
7218,2036,Arya Ramakrishnan,43,1
7219,3019,Janya Kapoor,29,1
7220,3019,Amrita Biswas,53,1
7221,2970,Turvi Desai,54,1
7222,1727,Urvashi Kata,47,1
7223,1727,Bakhshi Vaidya,57,1
7224,841,Anika Vig,51,1
7225,841,Yoshita Mittal,60,2
7226,3037,Darsh Mitter,35,1
7227,817,Vihaan Mammen,58,1
7228,2265,Fitan Devi,42,1
7229,2265,Watika Sengupta,51,1
7230,3322,Brinda Nadkarni,59,1
7231,3910,Upasna Datta,60,1
7232,2777,Vedika Mukherjee,18,1
7233,2567,Bimala Kuruvilla,28,1
7234,2567,Omisha Sahota,55,2
7235,2567,Jyoti Chada,48,2
7236,4545,Yatin Srinivasan,32,1
7237,4545,Chaitanya Mitra,29,1
7238,4814,Damyanti Varma,60,2
7239,4885,Deepa Agarwal,19,1
7240,1975,Isha Bora,19,1
7241,1975,Tanveer Mangal,18,2
7242,749,Yamini Chhabra,59,1
7243,1490,Jagdish Zacharia,24,1
7244,1490,Kashish Karpe,21,1
7245,1490,Hredhaan Palla,45,1
7246,4665,Tanish Narang,57,1
7247,4665,Thomas Dhawan,26,1
7248,4220,Guneet Sem,33,1
7249,1627,Vansha Lal,21,1
7250,4182,Dipta Sidhu,31,1
7251,4182,Bhanumati Rege,20,1
7252,3038,Timothy Sodhi,47,1
7253,4947,Dominic Kala,22,1
7254,1924,Champak Luthra,57,1
7255,1924,Mekhala Prabhakar,53,1
7256,1412,Megha Sood,35,2
7257,1412,Omkaar Kota,36,1
7258,4147,Quincy Rastogi,38,1
7259,3463,Aryan Ravi,26,1
7260,3463,Mugdha Deo,45,1
7261,1356,Chavvi Lalla,45,2
7262,2507,Ethan Barad,55,1
7263,2507,Omya Raman,35,1
7264,2507,Radha Dutt,31,1
7265,2507,Girish Comar,57,1
7266,2682,Urvi Cherian,19,1
7267,4992,Bina Kala,21,1
7268,4992,Keya Kamdar,44,1
7269,4992,Ladli Nori,30,1
7270,3879,Nihal Saran,33,1
7271,3984,Kritika Vohra,30,1
7272,4357,Vedhika Mammen,58,1
7273,4357,Chandani Narang,55,2
7274,1188,Bina Bhatt,20,1
7275,4789,Irya Rana,33,2
7276,4789,Dayita Nori,53,1
7277,2150,Vedant Chowdhury,36,1
7278,1739,David Cheema,22,1
7279,1739,Utkarsh Basu,34,1
7280,1904,Faris Ben,19,1
7281,1904,Onkar Jaggi,24,1
7282,3306,Jeevika Bobal,32,1
7283,3306,Yash Contractor,39,1
7284,3306,Isaac Babu,54,2
7285,1117,Abhiram Srinivas,30,1
7286,1117,Yashvi Raman,45,1
7287,83,Robert Keer,56,2
7288,83,Watika Raju,22,1
7289,83,Gaurangi Rege,52,1
7290,678,Raksha Narayan,56,2
7291,678,Isaac Chakraborty,26,1
7292,311,Sudiksha Master,59,1
7293,311,Indrajit Balasubramanian,54,1
7294,311,Chaman Nayak,30,1
7295,617,Ekalinga Grover,54,1
7296,617,Brinda Khare,42,1
7297,2973,Arunima Chahal,26,2
7298,1484,Yachana Garg,26,2
7299,1736,Tanvi Cheema,20,2
7300,4146,Kevin Arora,46,1
7301,4146,Vritti Dhillon,39,2
7302,2837,Vrishti De,42,1
7303,2837,Chaaya Gill,21,2
7304,2216,Oliver Kapoor,59,2
7305,824,Amruta Subramanian,19,1
7306,2163,Owen Ramakrishnan,31,1
7307,2163,Kabir Acharya,56,1
7308,4594,Aishani Manda,30,1
7309,4594,Shravya Char,55,1
7310,4594,Nihal Wadhwa,37,1
7311,3836,Girik Swamy,21,1
7312,3836,Anusha Ganesan,19,2
7313,2489,Rishi Saran,28,1
7314,4840,Kashvi Sangha,29,1
7315,1248,Krisha Raghavan,52,2
7316,1248,Parth Suri,59,2
7317,1248,Jagat Singh,32,1
7318,1459,Madhav Chopra,35,1
7319,3566,Isaac Gill,58,2
7320,3566,Dev Kannan,39,1
7321,3566,Viraj Dara,24,2
7322,2848,Amol Chauhan,20,1
7323,2848,Darpan Ramesh,48,1
7324,3665,Niharika Shenoy,46,1
7325,757,Zarna Dani,26,2
7326,757,Nidhi Kale,33,2
7327,757,Ubika Pal,39,2
7328,3389,Laban Desai,28,1
7329,529,Xiti Bhatia,47,2
7330,2995,Oviya Dua,55,1
7331,4419,Timothy Kapoor,57,2
7332,4419,Nirja Krish,37,1
7333,4419,Nilima Ramakrishnan,54,1
7334,1617,Indali Parsa,42,1
7335,4476,Nachiket Dhar,19,2
7336,4476,Ekani Kunda,53,1
7337,1889,Ekaraj Rattan,60,1
7338,1889,Chakrika Pandey,53,2
7339,4850,Isaac Chakraborty,26,1
7340,4850,David Khare,26,1
7341,56,Tanish Kota,26,1
7342,2334,Hema Lalla,18,1
7343,1448,Azad Kaul,24,1
7344,1448,Anamika Sangha,20,1
7345,3967,Upasna Goda,32,2
7346,2641,Qarin Kibe,54,2
7347,2641,Theodore Aurora,57,1
7348,3970,Forum Garde,53,1
7349,4421,Arin Keer,38,1
7350,4245,Chandresh Sharma,55,1
7351,96,Thomas Mallick,39,1
7352,2295,Rudra More,30,2
7353,2295,Ridhi Swamy,59,1
7354,4601,Faras Borah,52,1
7355,2824,Arjun Mahajan,58,1
7356,2824,Jeremiah Rajagopalan,43,1
7357,2824,Bhavika Dar,50,1
7358,4722,Manya Mand,36,1
7359,4722,Gaurang Ratta,32,2
7360,245,Rajeshri Sankar,36,1
7361,245,Karan Sarraf,22,1
7362,411,Warjas Bora,38,1
7363,411,Dayita Puri,47,2
7364,3841,Zaitra Kalita,46,2
7365,3841,Henry Dar,34,1
7366,3353,Bhavani Dhar,41,2
7367,17,Aarav Kapoor,44,1
7368,1337,Liam Buch,59,2
7369,1337,Yauvani Setty,31,1
7370,1337,Faras Bakshi,27,1
7371,2280,Yashasvi Bhardwaj,37,1
7372,2280,Ganga Ahluwalia,20,1
7373,4670,Gunbir Grewal,43,2
7374,4670,Sudiksha Master,59,1
7375,3823,Janaki Das,54,1
7376,3823,Aashi Wali,42,1
7377,3823,Anjali Kothari,22,1
7378,4460,Maanas Bala,21,1
7379,4460,Kalpit Mishra,20,2
7380,4460,Christopher Cheema,37,1
7381,843,Urmi Kibe,36,2
7382,843,Harsh Brahmbhatt,26,1
7383,787,Radhika Ghose,26,1
7384,3185,Shaurya Chakraborty,57,1
7385,3185,Daksha Narang,25,1
7386,3496,Ronith Jaggi,36,2
7387,3496,Upma Guha,28,1
7388,3496,Dhriti Bobal,33,2
7389,3514,Pavani Garde,49,1
7390,662,Upma Kannan,32,1
7391,662,Jagvi Thakkar,55,1
7392,2526,Wahab De,53,1
7393,2388,Chandani Zacharia,23,1
7394,2388,Idika Nagy,60,2
7395,2388,Anika Murthy,46,2
7396,2388,Advay Kapur,57,1
7397,595,Fitan Hegde,29,1
7398,3464,Indira Dani,20,1
7399,3464,Champak Ram,60,1
7400,410,Aachal Pandya,30,1
7401,3490,Kamya Bhakta,45,1
7402,3490,Amaira Bhargava,27,1
7403,4101,Frederick Johal,45,1
7404,4101,Wahab Date,55,1
7405,4412,Falak Aurora,29,2
7406,446,Maanas Rastogi,60,1
7407,3556,Xiti Bhagat,49,1
7408,3556,Eta Nair,46,1
7409,1316,Janya Buch,30,1
7410,1316,Chandani Sathe,31,1
7411,596,Anay Goda,19,2
7412,596,Vivaan Sane,35,1
7413,596,Upadhriti Lata,54,1
7414,763,Ria Dass,22,1
7415,4052,Widisha Zachariah,57,1
7416,4052,Rachana Mukherjee,43,1
7417,4052,Devansh Deshmukh,39,1
7418,1276,Andrew Khatri,37,1
7419,1276,Reva Dora,24,2
7420,1276,Kamya Murty,21,1
7421,2089,Elijah Batta,53,1
7422,4270,Chanakya Anne,26,2
7423,4270,Widisha Deo,29,1
7424,4270,Meera Upadhyay,55,1
7425,805,Indira Bakshi,38,2
7426,2692,Aarush Madan,35,1
7427,532,Arin Rai,26,1
7428,532,Devika Krish,28,2
7429,532,Zayyan Raman,47,2
7430,532,Wishi Khalsa,54,1
7431,2844,Ekta Ganesan,59,1
7432,2844,Kritika Rajagopal,55,2
7433,492,Chanchal Mangal,42,2
7434,492,Raghav Karnik,49,1
7435,4768,Nimrat Basu,53,1
7436,4768,Eshana Mahajan,18,1
7437,2306,Chatresh Chanda,26,1
7438,2306,Manbir Wali,44,1
7439,2306,Naksh Shankar,43,2
7440,2501,Sathvik Tripathi,44,1
7441,3541,Lekha Pal,23,2
7442,3541,Niharika Bail,53,1
7443,2490,Oeshi Kale,44,1
7444,2490,Devika Gera,30,1
7445,2490,Baghyawati Mital,52,1
7446,395,Ekaja Pant,37,1
7447,3606,Chandran Dash,52,2
7448,2260,Harita Anand,22,2
7449,2260,Jonathan Shukla,44,2
7450,2260,Vritti Pillay,18,1
7451,2260,Upkaar Murty,51,1
7452,4508,Jack Kota,25,2
7453,4508,Nicholas Bhat,36,1
7454,4508,Harita Bobal,28,1
7455,4508,Advika Badal,59,2
7456,4401,Meera Madan,53,1
7457,3123,Chasmum Oza,50,2
7458,4410,Gauri Kashyap,38,2
7459,4755,Ira Narayan,54,1
7460,4755,Eesha Sen,45,2
7461,4200,Amara Sant,58,1
7462,871,Adya Singhal,47,1
7463,871,Edhitha Sahota,20,1
7464,2987,Noah Char,29,1
7465,2987,Gaurang Ranganathan,42,2
7466,514,Jatin Om,27,1
7467,514,Naveen Nagy,22,1
7468,968,Leena Ram,20,1
7469,1825,Hitesh Patla,52,1
7470,703,Vedant Memon,34,1
7471,3844,Balendra Mani,58,1
7472,1932,Ojas Vora,42,1
7473,1932,Vasana Talwar,40,1
7474,3345,Rudra Ranganathan,55,1
7475,3345,Nihal Bajwa,49,1
7476,3345,Ayushman Doshi,31,1
7477,3062,Charles Sachdeva,22,1
7478,3062,Odika Pai,24,2
7479,3062,Vaishnavi Sheth,57,1
7480,867,Vrinda Karpe,43,1
7481,867,Chaman Chad,60,1
7482,1775,Qadim Kapoor,33,1
7483,1775,Anay Pau,51,1
7484,1775,Anjali Mander,28,2
7485,1374,Krisha Sen,43,2
7486,2282,Gaurangi Bal,48,1
7487,2282,Ojas Bora,20,1
7488,2282,Umang Swamy,29,1
7489,459,Widisha Chauhan,46,2
7490,459,Jyoti Kumar,18,1
7491,4684,Faqid Choudhry,21,1
7492,3442,Oliver Gopal,32,1
7493,654,Ekaraj Shukla,23,2
7494,3682,Ishwar Gill,22,1
7495,1966,Devika Deo,23,1
7496,976,Chaaya Guha,59,1
7497,976,Chaitanya Sankaran,30,1
7498,4671,Aradhana Ganguly,58,1
7499,4671,Dakshesh Kapur,54,2
7500,3324,Hritik Iyengar,38,1
7501,3324,Yamini Tata,28,1
7502,2407,Chameli Batra,21,2
7503,2407,Krish Thaker,45,1
7504,1496,Onkar Chand,59,1
7505,1306,Ojas Basak,52,1
7506,1306,Prisha Kala,22,1
7507,146,Krishna Dhaliwal,25,1
7508,146,Ubika Prashad,37,1
7509,146,Zaid Deol,56,1
7510,2270,Maya Anne,51,1
7511,542,Anvi Krish,58,2
7512,4276,Nidra Batta,45,2
7513,4880,Daksh Vyas,41,1
7514,4880,Gayathri Ganguly,34,2
7515,3129,Anjali Desai,56,2
7516,2684,Falak Pathak,39,1
7517,538,Daniel Khare,51,1
7518,720,Omkaar Suresh,19,1
7519,1241,Upasna Mangal,28,1
7520,1241,Anirudh Roy,29,1
7521,4333,Chaitaly Srivastava,38,2
7522,4333,Yashoda Solanki,32,1
7523,3152,Riya Bobal,48,1
7524,1771,Nidhi Lata,60,1
7525,4518,Lakshit Parekh,19,1
7526,948,Omkaar Bhandari,60,1
7527,131,Yahvi Chadha,58,1
7528,2908,Champak Gole,37,1
7529,4445,Qadim Narayan,42,1
7530,4445,Baghyawati Comar,41,1
7531,3999,Yoshita Samra,53,1
7532,3999,Henry Sampath,51,1
7533,2109,Reva Bhatia,21,1
7534,2109,Vihaan Gulati,48,1
7535,2109,Devika Nanda,19,2
7536,4413,Omkaar Kade,37,2
7537,531,Dayamai Mahal,51,1
7538,3607,Ishwar Hayer,51,2
7539,3607,Ayaan Subramanian,36,1
7540,293,Nisha Varma,24,1
7541,101,Ubika Natarajan,59,1
7542,1920,Girik Panchal,20,2
7543,1536,Kala Deshmukh,21,1
7544,4115,Vasudha Dugar,27,1
7545,4115,Raghav Kala,47,1
7546,2078,Jacob Bahl,46,2
7547,3662,Noah Wali,60,1
7548,3662,Osha Lad,18,1
7549,3662,Balhaar Jani,27,1
7550,1450,Warinder Dave,45,1
7551,1450,Falak Sandal,26,2
7552,3530,Darsh Mohanty,33,2
7553,3530,Ekansh Sarna,53,2
7554,3530,Tejas Halder,55,1
7555,3209,Brijesh Muni,45,1
7556,3304,Nitesh Bahl,54,1
7557,2853,Nilima Morar,26,2
7558,2853,Tanish Rajan,34,1
7559,2853,Upasna Salvi,47,1
7560,3730,Pranit Pant,50,1
7561,3730,Darsh Trivedi,49,1
7562,3730,Warinder Mahajan,36,1
7563,1776,Ekapad Buch,48,1
7564,1776,Jason Verma,35,1
7565,2097,Lekha Pradhan,21,1
7566,1255,Manya Radhakrishnan,23,1
7567,1255,Gautami Patla,32,1
7568,4135,Nathaniel Pathak,24,2
7569,4166,Ucchal Biswas,28,1
7570,4602,Vrishti Borah,22,1
7571,4602,Advay Sarin,27,1
7572,3843,Bishakha Chopra,49,2
7573,4898,Ekavir Warrior,42,1
7574,4898,Reyansh Gokhale,60,1
7575,4236,Oliver Majumdar,42,2
7576,4015,Tara Narain,57,2
7577,4015,Triya Bajwa,48,1
7578,4015,Ranveer Issac,23,1
7579,4015,Mahika Kumer,33,1
7580,4204,Siya Khatri,18,1
7581,151,Andrew Vala,58,1
7582,1794,Kiaan Gade,20,2
7583,1794,Ayushman Raval,49,2
7584,1794,Ekanta Sampath,23,2
7585,4189,Noah Chokshi,53,2
7586,4189,Samar Baria,49,1
7587,1226,Orinder Saraf,36,1
7588,1219,Chandani Bumb,20,1
7589,1219,Laksh Chander,35,1
7590,568,Anthony Kari,33,1
7591,3443,Brinda Kala,54,2
7592,2222,Liam Varty,35,1
7593,3779,Kamala Gandhi,41,1
7594,3779,Noah Palan,46,1
7595,3779,Patrick Dash,47,1
7596,399,Idika Nagy,60,2
7597,399,Rajeshri Dass,59,1
7598,399,Riya Walla,38,1
7599,3173,Farhan Venkataraman,33,1
7600,3173,Yadavi Gopal,22,1
7601,265,Ekta Koshy,19,2
7602,3631,Chanchal Mangal,42,2
7603,3379,Chasmum Sanghvi,25,1
7604,2336,Om Divan,46,1
7605,852,Karan Nair,27,1
7606,1661,Kai Parikh,35,1
7607,4951,Aayush Mall,34,1
7608,4951,Eta Kade,58,1
7609,4951,Reyansh Malhotra,26,1
7610,3630,Falak Savant,30,2
7611,3630,Gaurika Naidu,53,1
7612,3845,Vritti Agarwal,26,1
7613,3845,Jagdish Samra,48,2
7614,3770,Vanya Patel,53,1
7615,3770,Bakhshi Dewan,30,2
7616,3770,Darsh Bhalla,29,1
7617,3770,Onkar Yohannan,56,1
7618,980,Aarna Pandit,18,1
7619,971,Riya Mall,23,1
7620,2206,Kashvi Anne,43,1
7621,4418,Peter Raj,19,1
7622,2717,Falan Deol,52,1
7623,473,Ekiya Mangat,21,1
7624,473,Mugdha Din,40,1
7625,3766,Ekaja Chander,48,1
7626,3766,Hemani Mannan,24,1
7627,4984,Faqid Anand,50,1
7628,4396,Hamsini Balakrishnan,31,1
7629,4444,Tanvi Ray,45,2
7630,4444,Kevin Karpe,56,2
7631,4444,Ojas Mitra,26,2
7632,3255,Yatin Loke,25,1
7633,3255,Gaurangi Pant,49,1
7634,3255,Anusha Jani,22,1
7635,998,Theodore Venkataraman,18,1
7636,998,Chatresh Batra,25,1
7637,998,Ekiya Brahmbhatt,40,2
7638,3262,Warinder Issac,48,1
7639,3538,Nachiket Vyas,60,1
7640,414,Bhavya Baria,46,2
7641,414,Victor Narain,21,2
7642,914,Kevin Lad,40,2
7643,3924,Upadhriti Tandon,59,2
7644,3924,Yug Atwal,46,2
7645,3924,Aachal Dara,21,1
7646,461,Panini Nigam,34,1
7647,461,Adweta Taneja,39,1
7648,461,Dipta Bajwa,30,1
7649,2881,Oviya Srinivasan,31,1
7650,913,Tara Peri,37,1
7651,913,Yamini Tata,28,1
7652,3096,Saumya Bath,30,1
7653,3096,Arjun Bhagat,22,1
7654,512,Kamala Mangat,26,2
7655,512,Netra Wadhwa,55,1
7656,4491,Jeremiah Deo,48,2
7657,1221,Utkarsh Seth,59,2
7658,3424,Aachal Ahuja,50,1
7659,576,Abha Iyer,46,2
7660,576,Nisha Ghose,18,2
7661,576,Michael Mital,49,1
7662,4327,Manthan Raman,39,1
7663,4021,Urvashi Oommen,59,1
7664,4021,Upadhriti Mital,47,1
7665,4021,Jagdish Munshi,20,2
7666,1,Girindra Johal,20,1
7667,1,Libni Natt,43,2
7668,1351,Rudra Chawla,38,1
7669,2428,Shivansh Kannan,23,2
7670,1670,Saksham Khare,24,2
7671,1670,Vrinda Lala,25,1
7672,1670,Ijaya Mahajan,60,2
7673,1670,David Nayar,36,2
7674,2638,Simon Arya,58,2
7675,104,Yash Wali,40,2
7676,1801,Mohammed Sandhu,60,1
7677,3792,Aachal Desai,18,1
7678,3792,Niharika Mahajan,29,2
7679,3792,Vansha Talwar,57,1
7680,1805,Lopa Divan,58,1
7681,1805,Aarini Sagar,19,1
7682,1805,Sarthak Bath,18,1
7683,2740,Kalpit Ramaswamy,22,1
7684,2740,Praneel Sheth,33,1
7685,3074,Shaurya Naidu,18,1
7686,3074,Gavin Agate,44,1
7687,3074,Umang Balan,53,1
7688,801,Yachana Bhatti,40,1
7689,3426,Akshay Basak,23,2
7690,3426,Wridesh Shetty,31,2
7691,192,Amruta Rege,55,1
7692,3976,Watika Pandit,28,1
7693,3976,Suhani Bora,31,1
7694,2545,Darsh Kulkarni,32,2
7695,961,Shivani Khatri,36,1
7696,961,Jeremiah Ravel,39,1
7697,961,Jeremiah Loke,26,1
7698,1523,Samesh Mallick,50,1
7699,1523,Aarush Raman,28,1
7700,3492,Simon Bhargava,19,2
7701,2433,Vinaya Choudhury,56,1
7702,447,Bhavika Dua,45,1
7703,447,Warjas Agate,58,2
7704,1997,Matthew Agrawal,36,1
7705,1977,Jason Dhawan,40,1
7706,1245,Amol Chokshi,49,1
7707,173,Gaurika Hans,49,1
7708,2658,Isaiah Dhingra,29,1
7709,4257,Leela Dani,46,2
7710,3549,Varenya Deol,53,1
7711,4662,Shravya Sibal,35,1
7712,2766,Vrinda Patla,41,2
7713,481,Dayita Oommen,37,1
7714,481,Anmol Parikh,19,1
7715,4910,Manthan Bawa,53,1
7716,4910,Warinder Virk,41,1
7717,2465,Aadi Puri,47,1
7718,2465,Indali Mannan,34,2
7719,3930,Kalpit Peri,36,1
7720,3930,Mohini Hari,58,1
7721,3905,Varenya Dhingra,41,1
7722,3905,Nathaniel Anand,18,1
7723,1141,Advaith Deshmukh,22,1
7724,1141,Nandini Gaba,26,1
7725,1578,Yash Virk,19,1
7726,4787,Zayyan Dave,41,1
7727,4787,Siddharth Shanker,41,1
7728,4787,Girish Raghavan,34,1
7729,2972,Vanya Gade,46,1
7730,3235,Kavya Swaminathan,51,1
7731,3235,Madhav Krishnamurthy,41,1
7732,3235,Owen Lal,53,2
7733,3435,Laksh Karan,28,2
7734,3435,Lakshit Batra,41,1
7735,3033,Chasmum Srivastava,22,1
7736,3781,Jason Mall,35,1
7737,3781,Hemani Contractor,32,1
7738,2492,Ekta De,42,2
7739,3101,Aarav Swamy,45,2
7740,3716,Krish Kibe,44,1
7741,3716,Elijah Panchal,60,1
7742,3716,Michael Golla,32,1
7743,3716,Meghana Tak,23,2
7744,2804,Nikita Ghose,53,1
7745,3048,Raagini Tank,47,1
7746,3048,Odika Bhatt,56,1
7747,3048,Logan Bhasin,35,1
7748,3213,Naksh Dani,43,1
7749,1519,Amol Narain,36,1
7750,1519,Vasatika Dugar,45,1
7751,9,Abha Das,37,1
7752,665,Hardik Dyal,19,1
7753,13,Onkar Bail,21,1
7754,13,Oviya Cherian,46,2
7755,2230,Upma Pandey,36,1
7756,1922,Jagat Singh,32,1
7757,1922,Lohit Venkatesh,39,2
7758,1922,Fariq Jha,50,1
7759,2215,Raksha Shankar,50,2
7760,2215,Ati Kapur,56,1
7761,4895,Azad D’Alia,24,1
7762,4895,Garima Sarraf,58,1
7763,2728,Nidhi Gaba,39,1
7764,756,Radha Dhar,29,2
7765,756,Yauvani Balay,21,1
7766,79,Anay Dash,53,1
7767,79,Yasti Pandya,48,1
7768,3084,Leela Shanker,27,1
7769,3084,Tripti Grewal,45,1
7770,3762,Ijaya Naik,60,1
7771,3762,Warjas Halder,45,1
7772,3762,Neelima Kata,41,1
7773,3297,Yasti D’Alia,32,1
7774,3297,Hema Karpe,59,1
7775,3344,Lohit Natarajan,46,2
7776,4923,Advika Agarwal,51,1
7777,4923,Chakradhar Basu,26,1
7778,4923,Ikshita Magar,25,1
7779,3520,Samar Chakraborty,30,1
7780,3394,Manbir Chandra,34,2
7781,3394,Eshana Agarwal,44,2
7782,3058,Vasudha Nayak,42,1
7783,2276,Naveen Radhakrishnan,39,2
7784,2244,Suhani Chander,37,1
7785,2244,Yahvi Mani,26,1
7786,864,Yutika Tailor,52,1
7787,864,Quincy Buch,19,1
7788,864,Damyanti Choudhry,55,2
7789,864,Orinder Sibal,57,1
7790,2910,Aishani Bedi,59,1
7791,2910,Suhani Kurian,35,1
7792,3907,Chandani Kumar,34,1
7793,3907,Bhavna Sami,22,1
7794,3907,Omisha Puri,35,1
7795,156,Ekaja Samra,39,2
7796,156,Hamsini Sanghvi,39,1
7797,156,Krishna Bhatt,25,1
7798,4882,Samuel Jayaraman,27,1
7799,3711,Advay Mutti,42,2
7800,3560,Nakul Sundaram,26,2
7801,3560,Advika Dani,21,1
7802,4353,Gaurav Dave,41,1
7803,4353,Balveer Yogi,57,2
7804,735,Ekiya Brahmbhatt,40,2
7805,735,Kashvi Apte,55,1
7806,1569,Indali Dube,26,1
7807,1569,Anmol Ramesh,46,1
7808,251,Omkaar Suresh,19,1
7809,251,Amol Mall,43,1
7810,972,Benjamin Bose,24,1
7811,727,Advik Patel,24,1
7812,727,Hardik Vasa,37,1
7813,727,Hredhaan Khatri,22,2
7814,2864,Leela Padmanabhan,27,2
7815,2864,Chaaya Bhattacharyya,24,1
7816,2864,Azaan Gaba,59,1
7817,2864,Isha Dugar,57,1
7818,4679,Lajita Golla,41,1
7819,4679,Caleb Balay,25,1
7820,4438,Kala Roy,52,1
7821,4438,Nathaniel Sami,43,1
7822,4438,Advaith Borde,59,2
7823,900,Luke Kalla,40,1
7824,2626,Nikita Lad,57,2
7825,482,Raksha Dubey,44,1
7826,3643,Anay Kamdar,43,1
7827,46,Madhav Mahajan,45,1
7828,2715,Rachit Oak,60,1
7829,2715,Darsh Verma,59,1
7830,2715,Tejas Bawa,42,1
7831,2715,Yatin Vala,60,1
7832,4325,Oni Randhawa,51,1
7833,3392,Aditya Soni,58,1
7834,4712,Ekalinga Mukherjee,28,1
7835,3691,Mugdha Anne,48,2
7836,3691,Upadhriti Wali,22,2
7837,3691,Vedant Ramachandran,44,1
7838,2907,Triya Parikh,25,1
7839,2907,Aachal Thaker,23,1
7840,610,Nitesh Verma,21,1
7841,610,Wazir Shan,38,1
7842,3660,Manthan Bali,31,2
7843,3660,Balvan Patil,59,1
7844,3660,Elijah Batta,53,1
7845,4040,Girish Ahluwalia,23,1
7846,4040,Hiral Aurora,25,2
7847,1156,Nathan Sarin,56,1
7848,52,Zayan Gera,18,1
7849,2277,Pushti Balasubramanian,45,1
7850,1659,David Mukherjee,19,1
7851,1659,Onkar Amble,46,1
7852,1659,Charles Narayanan,23,1
7853,2153,Chaitanya Gour,27,1
7854,1441,Forum Srinivas,53,1
7855,3149,Harrison Chander,20,2
7856,2586,Anmol Loke,24,1
7857,2586,Ansh Jhaveri,36,2
7858,2214,Dayita Kala,52,2
7859,3077,Nidhi Raja,33,2
7860,943,Yuvraj Verma,20,1
7861,2193,Yug Sharaf,21,2
7862,2057,Neelima Raval,43,1
7863,2456,Bhavini Yohannan,20,1
7864,2456,Madhav Rout,52,1
7865,2544,Luke Chhabra,44,1
7866,2544,Dayita Wali,57,2
7867,2544,Omya Rau,58,1
7868,795,Bina Bhatt,20,1
7869,795,Manya Rajagopal,34,1
7870,1580,Udant Nazareth,47,1
7871,3655,Suhani Tripathi,48,2
7872,3655,Vamakshi Contractor,32,1
7873,2664,Osha Lad,47,1
7874,2664,Ladli Biswas,60,1
7875,3642,Peter Prashad,51,1
7876,216,Chaitaly Grover,40,2
7877,1098,Bhavini Misra,50,2
7878,1098,Nihal Kant,57,1
7879,4031,Jagvi Sura,60,1
7880,4031,Charita Bhatt,43,1
7881,4416,Yuvraj Gara,25,1
7882,4416,Vyanjana Sagar,32,2
7883,1691,Gaurika Kibe,27,1
7884,1691,Ethan Kumar,58,1
7885,2132,Azaan Dua,47,1
7886,4677,Omaja Krishna,47,1
7887,4677,Sachi Khare,26,2
7888,2851,Arin Swamy,52,2
7889,629,Urishilla Srinivas,27,1
7890,629,Siya Thaker,41,2
7891,728,Waida Datta,43,1
7892,728,Yashawini Gole,47,1
7893,728,Owen Khanna,48,1
7894,1593,Jai Mukherjee,34,2
7895,1593,Waida Hayer,56,1
7896,1593,Gautam Kala,47,1
7897,2599,Ekanta Sangha,26,1
7898,3898,Odika Kar,42,1
7899,4224,Vedika Patel,55,2
7900,3238,Arjun Seth,58,1
7901,3238,Girindra Varty,54,1
7902,3238,Finn Sharma,40,1
7903,3238,Chakradev Barad,22,2
7904,1467,Lavanya Deol,34,1
7905,1467,Kabir Pandey,18,1
7906,1467,Joshua Arya,22,1
7907,4806,Anjali Desai,56,2
7908,4806,Watika Seshadri,31,1
7909,4806,Nitesh Batra,52,1
7910,4646,Isaac Bose,29,1
7911,4646,Priya Pau,35,2
7912,4646,Ranveer Raju,46,2
7913,2351,Harinakshi Madan,46,1
7914,4080,Suhani Bail,30,1
7915,1375,Hemani Sandhu,50,2
7916,3832,Leena Banik,40,1
7917,3832,Jasmit Jayaraman,59,2
7918,3832,Anay Wali,41,1
7919,3832,Krish Virk,55,1
7920,1398,Janani Atwal,49,1
7921,1398,Gayathri Batta,38,1
7922,1706,Imaran Pandya,18,1
7923,1706,Qabil Balan,54,2
7924,3139,Janya Devan,50,1
7925,3139,Niharika Deshpande,36,1
7926,4063,Arunima Verma,37,2
7927,1768,Aarini Parsa,32,1
7928,2711,Rudra Murthy,58,1
7929,23,Girindra Kata,55,1
7930,23,Zaitra Sem,32,2
7931,23,Ria Soman,58,1
7932,783,Guneet Mani,59,1
7933,1584,Advay Bhargava,40,1
7934,1584,Yuvraj Divan,20,1
7935,3456,Triya Bakshi,22,1
7936,438,Tarak Mallick,47,1
7937,438,Nirja Wason,36,2
7938,4201,Yochana Shanker,27,1
7939,1863,Hemal Mitra,19,1
7940,1863,Ronith Upadhyay,38,1
7941,2668,Sanya Nayar,38,2
7942,2668,Hredhaan Sankar,32,1
7943,1026,Jagrati Gour,43,1
7944,989,Indrajit Korpal,36,1
7945,2876,Ayushman Sandhu,41,2
7946,41,Harrison Viswanathan,46,1
7947,41,Damyanti Bajaj,33,2
7948,4875,Nathaniel Mane,41,2
7949,3802,Noah Chaudhari,25,1
7950,3802,Noah Bhasin,18,1
7951,3802,Indira Ramachandran,49,1
7952,4275,Maanas Sibal,31,1
7953,4275,Forum Nayak,21,1
7954,4275,Nathaniel Hari,29,1
7955,2923,Michael Hora,36,1
7956,2521,Harinakshi Sawhney,33,1
7957,2521,Ansh Deshmukh,52,1
7958,3475,Chaitaly Srivastava,38,2
7959,3475,Rehaan Thaker,52,2
7960,4329,Rushil Bains,21,2
7961,4621,Robert Hegde,51,1
7962,1406,Bakhshi Dewan,30,2
7963,356,Harsh Luthra,50,1
7964,356,Max Narula,19,2
7965,356,Shivansh Sidhu,33,2
7966,356,Upasna Shankar,20,2
7967,4559,Chandani Sur,34,2
7968,4791,Damyanti Varkey,44,1
7969,923,Jairaj Sathe,47,1
7970,923,Triya Sarkar,21,2
7971,1168,Farhan Saxena,34,1
7972,415,Akshay Rege,22,1
7973,415,Rayaan Ben,50,2
7974,2956,Karan Som,46,1
7975,3109,Leena Narayanan,22,2
7976,3109,Nachiket Chahal,38,1
7977,3808,Diya Narula,60,1
7978,3808,Amaira Varkey,28,2
7979,3808,Nakul Varkey,57,2
7980,777,Amaira Dass,40,1
7981,3466,Omkaar Suresh,19,1
7982,521,Imaran Sagar,56,2
7983,521,Nicholas Wagle,54,1
7984,521,Mitali Parikh,37,1
7985,3137,Arjun Bhagat,22,1
7986,3137,Guneet Thaker,38,2
7987,2700,Ubika Dani,28,2
7988,2700,Ishani Halder,39,1
7989,2700,Ijaya Bhakta,36,2
7990,4788,Omkaar Suresh,19,1
7991,4788,Raagini Malhotra,30,2
7992,2448,William Bhardwaj,19,1
7993,2448,Aadi Subramaniam,49,1
7994,1747,Ekiya Chacko,19,1
7995,1747,Noah Memon,53,1
7996,1747,Nikita Kant,42,2
7997,1747,Kiaan Kapoor,43,1
7998,584,Harsh Walia,53,1
7999,584,Ekaja Rege,24,1
8000,4978,Nitara Barad,55,1
8001,3654,Joshua Mital,23,1
8002,579,Vrishti Dey,18,1
8003,579,Charan Dyal,36,1
8004,1678,Sanaya Garde,31,2
8005,1582,Peter Pillay,25,1
8006,1582,Yug Shanker,31,2
8007,1582,Ati Kapur,56,1
8008,1835,Yashasvi Morar,51,1
8009,1835,Nikita Yogi,33,1
8010,2716,Tristan Kalla,58,1
8011,2959,Omaja Ramesh,56,1
8012,810,Warinder Dugar,42,1
8013,4048,Rayaan Loke,52,1
8014,4452,Zehaan Sundaram,38,2
8015,3657,Zayan Jani,39,1
8016,3657,Devansh Chana,43,1
8017,2328,Krish Bahri,37,2
8018,3946,Idika Chand,58,2
8019,3946,Anvi Dara,19,1
8020,3946,Vasatika Dhar,53,1
8021,1360,Lavanya Nayar,50,1
8022,2570,Advika Handa,31,1
8023,2570,Shravya Dubey,38,2
8024,2587,Mugdha Saraf,27,2
8025,858,Noah Bahl,37,1
8026,858,Yashoda Bala,48,1
8027,858,Janaki Banik,27,1
8028,2883,Chatresh Choudhary,38,2
8029,2883,Theodore Varughese,24,1
8030,3436,Bina Patil,22,1
8031,825,Azaan Mammen,55,1
8032,825,Quincy Chacko,56,1
8033,825,Harshil Buch,60,2
8034,147,Vrinda Kari,49,1
8035,4852,Leena Ravi,42,1
8036,3275,Nicholas Parmer,49,2
8037,1357,Chaaya Chad,43,1
8038,4320,Kalpit Nagar,49,1
8039,1259,Aarna Dhawan,25,1
8040,1259,Tristan Sundaram,34,1
8041,3706,Daniel Khare,51,1
8042,3706,Gautami Sama,49,1
8043,3706,Ekansh Mangal,56,1
8044,2969,Gaurika Jain,51,1
8045,4153,Naveen Nadig,51,1
8046,1840,Yash Reddy,46,2
8047,1840,Nandini Gokhale,46,1
8048,4468,Indali Chander,18,1
8049,4468,Gautam Kala,47,1
8050,882,Rajata Tank,21,1
8051,2194,Madhav Apte,47,1
8052,2271,Oeshi Pau,44,1
8053,2271,Zashil Purohit,28,1
8054,2966,Jagdish Walla,40,2
8055,2966,Arin Sura,18,1
8056,2463,Praneel Singh,51,2
8057,2463,Jhalak Murty,24,2
8058,2463,Jeremiah Apte,57,1
8059,2463,Tristan Mohanty,47,1
8060,4254,Caleb Barad,60,1
8061,892,Wriddhish Rana,50,1
8062,3186,Megha Rattan,47,1
8063,3186,Timothy Ravel,30,2
8064,1599,Bishakha Som,44,1
8065,1599,Daniel Khare,51,1
8066,3561,Kai Sharaf,33,1
8067,1564,Gautami Som,26,1
8068,1564,Lajita Golla,41,1
8069,1336,Sai Borah,54,1
8070,4994,Xavier Rege,48,1
8071,4994,Suhani Kakar,44,1
8072,4902,Faris Sarin,39,1
8073,4902,Balvan Divan,21,1
8074,4086,Girindra Toor,24,1
8075,4237,Yashoda Nagarajan,20,2
8076,3613,Tejas Narayan,21,1
8077,1980,Chakrika Gole,26,1
8078,4206,Watika Tara,49,2
8079,4206,Yagnesh Bhatia,29,2
8080,3943,Banjeet Dora,52,1
8081,3943,Onkar Sarraf,19,2
8082,329,Janani Bhatia,50,1
8083,329,Jhalak Tata,36,1
8084,4023,Lohit Pillay,55,2
8085,4023,Tara Barad,43,1
8086,4640,Bishakha Mand,51,1
8087,4640,Zashil Patla,49,1
8088,4640,Dhriti Swaminathan,25,1
8089,431,Isaiah Nazareth,51,1
8090,431,Ekaja Dubey,29,1
8091,4777,Raagini Bhatnagar,53,2
8092,4777,Eesha Bahl,58,1
8093,4064,Maya Srivastava,54,2
8094,4064,Isaiah Kibe,19,1
8095,4064,Megha Boase,51,1
8096,4064,Mohini Aggarwal,59,2
8097,28,Diya Banik,43,1
8098,1253,Urvi Puri,46,2
8099,3712,Anay Apte,46,1
8100,2742,Gaurang Lall,34,1
8101,2742,Nathaniel Loke,42,1
8102,3502,Gautam Wali,48,2
8103,1065,Champak Dhaliwal,56,1
8104,1657,Faqid Srinivasan,31,1
8105,2092,Max Mahajan,50,2
8106,2092,Chavvi Anne,29,1
8107,1469,Reyansh Gera,60,1
8108,3316,Chaitanya Ben,28,1
8109,3636,Aahana Nadkarni,37,2
8110,1520,Darika Chandra,56,1
8111,1520,Reyansh Gokhale,60,1
8112,1520,Ishita Balakrishnan,41,1
8113,1781,Charles Kapur,34,1
8114,3153,Dalaja Chakrabarti,31,1
8115,1067,Liam Barman,60,1
8116,3295,Benjamin Swamy,24,1
8117,3295,Harish Kibe,46,1
8118,3295,Matthew Sarma,43,2
8119,164,Divya Hans,52,1
8120,3040,Aashi Banerjee,43,1
8121,3040,Radha Luthra,31,1
8122,3040,Kashvi Kara,56,2
8123,3040,Riya Shanker,23,1
8124,206,Darika Bhasin,33,1
8125,3637,Bimala Gole,24,1
8126,3637,Vasudha Sarna,27,1
8127,232,Jalsa Dasgupta,52,2
8128,3031,Diya Gola,29,1
8129,478,Praneel Devan,31,2
8130,3995,Ikshita Atwal,28,1
8131,3995,Rushil Banerjee,19,1
8132,3995,Frado Prashad,19,1
8133,4941,Netra Halder,52,1
8134,4941,Hema Sarma,41,1
8135,4941,Ojas Samra,27,1
8136,3734,Lucky Balakrishnan,51,2
8137,3805,Eesha Hora,30,1
8138,3805,Ojasvi Kapadia,38,1
8139,1782,Bina Sheth,50,1
8140,4139,Aarini Golla,38,1
8141,4139,Lipika Dyal,22,1
8142,4139,Anjali Shankar,40,1
8143,4536,Bhavna Chaudry,56,1
8144,4536,Pushti Gole,36,1
8145,4536,Kai Bhakta,59,1
8146,4062,Bahadurjit Luthra,19,1
8147,4062,George Prabhu,57,1
8148,2152,Aahana Randhawa,24,1
8149,2098,Ranbir Muni,49,1
8150,2617,Upma Brar,32,1
8151,2617,Wishi Raju,41,1
8152,645,Hredhaan Garg,18,1
8153,645,Ekanta Mukherjee,33,1
8154,4186,Praneel Devan,58,1
8155,776,Rehaan Nayar,45,1
8156,776,Jacob Bhardwaj,22,2
8157,1247,Harish Borra,25,1
8158,1247,Jairaj Bhandari,49,1
8159,1247,Christopher Gopal,34,1
8160,2528,Nathaniel Sood,21,1
8161,3224,Ucchal Misra,51,1
8162,3224,Henry Dutt,58,2
8163,1495,Geetika Butala,44,1
8164,585,Anmol Yohannan,57,1
8165,826,Ishani Hora,40,1
8166,826,Sudiksha Kalita,36,1
8167,601,Jackson Balan,29,1
8168,1340,Chandresh Narain,46,2
8169,4285,Meghana Goyal,35,2
8170,1279,Faris Prakash,23,1
8171,1012,Lajita Savant,29,1
8172,1012,Amaira Palan,52,2
8173,1012,Vaishnavi Prabhakar,51,1
8174,1715,Aarush Sharaf,37,1
8175,1715,Anita Chakrabarti,39,1
8176,1715,Eta Iyer,49,2
8177,3872,Widisha Dewan,59,2
8178,169,Yuvraj Datta,53,1
8179,169,Lucky Krishnan,33,1
8180,2672,Riya Kalita,41,1
8181,2672,Varenya Pillai,51,1
8182,2672,Madhav Chopra,35,1
8183,2208,Gayathri Bhatia,31,1
8184,4423,Hema Warrior,29,1
8185,3685,Qabil Chakrabarti,50,1
8186,3685,David Thaman,31,1
8187,3685,Vivaan Nigam,48,1
8188,2644,Unni Mander,50,1
8189,1956,Chakradhar Hegde,19,2
8190,2396,Varenya Murty,28,1
8191,2396,Saanvi Parekh,26,1
8192,2694,Caleb Lad,29,2
8193,1961,Triveni Sampath,22,1
8194,583,Aarnav Ahuja,32,1
8195,583,Eshana Verma,27,1
8196,1774,Henry Sura,36,2
8197,1774,Yadavi Chada,18,1
8198,3395,Max Srinivasan,40,1
8199,3395,Vedant Chandra,51,1
8200,165,Vincent Padmanabhan,33,2
8201,165,Tarak Agrawal,60,1
8202,4212,Chaitanya Nath,59,2
8203,220,Yatin Vala,60,1
8204,220,Baljiwan Jain,51,2
8205,3829,Onveer Contractor,24,1
8206,458,Zehaan Nanda,21,2
8207,458,Jagvi Doshi,59,1
8208,2255,Eta Dalal,18,1
8209,2255,Omisha Sha,26,1
8210,2173,Elijah Brahmbhatt,51,2
8211,2173,Chandran Ravi,30,1
8212,1676,Wriddhish Behl,46,2
8213,1676,Brijesh Dewan,41,1
8214,2350,Aditya Misra,55,1
8215,2350,Tanish Pant,51,1
8216,2350,Jalsa Patla,46,1
8217,1827,Damini Choudhry,46,1
8218,1208,Tripti Wason,49,2
8219,959,Yashawini Rau,20,2
8220,959,Bhavani Sengupta,36,2
8221,2870,Bachittar Shan,29,1
8222,2870,Ansh Virk,24,2
8223,2870,Noah Garde,25,1
8224,3104,Akshay Murthy,39,1
8225,3104,Ubika Bahri,28,2
8226,3104,Jasmit Gopal,28,1
8227,3104,Kamya Bala,23,1
8228,2874,Dakshesh Shroff,59,1
8229,2874,Xalak Barman,53,2
8230,2167,Ladli Sathe,20,1
8231,1873,Ekani Konda,25,2
8232,1873,Gagan Hayre,54,2
8233,1873,Abha Andra,33,1
8234,2139,Anita Bhagat,48,2
8235,2139,Anirudh Sagar,34,1
8236,4332,Leela Sachdev,20,1
8237,4332,Oliver Solanki,42,1
8238,4332,Gaurav Ganguly,48,1
8239,4332,Jack Mishra,32,2
8240,2963,Wishi More,56,1
8241,726,Vivaan Khosla,57,1
8242,4653,Lajita Chacko,39,2
8243,4653,Yoshita Grover,58,2
8244,4694,Vansha Kurian,45,1
8245,4694,Ishani Edwin,54,1
8246,4694,Sai Mohanty,39,1
8247,4807,Megha Bhalla,28,1
8248,4807,Manya Rajagopal,43,1
8249,3847,Upasna Walla,35,1
8250,2980,Ekalinga Barad,21,1
8251,2980,Zansi Lala,19,1
8252,2805,Baghyawati Purohit,21,1
8253,15,Yoshita Gokhale,34,1
8254,586,Keya Grover,45,1
8255,586,Ayushman Dayal,35,1
8256,586,Dayamai Kadakia,27,1
8257,4225,Matthew Chandran,33,1
8258,2329,Karan Radhakrishnan,38,1
8259,2329,Indrajit Minhas,18,1
8260,2329,Wriddhish Ranganathan,60,1
8261,1475,Ikshita Kannan,30,1
8262,413,Rehaan Dugar,41,1
8263,413,Aarini Palla,54,1
8264,3849,Warhi Tailor,34,1
8265,3849,Dhruv Kalita,37,2
8266,2857,Yoshita Behl,52,1
8267,4145,Pushti Chatterjee,58,2
8268,2913,Darika Bhatti,29,1
8269,3471,Bachittar Yogi,41,1
8270,3471,Nakul Ghose,56,1
8271,1038,Ladli Biswas,60,1
8272,1038,Warhi Balakrishnan,53,2
8273,4119,Utkarsh Sharma,31,1
8274,1055,Laksh Luthra,42,2
8275,993,Eesha Subramanian,24,2
8276,993,Gauri Khurana,27,1
8277,1075,Azad Dube,37,1
8278,2128,Anusha Nagi,29,1
8279,2128,Urvi Sharma,58,1
8280,2128,Alexander Narayan,50,1
8281,3107,Upasna Ray,40,1
8282,3107,Utkarsh Sharma,31,1
8283,541,Qushi Gaba,33,1
8284,2029,Hritik Rajagopal,21,1
8285,2029,Yadavi Kade,34,1
8286,4669,Aryan Viswanathan,18,1
8287,4669,Sara Toor,47,1
8288,4743,Michael Brar,20,1
8289,1353,Joshua Lad,53,2
8290,4161,Tanmayi Bhasin,44,1
8291,1424,Noah Krishnamurthy,49,1
8292,1424,Azaan Gaba,59,1
8293,4934,Wakeeta Borra,43,1
8294,2389,Vaishnavi Saha,38,1
8295,2389,Yatan Dugar,38,2
8296,4580,Hardik Halder,27,1
8297,3624,Meera Saran,18,2
8298,4689,Pavani Mani,33,1
8299,264,Varenya Mallick,25,1
8300,179,Megha Dhar,32,1
8301,179,Prisha Chahal,43,1
8302,611,Aarna Johal,32,1
8303,3692,Kamya Gole,23,2
8304,3360,Kevin Sachdev,29,1
8305,84,Patrick Pillai,54,1
8306,4612,Bahadurjit Bedi,25,1
8307,842,Bachittar Krish,56,2
8308,2424,Luke Dass,53,1
8309,1730,Jackson Thaker,53,2
8310,4178,Viraj Karpe,59,1
8311,1232,Jackson Deshmukh,27,1
8312,3939,Radha Luthra,31,1
8313,2245,Keya Ramachandran,37,2
8314,2245,Jeet Dash,49,1
8315,3223,Ranbir Rama,48,2
8316,2145,Hemangini Parikh,53,1
8317,1061,Eiravati Edwin,21,1
8318,1061,Balvan Kunda,55,1
8319,4997,Faris Savant,52,2
8320,4997,Ojas Pradhan,53,1
8321,4997,Zayyan Chhabra,36,1
8322,3871,Eshana Lanka,48,1
8323,3871,Zilmil Ramakrishnan,57,2
8324,2417,Ishani Naik,54,1
8325,441,Ridhi Rana,60,1
8326,441,Ekantika Shere,19,1
8327,2314,Nidra Shanker,25,1
8328,4087,Ira Nadkarni,25,2
8329,4087,Urvi Vasa,44,1
8330,3511,Karan Batra,55,1
8331,4304,Ojas Bala,56,2
8332,3741,Jackson Shankar,60,2
8333,2827,Gabriel Bansal,38,1
8334,2827,Nakul Buch,26,1
8335,2533,Jack Bhatia,25,1
8336,2533,Falak Bir,47,1
8337,1192,Bahadurjit Narain,39,2
8338,1192,Dominic Lall,24,2
8339,1192,Lila Agarwal,18,2
8340,1867,Henry Sampath,51,1
8341,1867,Imaran Dave,35,1
8342,1867,Krishna Sankaran,47,2
8343,1862,Anita Palan,44,1
8344,1862,Sneha Shah,53,1
8345,2354,Adya Sastry,50,1
8346,2354,Vinaya Gopal,19,1
8347,2416,Nisha Varma,24,1
8348,2416,Ishanvi Bobal,25,1
8349,2288,Advik Jayaraman,34,2
8350,3752,Faraj Natarajan,19,1
8351,4056,Abhimanyu Khanna,36,2
8352,4056,Urvashi Doctor,36,1
8353,4056,Chatura Pai,56,1
8354,1097,Harish Luthra,39,1
8355,1097,Yashoda Joshi,22,1
8356,1097,Ranveer Acharya,22,1
8357,2017,Arjun Narasimhan,24,1
8358,2017,Vanya Khare,26,2
8359,2017,Aryan Baral,27,2
8360,168,Falan Talwar,43,1
8361,1893,Zansi Peri,28,2
8362,1893,Simon Nagarajan,35,2
8363,1893,Meera Magar,45,1
8364,2243,Dayita Mall,24,1
8365,2243,Niharika Sami,28,1
8366,3272,Samar Balakrishnan,30,1
8367,3272,Alexander Parmer,26,1
8368,3272,Dayamai Iyengar,32,1
8369,4982,Udant Garde,18,2
8370,4982,Onveer Purohit,40,2
8371,408,Advika Buch,24,1
8372,408,Sai Magar,58,2
8373,1872,Pranav Sahni,45,1
8374,1350,Jagrati Mital,36,1
8375,4337,Niharika Sengupta,32,1
8376,4976,Gabriel Ghose,39,2
8377,2648,Udant Mittal,45,1
8378,2821,Shaurya Bora,18,1
8379,572,Luke Kaul,18,1
8380,572,Joshua Chanda,34,2
8381,2133,Edhitha Kara,26,2
8382,487,Saksham Dixit,30,1
8383,487,Samaksh Mall,41,1
8384,1535,Harini Warrior,59,1
8385,4619,Ladli Shanker,21,2
8386,2593,Hardik Ramakrishnan,19,2
8387,4044,Isha Barman,37,1
8388,4044,Yuvraj Sehgal,22,1
8389,4044,Indrajit Korpal,36,1
8390,4044,Aradhana Chandra,32,2
8391,4596,Alexander Dutt,20,2
8392,2943,Krish Vig,54,2
8393,2813,Rehaan Sem,36,1
8394,4084,Meera Iyer,48,1
8395,4084,Jeevika Swamy,28,2
8396,4971,Ekiya Brahmbhatt,40,2
8397,4971,Omkaar Kota,36,1
8398,4501,Azad Subramanian,35,1
8399,1575,Orinder Kari,35,1
8400,1575,Jeet Babu,39,1
8401,1575,Ekansh Sangha,54,2
8402,1575,Zansi Lanka,21,1
8403,2887,Anita Shankar,34,2
8404,2887,Lakshit Sarraf,37,1
8405,2887,Arya Baria,27,2
8406,2887,Forum Varty,33,1
8407,4695,Saumya Krishnamurthy,51,1
8408,4695,Daniel Sidhu,50,1
8409,3064,Alexander Chada,55,1
8410,4165,Upkaar Bhargava,38,1
8411,1286,Kai Mane,41,1
8412,1286,Reyansh Mital,19,2
8413,1286,Utkarsh Chaudhary,23,1
8414,1286,Logan Anand,43,1
8415,122,William Dayal,36,1
8416,122,Gabriel Goswami,38,1
8417,3369,Yatin Vala,60,1
8418,3369,Anjali Sankaran,37,1
8419,3369,Yug Shanker,31,2
8420,3369,Avi Sarraf,49,1
8421,670,Watika Jhaveri,35,1
8422,670,Sudiksha Master,59,1
8423,652,Utkarsh Basu,34,1
8424,2158,Harshil Magar,51,1
8425,4017,Atharv Dani,25,1
8426,4017,Ranbir Aggarwal,54,2
8427,4874,Chanchal Yohannan,33,2
8428,4874,Siddharth Kohli,26,1
8429,2331,Gagan Mann,41,1
8430,1577,Nathan Palan,29,2
8431,2621,Waida Dua,43,2
8432,499,Tarak Reddy,36,1
8433,2918,Atharv Ravel,51,1
8434,2918,Lucky Kar,28,1
8435,3532,Abhimanyu De,58,1
8436,3532,Noah Verma,31,1
8437,3532,Bakhshi Batra,57,1
8438,1149,Warda Raval,23,1
8439,1149,Ishanvi Sharma,39,1
8440,1149,Ekanta Pathak,27,1
8441,2773,Caleb Narasimhan,26,1
8442,3391,Nilima Prabhakar,55,2
8443,3391,Quincy Kohli,48,1
8444,2512,Ishita Patla,32,1
8445,4713,Sachi Behl,57,1
8446,4713,Meera Jaggi,46,1
8447,2541,Neelima Bhatti,49,1
8448,2541,Girindra Taneja,30,2
8449,2009,Hemal Raman,48,2
8450,2108,Ria Kothari,43,2
8451,3445,Ganga Sachdeva,41,2
8452,3756,Urishilla Merchant,41,2
8453,1210,Wishi Walia,36,1
8454,1443,Hemangini Lala,39,1
8455,1443,Omkaar Sangha,35,1
8456,2210,Hitesh Mall,48,1
8457,4972,Ekaja Karan,23,1
8458,4972,Maya Rai,53,1
8459,4972,Ranveer Sehgal,58,2
8460,4972,Ojasvi Bhatti,30,1
8461,184,Samaksh Nadig,39,1
8462,275,Xiti Magar,46,1
8463,275,Divya Rege,38,2
8464,2930,Wazir Kohli,36,2
8465,1203,Charan Randhawa,27,2
8466,8,Maanav Radhakrishnan,57,2
8467,8,Utkarsh Chada,21,1
8468,4958,Anya Saxena,20,1
8469,4958,Yashawini Karpe,24,1
8470,4958,Urishilla Vora,22,2
8471,1749,Abhimanyu Mishra,31,1
8472,1749,Omya Minhas,60,1
8473,764,Qasim Mandal,30,1
8474,4053,Chakradev Kumer,31,2
8475,4053,Omya Deo,39,1
8476,967,Unni Pandya,37,2
8477,967,Tejas Tailor,23,2
8478,539,Elijah Subramanian,34,1
8479,3310,Chaitanya Rajan,28,2
8480,3310,Chakradhar Ram,57,1
8481,3310,Parth Baral,52,1
8482,4360,Qabil Saxena,31,1
8483,4360,Urmi Iyer,21,1
8484,4360,Abha Dutta,21,2
8485,485,Samuel Srinivas,23,1
8486,485,Turvi Soni,40,1
8487,3666,Joshua Jani,31,1
8488,3666,Ishita Pall,43,1
8489,376,Hritik Rout,32,1
8490,376,Simon Barman,41,1
8491,869,Vritti Vyas,60,1
8492,869,Parth Parikh,22,2
8493,869,Ekbal Korpal,30,1
8494,4666,Ekalinga Nagy,28,1
8495,3276,Balendra Bhasin,27,1
8496,3276,Watika Loke,39,1
8497,3060,Damini More,28,1
8498,3251,Leena Purohit,21,1
8499,3251,Yashasvi Jain,51,2
8500,3373,Aashi Dugar,46,1
8501,893,Shaurya Shenoy,29,1
8502,893,Nisha Agarwal,59,1
8503,1294,Suhani Dhaliwal,51,2
8504,1625,Alka Joshi,57,1
8505,4089,Sanya Khalsa,24,1
8506,4089,Keya Salvi,54,1
8507,463,Chanakya Guha,46,1
8508,1618,Brinda Divan,28,1
8509,3750,Kala Narain,53,1
8510,3750,Om Sachdeva,50,2
8511,4149,Aarush Kumar,28,1
8512,4675,Bhavika Sethi,56,1
8513,4675,Ayush Hegde,29,2
8514,4505,Ranveer Setty,29,1
8515,2785,Ekbal Lala,53,1
8516,1070,Advika Narang,55,1
8517,1482,Sathvik Mitra,21,1
8518,2579,Bhavani Badal,36,2
8519,35,Darsh Dugar,37,2
8520,1281,Zaitra Chopra,18,1
8521,2443,Banjeet Guha,24,1
8522,2443,Krishna Nanda,48,2
8523,4022,Rachit Ravi,19,1
8524,1068,Neelima Sengupta,27,1
8525,1068,Harrison Palan,45,2
8526,1068,Mason Deep,49,1
8527,3278,Kabir Balasubramanian,55,1
8528,4943,Panini Naik,22,2
8529,4252,Mason Mannan,25,1
8530,3888,Harish Chaudhari,30,1
8531,3888,Teerth Kant,18,1
8532,788,Janya Swamy,57,1
8533,788,Kai Pillay,27,1
8534,448,Bhavya Rajagopalan,30,2
8535,318,Nisha Shankar,29,2
8536,318,Chandresh Tripathi,51,2
8537,318,Ekavir Divan,19,2
8538,2037,Oliver Malhotra,51,1
8539,2548,Aarnav Raman,33,2
8540,2548,Vinaya Gopal,19,1
8541,2548,Faraj Chaudhuri,50,1
8542,2784,Raagini Chauhan,26,1
8543,2531,Meera Chanda,27,1
8544,2531,Bhanumati Savant,31,1
8545,2531,Zinal Bobal,25,1
8546,2647,Ridhi Sanghvi,38,1
8547,2647,Aarini Comar,41,2
8548,2647,Leela Shankar,58,1
8549,2647,Sai Dada,22,1
8550,4857,Ojas Kota,33,2
8551,4857,Frederick Bala,19,1
8552,2914,Sachi Brar,18,1
8553,2914,Gabriel Mallick,19,2
8554,2914,Radha Edwin,42,1
8555,2914,Hemang Patil,49,1
8556,3214,Rishi Pau,41,2
8557,3214,Irya Dugar,57,1
8558,3214,Kritika Grewal,41,1
8559,3214,Sai Mallick,60,1
8560,3521,Idika Apte,38,2
8561,3521,Zaitra Sangha,59,1
8562,872,Jack Singhal,28,1
8563,872,Ryan Mallick,33,2
8564,872,Jeremiah Sami,38,2
8565,4894,Kamya Dixit,36,2
8566,385,Libni Swaminathan,57,1
8567,53,Ikbal Anand,23,1
8568,685,Panini Sheth,18,2
8569,4642,Udyati Bose,37,1
8570,4917,Qasim Master,48,2
8571,4917,Advika Dora,42,1
8572,4917,Nidra Chand,50,1
8573,4917,Vyanjana Bala,27,1
8574,2333,Chandran Joshi,24,1
8575,2333,Michael Gola,21,1
8576,2333,Kavya Khatri,32,2
8577,619,Unni Raju,18,2
8578,619,Eiravati Salvi,38,1
8579,619,Gunbir Lalla,39,1
8580,3555,Aahana Bumb,35,2
8581,4797,Teerth Ranganathan,52,1
8582,298,Ikshita Mukherjee,56,1
8583,298,Banjeet Joshi,59,1
8584,298,Ekansh Prabhu,40,2
8585,298,Omkaar Kota,36,1
8586,4962,Chanakya Salvi,24,1
8587,2338,Saumya Mistry,60,1
8588,2338,Anita Suri,28,1
8589,3380,Jasmit Talwar,38,1
8590,3506,Yatin Vala,60,1
8591,3506,Manthan Bajaj,20,1
8592,1218,Ishwar Kashyap,39,1
8593,633,George Verma,43,1
8594,633,Elijah Dara,40,1
8595,429,Jagvi Sengupta,36,1
8596,258,Chandani Verma,38,2
8597,258,Hamsini Dass,40,1
8598,3267,Dev Lanka,41,2
8599,34,Irya Rout,50,1
8600,2996,Nathaniel Pathak,24,2
8601,1900,Yatan Mistry,48,1
8602,3941,Varsha Ranganathan,55,1
8603,1194,Gopal Palla,43,1
8604,3363,Naveen Kar,41,1
8605,1319,Zayyan Chanda,32,1
8606,4749,Girish Shenoy,42,2
8607,4749,Ranbir Chakrabarti,23,1
8608,2502,Tanveer Panchal,39,1
8609,649,Aachal Bala,53,1
8610,649,Vrishti Verma,54,1
8611,649,Patrick Batra,58,1
8612,649,Jasmit Shetty,59,1
8613,4020,Luke Iyengar,33,2
8614,1645,Bishakha Mand,51,1
8615,2558,Mekhala Hegde,38,1
8616,2558,Kritika Behl,19,1
8617,2558,Rajata Khare,51,1
8618,2558,Ekanta Nagi,60,1
8619,4584,Ayushman Gulati,58,1
8620,4584,Bachittar Wagle,34,2
8621,425,Ekani Sarin,23,1
8622,4544,Lohit Guha,37,2
8623,4544,Vedant Samra,59,2
8624,4544,Anirudh Soman,42,1
8625,2202,Eiravati Kaur,18,1
8626,4074,Kevin Dora,37,1
8627,4074,Ethan Nadkarni,19,1
8628,3056,Januja Dora,31,1
8629,3289,Maya Solanki,22,1
8630,3289,Sneha Kalita,20,1
8631,2953,Mugdha Kari,60,1
8632,1857,Aarnav Dugar,29,1
8633,1857,Peter Kakar,41,1
8634,1857,Radhika Ganesan,51,1
8635,495,Qarin Chandran,40,1
8636,712,Charan Iyengar,59,1
8637,712,Ranveer Wason,36,1
8638,3529,Zarna Datta,34,2
8639,3378,Divya Ghosh,49,1
8640,4613,Ishaan Choudhary,43,1
8641,1530,Kamya Mannan,24,1
8642,1530,Tanvi Kamdar,19,1
8643,1530,Manbir Tandon,31,1
8644,3452,Yachana Baria,24,1
8645,3452,Nitesh Shroff,48,1
8646,4105,Waida Gade,45,1
8647,4105,Chanakya Tella,34,2
8648,4105,Ira Balakrishnan,19,1
8649,3467,Lakshmi Pandya,30,1
8650,3467,Jonathan Brar,48,1
8651,3467,Ojasvi Tailor,23,2
8652,2072,Udarsh Sachar,21,1
8653,2072,Bimala Shere,51,1
8654,2934,Upasna Nanda,52,2
8655,2934,Abha Wable,40,2
8656,1271,Chaman Goyal,29,1
8657,1130,Shivani Nayar,45,1
8658,3198,Charvi Pillai,50,1
8659,3198,Omaja Ganesh,54,1
8660,4299,Vidhi Hora,50,1
8661,4299,Atharv Goda,36,1
8662,4299,Thomas Muni,26,2
8663,4299,Darika Bhatia,28,2
8664,4963,Omya Bedi,45,1
8665,4395,Dayamai Sampath,38,1
8666,1663,Harish Chakrabarti,21,1
8667,1663,Aadi Nigam,40,1
8668,1106,Rudra Bhatnagar,22,1
8669,1939,Dakshesh Warrior,37,1
8670,1939,Tripti Dalal,44,1
8671,1939,Gauri Palan,18,2
8672,1792,Osha Lall,24,1
8673,1792,Kevin Varma,46,1
8674,1792,Aarush Hayre,31,1
8675,4306,Tanveer Joshi,40,1
8676,4404,Damini Bhalla,47,1
8677,3336,Yatin Chakraborty,53,2
8678,3336,Wridesh Sathe,37,2
8679,4564,Rushil Pau,18,1
8680,4564,Warjas Pillay,32,1
8681,1912,Bimala Dara,42,2
8682,1912,Utkarsh Deol,19,2
8683,1912,Nidra Bakshi,56,1
8684,3591,Abdul Dugar,34,1
8685,3591,Christopher Baria,37,1
8686,1341,Aadhya Kalita,29,1
8687,4234,Jeevika Rajagopal,50,1
8688,1866,Reyansh Ben,55,1
8689,854,Pratyush Raju,40,1
8690,2129,Pushti Saraf,33,2
8691,2576,Teerth Luthra,36,1
8692,2576,Zansi Patla,24,1
8693,811,Victor Parmer,54,2
8694,193,Waida Gulati,37,1
8695,193,Jai Bhatt,20,1
8696,3551,Bhanumati Raghavan,22,2
8697,358,Quincy Dada,56,1
8698,358,Jacob Parsa,38,1
8699,358,Darika Bava,58,1
8700,2223,Mohammed Sahni,39,2
8701,3869,Anusha Raval,55,1
8702,3441,Abhiram Konda,58,2
8703,3441,Saanvi Kumar,36,1
8704,3441,Dakshesh Dugar,49,1
8705,1109,Harsh Ramakrishnan,37,2
8706,1109,Henry Sampath,51,1
8707,1328,Chaman Pradhan,30,1
8708,3795,Hemal Kanda,20,1
8709,450,Chatresh Patel,42,2
8710,450,Balendra Sood,28,1
8711,4974,Saksham Seshadri,39,1
8712,4691,Forum Nazareth,30,1
8713,1464,Waida Joshi,42,1
8714,1430,Vyanjana Bahl,33,1
8715,3723,Samaksh Dasgupta,22,2
8716,3723,Darika Dewan,59,1
8717,3723,Laksh Sane,37,1
8718,3293,Oeshi Ghose,46,1
8719,3457,Pooja Krishna,30,2
8720,3457,Bakhshi Datta,45,1
8721,4606,Rudra Bhatnagar,22,1
8722,4606,David Kapur,23,1
