ArrestSurrenderID,CaseMasterID,AccusedMasterID,ArrestSurrenderDate,ArrestType
1,421,602,2023-12-22,Arrest
2,2787,6093,2024-10-17,Arrest
3,2271,8052,2024-08-18,Arrest
4,992,2442,2023-11-06,Surrender
5,1443,8454,2022-08-04,Arrest
6,480,1430,2022-05-24,Arrest
7,2085,4764,2024-03-17,Arrest
8,1228,1596,2023-12-16,Arrest
9,3660,7844,2023-07-06,Arrest
10,2306,7437,2025-08-25,Surrender
11,3461,6000,2025-11-03,Arrest
12,548,4921,2024-08-22,Arrest
13,2656,6012,2022-09-09,Arrest
14,2577,4384,2023-06-18,Arrest
15,1295,6665,2022-12-10,Arrest
16,1495,8163,2026-06-30,Surrender
17,4514,3722,2022-08-24,Arrest
18,1233,3591,2024-05-16,Arrest
19,4730,995,2022-05-02,Arrest
20,3446,3413,2023-02-14,Arrest
21,1396,4672,2025-10-12,Surrender
22,4736,1439,2024-02-11,Arrest
23,512,7654,2025-10-03,Surrender
24,1436,2877,2024-10-08,Surrender
25,1483,6070,2022-09-02,Arrest
26,3716,7742,2023-06-22,Arrest
27,1083,2756,2025-12-07,Arrest
28,580,1427,2025-10-24,Arrest
29,3738,4093,2023-04-17,Arrest
30,337,2752,2022-11-24,Arrest
31,1804,3317,2022-03-30,Surrender
32,388,1927,2022-11-05,Surrender
33,1038,8271,2022-09-11,Surrender
34,3321,6453,2026-06-09,Arrest
35,681,6443,2022-06-20,Arrest
36,1970,4751,2026-04-23,Arrest
37,1253,8098,2023-05-21,Arrest
38,788,8533,2023-07-20,Arrest
39,3136,512,2023-01-07,Arrest
40,4361,15,2025-11-05,Arrest
41,571,1324,2025-12-25,Arrest
42,1674,1056,2023-11-24,Surrender
43,3778,5825,2025-06-29,Arrest
44,4214,1018,2025-09-13,Arrest
45,143,2826,2022-11-12,Arrest
46,4308,5687,2025-11-27,Arrest
47,3024,4943,2022-11-18,Arrest
48,2095,6573,2025-05-29,Arrest
49,847,4378,2025-08-19,Arrest
50,2089,7421,2024-08-09,Arrest
51,2394,4023,2025-08-12,Arrest
52,257,3533,2023-10-05,Surrender
53,526,1374,2024-11-08,Surrender
54,854,8689,2024-06-11,Arrest
55,3238,7901,2022-08-15,Arrest
56,4013,2133,2023-12-06,Arrest
57,953,3838,2022-06-22,Arrest
58,358,8698,2023-01-10,Arrest
59,4072,2276,2024-11-07,Arrest
60,788,8532,2023-09-15,Arrest
61,2137,7109,2024-05-04,Arrest
62,4021,7663,2023-06-08,Arrest
63,1214,2684,2022-04-08,Arrest
64,1016,5477,2022-12-10,Arrest
65,4247,2586,2026-02-26,Arrest
66,1761,2313,2022-11-16,Arrest
67,2420,319,2023-06-11,Arrest
68,2607,5847,2026-06-30,Arrest
69,3876,4033,2023-10-27,Arrest
70,642,6218,2023-10-26,Arrest
71,3783,1211,2023-03-23,Arrest
72,398,595,2022-06-01,Arrest
73,2569,81,2024-02-03,Arrest
74,2575,5447,2025-03-31,Surrender
75,1130,8657,2023-06-24,Surrender
76,781,6693,2025-07-20,Arrest
77,2907,7839,2025-04-20,Arrest
78,4040,7845,2023-01-25,Arrest
79,1212,2116,2022-08-09,Arrest
80,2878,6047,2022-10-11,Arrest
81,727,7812,2025-06-03,Arrest
82,3788,5545,2025-09-15,Arrest
83,4069,4668,2026-06-03,Arrest
84,1878,1745,2026-06-30,Arrest
85,3723,8717,2026-06-30,Arrest
86,4270,7424,2023-03-11,Arrest
87,4028,5236,2024-08-19,Surrender
88,1600,1917,2024-09-17,Arrest
89,4023,8085,2023-01-15,Arrest
90,1860,223,2024-04-28,Arrest
91,4630,5943,2025-04-01,Arrest
92,4787,7728,2022-10-26,Arrest
93,4197,7169,2023-08-26,Arrest
94,4563,1028,2026-01-09,Arrest
95,1738,764,2022-03-08,Arrest
96,4172,3275,2025-10-30,Arrest
97,2457,497,2022-04-13,Arrest
98,2017,8359,2025-09-07,Arrest
99,2658,7708,2023-04-28,Arrest
100,3014,6195,2022-06-12,Arrest
101,2822,2222,2022-01-29,Arrest
102,3278,8527,2023-08-23,Arrest
103,2407,7502,2025-09-09,Arrest
104,812,5674,2022-08-06,Arrest
105,454,2843,2025-11-02,Arrest
106,4260,4085,2025-06-24,Arrest
107,331,240,2024-02-14,Arrest
108,3723,8716,2026-06-30,Arrest
109,694,3743,2026-03-27,Arrest
110,2900,2095,2023-02-07,Arrest
111,4243,2834,2024-03-03,Surrender
112,1237,3150,2024-07-24,Arrest
113,4418,7621,2023-02-26,Arrest
114,2315,1085,2022-12-02,Arrest
115,1702,1163,2023-05-08,Surrender
116,1063,1288,2025-07-16,Arrest
117,4512,5715,2024-07-03,Arrest
118,431,8090,2025-08-30,Arrest
119,522,1076,2024-05-21,Surrender
120,1306,7505,2025-01-21,Surrender
121,3181,6900,2025-04-19,Arrest
122,4604,3890,2023-09-06,Arrest
123,1348,4731,2025-08-14,Arrest
124,265,7601,2026-06-30,Arrest
125,4972,8458,2024-11-19,Arrest
126,1794,7584,2023-11-01,Arrest
127,521,7982,2022-03-26,Surrender
128,4403,2267,2023-01-23,Arrest
129,156,7795,2022-10-28,Arrest
130,660,1795,2026-05-08,Arrest
131,660,1794,2026-03-17,Arrest
132,731,3061,2025-11-14,Arrest
133,3703,5580,2026-06-15,Arrest
134,1737,3995,2025-03-11,Arrest
135,3977,6696,2022-06-09,Arrest
136,356,7963,2022-07-29,Arrest
137,3118,4002,2023-08-11,Arrest
138,1390,4509,2022-01-20,Surrender
139,3657,8015,2023-03-13,Arrest
140,3543,7179,2022-07-19,Arrest
141,4035,2606,2022-09-02,Arrest
142,1321,5435,2023-04-23,Arrest
143,3057,5784,2023-02-09,Arrest
144,3332,2914,2025-06-23,Arrest
145,2971,1347,2025-06-23,Arrest
146,4332,8238,2024-08-03,Arrest
147,4377,5664,2024-10-27,Arrest
148,3484,6272,2024-10-09,Arrest
149,163,3195,2026-06-30,Arrest
150,2671,5197,2025-02-25,Surrender
151,1053,354,2026-04-01,Arrest
152,4209,7093,2023-03-31,Arrest
153,1469,8107,2025-11-21,Surrender
154,1670,7670,2024-05-17,Arrest
155,205,6081,2025-01-06,Arrest
156,1305,2125,2022-07-11,Arrest
157,649,8612,2022-08-11,Arrest
158,3315,4904,2025-11-27,Arrest
159,3214,8559,2022-05-18,Arrest
160,2269,1660,2025-06-02,Arrest
161,4543,6674,2022-09-12,Arrest
162,1308,6643,2026-02-07,Arrest
163,4670,7373,2023-08-19,Arrest
164,417,4392,2024-04-01,Arrest
165,1500,1088,2022-10-29,Arrest
166,2228,3657,2025-10-07,Arrest
167,2759,2035,2026-05-02,Arrest
168,1465,3541,2024-04-03,Arrest
169,4299,8661,2025-01-29,Surrender
170,4534,7208,2022-03-23,Arrest
171,510,5104,2024-06-19,Arrest
172,3228,5152,2023-06-08,Arrest
173,1616,4320,2025-03-19,Arrest
174,2471,3066,2025-12-29,Arrest
175,3239,24,2023-07-13,Arrest
176,2192,4820,2025-06-04,Surrender
177,2632,2334,2026-06-10,Arrest
178,3467,8649,2026-06-30,Arrest
179,2990,4685,2024-07-04,Arrest
180,959,8219,2024-02-20,Arrest
181,2795,3937,2024-10-19,Arrest
182,3566,7320,2024-09-18,Arrest
183,4864,6606,2024-05-21,Arrest
184,4498,4254,2024-05-17,Arrest
185,3768,4210,2023-12-19,Arrest
186,890,6416,2025-11-09,Arrest
187,2119,790,2024-04-04,Arrest
188,855,94,2025-07-12,Arrest
189,4684,7491,2025-10-07,Surrender
190,3131,3847,2023-09-04,Arrest
191,3856,749,2022-12-18,Surrender
192,649,8609,2022-08-11,Arrest
193,4677,7886,2023-04-14,Arrest
194,870,4336,2022-07-11,Arrest
195,4067,3439,2025-09-14,Arrest
196,2183,3025,2022-08-31,Surrender
197,1888,1140,2022-03-05,Arrest
198,3626,1489,2026-01-05,Arrest
199,1860,222,2024-04-13,Arrest
200,45,4326,2023-11-14,Arrest
201,1447,1729,2022-06-15,Arrest
202,4587,1401,2026-06-02,Arrest
203,719,361,2023-10-09,Arrest
204,2218,5385,2024-10-03,Arrest
205,590,34,2025-04-11,Arrest
206,3470,1150,2025-07-19,Arrest
207,3505,2719,2024-09-01,Arrest
208,4773,812,2026-01-07,Surrender
209,1480,7079,2026-06-30,Arrest
210,111,922,2024-09-17,Arrest
211,4064,8094,2025-03-17,Surrender
212,2673,1748,2025-02-11,Arrest
213,2322,1011,2024-06-15,Arrest
214,4920,4909,2024-05-04,Surrender
215,464,1784,2024-10-01,Arrest
216,1270,213,2023-04-17,Arrest
217,1228,1594,2023-12-15,Arrest
218,816,89,2024-10-11,Arrest
219,360,1545,2023-04-24,Arrest
220,2100,6493,2026-04-18,Arrest
221,1539,2863,2023-05-05,Arrest
222,3985,1350,2025-12-15,Arrest
223,1987,5322,2022-07-03,Arrest
224,1043,5630,2024-03-09,Arrest
225,56,7341,2025-11-21,Arrest
226,1007,5286,2024-06-02,Arrest
227,3981,454,2024-09-17,Arrest
228,4526,2730,2025-07-07,Arrest
229,316,2589,2024-06-07,Arrest
230,4548,6540,2023-07-20,Arrest
231,1740,5732,2026-03-08,Surrender
232,1479,3398,2025-11-19,Arrest
233,2752,3027,2022-10-30,Arrest
234,528,1513,2023-08-18,Arrest
235,2083,2516,2024-08-10,Arrest
236,419,1587,2023-05-29,Arrest
237,2509,2699,2023-06-02,Surrender
238,3154,6553,2025-02-28,Surrender
239,4925,5210,2026-06-12,Surrender
240,4194,2523,2024-10-14,Arrest
241,4675,8513,2022-03-22,Arrest
242,2188,5138,2025-06-02,Surrender
243,1438,6187,2025-03-18,Arrest
244,2690,2859,2025-01-27,Surrender
245,3351,5698,2023-06-07,Arrest
246,3348,5811,2023-12-31,Arrest
247,4234,8687,2024-11-17,Arrest
248,1347,3699,2023-11-11,Surrender
249,755,6930,2025-07-09,Arrest
250,1563,4104,2023-11-26,Arrest
251,2815,6805,2023-03-30,Arrest
252,4232,5757,2025-08-15,Surrender
253,4048,8013,2023-03-14,Arrest
254,1861,1169,2024-11-07,Arrest
255,510,5103,2024-07-12,Arrest
256,688,2389,2022-04-10,Arrest
257,3941,8602,2024-05-28,Arrest
258,1771,7524,2024-05-16,Arrest
259,2408,6953,2023-11-28,Arrest
260,238,5486,2023-04-12,Arrest
261,1813,1176,2025-08-28,Arrest
262,2891,1128,2022-09-22,Arrest
263,739,18,2023-04-04,Arrest
264,2372,5463,2024-06-24,Arrest
265,1600,1919,2024-11-23,Arrest
266,3684,638,2023-01-08,Arrest
267,2650,539,2023-07-24,Arrest
268,744,4360,2024-05-12,Arrest
269,530,1340,2022-02-02,Arrest
270,3306,7282,2025-05-01,Surrender
271,817,7227,2025-07-01,Arrest
272,305,6758,2023-09-14,Arrest
273,2684,7516,2024-07-29,Arrest
274,4147,7258,2024-02-26,Arrest
275,3022,5363,2024-08-30,Arrest
276,2142,933,2025-05-20,Surrender
277,3144,1220,2022-12-08,Arrest
278,4788,7991,2026-06-30,Arrest
279,627,829,2022-05-04,Surrender
280,3524,4884,2024-11-18,Arrest
281,1865,316,2026-01-02,Arrest
282,3665,7324,2023-07-07,Arrest
283,4081,1742,2023-11-23,Arrest
284,3398,7000,2023-12-13,Arrest
285,1770,5459,2024-08-16,Arrest
286,1825,7469,2025-03-20,Surrender
287,3397,322,2022-12-14,Arrest
288,4662,7711,2026-02-28,Arrest
289,3080,1616,2023-07-18,Surrender
290,2884,6585,2026-02-08,Arrest
291,3243,1335,2026-04-05,Arrest
292,3737,4241,2022-05-16,Arrest
293,1674,1058,2023-12-18,Surrender
294,2894,676,2024-07-24,Surrender
295,4765,2884,2025-06-29,Arrest
296,1098,7878,2026-06-30,Arrest
297,1237,3149,2024-09-16,Arrest
298,2343,3479,2024-07-02,Arrest
299,1159,3165,2023-03-13,Arrest
300,866,5565,2023-07-06,Surrender
301,610,7840,2023-07-10,Arrest
302,1650,4610,2026-06-30,Surrender
303,1970,4748,2026-04-05,Arrest
304,2181,2165,2025-08-24,Arrest
305,655,4774,2025-12-18,Arrest
306,4966,5930,2024-04-26,Arrest
307,1620,3380,2023-04-03,Arrest
308,2772,6813,2022-10-20,Surrender
309,133,5915,2024-09-11,Arrest
310,136,2898,2022-10-12,Arrest
311,797,5021,2024-07-20,Arrest
312,3600,5325,2022-07-29,Arrest
313,771,5635,2026-01-18,Arrest
314,3920,305,2023-06-26,Surrender
315,3914,186,2024-08-27,Arrest
316,4219,2956,2026-02-22,Arrest
317,1965,5508,2025-05-15,Arrest
318,4542,5297,2023-02-26,Surrender
319,2265,7229,2026-04-17,Arrest
320,458,8206,2024-08-12,Arrest
321,2742,8100,2026-03-14,Arrest
322,386,5883,2025-07-26,Arrest
323,4314,6074,2025-04-09,Arrest
324,2432,4697,2022-04-12,Arrest
325,1333,1576,2025-07-25,Arrest
326,4406,2211,2022-05-31,Arrest
327,4695,8407,2026-05-04,Arrest
328,19,1468,2022-05-24,Arrest
329,3054,1370,2023-12-01,Arrest
330,1260,4615,2023-05-05,Arrest
331,575,6648,2026-04-28,Arrest
332,1369,3946,2024-07-24,Arrest
333,4736,1438,2024-01-08,Surrender
334,895,5247,2025-10-02,Arrest
335,3738,4092,2023-03-24,Arrest
336,3983,1560,2026-01-21,Arrest
337,1845,2535,2023-05-19,Surrender
338,1540,6473,2022-04-30,Arrest
339,3890,1946,2023-01-24,Arrest
340,320,347,2022-07-27,Arrest
341,4366,6384,2023-04-15,Arrest
342,615,6907,2022-02-24,Arrest
343,2622,4141,2024-08-12,Surrender
344,2925,6528,2022-04-08,Arrest
345,2507,7264,2025-07-31,Arrest
346,2047,246,2023-12-22,Arrest
347,396,2247,2026-05-11,Surrender
348,971,7619,2022-10-14,Arrest
349,117,737,2026-02-06,Arrest
350,3955,3095,2024-04-09,Arrest
351,1923,7186,2023-08-05,Arrest
352,3923,842,2026-03-25,Surrender
353,1177,5126,2023-02-12,Arrest
354,340,1077,2022-04-08,Arrest
355,996,4687,2022-08-20,Arrest
356,4688,701,2022-07-25,Arrest
357,3808,7977,2023-05-22,Surrender
358,410,7400,2024-08-02,Surrender
359,436,3885,2024-10-23,Arrest
360,2511,1692,2024-01-04,Arrest
361,3770,7615,2022-07-08,Arrest
362,3404,5558,2025-07-28,Arrest
363,708,568,2023-03-10,Arrest
364,3575,3621,2024-06-21,Arrest
365,2798,3003,2025-04-05,Arrest
366,1679,1148,2022-11-25,Arrest
367,1435,1878,2026-06-30,Arrest
368,3495,3000,2023-06-14,Arrest
369,3249,430,2024-12-03,Arrest
370,4003,234,2026-03-11,Arrest
371,417,4393,2024-06-14,Arrest
372,589,7047,2025-07-24,Surrender
373,2743,2761,2026-03-20,Arrest
374,629,7889,2023-10-17,Arrest
375,519,648,2023-10-14,Arrest
376,4562,6059,2025-04-06,Arrest
377,3375,2349,2022-08-16,Arrest
378,4645,3468,2025-01-24,Surrender
379,1776,7563,2024-01-10,Arrest
380,589,7046,2025-09-23,Arrest
381,3062,7478,2024-01-31,Arrest
382,4278,1996,2022-04-24,Arrest
383,4568,3347,2022-05-13,Arrest
384,1721,1643,2023-05-19,Arrest
385,4352,4276,2022-08-18,Surrender
386,1320,734,2022-07-08,Surrender
387,1293,3124,2024-06-23,Arrest
388,3489,20,2025-09-05,Surrender
389,4152,5514,2022-04-27,Arrest
390,1,7666,2023-02-01,Surrender
391,3185,7384,2023-12-05,Arrest
392,2922,6021,2025-02-10,Arrest
393,3696,320,2022-05-01,Arrest
394,2665,6672,2023-08-17,Arrest
395,2833,4095,2024-12-07,Surrender
396,4417,6629,2025-05-11,Surrender
397,3896,3796,2024-04-07,Arrest
398,2820,4915,2024-10-16,Arrest
399,1573,6075,2024-11-03,Arrest
400,2462,1759,2024-05-13,Arrest
401,306,6144,2025-03-11,Arrest
402,292,4329,2025-02-02,Arrest
403,2623,1394,2025-11-22,Surrender
404,4518,7525,2026-01-28,Surrender
405,3226,5245,2026-06-30,Arrest
406,2200,4746,2024-10-27,Arrest
407,4124,1039,2025-03-02,Surrender
408,1784,1632,2025-10-05,Surrender
409,120,170,2024-10-17,Arrest
410,4410,7458,2023-12-09,Arrest
411,2519,3147,2022-05-27,Surrender
412,3850,2277,2025-03-07,Arrest
413,4561,4621,2025-12-03,Arrest
414,1872,8373,2023-12-04,Arrest
415,2200,4747,2024-11-17,Arrest
416,4555,510,2024-05-28,Arrest
417,1506,3466,2023-07-05,Arrest
418,47,1124,2025-05-12,Surrender
419,4495,9,2023-09-23,Arrest
420,181,3471,2026-01-27,Arrest
421,3488,1502,2026-02-03,Arrest
422,4575,4076,2023-11-26,Arrest
423,4021,7665,2023-04-20,Arrest
424,932,5819,2022-03-27,Arrest
425,2600,5232,2024-10-22,Arrest
426,2685,2174,2022-12-02,Arrest
427,2849,3004,2024-12-29,Arrest
428,3532,8435,2026-06-30,Arrest
429,351,4673,2025-03-08,Arrest
430,4460,7380,2023-09-20,Arrest
431,3089,3818,2026-04-25,Arrest
432,4575,4075,2024-02-04,Arrest
433,4739,7119,2022-10-27,Arrest
434,995,3039,2024-03-12,Arrest
435,2174,4768,2026-06-12,Arrest
436,1246,4419,2026-03-16,Arrest
437,2258,2465,2024-12-31,Surrender
438,3197,4708,2025-05-22,Surrender
439,3274,2317,2024-02-18,Arrest
440,1981,2532,2022-01-29,Arrest
441,869,8492,2025-09-15,Surrender
442,3193,4374,2024-10-06,Arrest
443,803,1227,2025-10-05,Arrest
444,3961,2421,2026-06-20,Arrest
445,3039,1598,2024-08-05,Arrest
446,2100,6492,2026-04-05,Arrest
447,1703,624,2024-03-03,Arrest
448,1832,488,2022-02-25,Arrest
449,692,2580,2025-09-25,Arrest
450,4810,6225,2023-10-24,Arrest
451,1946,4852,2023-08-31,Arrest
452,496,5075,2025-01-01,Arrest
453,3195,6577,2022-11-16,Arrest
454,2695,1234,2022-10-11,Arrest
455,2984,3773,2022-03-28,Arrest
456,3844,7471,2025-09-29,Arrest
457,3619,6248,2025-12-14,Arrest
458,2672,8181,2025-05-18,Arrest
459,4503,5063,2024-07-04,Arrest
460,1300,2550,2024-04-10,Arrest
461,730,1062,2025-03-05,Surrender
462,498,6463,2023-12-28,Arrest
463,2516,5584,2025-09-27,Arrest
464,4913,462,2022-11-23,Surrender
465,983,1116,2025-05-30,Arrest
466,4438,7820,2026-05-25,Arrest
467,284,5604,2026-04-27,Arrest
468,4738,4952,2023-10-20,Arrest
469,2882,1942,2023-08-25,Arrest
470,1296,3289,2023-12-28,Arrest
471,4123,6532,2026-05-11,Arrest
472,1265,3579,2023-03-31,Arrest
473,535,4478,2023-09-18,Arrest
474,2967,2983,2023-12-06,Arrest
475,4357,7273,2024-06-04,Arrest
476,1777,1069,2023-11-22,Arrest
477,2728,7763,2025-03-27,Arrest
478,4805,743,2025-05-23,Arrest
479,2354,8346,2025-12-20,Arrest
480,1705,100,2023-10-27,Arrest
481,1736,7299,2024-04-09,Surrender
482,114,6041,2023-04-09,Surrender
483,1932,7472,2022-04-06,Arrest
484,3993,1200,2023-03-18,Arrest
485,1522,4539,2022-05-16,Arrest
486,3107,8282,2025-06-18,Arrest
487,435,3556,2024-07-28,Arrest
488,1537,466,2025-02-06,Arrest
489,3415,6157,2026-04-11,Arrest
490,2253,1599,2025-07-29,Arrest
491,2978,292,2026-01-11,Surrender
492,3720,6052,2023-02-21,Arrest
493,4648,5665,2024-10-03,Arrest
494,4646,7911,2025-05-23,Arrest
495,4333,7521,2026-01-24,Arrest
496,3185,7385,2024-01-27,Arrest
497,4652,3863,2025-11-29,Arrest
498,2877,3814,2022-11-22,Surrender
499,3042,4247,2026-02-23,Arrest
500,2842,555,2023-09-16,Arrest
501,912,3186,2022-09-30,Arrest
502,4992,7269,2026-06-19,Arrest
503,312,2447,2025-03-13,Arrest
504,546,1184,2022-11-07,Surrender
505,3721,4296,2022-03-25,Arrest
506,3775,6214,2025-08-29,Arrest
507,2050,1045,2024-04-21,Surrender
508,1804,3318,2022-02-12,Arrest
509,724,6466,2024-03-05,Arrest
510,3093,2969,2023-12-12,Arrest
511,4743,8288,2025-06-03,Surrender
512,4898,7574,2024-10-10,Arrest
513,3645,3342,2022-08-30,Arrest
514,216,7876,2024-09-28,Arrest
515,3267,8598,2025-11-17,Arrest
516,239,665,2023-12-28,Arrest
517,424,5551,2024-11-11,Arrest
518,1538,5947,2025-11-19,Arrest
519,3352,2649,2022-12-20,Surrender
520,1216,1323,2026-02-21,Arrest
521,2561,2647,2026-05-31,Arrest
522,1928,5741,2023-07-08,Arrest
523,4512,5716,2024-08-17,Arrest
524,4302,2250,2022-01-18,Arrest
525,4829,4569,2022-04-17,Arrest
526,2536,6425,2026-02-18,Surrender
527,4748,5170,2026-06-30,Arrest
528,2470,1384,2024-12-16,Surrender
529,2234,2202,2024-02-14,Surrender
530,3577,5820,2022-03-11,Arrest
531,633,8594,2025-09-11,Arrest
532,1376,3434,2024-11-18,Arrest
533,2358,3882,2025-04-23,Arrest
534,898,2115,2022-12-09,Surrender
535,3887,2413,2025-01-22,Arrest
536,2317,5703,2026-06-24,Arrest
537,3222,6394,2024-05-17,Arrest
538,2604,4843,2025-07-21,Surrender
539,2563,857,2022-11-16,Arrest
540,4577,2629,2023-03-16,Arrest
541,3942,4185,2025-11-24,Surrender
542,1887,1407,2023-06-03,Surrender
543,1947,3940,2025-03-24,Arrest
544,1156,7847,2023-01-04,Arrest
545,4127,3255,2026-02-17,Arrest
546,252,484,2023-05-07,Arrest
547,4290,4824,2024-01-14,Arrest
548,3654,8001,2022-10-30,Arrest
549,380,2264,2025-11-23,Arrest
550,4502,458,2025-03-18,Arrest
551,1058,2466,2025-06-14,Arrest
552,357,2599,2024-09-25,Arrest
553,2453,6764,2025-06-06,Arrest
554,2774,669,2024-02-19,Arrest
555,66,3045,2024-05-14,Arrest
556,1638,331,2023-03-05,Surrender
557,528,1514,2023-10-06,Surrender
558,2076,7073,2023-08-01,Arrest
559,2526,7392,2025-10-22,Arrest
560,2966,8055,2026-06-09,Arrest
561,1131,3046,2026-04-25,Arrest
562,2945,5748,2025-11-10,Arrest
563,4858,1422,2025-04-28,Surrender
564,3114,3961,2026-06-30,Arrest
565,4606,8721,2024-02-09,Arrest
566,2691,6828,2025-06-23,Arrest
567,1349,1619,2026-06-13,Surrender
568,1291,5734,2025-02-03,Arrest
569,3708,5304,2026-03-27,Surrender
570,1145,4650,2024-07-20,Arrest
571,3289,8630,2023-10-16,Arrest
572,2319,966,2023-04-06,Arrest
573,3631,7602,2026-06-30,Arrest
574,1206,7188,2026-01-25,Arrest
575,4808,3155,2024-12-30,Arrest
576,2817,2184,2025-07-06,Arrest
577,815,2933,2023-02-15,Arrest
578,2075,1955,2025-01-23,Arrest
579,140,4950,2022-03-29,Surrender
580,2987,7465,2023-03-28,Arrest
581,2586,7856,2022-07-18,Arrest
582,2182,3054,2024-03-11,Arrest
583,85,2989,2022-03-20,Arrest
584,2852,6208,2024-12-21,Arrest
585,2416,8348,2022-06-11,Arrest
586,2848,7322,2024-11-13,Surrender
587,375,6439,2025-05-23,Surrender
588,4649,2848,2023-09-04,Arrest
589,1935,541,2022-07-03,Arrest
590,2701,1406,2023-12-28,Arrest
591,70,6389,2023-01-27,Arrest
592,1479,3397,2025-10-11,Arrest
593,1829,4619,2023-04-06,Arrest
594,2622,4140,2024-08-05,Arrest
595,4085,6740,2026-04-04,Arrest
596,184,8461,2025-11-16,Arrest
597,4511,6004,2023-12-25,Surrender
598,2829,1298,2025-12-23,Arrest
599,1976,3858,2025-09-11,Arrest
600,1242,3821,2023-02-18,Arrest
601,1111,1534,2022-12-09,Arrest
602,2463,8057,2024-10-22,Surrender
603,4400,3152,2022-08-07,Arrest
604,3962,4971,2025-01-14,Arrest
605,673,5254,2025-04-26,Arrest
606,1094,4475,2024-12-22,Surrender
607,399,7596,2024-01-16,Arrest
608,578,6736,2026-06-30,Arrest
609,2982,2961,2023-07-23,Arrest
610,1696,6575,2022-08-31,Arrest
611,3449,2993,2022-06-26,Arrest
612,962,7202,2026-05-06,Surrender
613,141,605,2022-02-20,Surrender
614,4762,249,2022-10-07,Arrest
615,132,6278,2023-04-13,Surrender
616,4770,3654,2025-09-01,Arrest
617,4920,4908,2024-06-07,Arrest
618,1035,5793,2026-04-10,Surrender
619,1689,264,2025-11-02,Arrest
620,4397,3266,2025-11-03,Arrest
621,2104,3218,2022-05-23,Arrest
622,1135,4642,2024-06-03,Arrest
623,4501,8398,2024-02-18,Surrender
624,1315,533,2022-06-21,Arrest
625,4731,1403,2026-01-22,Surrender
626,4619,8385,2023-10-16,Arrest
627,1124,1091,2025-03-04,Arrest
628,3981,456,2024-12-06,Surrender
629,264,8299,2023-09-01,Arrest
630,4028,5235,2024-06-11,Arrest
631,1559,7065,2022-10-16,Arrest
632,3873,3088,2025-03-11,Arrest
633,3831,2796,2023-03-27,Arrest
634,3785,4042,2025-02-25,Surrender
635,3903,3740,2024-04-05,Arrest
636,3709,3474,2024-05-09,Arrest
637,1504,4368,2026-06-30,Arrest
638,3899,7072,2024-11-30,Arrest
639,1732,1730,2026-06-30,Arrest
640,4782,1627,2023-01-10,Arrest
641,41,7946,2025-12-29,Arrest
642,2474,5932,2025-05-12,Arrest
643,2305,683,2023-09-03,Surrender
644,1740,5730,2026-03-13,Arrest
645,1922,7756,2022-11-26,Arrest
646,3845,7612,2025-01-20,Arrest
647,2625,1264,2022-10-16,Arrest
648,4691,8712,2025-11-09,Arrest
649,4848,1198,2022-06-18,Surrender
650,576,7659,2023-12-04,Arrest
651,3779,7595,2025-05-03,Surrender
652,944,218,2023-08-30,Arrest
653,1358,3035,2023-08-20,Arrest
654,3571,2064,2023-02-20,Surrender
655,2513,6654,2022-08-15,Arrest
656,3996,759,2023-06-21,Arrest
657,3748,6259,2022-07-17,Arrest
658,427,5009,2023-04-27,Arrest
659,2616,1006,2022-09-30,Surrender
660,3906,6334,2025-04-21,Arrest
661,1575,8399,2025-01-28,Arrest
662,4906,2073,2023-04-24,Arrest
663,1132,1003,2023-03-31,Arrest
664,3238,7900,2022-10-04,Surrender
665,3328,5575,2025-07-28,Arrest
666,4215,1047,2023-08-26,Arrest
667,2789,5160,2024-01-14,Surrender
668,2727,6146,2026-06-30,Arrest
669,79,7767,2022-07-07,Arrest
670,1549,4339,2025-05-07,Arrest
671,4860,1329,2025-09-12,Surrender
672,4821,51,2026-03-21,Arrest
673,2745,2111,2024-06-25,Arrest
674,4092,4964,2025-12-05,Arrest
675,1530,8642,2024-08-18,Arrest
676,1388,5396,2026-02-19,Arrest
677,328,4377,2023-12-11,Arrest
678,3330,1889,2024-06-05,Arrest
679,3207,6901,2026-06-18,Arrest
680,1248,7315,2025-11-22,Arrest
681,4710,1023,2025-11-29,Arrest
682,4995,1431,2026-02-03,Arrest
683,3219,4512,2024-02-18,Arrest
684,4859,6809,2024-03-13,Arrest
685,2408,6951,2023-11-16,Surrender
686,2463,8058,2024-09-28,Arrest
687,645,8152,2023-12-28,Surrender
688,2704,2026,2025-05-13,Arrest
689,67,2593,2024-09-18,Arrest
690,3433,102,2023-02-10,Arrest
691,3521,8560,2026-06-05,Arrest
692,100,6358,2026-05-13,Arrest
693,2020,4782,2022-07-28,Arrest
694,1020,3245,2025-07-26,Arrest
695,301,6651,2023-10-16,Arrest
696,1951,1963,2024-07-15,Arrest
697,1994,6866,2025-05-11,Arrest
698,2607,5846,2026-05-30,Surrender
699,4416,7882,2025-02-26,Arrest
700,1762,2289,2025-04-13,Surrender
701,1563,4103,2023-12-24,Arrest
702,1907,6224,2023-11-18,Surrender
703,1576,5188,2024-10-10,Arrest
704,4756,4804,2024-07-31,Arrest
705,2861,6486,2024-09-27,Arrest
706,2719,3521,2023-10-02,Arrest
707,3059,1517,2025-09-14,Arrest
708,1821,2706,2026-06-30,Surrender
709,2433,7701,2022-12-15,Surrender
710,4297,3482,2024-03-28,Surrender
711,2358,3883,2025-03-29,Surrender
712,1810,3134,2026-05-21,Arrest
713,223,3405,2024-09-07,Surrender
714,1271,8656,2022-09-21,Arrest
715,4285,8169,2025-01-02,Surrender
716,670,8422,2026-05-17,Arrest
717,4944,2651,2025-08-17,Surrender
718,4188,5471,2023-05-21,Surrender
719,4597,1689,2022-07-21,Surrender
720,1695,4772,2022-10-08,Arrest
721,489,5114,2023-07-15,Arrest
722,1496,7504,2022-05-08,Arrest
723,190,2479,2025-05-04,Arrest
724,967,8476,2024-08-31,Arrest
725,4992,7268,2026-06-30,Arrest
726,2560,5267,2024-12-17,Arrest
727,4544,8622,2025-03-26,Arrest
728,3510,181,2025-06-15,Arrest
729,1965,5509,2025-06-19,Arrest
730,2961,2992,2022-04-18,Arrest
731,4475,5181,2025-08-16,Arrest
732,4108,1738,2023-10-23,Surrender
733,1158,350,2023-03-27,Arrest
734,843,7382,2023-01-08,Arrest
735,689,6640,2024-03-05,Arrest
736,2084,2099,2022-10-17,Arrest
737,61,6724,2023-06-14,Surrender
738,982,1314,2025-07-27,Arrest
739,552,3429,2024-08-03,Arrest
740,4445,7530,2022-11-23,Arrest
741,44,2681,2026-06-30,Surrender
742,3325,2084,2025-11-30,Arrest
743,4231,3549,2024-01-21,Arrest
744,4917,8570,2024-04-30,Arrest
745,3609,1254,2023-01-19,Arrest
746,4632,3306,2024-08-30,Arrest
747,1291,5736,2025-04-02,Arrest
748,45,4327,2023-09-30,Surrender
749,3532,8436,2026-06-30,Arrest
750,2356,4036,2023-02-15,Surrender
751,4031,7879,2025-01-19,Arrest
752,4972,8457,2024-10-09,Arrest
753,3132,767,2024-10-20,Arrest
754,4553,6450,2022-12-20,Arrest
755,1844,5621,2023-09-21,Surrender
756,819,626,2024-11-17,Arrest
757,905,1570,2025-08-31,Arrest
758,909,869,2025-04-17,Arrest
759,485,8485,2024-10-28,Arrest
760,93,677,2022-11-11,Arrest
761,1139,6067,2026-06-27,Surrender
762,475,4305,2025-11-02,Arrest
763,2689,2261,2023-05-02,Arrest
764,1653,4354,2024-11-05,Arrest
765,3012,4396,2025-12-02,Surrender
766,4750,6396,2023-06-03,Arrest
767,1752,3173,2024-05-08,Surrender
768,2565,1700,2024-02-23,Surrender
769,142,6662,2023-11-25,Arrest
770,2203,3258,2025-02-24,Arrest
771,4120,941,2024-05-01,Surrender
772,1390,4508,2022-02-14,Arrest
773,3244,5087,2025-06-19,Arrest
774,2934,8655,2025-12-23,Arrest
775,2476,5028,2023-11-27,Surrender
776,4657,711,2024-09-22,Arrest
777,4693,5827,2025-07-24,Arrest
778,314,1579,2026-06-24,Arrest
779,2204,5850,2026-05-09,Surrender
780,135,6456,2025-09-10,Arrest
781,292,4330,2025-03-07,Arrest
782,4246,7166,2022-06-23,Arrest
783,1939,8670,2024-11-13,Arrest
784,1117,7285,2025-10-14,Arrest
785,1134,3807,2025-11-06,Arrest
786,2199,5412,2025-05-23,Arrest
787,1239,587,2024-07-16,Arrest
788,2308,6082,2023-12-22,Arrest
789,4529,6413,2023-02-25,Arrest
790,422,6327,2025-11-04,Arrest
791,3022,5364,2024-09-02,Arrest
792,3146,2819,2024-08-06,Arrest
793,3685,8185,2024-08-29,Arrest
794,618,5675,2026-01-30,Surrender
795,1431,2139,2025-08-20,Arrest
796,3237,6530,2025-09-09,Arrest
797,3749,4398,2025-11-20,Arrest
798,2864,7817,2023-01-05,Arrest
799,4302,2252,2022-03-01,Surrender
800,345,173,2023-03-08,Arrest
801,321,4939,2025-11-11,Arrest
802,4569,5921,2022-09-29,Surrender
803,2928,3602,2022-11-18,Arrest
804,4373,1484,2023-09-02,Surrender
805,4010,5600,2024-02-06,Arrest
806,4466,120,2023-08-08,Surrender
807,4801,4715,2022-04-06,Arrest
808,3473,268,2023-10-24,Surrender
809,3386,7053,2024-04-16,Arrest
810,1157,6597,2023-06-07,Arrest
811,2653,5880,2024-05-02,Arrest
812,4828,3419,2025-06-21,Arrest
813,2983,551,2026-06-19,Arrest
814,4508,7454,2025-06-12,Arrest
815,760,6720,2023-03-15,Arrest
816,3505,2717,2024-09-19,Arrest
817,987,1722,2025-03-27,Arrest
818,993,8275,2024-11-02,Surrender
819,4389,4611,2025-05-24,Arrest
820,1462,6427,2025-06-17,Surrender
821,2407,7503,2025-09-16,Arrest
822,1849,2320,2023-05-18,Arrest
823,1909,1624,2026-06-30,Arrest
824,2350,8216,2026-02-09,Arrest
825,1000,534,2023-05-26,Arrest
826,4634,5479,2023-08-04,Arrest
827,860,4100,2022-08-30,Surrender
828,112,6179,2024-09-17,Surrender
829,1457,5502,2024-09-03,Surrender
830,1960,66,2024-08-15,Arrest
831,3447,2305,2024-02-17,Arrest
832,655,4773,2026-02-28,Arrest
833,4248,3951,2022-05-08,Arrest
834,1372,5445,2025-08-03,Arrest
835,4180,355,2024-08-08,Arrest
836,3959,4451,2026-06-06,Surrender
837,4805,744,2025-05-28,Arrest
838,2389,8294,2024-04-09,Arrest
839,2002,2692,2025-03-17,Arrest
840,4800,1194,2022-05-14,Arrest
841,4696,1702,2026-06-30,Arrest
842,815,2934,2023-02-19,Arrest
843,2455,2985,2025-07-27,Surrender
844,2951,7145,2022-02-27,Arrest
845,3927,1531,2025-02-14,Arrest
846,3546,6341,2023-06-12,Arrest
847,3157,473,2025-08-24,Surrender
848,2752,3026,2022-10-13,Surrender
849,3214,8556,2022-04-17,Arrest
850,4928,909,2025-02-16,Surrender
851,79,7766,2022-08-30,Arrest
852,295,2030,2026-05-02,Arrest
853,4790,1863,2024-12-23,Arrest
854,2514,5567,2024-04-15,Arrest
855,4392,324,2024-09-24,Arrest
856,3672,5519,2022-05-13,Arrest
857,2610,5041,2025-08-26,Surrender
858,4245,7350,2025-02-12,Arrest
859,4059,1453,2025-09-05,Arrest
860,2376,3102,2022-09-04,Arrest
861,3,3379,2025-08-27,Arrest
862,3673,5877,2022-08-15,Arrest
863,2363,867,2023-03-13,Surrender
864,4902,8073,2024-03-16,Arrest
865,1278,731,2025-10-15,Surrender
866,1225,1177,2022-06-20,Arrest
867,1584,7933,2025-12-02,Arrest
868,443,4191,2025-11-02,Arrest
869,1849,2318,2023-05-30,Arrest
870,4366,6383,2023-03-17,Arrest
871,2082,4986,2026-03-22,Surrender
872,2483,1671,2026-04-19,Surrender
873,83,7289,2026-06-30,Arrest
874,4438,7822,2026-05-19,Arrest
875,1304,834,2023-06-24,Surrender
876,605,2827,2025-03-16,Arrest
877,2367,3162,2024-09-02,Arrest
878,2814,519,2022-03-02,Arrest
879,4991,4373,2026-03-18,Arrest
880,1661,7606,2022-09-24,Surrender
881,2446,1480,2024-09-23,Arrest
882,4040,7846,2023-04-10,Arrest
883,4329,7960,2023-11-06,Arrest
884,271,4356,2025-04-26,Arrest
885,841,7225,2025-12-23,Arrest
886,3419,1681,2022-12-28,Arrest
887,747,3269,2024-09-15,Arrest
888,4656,1447,2025-09-27,Arrest
889,3392,7833,2024-04-29,Surrender
890,3845,7613,2025-02-27,Arrest
891,1824,5093,2025-11-03,Arrest
892,3166,2089,2025-02-11,Surrender
893,678,7291,2022-06-22,Arrest
894,1957,6108,2023-03-15,Surrender
895,2829,1296,2026-02-10,Arrest
896,4279,4114,2025-03-14,Arrest
897,3152,7523,2023-10-24,Surrender
898,2733,1544,2024-04-07,Arrest
899,773,3079,2025-02-17,Arrest
900,363,5796,2024-08-09,Surrender
901,3147,5492,2024-03-14,Arrest
902,2384,1079,2025-12-20,Arrest
903,1934,4776,2026-05-24,Surrender
904,2129,8690,2022-04-05,Arrest
905,581,6028,2025-10-27,Arrest
906,3103,1840,2024-05-09,Arrest
907,256,1143,2024-02-24,Surrender
908,2736,5014,2024-09-14,Surrender
909,4683,5678,2025-03-13,Arrest
910,619,8578,2022-06-20,Arrest
911,3540,4582,2024-12-02,Arrest
912,1266,2645,2022-05-05,Arrest
913,166,5220,2023-06-08,Arrest
914,1038,8272,2022-10-06,Surrender
915,883,4142,2023-07-24,Arrest
916,1191,1804,2023-01-03,Arrest
917,2771,7052,2025-08-27,Arrest
918,4430,1644,2024-04-08,Arrest
919,3435,7733,2022-08-15,Surrender
920,2926,1196,2024-07-14,Arrest
921,4967,6858,2025-05-06,Arrest
922,1942,5012,2025-03-30,Arrest
923,3291,1157,2025-06-24,Arrest
924,2080,6569,2025-08-28,Arrest
925,2544,7866,2024-07-07,Surrender
926,2224,178,2024-01-14,Arrest
927,2577,4383,2023-06-13,Arrest
928,2948,133,2023-02-15,Arrest
929,4184,1533,2023-06-05,Arrest
930,2060,1321,2026-02-20,Arrest
931,781,6694,2025-08-10,Arrest
932,4163,3559,2024-06-15,Arrest
933,246,1528,2025-02-28,Arrest
934,3448,1,2026-06-30,Arrest
935,2418,6954,2025-12-04,Arrest
936,2715,7829,2022-10-24,Arrest
937,2376,3103,2022-08-10,Arrest
938,4548,6539,2023-09-02,Arrest
939,1632,3239,2022-08-29,Arrest
940,3208,5817,2025-05-17,Arrest
941,2785,8515,2022-03-07,Arrest
942,4869,6628,2025-12-11,Arrest
943,4027,3297,2024-03-16,Surrender
944,1939,8671,2024-10-21,Arrest
945,2118,4713,2024-07-03,Arrest
946,1723,150,2022-08-19,Arrest
947,2832,2068,2022-06-29,Arrest
948,1021,4819,2026-03-31,Arrest
949,4324,5707,2025-06-04,Arrest
950,4508,7455,2025-07-20,Surrender
951,821,412,2023-03-04,Arrest
952,3584,409,2022-07-13,Surrender
953,2888,2355,2025-05-08,Surrender
954,18,4473,2023-11-02,Arrest
955,2180,3067,2023-02-19,Arrest
956,4883,158,2024-11-04,Surrender
957,1583,6429,2023-12-16,Surrender
958,727,7813,2025-07-25,Arrest
959,4468,8049,2023-06-01,Arrest
960,4753,6300,2024-07-02,Arrest
961,2246,2019,2025-08-17,Arrest
962,721,6912,2025-05-11,Arrest
963,3497,6521,2026-06-30,Surrender
964,4343,200,2024-08-30,Arrest
965,2521,7956,2023-12-13,Arrest
966,1531,713,2024-05-14,Arrest
967,4629,4741,2024-02-11,Arrest
968,2742,8101,2026-04-14,Arrest
969,162,3746,2022-12-06,Arrest
970,1209,38,2025-06-04,Arrest
971,4977,2234,2026-06-30,Arrest
972,2834,6423,2022-05-19,Arrest
973,751,2880,2022-08-16,Surrender
974,1166,2392,2022-12-07,Arrest
975,1415,4830,2025-08-21,Arrest
976,1277,6254,2026-06-30,Arrest
977,3488,1503,2026-01-02,Arrest
978,123,6274,2024-06-12,Surrender
979,3583,5122,2023-06-08,Surrender
980,4557,5172,2025-01-13,Arrest
981,2569,82,2024-01-18,Surrender
982,4723,6602,2023-08-15,Arrest
983,73,6001,2024-03-27,Arrest
984,2374,3059,2023-09-19,Arrest
985,1874,4946,2026-06-30,Surrender
986,3574,1766,2023-07-05,Arrest
987,474,928,2022-10-20,Arrest
988,2752,3028,2022-11-06,Arrest
989,378,880,2022-03-26,Arrest
990,908,2886,2023-03-24,Arrest
991,1073,4937,2024-06-26,Arrest
992,2247,6622,2023-02-01,Arrest
993,3042,4246,2026-01-22,Arrest
994,752,1609,2024-12-28,Arrest
995,4026,96,2024-09-10,Arrest
996,2745,2112,2024-06-11,Arrest
997,2188,5139,2025-08-04,Arrest
998,4640,8088,2023-06-06,Arrest
999,3277,6811,2022-12-15,Arrest
1000,4516,2304,2026-06-30,Arrest
1001,692,2581,2025-11-07,Surrender
1002,1043,5629,2024-02-06,Arrest
1003,915,4727,2023-04-20,Surrender
1004,2450,2496,2022-06-18,Surrender
1005,1252,4906,2024-12-07,Arrest
1006,3271,2918,2022-05-18,Arrest
1007,318,8536,2025-12-21,Surrender
1008,1674,1057,2024-01-11,Arrest
1009,4142,795,2026-03-16,Surrender
1010,1671,6821,2025-03-22,Surrender
1011,4516,2303,2026-06-12,Arrest
1012,1522,4538,2022-04-15,Arrest
1013,4002,5310,2022-08-22,Arrest
1014,4111,2955,2023-06-28,Surrender
1015,2793,6027,2024-01-06,Arrest
1016,4425,6776,2023-12-01,Arrest
1017,4980,252,2022-06-16,Arrest
1018,366,2841,2026-03-10,Arrest
1019,2731,335,2023-04-05,Arrest
1020,2499,2674,2023-01-11,Arrest
1021,484,2158,2022-09-04,Arrest
1022,4994,8070,2022-12-29,Arrest
1023,998,7636,2023-09-27,Arrest
1024,4289,2190,2024-02-28,Surrender
1025,2483,1672,2026-04-02,Arrest
1026,1490,7243,2024-01-27,Surrender
1027,1933,3590,2025-11-15,Arrest
1028,298,8585,2023-08-17,Arrest
1029,4381,2226,2023-04-04,Surrender
1030,146,7508,2023-10-28,Arrest
1031,424,5552,2024-10-16,Arrest
1032,4936,1035,2025-04-30,Surrender
1033,3867,2901,2022-08-19,Arrest
1034,4446,1666,2025-10-31,Arrest
1035,1382,5418,2025-03-05,Arrest
1036,4785,3967,2024-12-08,Arrest
1037,2503,6363,2023-12-23,Surrender
1038,4362,7056,2022-07-05,Arrest
1039,91,4148,2023-10-08,Arrest
1040,2297,3086,2024-11-21,Surrender
1041,1040,3065,2026-03-02,Arrest
1042,3895,3320,2025-01-12,Arrest
1043,276,5134,2025-12-14,Arrest
1044,1118,1979,2025-04-18,Surrender
1045,1173,6556,2024-05-10,Surrender
1046,3385,4632,2022-06-10,Surrender
1047,3983,1563,2026-02-02,Arrest
1048,4975,7088,2025-05-01,Arrest
1049,4904,5831,2022-10-16,Arrest
1050,3282,6891,2025-09-20,Arrest
1051,4064,8095,2025-03-27,Surrender
1052,1604,5881,2023-09-03,Surrender
1053,2109,7534,2025-09-06,Surrender
1054,2430,2639,2022-10-22,Surrender
1055,3148,5994,2025-11-11,Arrest
1056,3182,504,2025-05-11,Arrest
1057,1030,1776,2023-08-10,Arrest
1058,3052,275,2024-12-19,Arrest
1059,18,4472,2023-11-24,Arrest
1060,2718,4448,2023-03-13,Arrest
1061,2169,4996,2023-08-06,Arrest
1062,4061,6422,2024-08-24,Surrender
1063,1858,6338,2023-02-22,Arrest
1064,1012,8171,2025-07-31,Surrender
1065,2305,684,2023-08-13,Surrender
1066,2824,7355,2025-12-15,Arrest
1067,1619,998,2025-06-16,Arrest
1068,1447,1727,2022-06-26,Arrest
1069,406,4082,2023-12-05,Arrest
1070,3007,5389,2023-09-25,Surrender
1071,2404,745,2024-07-10,Surrender
1072,2567,7235,2024-07-08,Surrender
1073,3225,3880,2022-08-22,Arrest
1074,1967,2729,2023-08-22,Arrest
1075,1487,5649,2023-09-20,Surrender
1076,2343,3480,2024-06-29,Arrest
1077,2680,4263,2025-04-22,Arrest
1078,3534,6101,2022-09-10,Arrest
1079,4149,8511,2023-11-28,Surrender
1080,2227,2868,2023-11-24,Arrest
1081,201,983,2022-11-14,Arrest
1082,4313,80,2026-06-30,Arrest
1083,1476,6688,2022-05-19,Arrest
1084,390,2997,2022-09-05,Arrest
1085,587,1953,2024-10-23,Arrest
1086,2853,7557,2023-04-16,Arrest
1087,1385,6138,2022-06-13,Arrest
1088,3534,6102,2022-10-03,Arrest
1089,4131,5423,2023-05-13,Arrest
1090,3210,446,2025-03-14,Arrest
1091,1588,6419,2023-09-18,Arrest
1092,1720,4626,2026-06-30,Arrest
1093,4549,5016,2024-02-17,Arrest
1094,3644,6621,2024-02-18,Surrender
1095,3789,6984,2024-01-07,Arrest
1096,4939,1663,2025-02-22,Arrest
1097,2340,1778,2024-09-27,Arrest
1098,1743,69,2023-11-08,Arrest
1099,3366,49,2023-07-11,Surrender
1100,4093,1054,2025-11-24,Arrest
1101,4024,3536,2026-06-23,Arrest
1102,4745,6886,2023-05-07,Surrender
1103,3616,3106,2025-05-25,Arrest
1104,4602,7570,2025-04-20,Arrest
1105,4218,1881,2025-05-02,Arrest
1106,1979,2919,2026-06-09,Arrest
1107,4987,394,2023-11-12,Surrender
1108,2374,3060,2023-09-02,Arrest
1109,1662,231,2023-10-15,Arrest
1110,3361,42,2023-10-20,Arrest
1111,3134,3886,2023-07-29,Arrest
1112,1122,4707,2023-12-23,Arrest
1113,4768,7436,2024-03-11,Arrest
1114,3065,3899,2025-04-26,Arrest
1115,192,7691,2025-10-23,Surrender
1116,4594,7308,2024-09-16,Arrest
1117,2030,6709,2023-12-05,Arrest
1118,3588,2128,2024-07-26,Arrest
1119,690,3915,2023-02-26,Surrender
1120,1055,8274,2025-02-19,Arrest
1121,2181,2167,2025-08-25,Arrest
1122,1381,5772,2026-03-01,Surrender
1123,778,2373,2026-04-06,Surrender
1124,1526,62,2025-06-20,Arrest
1125,1563,4102,2023-12-23,Surrender
1126,4498,4253,2024-06-23,Arrest
1127,140,4948,2022-04-23,Arrest
1128,978,403,2024-12-24,Arrest
1129,2731,333,2023-04-08,Arrest
1130,3808,7978,2023-04-23,Arrest
1131,4985,1010,2024-05-26,Surrender
1132,199,6210,2023-01-31,Arrest
1133,4101,7403,2024-06-16,Arrest
1134,326,6371,2023-03-08,Surrender
1135,3061,7011,2023-04-21,Arrest
1136,475,4303,2025-10-26,Arrest
1137,3519,3788,2025-02-10,Arrest
1138,2597,6690,2022-02-28,Surrender
1139,4571,6163,2023-03-29,Arrest
1140,4814,7238,2024-11-28,Arrest
1141,4055,7206,2023-12-30,Arrest
1142,25,5670,2026-03-08,Arrest
1143,3516,3207,2025-09-09,Surrender
1144,3821,3143,2026-04-30,Arrest
1145,2523,5230,2023-10-27,Arrest
1146,2690,2860,2025-01-25,Arrest
1147,3947,6235,2026-06-30,Arrest
1148,750,707,2022-09-19,Arrest
1149,3254,4487,2023-08-25,Arrest
1150,886,3128,2024-01-29,Arrest
1151,2699,6307,2026-03-09,Arrest
1152,3547,5582,2025-03-02,Arrest
1153,3478,6748,2026-06-30,Arrest
1154,299,697,2025-09-05,Surrender
1155,1027,1104,2024-04-24,Arrest
1156,423,4839,2024-10-04,Arrest
1157,2138,380,2024-08-05,Surrender
1158,3442,7492,2024-01-23,Arrest
1159,4888,6991,2026-03-17,Arrest
1160,3657,8016,2023-03-10,Surrender
1161,287,3843,2026-04-29,Arrest
1162,3661,5779,2023-11-20,Arrest
1163,2138,382,2024-07-15,Surrender
1164,3080,1617,2023-08-12,Arrest
1165,2662,1471,2026-06-30,Arrest
1166,4299,8663,2025-01-28,Arrest
1167,4249,4975,2023-07-17,Surrender
1168,3983,1562,2026-02-12,Surrender
1169,1516,7024,2024-05-15,Arrest
1170,4733,6261,2024-09-22,Arrest
1171,1237,3151,2024-09-14,Arrest
1172,1536,7543,2023-02-17,Arrest
1173,2040,3499,2022-08-16,Arrest
1174,2989,4234,2023-11-10,Surrender
1175,894,4055,2024-10-17,Surrender
1176,4152,5515,2022-04-09,Arrest
1177,2943,8392,2023-11-17,Arrest
1178,4824,5264,2023-10-10,Surrender
1179,2412,859,2024-05-26,Arrest
1180,4678,2518,2026-06-04,Arrest
1181,668,3762,2025-07-23,Arrest
1182,649,8610,2022-07-28,Arrest
1183,889,1537,2026-06-30,Arrest
1184,3744,1982,2026-06-30,Surrender
1185,836,1492,2025-09-28,Surrender
1186,4911,4123,2026-03-14,Arrest
1187,2974,2273,2025-01-22,Surrender
1188,559,3371,2022-05-03,Arrest
1189,4510,1791,2026-03-28,Surrender
1190,2483,1673,2026-03-30,Surrender
1191,1691,7884,2025-05-10,Arrest
1192,3677,3414,2024-07-15,Arrest
1193,1401,1719,2024-05-26,Arrest
1194,1359,7175,2026-03-31,Arrest
1195,4716,2009,2026-05-13,Surrender
1196,886,3129,2024-01-04,Arrest
1197,4191,5163,2024-11-14,Arrest
1198,1177,5124,2022-12-06,Arrest
1199,2424,8308,2024-06-09,Arrest
1200,2031,6524,2022-09-18,Arrest
1201,3346,215,2022-10-07,Surrender
1202,4764,7004,2023-10-27,Arrest
1203,2618,5835,2026-06-30,Arrest
1204,704,863,2026-06-30,Arrest
1205,735,7804,2025-08-26,Surrender
1206,2665,6670,2023-08-01,Arrest
1207,238,5485,2023-03-31,Arrest
1208,2581,7081,2022-04-23,Arrest
1209,1814,182,2024-11-11,Arrest
1210,1886,6600,2023-07-28,Surrender
1211,4461,5708,2024-12-08,Arrest
1212,4541,3308,2022-07-29,Arrest
1213,2141,5029,2024-09-01,Surrender
1214,880,2511,2024-09-10,Arrest
1215,4519,1433,2024-08-12,Arrest
1216,581,6030,2025-10-12,Arrest
1217,999,4547,2026-04-03,Arrest
1218,3034,4167,2026-04-14,Arrest
1219,3490,7402,2022-04-08,Arrest
1220,1005,545,2025-01-01,Surrender
1221,3706,8042,2024-09-02,Arrest
1222,2035,2499,2025-12-18,Arrest
1223,363,5795,2024-05-21,Arrest
1224,1718,1331,2025-05-09,Arrest
1225,1929,5293,2025-03-28,Arrest
1226,3964,6611,2023-11-11,Arrest
1227,1149,8439,2022-04-06,Arrest
1228,3768,4211,2023-12-08,Arrest
1229,2811,6411,2025-08-16,Surrender
1230,426,3209,2026-05-30,Arrest
1231,3971,5666,2022-09-02,Arrest
1232,4182,7251,2025-04-11,Arrest
1233,2895,7040,2023-02-21,Arrest
1234,3060,8497,2022-08-04,Arrest
1235,1419,5609,2023-02-22,Arrest
1236,3228,5153,2023-06-07,Arrest
1237,3566,7319,2024-11-01,Arrest
1238,215,2716,2025-07-19,Arrest
1239,2166,6637,2023-08-25,Arrest
1240,3269,6914,2024-08-04,Surrender
1241,3734,8136,2025-01-27,Arrest
1242,619,8577,2022-08-04,Arrest
1243,4472,5077,2024-01-07,Arrest
1244,4546,3019,2024-07-20,Arrest
1245,199,6212,2023-02-04,Arrest
1246,1713,7049,2025-10-19,Arrest
1247,4273,4051,2023-07-11,Surrender
1248,2825,4818,2024-07-14,Surrender
1249,3479,7031,2023-01-05,Arrest
1250,4470,3329,2024-05-10,Arrest
1251,894,4056,2024-08-22,Arrest
1252,2647,8547,2023-08-25,Surrender
1253,1317,3756,2026-01-06,Arrest
1254,2336,7604,2025-10-23,Arrest
1255,1826,5571,2026-02-14,Arrest
1256,1808,1769,2024-01-30,Arrest
1257,3527,6134,2022-03-08,Arrest
1258,1244,3247,2025-09-30,Arrest
1259,4280,6177,2022-11-12,Arrest
1260,4885,7239,2026-04-16,Arrest
1261,3294,1245,2025-10-30,Arrest
1262,426,3210,2026-05-13,Arrest
1263,3537,3922,2023-05-05,Arrest
1264,1648,6175,2023-06-09,Arrest
1265,3900,3652,2025-03-18,Arrest
1266,2452,6681,2022-04-10,Arrest
1267,2845,577,2022-08-01,Arrest
1268,2081,4421,2022-10-05,Arrest
1269,2052,1167,2022-05-10,Arrest
1270,2299,2493,2025-03-18,Arrest
1271,469,416,2026-06-30,Arrest
1272,3064,8409,2023-06-09,Surrender
1273,2864,7814,2023-02-11,Arrest
1274,319,5481,2024-06-21,Arrest
1275,1314,760,2023-01-29,Surrender
1276,1838,4602,2026-06-30,Arrest
1277,4043,1202,2023-04-13,Arrest
1278,188,2292,2025-04-14,Arrest
1279,3733,6062,2025-08-28,Surrender
1280,2137,7110,2024-03-11,Arrest
1281,960,4437,2026-02-14,Arrest
1282,82,3693,2024-09-10,Arrest
1283,1803,3280,2022-06-27,Arrest
1284,4090,329,2024-11-03,Arrest
1285,1567,5501,2022-03-16,Surrender
1286,1949,4542,2024-06-15,Surrender
1287,3957,2866,2026-06-30,Arrest
1288,4620,3871,2025-06-07,Arrest
1289,1301,6367,2026-03-28,Surrender
1290,2082,4983,2026-03-16,Surrender
1291,1050,1112,2024-09-28,Arrest
1292,1833,1993,2022-04-23,Surrender
1293,3321,6452,2026-05-18,Arrest
1294,3080,1618,2023-08-14,Arrest
1295,1089,2755,2024-04-09,Surrender
1296,4019,1282,2025-06-28,Arrest
1297,3656,3615,2026-01-05,Arrest
1298,4339,1871,2023-11-19,Arrest
1299,2312,5415,2024-05-20,Surrender
1300,1001,6150,2023-07-10,Arrest
1301,1732,1731,2026-05-25,Surrender
1302,703,7470,2022-04-20,Arrest
1303,628,6835,2026-02-18,Arrest
1304,1074,971,2022-06-07,Arrest
1305,3043,5970,2023-10-27,Arrest
1306,2719,3520,2023-09-12,Arrest
1307,3694,3323,2024-12-11,Arrest
1308,4442,5782,2025-12-12,Arrest
1309,2960,5788,2025-04-15,Arrest
1310,4272,2604,2022-12-27,Surrender
1311,2523,5229,2023-10-28,Arrest
1312,3579,1283,2024-02-08,Arrest
1313,1145,4652,2024-06-04,Surrender
1314,2493,1920,2023-11-24,Arrest
1315,4044,8390,2025-08-30,Surrender
1316,1774,8197,2024-03-02,Arrest
1317,4148,4236,2024-04-22,Surrender
1318,526,1375,2024-10-29,Arrest
1319,3217,5791,2023-11-09,Arrest
1320,1035,5794,2026-04-03,Arrest
1321,4027,3298,2024-01-02,Arrest
1322,3720,6054,2023-05-13,Arrest
1323,3539,6516,2024-02-05,Surrender
1324,2617,8150,2025-06-28,Arrest
1325,1363,1650,2023-11-13,Arrest
1326,2557,1299,2024-07-11,Arrest
1327,3761,3768,2025-02-18,Surrender
1328,1104,741,2023-01-26,Arrest
1329,4642,8569,2022-11-03,Arrest
1330,3496,7387,2024-12-12,Arrest
1331,4462,6555,2025-02-06,Arrest
1332,408,8371,2024-07-19,Arrest
1333,4909,5654,2022-09-21,Surrender
1334,3407,2664,2026-06-04,Arrest
1335,4530,2178,2022-07-24,Arrest
1336,2176,4743,2024-02-04,Surrender
1337,4017,8426,2023-05-09,Surrender
1338,4911,4122,2026-01-24,Arrest
1339,3143,3411,2022-02-15,Arrest
1340,4669,8286,2026-06-30,Arrest
1341,4834,436,2026-05-24,Arrest
1342,1294,8503,2026-02-16,Arrest
1343,3514,7389,2025-11-28,Arrest
1344,1952,309,2024-10-23,Arrest
1345,2682,7266,2026-06-30,Surrender
1346,816,88,2024-09-03,Arrest
1347,4104,4351,2024-02-12,Arrest
1348,4176,4519,2022-03-17,Arrest
1349,349,1021,2024-12-11,Arrest
1350,4199,1898,2024-05-02,Arrest
1351,4948,2274,2023-08-16,Arrest
1352,1002,6580,2026-02-16,Arrest
1353,3484,6271,2024-12-24,Arrest
1354,4275,7953,2026-01-11,Surrender
1355,4583,4863,2024-10-27,Surrender
1356,3464,7399,2022-05-06,Arrest
1357,2107,2603,2022-10-25,Arrest
1358,4263,258,2024-02-02,Arrest
1359,1654,4788,2026-03-10,Surrender
1360,3273,289,2024-09-30,Arrest
1361,2997,4388,2024-04-03,Arrest
1362,4789,7275,2022-11-08,Arrest
1363,670,8421,2026-02-27,Arrest
1364,4636,1418,2025-05-29,Arrest
1365,250,5526,2024-02-01,Surrender
1366,1871,2134,2023-11-29,Arrest
1367,4595,2088,2025-04-17,Surrender
1368,1610,1386,2026-03-26,Arrest
1369,1355,738,2023-12-02,Arrest
1370,218,5379,2026-03-03,Arrest
1371,2359,3119,2025-10-25,Arrest
1372,50,6831,2024-09-17,Arrest
1373,3308,544,2025-01-30,Arrest
1374,1556,6979,2026-06-30,Arrest
1375,15,8253,2022-02-05,Arrest
1376,344,3681,2025-10-19,Arrest
1377,1138,5518,2023-09-18,Arrest
1378,3542,3782,2024-04-12,Arrest
1379,3455,2058,2023-06-27,Arrest
1380,4303,2517,2023-04-17,Arrest
1381,3506,8591,2025-02-07,Arrest
1382,2700,7987,2023-05-05,Arrest
1383,2729,1510,2023-05-11,Arrest
1384,2411,801,2024-02-07,Arrest
1385,168,8360,2025-10-26,Arrest
1386,2399,57,2024-07-20,Arrest
1387,12,70,2024-03-20,Arrest
1388,2136,4343,2022-07-10,Arrest
1389,1531,712,2024-05-15,Arrest
1390,1841,7015,2023-01-12,Arrest
1391,3418,266,2025-08-15,Arrest
1392,3535,3934,2023-12-21,Arrest
1393,2175,3384,2026-04-06,Arrest
1394,4631,4962,2022-02-16,Arrest
1395,635,1607,2025-01-19,Arrest
1396,2286,5841,2023-04-16,Arrest
1397,2791,1546,2023-11-25,Surrender
1398,3943,8081,2026-01-24,Arrest
1399,2559,1836,2024-01-21,Arrest
1400,4970,5047,2025-09-20,Arrest
1401,1365,6677,2026-02-22,Arrest
1402,4337,8375,2026-06-30,Arrest
1403,4449,6128,2023-04-24,Arrest
1404,3298,4251,2024-11-09,Arrest
1405,4478,5429,2024-09-15,Arrest
1406,126,4128,2023-02-10,Arrest
1407,2887,8406,2023-04-22,Arrest
1408,4570,6897,2024-05-07,Surrender
1409,512,7655,2025-09-27,Surrender
1410,858,8026,2022-11-04,Arrest
1411,3884,3686,2024-11-09,Arrest
1412,2887,8404,2023-05-17,Arrest
1413,1770,5458,2024-10-18,Arrest
1414,3852,752,2026-05-03,Arrest
1415,826,8166,2024-05-13,Arrest
1416,2333,8576,2022-03-31,Arrest
1417,420,2228,2023-09-06,Arrest
1418,113,477,2026-05-14,Arrest
1419,321,4940,2025-09-17,Arrest
1420,4165,8410,2025-03-23,Arrest
1421,4066,3459,2023-01-23,Arrest
1422,1270,212,2023-05-10,Arrest
1423,4216,469,2022-07-27,Arrest
1424,2875,4794,2023-11-17,Surrender
1425,1704,4583,2023-10-15,Arrest
1426,2821,8378,2024-05-03,Arrest
1427,1624,6333,2024-07-11,Arrest
1428,4364,1026,2024-09-23,Arrest
1429,4521,3609,2025-05-30,Surrender
1430,1231,4679,2025-02-10,Arrest
1431,4720,4989,2025-07-13,Arrest
1432,885,1473,2023-03-25,Arrest
1433,2513,6653,2022-09-02,Arrest
1434,2257,3669,2024-07-22,Arrest
1435,1601,4005,2025-12-19,Arrest
1436,1366,774,2026-02-17,Arrest
1437,3292,5061,2022-07-18,Arrest
1438,1039,2544,2023-02-26,Arrest
1439,4409,4841,2024-05-29,Arrest
1440,2663,4899,2024-07-03,Arrest
1441,1010,642,2024-10-21,Arrest
1442,1746,2482,2026-06-26,Surrender
1443,2988,197,2025-07-27,Arrest
1444,2260,7449,2023-03-30,Arrest
1445,3234,4129,2022-08-11,Surrender
1446,2903,1559,2023-12-26,Arrest
1447,2168,6745,2024-02-10,Arrest
1448,2254,1109,2024-06-13,Arrest
1449,760,6721,2023-02-01,Arrest
1450,638,1916,2024-06-12,Arrest
1451,2364,1421,2022-04-07,Arrest
1452,3202,6002,2025-08-02,Arrest
1453,3276,8496,2023-05-05,Arrest
1454,1708,3356,2024-06-26,Arrest
1455,2477,5399,2023-12-05,Arrest
1456,3143,3412,2022-01-28,Arrest
1457,2434,958,2025-05-31,Arrest
1458,1337,7369,2023-07-03,Arrest
1459,4769,7157,2022-02-14,Surrender
1460,1375,7915,2024-09-20,Surrender
1461,245,7360,2025-10-03,Surrender
1462,4081,1741,2023-12-10,Arrest
1463,846,1262,2025-07-07,Surrender
1464,4466,119,2023-09-12,Arrest
1465,1726,6170,2022-08-21,Arrest
1466,2099,3166,2022-03-02,Surrender
1467,3282,6890,2025-09-11,Arrest
1468,997,4740,2023-12-03,Arrest
1469,3430,5685,2022-10-16,Surrender
1470,1650,4608,2026-05-19,Arrest
1471,3370,3935,2022-02-28,Arrest
1472,879,2454,2022-09-17,Arrest
1473,2605,7018,2022-08-09,Surrender
1474,2226,6290,2026-06-30,Arrest
1475,3572,1173,2022-04-20,Arrest
1476,4763,6877,2025-04-18,Arrest
1477,2850,2830,2023-04-18,Arrest
1478,2965,5060,2024-06-10,Surrender
1479,3843,7572,2023-11-06,Arrest
1480,2631,4891,2023-08-08,Surrender
1481,23,7929,2023-08-28,Arrest
1482,651,2376,2023-03-04,Arrest
1483,515,6131,2022-12-05,Arrest
1484,393,4856,2022-10-22,Surrender
1485,1852,5065,2025-11-16,Arrest
1486,2583,5553,2022-07-14,Arrest
1487,4229,5906,2024-06-23,Arrest
1488,3708,5305,2026-05-04,Surrender
1489,2996,8600,2023-11-15,Surrender
1490,3999,7532,2025-10-18,Arrest
1491,1668,4861,2023-04-13,Arrest
1492,4013,2132,2023-12-11,Arrest
1493,2582,3236,2022-03-31,Surrender
1494,2761,5857,2025-05-27,Arrest
1495,1822,816,2024-03-07,Arrest
1496,4192,4968,2025-08-10,Arrest
1497,4486,619,2022-12-27,Arrest
1498,4972,8459,2024-11-10,Arrest
1499,740,4229,2024-01-14,Arrest
1500,64,5466,2025-01-13,Arrest
1501,4196,1043,2023-08-13,Arrest
1502,4548,6538,2023-07-15,Arrest
1503,3980,1569,2023-11-05,Surrender
1504,1008,1075,2023-03-01,Arrest
1505,2644,8188,2026-06-12,Arrest
1506,3296,2472,2023-05-28,Surrender
1507,2533,8336,2025-02-25,Arrest
1508,3510,180,2025-08-26,Arrest
1509,2876,7945,2024-09-16,Arrest
1510,2918,8433,2022-07-09,Arrest
1511,1403,2865,2024-05-14,Arrest
1512,238,5484,2023-03-20,Arrest
1513,825,8032,2026-06-30,Arrest
1514,4857,8550,2022-10-26,Arrest
1515,1957,6109,2023-03-10,Arrest
1516,3444,3593,2025-12-23,Surrender
1517,2698,2577,2023-01-31,Arrest
1518,4533,2894,2023-01-25,Arrest
1519,447,7702,2026-03-27,Surrender
1520,2971,1346,2025-07-13,Arrest
1521,2626,7824,2025-04-23,Arrest
1522,1042,5729,2023-08-14,Arrest
1523,572,8379,2024-03-15,Arrest
1524,1241,7519,2024-09-07,Arrest
1525,485,8486,2025-01-07,Arrest
1526,2477,5398,2023-12-13,Arrest
1527,4811,2359,2026-04-05,Surrender
1528,3101,7739,2024-07-28,Arrest
1529,3471,8270,2023-05-05,Surrender
1530,1790,1278,2022-12-21,Arrest
1531,2114,1657,2023-10-31,Arrest
1532,3468,2971,2022-06-18,Surrender
1533,2370,5907,2024-01-27,Arrest
1534,128,6943,2022-04-23,Surrender
1535,3135,3663,2025-09-26,Surrender
1536,2446,1481,2024-10-16,Arrest
1537,2313,746,2023-04-26,Arrest
1538,4963,8664,2024-06-23,Arrest
1539,3922,2628,2024-06-17,Arrest
1540,1326,5072,2026-03-14,Arrest
1541,4912,6508,2023-10-17,Arrest
1542,3856,748,2022-12-18,Arrest
1543,1776,7564,2023-12-24,Arrest
1544,1481,2145,2025-10-02,Arrest
1545,3145,3483,2022-06-01,Arrest
1546,4989,2958,2024-09-24,Arrest
1547,2734,2922,2024-01-08,Arrest
1548,1041,1164,2023-01-20,Arrest
1549,4224,7899,2023-03-31,Arrest
1550,352,5185,2022-07-25,Arrest
1551,3036,1845,2024-06-13,Arrest
1552,3038,7252,2023-06-11,Arrest
1553,2786,3575,2023-03-27,Arrest
1554,1959,3870,2024-07-04,Surrender
1555,4997,8319,2026-03-15,Arrest
1556,1870,5913,2022-12-01,Arrest
1557,1028,5442,2024-12-07,Arrest
1558,1080,301,2026-04-03,Surrender
1559,428,1145,2025-05-24,Arrest
1560,4251,5910,2024-10-25,Arrest
1561,1667,3126,2026-03-11,Arrest
1562,4892,7061,2023-04-01,Arrest
1563,3395,8199,2025-10-10,Arrest
1564,2997,4386,2024-05-03,Arrest
1565,1119,3232,2023-04-15,Arrest
1566,2985,3993,2024-05-27,Arrest
1567,2673,1747,2025-01-04,Arrest
1568,3013,4225,2023-03-27,Arrest
1569,4524,4268,2025-10-07,Arrest
1570,3212,4163,2023-02-22,Arrest
1571,2862,2345,2023-10-02,Arrest
1572,550,1158,2023-08-08,Surrender
1573,4781,4363,2023-03-17,Arrest
1574,4582,487,2026-05-04,Arrest
1575,1368,1181,2023-03-12,Surrender
1576,4558,4127,2025-06-24,Arrest
1577,4941,8135,2024-06-27,Arrest
1578,2185,2143,2023-11-21,Arrest
1579,4265,3856,2023-03-29,Arrest
1580,1490,7245,2023-12-10,Arrest
1581,2465,7717,2022-11-27,Arrest
1582,3401,4845,2023-06-19,Arrest
1583,4749,8607,2025-05-28,Arrest
1584,864,7789,2024-07-28,Arrest
1585,2654,3393,2023-03-11,Arrest
1586,1706,7923,2024-11-03,Arrest
1587,4473,5949,2022-02-12,Arrest
1588,2930,8464,2025-01-31,Surrender
1589,1968,3950,2023-02-22,Surrender
1590,2475,5858,2024-05-06,Arrest
1591,4972,8460,2024-12-01,Surrender
1592,3293,8718,2026-06-30,Arrest
1593,1964,4463,2025-11-03,Arrest
1594,396,2246,2026-03-15,Arrest
1595,239,666,2023-12-14,Arrest
1596,2773,8441,2025-02-04,Arrest
1597,3149,7855,2023-11-11,Arrest
1598,1010,643,2024-10-16,Surrender
1599,2840,3033,2024-05-11,Arrest
1600,2224,177,2023-12-19,Arrest
1601,2015,5602,2022-06-19,Arrest
1602,4099,5315,2025-06-07,Arrest
1603,3834,787,2025-09-16,Arrest
1604,311,7294,2022-06-29,Arrest
1605,1954,450,2023-04-28,Arrest
1606,1340,8168,2025-05-16,Arrest
1607,1633,2883,2024-06-08,Arrest
1608,3956,338,2024-03-01,Arrest
1609,4081,1740,2023-10-07,Arrest
1610,3421,92,2025-04-21,Arrest
1611,196,5495,2025-02-24,Arrest
1612,3724,5019,2024-10-24,Arrest
1613,2696,6751,2023-02-23,Arrest
1614,1323,1818,2024-05-29,Arrest
1615,773,3078,2025-01-02,Arrest
1616,2028,531,2023-07-30,Arrest
1617,4751,5489,2025-11-19,Arrest
1618,1637,997,2025-12-20,Arrest
1619,3158,3947,2024-05-08,Surrender
1620,2440,2474,2022-05-12,Arrest
1621,1876,1923,2026-06-21,Surrender
1622,4633,4900,2025-06-04,Arrest
1623,3405,6819,2024-05-16,Arrest
1624,1937,107,2026-03-03,Arrest
1625,4222,3904,2023-04-22,Arrest
1626,2599,7897,2024-04-23,Arrest
1627,480,1428,2022-06-25,Surrender
1628,4214,1019,2025-09-03,Surrender
1629,1258,3662,2023-05-02,Arrest
1630,1853,132,2025-02-08,Arrest
1631,1801,7676,2023-04-13,Arrest
1632,4644,1972,2024-04-26,Arrest
1633,795,7868,2024-07-01,Arrest
1634,1997,7704,2024-09-16,Surrender
1635,1842,2749,2023-03-02,Arrest
1636,2902,4636,2025-05-04,Surrender
1637,3012,4395,2025-09-29,Arrest
1638,1243,2400,2023-03-18,Arrest
1639,1993,3804,2026-01-09,Arrest
1640,1852,5066,2025-10-07,Arrest
1641,2392,3354,2024-12-29,Arrest
1642,3521,8561,2026-06-01,Arrest
1643,1719,6092,2025-04-17,Arrest
1644,4625,4048,2025-12-19,Arrest
1645,1402,3313,2025-04-06,Arrest
1646,4888,6993,2026-04-08,Arrest
1647,4235,695,2024-11-12,Arrest
1648,4592,6550,2025-02-22,Arrest
1649,3958,4757,2024-12-05,Arrest
1650,2545,7694,2024-10-13,Arrest
1651,4437,168,2022-06-18,Arrest
1652,2704,2023,2025-06-24,Surrender
1653,4628,368,2022-11-13,Arrest
1654,2819,3072,2025-05-12,Arrest
1655,4465,6772,2023-06-29,Surrender
1656,1678,8004,2022-12-26,Surrender
1657,3258,6077,2022-09-06,Surrender
1658,4402,836,2025-05-07,Arrest
1659,354,2378,2023-05-14,Arrest
1660,524,4375,2024-02-29,Arrest
1661,37,3101,2022-04-26,Surrender
1662,1436,2875,2024-10-18,Arrest
1663,717,4817,2024-03-18,Surrender
1664,253,3627,2023-08-02,Surrender
1665,32,1929,2022-08-21,Arrest
1666,416,5334,2025-01-04,Arrest
1667,1836,4718,2025-03-28,Arrest
1668,2878,6046,2022-10-08,Arrest
1669,2303,5375,2025-01-12,Arrest
1670,1829,4618,2023-02-28,Arrest
1671,1884,2771,2025-02-18,Arrest
1672,298,8584,2023-06-06,Arrest
1673,4132,6966,2023-03-17,Arrest
1674,3347,5360,2022-11-03,Arrest
1675,4194,2524,2024-08-28,Arrest
1676,272,4575,2025-01-08,Surrender
1677,3580,3919,2025-04-06,Arrest
1678,3497,6522,2026-06-14,Surrender
1679,1705,101,2023-10-15,Arrest
1680,3379,7603,2022-05-08,Arrest
1681,411,7362,2024-06-03,Arrest
1682,4353,7803,2024-04-25,Arrest
1683,3139,7924,2023-11-06,Arrest
1684,1532,3525,2024-01-06,Arrest
1685,4416,7881,2025-03-27,Arrest
1686,889,1536,2026-06-30,Arrest
1687,3585,2302,2026-01-07,Surrender
1688,779,4925,2025-08-15,Arrest
1689,1263,5205,2024-03-04,Surrender
1690,4724,6220,2025-11-29,Arrest
1691,4766,1935,2023-12-20,Arrest
1692,3174,1223,2023-04-25,Arrest
1693,1468,3888,2025-11-05,Arrest
1694,982,1316,2025-05-20,Arrest
1695,2351,7913,2025-11-03,Surrender
1696,877,4604,2025-02-01,Arrest
1697,4825,1466,2025-03-29,Surrender
1698,1115,6552,2025-06-24,Arrest
1699,2441,6593,2026-02-28,Surrender
1700,989,7944,2024-12-02,Arrest
1701,80,7062,2026-01-25,Arrest
1702,4561,4623,2025-12-08,Arrest
1703,4790,1865,2025-02-07,Arrest
1704,3097,1551,2022-06-03,Surrender
1705,1542,1733,2024-11-07,Arrest
1706,1006,6697,2024-02-29,Arrest
1707,3905,7721,2024-12-28,Arrest
1708,4646,7912,2025-03-24,Arrest
1709,482,7825,2025-07-08,Arrest
1710,275,8463,2025-01-24,Arrest
1711,1363,1651,2023-08-27,Arrest
1712,4697,74,2023-12-27,Arrest
1713,3475,7959,2022-10-10,Arrest
1714,1530,8643,2024-08-27,Surrender
1715,1745,3315,2024-10-13,Arrest
1716,1281,8520,2022-05-31,Arrest
1717,1964,4462,2025-11-07,Surrender
1718,226,6122,2024-01-13,Surrender
1719,688,2390,2022-02-12,Arrest
1720,2530,2486,2022-02-03,Arrest
1721,1877,5328,2023-12-27,Arrest
1722,721,6910,2025-05-19,Arrest
1723,918,1127,2022-03-06,Surrender
1724,412,6135,2025-06-23,Arrest
1725,1322,1204,2023-11-09,Arrest
1726,1505,7058,2023-07-29,Arrest
1727,2799,5213,2025-12-23,Surrender
1728,1167,5522,2025-04-24,Arrest
1729,4522,3249,2023-10-30,Arrest
1730,1504,4367,2026-06-30,Surrender
1731,3570,4783,2022-07-27,Arrest
1732,3567,287,2025-07-29,Arrest
1733,1641,32,2022-09-09,Arrest
1734,1744,4706,2022-06-06,Arrest
1735,3363,8604,2026-06-18,Arrest
1736,1112,4061,2023-07-19,Surrender
1737,3691,7836,2025-09-18,Arrest
1738,4033,2707,2025-01-20,Arrest
1739,4437,169,2022-05-07,Arrest
1740,3553,7098,2022-05-11,Arrest
1741,4456,2889,2022-06-23,Arrest
1742,3692,8303,2026-03-25,Arrest
1743,4002,5311,2022-08-20,Arrest
1744,1325,5695,2022-12-28,Arrest
1745,358,8699,2022-12-31,Arrest
1746,576,7660,2023-12-27,Arrest
1747,3757,2988,2022-04-09,Arrest
1748,1626,6297,2025-01-18,Arrest
1749,3318,3115,2022-12-06,Surrender
1750,850,806,2022-08-18,Arrest
1751,4025,3017,2025-07-05,Arrest
1752,3391,8442,2023-03-25,Surrender
1753,3079,5390,2024-02-02,Arrest
1754,2530,2485,2022-03-18,Arrest
1755,2088,1154,2025-07-03,Arrest
1756,4755,7459,2024-01-01,Arrest
1757,3371,6626,2024-11-19,Arrest
1758,1686,1243,2024-08-26,Arrest
1759,4815,5270,2025-02-09,Surrender
1760,4714,4221,2025-09-29,Arrest
1761,4832,621,2023-06-06,Arrest
1762,2606,548,2022-06-21,Surrender
1763,88,5954,2026-02-07,Arrest
1764,761,5427,2023-05-08,Surrender
1765,4452,8014,2023-07-18,Arrest
1766,1151,27,2022-12-14,Arrest
1767,4460,7379,2023-08-29,Arrest
1768,475,4304,2025-10-29,Surrender
1769,2056,3092,2024-05-16,Arrest
1770,14,4892,2023-09-08,Arrest
1771,1078,6761,2025-11-24,Surrender
1772,1059,1303,2024-11-09,Arrest
1773,1190,5973,2023-11-07,Arrest
1774,1957,6110,2023-05-28,Arrest
1775,3865,2253,2025-12-24,Arrest
1776,4181,2624,2026-04-12,Surrender
1777,1849,2319,2023-06-24,Arrest
1778,2243,8365,2025-08-31,Arrest
1779,488,501,2025-01-25,Arrest
1780,1412,7257,2024-09-17,Surrender
1781,3358,438,2024-09-18,Arrest
1782,3100,5403,2022-08-13,Arrest
1783,4112,3970,2023-11-10,Surrender
1784,481,7713,2023-05-28,Arrest
1785,3056,8628,2024-09-16,Arrest
1786,2417,8324,2026-01-02,Arrest
1787,1067,8115,2024-03-16,Arrest
1788,1182,4192,2023-06-01,Arrest
1789,4749,8606,2025-05-06,Surrender
1790,403,1958,2026-01-05,Arrest
1791,4887,3300,2026-03-21,Arrest
1792,3669,5284,2022-07-30,Arrest
1793,837,6587,2023-05-25,Arrest
1794,689,6642,2024-03-14,Surrender
1795,2872,6712,2024-11-13,Surrender
1796,1015,1966,2022-12-05,Arrest
1797,4124,1040,2025-03-28,Arrest
1798,3771,3707,2022-08-09,Arrest
1799,3621,6322,2023-05-07,Surrender
1800,2997,4387,2024-03-13,Arrest
1801,684,6359,2023-12-28,Surrender
1802,2818,6881,2025-06-04,Arrest
1803,1788,5307,2026-02-03,Surrender
1804,1937,108,2025-12-26,Arrest
1805,3611,2108,2023-06-16,Arrest
1806,2158,8424,2025-01-17,Arrest
1807,3163,1415,2024-07-15,Arrest
1808,1000,535,2023-06-01,Surrender
1809,3509,7154,2024-09-15,Arrest
1810,3324,7500,2025-07-09,Arrest
1811,4812,6659,2023-07-09,Arrest
1812,2759,2037,2026-03-31,Surrender
1813,1694,586,2024-03-09,Arrest
1814,40,6325,2024-03-05,Arrest
1815,4105,8647,2026-04-01,Arrest
1816,3110,6460,2022-08-13,Surrender
1817,4716,2007,2026-06-30,Arrest
1818,3452,8645,2023-12-26,Arrest
1819,1472,1704,2023-07-17,Surrender
1820,565,3962,2023-02-21,Surrender
1821,4388,6112,2022-07-16,Arrest
1822,3032,492,2024-08-28,Arrest
1823,4945,2209,2025-05-20,Arrest
1824,1178,5968,2025-02-15,Arrest
1825,455,219,2023-03-20,Arrest
1826,2635,1833,2022-03-25,Arrest
1827,3487,6978,2025-11-26,Surrender
1828,2594,5992,2026-04-09,Arrest
1829,4878,5199,2025-07-20,Arrest
1830,4177,2555,2023-12-15,Surrender
1831,1557,853,2025-09-16,Arrest
1832,3990,4560,2025-02-28,Arrest
1833,4448,4957,2026-03-23,Arrest
1834,3660,7842,2023-05-14,Arrest
1835,1816,6124,2026-02-02,Arrest
1836,3721,4299,2022-03-17,Arrest
1837,3355,2754,2023-09-17,Surrender
1838,4871,5771,2023-12-11,Arrest
1839,711,5652,2026-03-15,Arrest
1840,4795,7021,2025-09-01,Arrest
1841,759,2689,2022-08-10,Arrest
1842,1040,3064,2026-03-25,Arrest
1843,988,6183,2023-07-27,Arrest
1844,4517,6387,2025-04-17,Arrest
1845,3439,398,2024-01-15,Arrest
1846,1154,1318,2022-07-28,Arrest
1847,1995,4013,2025-01-07,Arrest
1848,1413,122,2026-03-01,Surrender
1849,1692,4557,2022-07-26,Arrest
1850,1470,402,2022-12-18,Arrest
1851,2601,112,2022-03-08,Arrest
1852,1506,3465,2023-04-24,Arrest
1853,2924,1567,2024-02-24,Arrest
1854,4355,5216,2026-04-07,Arrest
1855,2700,7989,2023-05-13,Arrest
1856,1419,5607,2023-01-07,Arrest
1857,659,2224,2022-09-13,Arrest
1858,1894,3716,2024-02-25,Arrest
1859,4576,6490,2023-08-07,Arrest
1860,3919,3044,2024-06-23,Arrest
1861,1543,6684,2022-10-03,Arrest
1862,2903,1558,2023-12-24,Arrest
1863,4087,8328,2024-03-31,Arrest
1864,4109,5370,2024-04-02,Arrest
1865,4356,574,2025-11-19,Arrest
1866,4896,4641,2024-07-11,Arrest
1867,1858,6337,2023-02-06,Arrest
1868,3924,7644,2025-12-09,Surrender
1869,1408,5912,2024-05-11,Arrest
1870,2721,2338,2022-02-23,Arrest
1871,4808,3154,2024-11-03,Arrest
1872,4034,2945,2023-10-12,Arrest
1873,2578,5710,2025-06-06,Arrest
1874,2816,1408,2024-08-04,Arrest
1875,2550,536,2025-03-17,Arrest
1876,4258,2610,2023-07-23,Surrender
1877,118,4295,2025-02-23,Surrender
1878,765,5616,2023-07-01,Surrender
1879,84,8305,2023-01-29,Arrest
1880,4133,5401,2024-08-22,Surrender
1881,4519,1435,2024-11-02,Arrest
1882,1558,3784,2025-05-14,Arrest
1883,2652,4481,2022-03-28,Arrest
1884,3174,1222,2023-06-29,Arrest
1885,1427,5317,2026-02-10,Surrender
1886,3173,7599,2022-05-28,Arrest
1887,1127,2813,2023-06-23,Surrender
1888,1090,5598,2024-06-25,Arrest
1889,278,1868,2025-03-27,Arrest
1890,4059,1455,2025-11-08,Surrender
1891,925,2437,2022-06-27,Arrest
1892,1389,2698,2023-10-15,Arrest
1893,106,6581,2023-12-31,Arrest
1894,4485,474,2025-10-08,Arrest
1895,465,6400,2024-01-09,Arrest
1896,92,1821,2023-06-06,Arrest
1897,969,6957,2023-10-25,Arrest
1898,2472,882,2024-03-01,Arrest
1899,4821,52,2026-03-31,Arrest
1900,3103,1841,2024-04-11,Arrest
1901,2676,3709,2024-12-02,Arrest
1902,2678,4335,2022-05-28,Arrest
1903,2749,4978,2026-06-01,Arrest
1904,1904,7280,2023-10-07,Surrender
1905,4216,470,2022-07-29,Arrest
1906,2530,2484,2022-01-26,Arrest
1907,1313,3687,2024-09-09,Arrest
1908,2466,6309,2022-03-23,Arrest
1909,3578,3775,2023-09-01,Surrender
1910,4326,4353,2025-09-22,Surrender
1911,2047,248,2024-02-17,Arrest
1912,2103,71,2023-11-06,Surrender
1913,3945,1859,2025-11-29,Arrest
1914,2291,1732,2026-01-08,Arrest
1915,3666,8488,2026-03-30,Surrender
1916,2363,866,2023-04-14,Arrest
1917,3860,762,2025-05-05,Arrest
1918,2377,5465,2024-10-31,Arrest
1919,2746,3394,2025-07-07,Arrest
1920,3691,7837,2025-08-07,Arrest
1921,4067,3438,2025-09-09,Arrest
1922,4144,3539,2024-04-23,Surrender
1923,3353,7366,2026-02-13,Arrest
1924,4238,5101,2024-11-11,Arrest
1925,3569,426,2023-10-03,Arrest
1926,1898,189,2024-01-11,Arrest
1927,674,4271,2026-06-30,Arrest
1928,4673,4348,2023-05-03,Arrest
1929,2146,229,2025-01-18,Arrest
1930,3701,4406,2022-09-18,Arrest
1931,2657,2062,2026-03-09,Arrest
1932,4235,694,2024-10-15,Surrender
1933,4124,1042,2025-02-22,Arrest
1934,1077,5129,2025-03-24,Surrender
1935,1383,6981,2024-11-05,Arrest
1936,4739,7118,2023-01-07,Surrender
1937,813,6536,2024-05-24,Arrest
1938,3364,3338,2024-07-22,Arrest
1939,3607,7539,2023-02-07,Arrest
1940,212,1906,2026-01-24,Surrender
1941,4594,7310,2024-07-14,Surrender
1942,2901,802,2023-03-31,Arrest
1943,3707,1488,2023-10-25,Arrest
1944,3394,7781,2024-10-21,Arrest
1945,871,7463,2025-12-21,Arrest
1946,429,8595,2022-04-05,Arrest
1947,3804,2908,2023-04-06,Surrender
1948,3424,7658,2024-09-19,Arrest
1949,2891,1129,2022-07-21,Arrest
1950,2267,6331,2024-08-05,Arrest
1951,870,4337,2022-07-22,Arrest
1952,1850,4922,2024-06-08,Arrest
1953,4651,4205,2023-06-18,Arrest
1954,2122,59,2024-12-04,Arrest
1955,4354,2456,2024-11-13,Arrest
1956,2083,2514,2024-09-19,Arrest
1957,3566,7321,2024-09-22,Arrest
1958,4331,3008,2023-05-03,Arrest
1959,2034,4467,2026-05-03,Arrest
1960,4202,2003,2024-09-13,Surrender
1961,1836,4717,2025-04-25,Surrender
1962,2243,8364,2025-07-11,Arrest
1963,4026,97,2024-09-16,Arrest
1964,1985,7204,2026-03-01,Arrest
1965,2810,961,2023-08-25,Arrest
1966,3438,327,2023-12-09,Arrest
1967,2203,3257,2025-03-04,Surrender
1968,3221,1633,2025-11-23,Arrest
1969,378,878,2022-03-24,Surrender
1970,91,4150,2023-09-19,Arrest
1971,735,7805,2025-11-04,Arrest
1972,3952,157,2026-02-24,Arrest
1973,2413,4429,2026-06-30,Surrender
1974,822,6064,2024-11-12,Arrest
1975,4481,3647,2023-12-01,Arrest
1976,3995,8132,2022-02-15,Arrest
1977,4277,832,2023-10-22,Arrest
1978,1834,6790,2023-11-24,Arrest
1979,814,612,2022-06-15,Surrender
1980,1138,5517,2023-09-03,Arrest
1981,3230,4318,2025-09-27,Arrest
1982,25,5671,2026-05-01,Surrender
1983,987,1721,2025-03-13,Arrest
1984,2859,6976,2024-10-26,Arrest
1985,2341,6204,2024-08-08,Arrest
1986,4910,7716,2024-10-03,Surrender
1987,1188,7274,2025-01-03,Arrest
1988,3055,1189,2026-01-17,Arrest
1989,3558,5909,2025-12-18,Arrest
1990,332,4880,2025-04-17,Surrender
1991,4525,4292,2026-04-28,Arrest
1992,691,448,2023-02-07,Arrest
1993,4887,3299,2026-03-12,Arrest
1994,756,7765,2025-04-09,Arrest
1995,3412,2150,2026-04-23,Arrest
1996,2539,4058,2023-07-16,Surrender
1997,3453,593,2023-09-28,Arrest
1998,2461,3571,2024-05-01,Arrest
1999,3110,6459,2022-09-10,Surrender
2000,3916,4088,2025-12-15,Arrest
2001,2964,2671,2022-08-03,Arrest
2002,318,8535,2026-02-22,Arrest
2003,2088,1156,2025-06-03,Arrest
2004,3678,2836,2022-03-19,Arrest
2005,425,8621,2024-07-29,Arrest
2006,218,5378,2026-03-15,Surrender
2007,405,848,2024-06-13,Arrest
2008,1017,6934,2023-11-14,Arrest
2009,2076,7074,2023-06-02,Arrest
2010,1703,625,2024-05-08,Arrest
2011,1593,7894,2023-07-15,Surrender
2012,3218,634,2026-05-22,Arrest
2013,371,3932,2024-12-11,Arrest
2014,68,1808,2024-03-08,Arrest
2015,2956,7974,2026-06-15,Arrest
2016,1391,5809,2025-05-18,Arrest
2017,967,8477,2024-08-13,Surrender
2018,4183,757,2026-04-20,Arrest
2019,1930,4371,2023-04-14,Arrest
2020,1106,8668,2026-04-06,Arrest
2021,4000,5144,2023-01-01,Arrest
2022,2576,8691,2026-02-07,Arrest
2023,4205,3464,2025-10-06,Surrender
2024,4384,3401,2024-05-04,Arrest
2025,4030,6407,2024-05-10,Arrest
2026,1850,4924,2024-06-12,Arrest
2027,4351,5352,2023-05-29,Arrest
2028,2175,3383,2026-03-07,Arrest
2029,948,7526,2024-07-24,Arrest
2030,3348,5810,2023-12-25,Arrest
2031,908,2885,2023-04-21,Arrest
2032,1150,6823,2026-01-31,Arrest
2033,1696,6576,2022-08-24,Surrender
2034,4740,550,2023-04-11,Arrest
2035,4772,4692,2025-10-03,Arrest
2036,1738,765,2022-04-19,Arrest
2037,466,5572,2023-09-07,Arrest
2038,1117,7286,2025-11-01,Arrest
2039,3113,3444,2022-05-23,Arrest
2040,4197,7170,2023-07-22,Surrender
2041,542,7511,2025-11-05,Surrender
2042,3109,7975,2026-06-19,Arrest
2043,3426,7689,2022-04-06,Arrest
2044,2093,5982,2022-07-21,Arrest
2045,2937,1373,2024-10-11,Arrest
2046,356,7965,2022-05-09,Surrender
2047,2731,334,2023-04-14,Arrest
2048,2950,1260,2023-01-17,Arrest
2049,401,5961,2023-07-26,Arrest
2050,3823,7376,2024-02-08,Arrest
2051,2594,5993,2026-05-31,Arrest
2052,1179,1025,2023-12-28,Surrender
2053,3852,753,2026-05-07,Arrest
2054,1371,4040,2026-06-02,Arrest
2055,1072,6352,2023-03-02,Surrender
2056,1625,8504,2023-05-15,Surrender
2057,2838,3979,2022-08-05,Arrest
2058,1158,352,2023-04-11,Arrest
2059,666,1512,2026-05-07,Arrest
2060,4942,5149,2022-05-03,Arrest
2061,3128,4723,2024-07-13,Arrest
2062,1582,8006,2023-08-08,Arrest
2063,134,702,2024-01-12,Surrender
2064,1629,4813,2024-02-13,Arrest
2065,185,562,2022-11-24,Arrest
2066,1065,8103,2025-08-05,Arrest
2067,3622,3188,2024-02-04,Surrender
2068,390,2996,2022-09-13,Arrest
2069,235,6699,2024-04-13,Arrest
2070,200,2322,2026-06-30,Arrest
2071,4215,1048,2023-10-17,Arrest
2072,2121,6795,2026-06-20,Arrest
2073,3602,415,2026-03-08,Arrest
2074,4504,4648,2022-06-30,Arrest
2075,910,2374,2026-01-16,Surrender
2076,71,3040,2026-04-01,Arrest
2077,2453,6763,2025-06-04,Arrest
2078,2268,5573,2022-07-19,Surrender
2079,1685,3845,2026-02-23,Arrest
2080,1606,6033,2023-05-20,Surrender
2081,4456,2888,2022-06-20,Arrest
2082,3069,7095,2025-05-13,Arrest
2083,2262,1584,2023-09-07,Arrest
2084,1908,1413,2022-10-21,Arrest
2085,2524,6244,2022-07-06,Arrest
2086,3307,3943,2025-02-09,Arrest
2087,2698,2575,2023-01-10,Arrest
2088,2729,1508,2023-03-31,Surrender
2089,1688,3949,2025-03-18,Arrest
2090,4787,7727,2022-10-25,Arrest
2091,2060,1322,2026-02-03,Arrest
2092,3533,843,2026-05-07,Arrest
2093,2783,1147,2023-03-16,Arrest
2094,2732,5222,2023-09-27,Surrender
2095,976,7496,2025-01-07,Arrest
2096,970,464,2024-10-09,Surrender
2097,4287,4323,2026-06-30,Arrest
2098,2332,2522,2026-06-04,Surrender
2099,4332,8239,2024-08-24,Arrest
2100,2509,2700,2023-05-17,Arrest
2101,3820,3528,2025-09-15,Arrest
2102,807,379,2024-05-08,Arrest
2103,1651,6226,2023-11-16,Arrest
2104,4167,1336,2025-10-23,Arrest
2105,3174,1224,2023-06-03,Arrest
2106,4088,2856,2026-01-29,Arrest
2107,3352,2648,2023-01-13,Arrest
2108,1014,5587,2023-11-04,Arrest
2109,4635,4029,2024-09-30,Arrest
2110,2130,1812,2024-10-30,Arrest
2111,1806,7189,2022-02-28,Arrest
2112,139,2944,2023-02-07,Arrest
2113,1292,1895,2022-10-23,Arrest
2114,2244,7785,2025-10-17,Arrest
2115,426,3208,2026-04-24,Arrest
2116,2629,2216,2023-05-30,Surrender
2117,3806,3618,2022-05-31,Arrest
2118,3727,3071,2025-03-11,Arrest
2119,2518,1190,2025-03-22,Surrender
2120,4395,8665,2022-09-14,Arrest
2121,1162,899,2022-05-10,Arrest
2122,4078,3091,2023-08-17,Arrest
2123,2503,6362,2024-01-07,Surrender
2124,13,7753,2024-07-30,Arrest
2125,156,7796,2022-11-20,Arrest
2126,1895,5142,2023-11-26,Arrest
2127,963,4376,2024-09-29,Arrest
2128,2062,1031,2025-08-03,Arrest
2129,3494,4656,2025-11-06,Arrest
2130,947,4665,2025-11-25,Arrest
2131,3929,4933,2026-02-19,Surrender
2132,4193,1756,2025-02-20,Arrest
2133,4635,4031,2024-10-27,Arrest
2134,1129,232,2025-11-08,Arrest
2135,4729,5776,2026-06-30,Arrest
2136,766,2358,2026-06-30,Arrest
2137,2994,4681,2023-05-12,Arrest
2138,3475,7958,2022-09-12,Arrest
2139,353,2146,2024-11-09,Surrender
2140,2640,1516,2022-09-19,Surrender
2141,4711,217,2023-02-14,Surrender
2142,4139,8140,2025-08-05,Arrest
2143,2109,7535,2025-08-01,Arrest
2144,1633,2881,2024-06-05,Arrest
2145,3266,894,2023-01-20,Surrender
2146,653,7121,2022-04-20,Arrest
2147,3390,1851,2022-10-27,Arrest
2148,1259,8040,2026-06-30,Arrest
2149,3958,4756,2024-10-14,Surrender
2150,4392,325,2024-10-31,Arrest
2151,2836,1216,2023-04-13,Arrest
2152,3108,5839,2025-03-14,Arrest
2153,2886,6909,2024-11-29,Arrest
2154,2891,1130,2022-09-07,Surrender
2155,747,3270,2024-08-18,Surrender
2156,2629,2215,2023-07-07,Arrest
2157,2746,3396,2025-05-04,Arrest
2158,3175,209,2025-08-17,Arrest
2159,4586,2192,2025-04-15,Arrest
2160,4405,799,2023-11-16,Surrender
2161,961,7695,2025-11-17,Arrest
2162,1320,735,2022-06-07,Arrest
2163,1892,5268,2025-08-11,Arrest
2164,1813,1175,2025-10-01,Surrender
2165,1054,5824,2024-03-02,Arrest
2166,2388,7394,2026-02-11,Arrest
2167,4820,3689,2022-11-22,Surrender
2168,48,6044,2024-10-26,Arrest
2169,3350,2573,2025-05-30,Arrest
2170,2944,5975,2024-02-15,Arrest
2171,4034,2946,2023-10-01,Arrest
2172,4343,199,2024-08-12,Arrest
2173,4450,4568,2025-11-11,Arrest
2174,1524,1098,2024-12-19,Arrest
2175,3027,549,2023-06-11,Surrender
2176,4523,2642,2023-01-12,Arrest
2177,2093,5983,2022-08-24,Arrest
2178,3431,4216,2025-04-25,Arrest
2179,456,2311,2024-02-24,Arrest
2180,1649,5049,2024-03-24,Arrest
2181,2523,5228,2023-10-17,Arrest
2182,78,7163,2022-12-06,Arrest
2183,1437,2200,2024-07-30,Surrender
2184,3044,6215,2024-10-08,Arrest
2185,2645,5956,2025-04-12,Arrest
2186,2879,617,2023-10-19,Arrest
2187,3435,7734,2022-07-19,Surrender
2188,2494,938,2022-08-02,Surrender
2189,1703,623,2024-04-13,Arrest
2190,2321,6329,2026-05-27,Arrest
2191,674,4272,2026-06-30,Arrest
2192,2910,7791,2022-07-14,Arrest
2193,2762,3007,2024-03-25,Arrest
2194,49,2590,2023-06-15,Arrest
2195,3219,4513,2024-02-16,Arrest
2196,4732,4504,2025-09-08,Arrest
2197,1742,3036,2024-07-07,Arrest
2198,4679,7819,2024-12-27,Arrest
2199,3991,3081,2025-05-30,Arrest
2200,2108,8450,2024-07-14,Arrest
2201,501,5410,2025-08-25,Arrest
2202,8,8467,2024-01-13,Arrest
2203,3714,479,2026-06-21,Arrest
2204,3085,1353,2022-05-08,Arrest
2205,3556,7407,2025-05-24,Surrender
2206,545,7055,2026-06-30,Surrender
2207,2775,6623,2022-06-22,Arrest
2208,1521,2459,2025-09-23,Arrest
2209,4820,3690,2023-01-18,Surrender
2210,4936,1034,2025-03-07,Arrest
2211,4110,4382,2022-11-26,Surrender
2212,1023,4109,2022-09-30,Arrest
2213,1468,3887,2025-09-28,Arrest
2214,1650,4607,2026-06-30,Arrest
2215,3045,2578,2022-09-24,Surrender
2216,69,4238,2025-01-14,Arrest
2217,2798,3001,2025-01-16,Arrest
2218,61,6725,2023-07-12,Surrender
2219,580,1426,2025-11-07,Surrender
2220,2154,2685,2022-04-09,Arrest
2221,4339,1872,2023-11-19,Arrest
2222,2040,3498,2022-07-19,Arrest
2223,3272,8366,2022-05-08,Arrest
2224,3356,5073,2025-03-21,Surrender
2225,1463,528,2025-04-19,Arrest
2226,3345,7475,2026-03-13,Arrest
2227,1839,6281,2023-07-03,Surrender
2228,4669,8287,2026-06-05,Arrest
2229,455,221,2023-02-26,Arrest
2230,3660,7843,2023-07-16,Arrest
2231,3593,3096,2024-11-08,Arrest
2232,2575,5448,2025-03-20,Arrest
2233,3819,6247,2025-01-14,Arrest
2234,4062,8147,2025-09-21,Arrest
2235,2558,8618,2025-07-19,Arrest
2236,3536,5529,2023-11-22,Arrest
2237,1359,7174,2026-03-19,Arrest
2238,2202,8625,2026-06-07,Arrest
2239,2889,4589,2024-06-18,Arrest
2240,1906,2612,2025-06-15,Arrest
2241,14,4895,2023-08-21,Arrest
2242,1258,3661,2023-04-15,Arrest
2243,1857,8633,2023-09-17,Arrest
2244,3897,1555,2026-06-05,Arrest
2245,3792,7678,2025-05-14,Surrender
2246,2002,2693,2025-04-08,Arrest
2247,4880,7513,2023-04-18,Arrest
2248,2132,7885,2023-02-08,Surrender
2249,3908,2808,2026-05-02,Arrest
2250,1049,1678,2023-03-26,Arrest
2251,716,2583,2026-03-18,Surrender
2252,2992,3911,2025-01-30,Arrest
2253,2215,7760,2022-03-08,Arrest
2254,4374,2440,2026-03-02,Arrest
2255,3603,297,2024-01-22,Arrest
2256,54,7173,2025-10-30,Surrender
2257,1086,58,2023-03-09,Arrest
2258,2857,8266,2025-09-23,Arrest
2259,1535,8384,2025-03-06,Arrest
2260,4842,6619,2022-05-12,Arrest
2261,1326,5071,2026-01-09,Arrest
2262,1230,6652,2022-10-30,Arrest
2263,1956,8189,2024-05-28,Arrest
2264,4345,6537,2024-01-06,Arrest
2265,3917,4630,2025-03-02,Arrest
2266,3960,5624,2022-07-05,Arrest
2267,2452,6680,2022-04-12,Arrest
2268,519,649,2023-09-19,Surrender
2269,2937,1371,2024-09-01,Arrest
2270,3029,5285,2024-12-30,Arrest
2271,306,6145,2025-03-25,Arrest
2272,4054,2457,2025-12-03,Arrest
2273,2305,682,2023-09-25,Arrest
2274,2048,435,2024-03-26,Arrest
2275,1424,8291,2026-06-30,Surrender
2276,710,3261,2024-02-17,Surrender
2277,2043,1490,2025-06-03,Arrest
2278,4773,813,2025-12-21,Arrest
2279,2880,1883,2023-03-05,Arrest
2280,3717,2288,2022-04-27,Arrest
2281,3664,2570,2026-05-21,Surrender
2282,2882,1941,2023-10-09,Arrest
2283,754,3264,2023-11-13,Arrest
2284,3800,3529,2025-11-21,Arrest
2285,4497,6393,2025-11-20,Arrest
2286,2940,1182,2023-11-03,Arrest
2287,526,1376,2024-10-07,Surrender
2288,3159,6483,2025-04-23,Arrest
2289,2017,8357,2025-10-09,Surrender
2290,819,627,2024-10-28,Surrender
2291,2160,5372,2023-05-21,Surrender
2292,782,1670,2025-08-04,Arrest
2293,898,2113,2022-12-01,Arrest
2294,145,5405,2026-03-17,Arrest
2295,3456,7935,2024-12-30,Arrest
2296,269,4961,2026-06-30,Arrest
2297,2589,85,2024-01-23,Arrest
2298,1013,5301,2026-05-03,Surrender
2299,3387,4405,2025-08-04,Arrest
2300,471,2284,2022-03-23,Arrest
2301,3694,3321,2024-12-28,Arrest
2302,59,4777,2025-05-29,Arrest
2303,2491,419,2024-03-16,Arrest
2304,833,5718,2023-03-22,Arrest
2305,500,6798,2023-01-08,Arrest
2306,4482,294,2025-03-30,Arrest
2307,4332,8237,2024-07-19,Arrest
2308,2729,1507,2023-04-09,Arrest
2309,4898,7573,2024-11-22,Arrest
2310,130,5594,2024-02-13,Surrender
2311,2661,1635,2022-02-11,Arrest
2312,2883,8029,2026-05-30,Surrender
2313,4547,5000,2026-06-21,Arrest
2314,1633,2882,2024-06-25,Arrest
2315,2924,1564,2024-04-18,Arrest
2316,4132,6968,2023-04-16,Surrender
2317,1568,5524,2026-04-13,Arrest
2318,3744,1980,2026-06-30,Arrest
2319,2880,1884,2022-12-31,Arrest
2320,3200,439,2022-09-12,Surrender
2321,4025,3018,2025-07-09,Arrest
2322,1114,2869,2023-12-29,Surrender
2323,4793,5934,2022-12-04,Arrest
2324,3083,7085,2026-03-08,Surrender
2325,4443,2281,2026-06-30,Arrest
2326,2724,5683,2025-10-29,Surrender
2327,4509,6009,2025-04-12,Arrest
2328,4803,374,2026-06-30,Arrest
2329,1607,3834,2024-12-19,Arrest
2330,2549,3718,2023-06-05,Arrest
2331,3399,5059,2026-06-30,Arrest
2332,4447,2778,2025-03-10,Arrest
2333,3255,7633,2025-11-18,Arrest
2334,464,1785,2024-10-07,Arrest
2335,194,4995,2022-09-10,Surrender
2336,3765,2998,2026-05-05,Surrender
2337,4189,7586,2026-04-14,Surrender
2338,3507,6379,2025-10-01,Surrender
2339,4957,2405,2022-08-02,Arrest
2340,3847,8249,2025-01-17,Arrest
2341,4310,2500,2024-12-08,Arrest
2342,3409,3333,2023-04-27,Arrest
2343,1529,7033,2024-05-26,Arrest
2344,1905,3785,2022-05-10,Arrest
2345,1967,2727,2023-08-14,Arrest
2346,2005,6402,2022-10-27,Arrest
2347,2082,4984,2026-05-09,Surrender
2348,3512,1542,2023-07-24,Arrest
2349,1439,2408,2026-04-26,Arrest
2350,75,323,2024-08-20,Arrest
2351,2904,2032,2025-11-22,Arrest
2352,311,7292,2022-05-18,Arrest
2353,156,7797,2022-12-11,Arrest
2354,1553,7117,2025-01-03,Arrest
2355,4447,2779,2025-03-04,Arrest
2356,1178,5969,2025-03-24,Arrest
2357,2817,2185,2025-06-27,Arrest
2358,2601,111,2022-05-17,Arrest
2359,521,7984,2022-03-22,Surrender
2360,3115,5118,2023-02-20,Surrender
2361,2384,1080,2025-11-24,Arrest
2362,835,2227,2025-12-26,Arrest
2363,2182,3056,2024-02-14,Arrest
2364,3048,7746,2026-05-01,Arrest
2365,1969,6069,2024-09-17,Arrest
2366,4300,3425,2024-07-04,Arrest
2367,1612,1165,2023-10-24,Arrest
2368,2205,4035,2025-04-13,Arrest
2369,3236,1451,2024-12-10,Surrender
2370,346,7025,2026-01-20,Surrender
2371,3420,6119,2022-08-12,Arrest
2372,4174,4640,2023-10-11,Arrest
2373,323,5225,2024-02-19,Surrender
2374,1410,6344,2024-06-29,Arrest
2375,4298,4555,2026-06-30,Arrest
2376,3319,6141,2025-03-18,Arrest
2377,129,3780,2025-10-25,Arrest
2378,1884,2772,2025-03-23,Arrest
2379,774,2821,2022-03-21,Arrest
2380,1563,4101,2023-11-13,Arrest
2381,2352,3986,2025-07-08,Arrest
2382,1914,3182,2026-01-25,Arrest
2383,528,1515,2023-09-02,Arrest
2384,1761,2314,2022-11-12,Arrest
2385,3297,7773,2026-06-12,Surrender
2386,3236,1452,2024-11-16,Surrender
2387,672,2021,2025-11-05,Arrest
2388,1064,5506,2025-06-10,Arrest
2389,2136,4342,2022-09-17,Arrest
2390,4037,3622,2022-11-02,Arrest
2391,662,7390,2026-04-03,Arrest
2392,1076,839,2026-06-30,Arrest
2393,4105,8648,2026-03-10,Arrest
2394,4318,2375,2023-06-30,Arrest
2395,1126,4135,2022-05-07,Arrest
2396,4742,6222,2022-11-27,Arrest
2397,3073,6701,2022-11-14,Arrest
2398,434,6704,2023-05-14,Arrest
2399,4239,4081,2024-07-24,Arrest
2400,33,6946,2022-02-17,Arrest
2401,1941,451,2022-07-16,Arrest
2402,3192,4193,2023-08-15,Arrest
2403,468,1715,2024-12-23,Surrender
2404,3047,4049,2022-10-06,Arrest
2405,3026,6919,2023-09-04,Arrest
2406,4060,340,2022-07-07,Arrest
2407,2105,4199,2025-05-04,Arrest
2408,2286,5842,2023-04-30,Arrest
2409,755,6931,2025-07-11,Arrest
2410,161,1420,2023-04-21,Surrender
2411,4150,35,2024-02-04,Arrest
2412,2643,6869,2024-07-07,Arrest
2413,1867,8342,2024-06-22,Arrest
2414,4775,6475,2026-05-23,Arrest
2415,878,6647,2024-09-09,Arrest
2416,3735,1411,2026-05-30,Arrest
2417,1327,6302,2026-04-24,Surrender
2418,1566,2171,2022-04-16,Arrest
2419,4581,3711,2025-05-17,Arrest
2420,2747,890,2023-10-08,Arrest
2421,169,8179,2023-05-09,Arrest
2422,2856,4533,2025-04-13,Arrest
2423,3117,5547,2022-10-09,Arrest
2424,4018,2245,2025-05-22,Arrest
2425,2056,3093,2024-05-22,Arrest
2426,4653,8242,2025-03-08,Arrest
2427,4109,5369,2024-06-18,Arrest
2428,2447,433,2023-02-10,Arrest
2429,2113,3820,2023-03-31,Arrest
2430,3815,3734,2026-02-20,Arrest
2431,2608,3551,2024-02-21,Arrest
2432,4533,2895,2023-02-28,Arrest
2433,3207,6904,2026-06-30,Arrest
2434,2957,3893,2022-08-20,Arrest
2435,4638,1887,2022-08-24,Arrest
2436,2215,7759,2022-03-29,Arrest
2437,569,1787,2026-05-16,Surrender
2438,1432,3456,2023-03-14,Arrest
2439,87,5203,2023-04-22,Arrest
2440,4949,2182,2022-03-15,Arrest
2441,3761,3769,2025-03-19,Arrest
2442,2175,3382,2026-03-16,Surrender
2443,2832,2070,2022-06-17,Arrest
2444,424,5550,2024-11-12,Arrest
2445,2011,6219,2022-07-02,Arrest
2446,644,881,2024-09-28,Surrender
2447,617,7295,2025-05-31,Arrest
2448,176,5240,2022-05-13,Arrest
2449,3401,4846,2023-06-30,Arrest
2450,640,6292,2026-02-27,Arrest
2451,990,3704,2025-04-06,Arrest
2452,1121,3353,2025-01-26,Surrender
2453,591,5455,2023-06-02,Arrest
2454,4954,5007,2024-07-23,Arrest
2455,21,6253,2026-03-23,Arrest
2456,2693,1707,2025-11-20,Arrest
2457,1630,1159,2022-11-14,Surrender
2458,3447,2307,2024-02-16,Surrender
2459,2453,6762,2025-05-24,Arrest
2460,3910,7231,2023-10-27,Surrender
2461,2610,5040,2025-09-04,Arrest
2462,4129,3442,2022-04-19,Arrest
2463,4968,5897,2025-10-31,Arrest
2464,3700,5251,2025-10-16,Arrest
2465,3319,6142,2025-03-10,Surrender
2466,119,2940,2024-06-08,Surrender
2467,4525,4293,2026-06-30,Surrender
2468,864,7788,2024-08-27,Surrender
2469,464,1783,2024-10-15,Arrest
2470,2333,8575,2022-04-19,Arrest
2471,4776,6353,2026-06-30,Arrest
2472,2078,7546,2026-01-22,Surrender
2473,3732,905,2026-02-25,Arrest
2474,2331,8429,2022-08-21,Surrender
2475,4953,7067,2025-08-12,Surrender
2476,2211,6929,2024-07-13,Arrest
2477,794,4281,2023-07-18,Arrest
2478,1201,2081,2025-07-24,Arrest
2479,2924,1566,2024-02-26,Arrest
2480,2830,7150,2022-08-18,Arrest
2481,2507,7262,2025-07-11,Arrest
2482,922,5382,2023-04-02,Arrest
2483,3930,7719,2023-01-09,Arrest
2484,2707,5642,2022-02-23,Arrest
2485,3563,4887,2024-12-05,Arrest
2486,4937,1114,2025-09-17,Arrest
2487,4444,7631,2026-04-01,Arrest
2488,1559,7064,2022-10-28,Arrest
2489,2624,3659,2026-06-22,Arrest
2490,4448,4956,2026-02-04,Arrest
2491,4128,3909,2025-03-28,Arrest
2492,4099,5314,2025-07-22,Arrest
2493,283,255,2022-07-31,Surrender
2494,1838,4603,2026-06-30,Surrender
2495,3564,4316,2024-04-07,Arrest
2496,1395,2927,2025-06-30,Arrest
2497,1765,5361,2026-05-20,Arrest
2498,4255,5350,2024-10-26,Surrender
2499,2627,4418,2022-07-13,Arrest
2500,4407,5926,2024-09-17,Arrest
2501,3122,5096,2022-06-14,Surrender
2502,1912,8683,2023-01-11,Arrest
2503,2436,304,2026-03-30,Arrest
2504,2980,8251,2024-01-13,Arrest
2505,3450,4197,2025-02-03,Arrest
2506,4633,4901,2025-06-11,Arrest
2507,3189,2816,2025-09-12,Arrest
2508,3936,1437,2023-11-20,Arrest
2509,3232,2677,2025-03-21,Arrest
2510,4036,6051,2026-01-31,Arrest
2511,807,377,2024-05-15,Arrest
2512,4339,1870,2024-02-07,Arrest
2513,1092,3530,2025-03-06,Arrest
2514,780,2777,2022-03-30,Surrender
2515,4951,7608,2022-01-31,Arrest
2516,2269,1659,2025-05-24,Arrest
2517,2603,756,2022-08-23,Arrest
2518,4557,5171,2024-12-22,Surrender
2519,4249,4976,2023-05-23,Arrest
2520,3360,8304,2026-02-26,Arrest
2521,621,291,2023-10-10,Surrender
2522,290,6735,2023-03-11,Arrest
2523,2838,3980,2022-05-27,Arrest
2524,4424,2119,2026-06-05,Surrender
2525,2740,7683,2023-10-04,Surrender
2526,3901,5295,2023-05-28,Arrest
2527,2053,502,2024-10-18,Arrest
2528,10,2615,2024-03-29,Arrest
2529,1710,4752,2024-06-07,Arrest
2530,4128,3910,2025-01-12,Arrest
2531,1257,1540,2023-07-29,Arrest
2532,213,4662,2025-04-29,Arrest
2533,3783,1212,2023-04-23,Arrest
2534,737,7106,2025-12-30,Arrest
2535,3652,673,2026-03-23,Arrest
2536,1223,6037,2022-12-20,Surrender
2537,2379,4869,2023-08-09,Arrest
2538,2538,4484,2024-03-23,Arrest
2539,4247,2587,2026-03-22,Arrest
2540,2659,4849,2024-11-23,Arrest
2541,3954,7180,2024-02-25,Arrest
2542,2553,1465,2024-03-04,Arrest
2543,4179,6437,2025-11-13,Arrest
2544,2036,7218,2025-11-11,Arrest
2545,4800,1193,2022-03-27,Arrest
2546,3407,2665,2026-05-02,Arrest
2547,380,2265,2025-11-14,Arrest
2548,1916,422,2022-11-30,Arrest
2549,1060,506,2025-05-13,Arrest
2550,859,6797,2026-01-06,Surrender
2551,2919,1583,2022-12-07,Arrest
2552,1060,507,2025-06-15,Surrender
2553,1439,2406,2026-05-14,Arrest
2554,3823,7375,2024-03-08,Arrest
2555,1885,7034,2023-12-04,Arrest
2556,4832,622,2023-07-26,Surrender
2557,714,2127,2022-03-11,Arrest
2558,3815,3735,2026-02-12,Arrest
2559,293,7540,2022-06-25,Arrest
2560,3187,3350,2022-02-16,Arrest
2561,2382,3203,2024-02-05,Arrest
2562,2350,8215,2026-02-25,Surrender
2563,320,348,2022-06-07,Arrest
2564,478,8129,2023-03-13,Arrest
2565,1765,5362,2026-06-14,Arrest
2566,3496,7388,2024-11-16,Arrest
2567,3310,8479,2022-05-04,Arrest
2568,4744,7101,2025-06-27,Arrest
2569,3369,8419,2023-10-13,Arrest
2570,4494,313,2022-09-30,Arrest
2571,637,4465,2025-08-06,Arrest
2572,3856,747,2022-12-04,Surrender
2573,1441,7854,2024-06-26,Arrest
2574,3465,2477,2022-12-14,Arrest
2575,2704,2025,2025-05-03,Surrender
2576,4305,4660,2023-06-29,Surrender
2577,1262,2571,2024-07-12,Arrest
2578,3405,6817,2024-03-24,Surrender
2579,4459,6172,2023-11-03,Arrest
2580,1543,6685,2022-10-06,Arrest
2581,1824,5092,2025-10-12,Arrest
2582,4162,4072,2022-11-23,Arrest
2583,1499,5013,2026-06-30,Arrest
2584,1983,260,2026-06-30,Arrest
2585,2181,2164,2025-10-17,Arrest
2586,3560,7801,2022-05-10,Arrest
2587,2138,381,2024-09-06,Surrender
2588,4735,4620,2025-07-16,Arrest
2589,1565,3363,2025-10-12,Arrest
2590,3183,1913,2023-09-22,Arrest
2591,3481,2923,2022-07-12,Arrest
2592,3041,600,2024-09-17,Surrender
2593,1373,46,2022-09-26,Arrest
2594,4566,1445,2023-01-01,Arrest
2595,1589,1653,2023-05-20,Arrest
2596,3541,7441,2024-03-04,Arrest
2597,1800,1894,2023-03-25,Arrest
2598,928,3835,2023-02-18,Arrest
2599,1439,2407,2026-05-20,Arrest
2600,4332,8236,2024-09-17,Surrender
2601,1482,8517,2022-03-06,Arrest
2602,205,6080,2024-12-02,Arrest
2603,2702,1967,2025-02-15,Surrender
2604,2690,2861,2025-01-29,Surrender
2605,4253,5408,2025-09-02,Arrest
2606,502,3488,2023-04-17,Surrender
2607,1948,4126,2026-04-12,Surrender
2608,4032,1601,2023-06-27,Arrest
2609,4050,5655,2026-04-15,Arrest
2610,1601,4004,2026-01-03,Surrender
2611,3112,6861,2023-09-13,Arrest
2612,301,6649,2023-10-29,Surrender
2613,4451,4307,2022-03-04,Arrest
2614,1072,6351,2023-01-26,Arrest
2615,4463,427,2026-03-23,Arrest
2616,821,411,2023-02-17,Arrest
2617,961,7696,2025-11-29,Surrender
2618,4661,6785,2025-08-23,Arrest
2619,107,3754,2022-04-03,Arrest
2620,1284,3724,2023-05-11,Arrest
2621,288,4595,2023-12-09,Arrest
2622,1553,7116,2024-11-30,Surrender
2623,538,7517,2026-06-30,Arrest
2624,3175,211,2025-09-19,Arrest
2625,952,2488,2025-03-16,Arrest
2626,2241,6639,2025-12-10,Arrest
2627,1498,3334,2025-08-19,Arrest
2628,3147,5493,2024-05-18,Arrest
2629,2238,6635,2022-12-15,Arrest
2630,4137,1050,2023-05-10,Surrender
2631,1354,4130,2023-11-06,Arrest
2632,4491,7656,2025-04-14,Surrender
2633,1962,4314,2023-12-27,Arrest
2634,2479,6766,2023-08-09,Arrest
2635,2112,1973,2025-04-04,Arrest
2636,4881,4099,2022-08-11,Arrest
2637,2084,2100,2022-11-01,Arrest
2638,4990,1500,2026-04-27,Arrest
2639,1050,1110,2024-10-29,Surrender
2640,1236,2652,2025-08-25,Arrest
2641,4016,3942,2023-10-30,Surrender
2642,4433,653,2024-05-10,Arrest
2643,3610,4408,2023-12-13,Arrest
2644,2864,7816,2023-01-14,Arrest
2645,660,1796,2026-03-18,Surrender
2646,1472,1703,2023-07-15,Arrest
2647,2674,6267,2024-06-20,Arrest
2648,2636,5289,2023-11-06,Arrest
2649,1940,5042,2024-05-30,Arrest
2650,4990,1499,2026-05-17,Arrest
2651,1293,3122,2024-07-24,Arrest
2652,152,6757,2025-01-19,Arrest
2653,4530,2179,2022-09-11,Arrest
2654,1379,3792,2024-09-06,Arrest
2655,2995,7330,2024-04-19,Arrest
2656,3743,4658,2026-01-13,Arrest
2657,1528,3285,2023-07-14,Arrest
2658,2293,706,2024-03-27,Arrest
2659,1420,1873,2025-03-28,Arrest
2660,3168,3291,2026-04-26,Arrest
2661,2159,4966,2024-06-24,Arrest
2662,236,4105,2022-04-18,Arrest
2663,1105,4012,2024-07-09,Arrest
2664,4139,8142,2025-08-23,Arrest
2665,1467,7905,2025-01-12,Arrest
2666,3876,4032,2023-10-23,Arrest
2667,2237,5614,2022-06-30,Arrest
2668,833,5717,2023-02-13,Arrest
2669,3731,6410,2023-04-11,Surrender
2670,708,566,2023-03-16,Arrest
2671,2837,7302,2023-09-03,Surrender
2672,4164,3048,2024-07-21,Surrender
2673,1289,5272,2023-09-16,Surrender
2674,3169,641,2024-09-01,Arrest
2675,1299,3296,2024-09-03,Arrest
2676,3155,3214,2022-10-15,Arrest
2677,4531,4536,2025-01-14,Arrest
2678,979,6088,2026-03-09,Surrender
2679,1015,1965,2022-11-13,Arrest
2680,70,6390,2022-12-01,Surrender
2681,1963,3860,2023-01-22,Arrest
2682,4392,326,2024-09-18,Surrender
2683,1426,5946,2024-03-02,Surrender
2684,2721,2339,2022-03-08,Surrender
2685,2855,3013,2026-06-19,Arrest
2686,3090,4517,2025-04-21,Arrest
2687,4675,8512,2022-05-23,Arrest
2688,3796,2238,2024-10-23,Arrest
2689,1873,8232,2026-04-20,Surrender
2690,2678,4333,2022-06-01,Arrest
2691,2134,5453,2025-01-23,Arrest
2692,4874,8427,2022-12-21,Arrest
2693,397,6318,2025-08-14,Arrest
2694,4161,8290,2024-03-01,Arrest
2695,2363,865,2023-05-18,Surrender
2696,1648,6176,2023-05-19,Surrender
2697,3907,7792,2022-08-06,Arrest
2698,3713,3992,2026-02-15,Arrest
2699,3195,6578,2022-10-17,Arrest
2700,682,4372,2025-04-17,Arrest
2701,3671,372,2025-06-30,Arrest
2702,30,6200,2024-05-22,Surrender
2703,1549,4340,2025-05-22,Arrest
2704,1810,3133,2026-04-13,Arrest
2705,1039,2543,2023-02-24,Arrest
2706,3502,8102,2025-06-23,Arrest
2707,1598,4468,2023-11-16,Arrest
2708,3497,6523,2026-06-30,Arrest
2709,3023,5166,2023-10-15,Arrest
2710,3888,8531,2024-12-17,Arrest
2711,1434,5744,2024-07-13,Arrest
2712,3334,1361,2026-04-08,Surrender
2713,1037,912,2023-07-28,Arrest
2714,3317,4011,2024-06-20,Arrest
2715,2519,3146,2022-05-27,Arrest
2716,4145,8267,2025-10-03,Arrest
2717,1190,5974,2023-10-31,Arrest
2718,2909,2964,2023-05-27,Arrest
2719,4066,3458,2022-12-28,Surrender
2720,2319,965,2023-04-05,Arrest
2721,1422,1424,2025-10-29,Arrest
2722,865,123,2026-03-01,Arrest
2723,1848,480,2026-04-04,Arrest
2724,3568,663,2022-11-17,Arrest
2725,4336,2803,2024-06-05,Arrest
2726,2688,4596,2025-03-29,Arrest
2727,3846,6154,2024-07-27,Arrest
2728,1486,6006,2024-09-12,Arrest
2729,2357,2795,2022-06-05,Arrest
2730,3200,440,2022-09-27,Arrest
2731,2915,1380,2022-05-27,Arrest
2732,3071,3800,2024-04-26,Arrest
2733,3133,4181,2022-11-03,Arrest
2734,4566,1444,2022-10-13,Arrest
2735,4970,5046,2025-10-22,Arrest
2736,3838,3667,2023-12-08,Surrender
2737,3205,1478,2025-08-06,Surrender
2738,1922,7758,2022-11-16,Arrest
2739,1813,1174,2025-08-05,Arrest
2740,2830,7153,2022-09-11,Arrest
2741,1990,4078,2025-01-07,Arrest
2742,2467,3107,2024-12-07,Surrender
2743,4358,3205,2023-10-06,Arrest
2744,4930,4828,2025-07-07,Arrest
2745,1990,4077,2025-03-01,Arrest
2746,2964,2670,2022-09-07,Arrest
2747,2353,280,2022-11-03,Arrest
2748,476,3378,2022-08-19,Arrest
2749,3550,5107,2024-05-02,Arrest
2750,3655,7871,2025-02-26,Arrest
2751,4955,2572,2022-06-17,Arrest
2752,144,5326,2026-04-13,Arrest
2753,2039,1102,2026-06-02,Surrender
2754,1919,569,2022-06-16,Arrest
2755,868,1695,2024-03-29,Arrest
2756,318,8537,2025-12-27,Surrender
2757,2320,3335,2024-06-28,Arrest
2758,4007,3359,2024-05-26,Surrender
2759,3322,7230,2024-07-10,Surrender
2760,549,2817,2025-02-14,Arrest
2761,2955,578,2026-01-09,Arrest
2762,3812,60,2024-02-16,Arrest
2763,3834,788,2025-09-15,Arrest
2764,698,3783,2026-02-19,Arrest
2765,3245,6865,2023-05-15,Arrest
2766,2562,3140,2022-03-28,Arrest
2767,1980,8077,2026-06-09,Arrest
2768,2805,8252,2023-08-05,Arrest
2769,1007,5287,2024-06-10,Arrest
2770,64,5467,2025-02-26,Arrest
2771,4723,6603,2023-08-15,Arrest
2772,1152,3132,2023-12-31,Arrest
2773,1280,6162,2025-05-20,Surrender
2774,4887,3302,2026-03-23,Surrender
2775,4854,336,2022-07-15,Arrest
2776,2125,6742,2025-03-07,Arrest
2777,271,4355,2025-05-11,Arrest
2778,1530,8641,2024-07-25,Surrender
2779,1577,8430,2024-12-13,Arrest
2780,3914,185,2024-07-26,Arrest
2781,929,5256,2025-11-29,Surrender
2782,2086,3366,2023-12-24,Surrender
2783,4005,421,2024-11-03,Arrest
2784,3650,2351,2023-08-15,Arrest
2785,2041,554,2025-08-25,Surrender
2786,282,1398,2024-02-13,Arrest
2787,1610,1385,2026-02-04,Surrender
2788,2672,8182,2025-04-21,Arrest
2789,1384,3606,2025-11-01,Surrender
2790,2947,1761,2025-09-04,Arrest
2791,1857,8634,2023-08-03,Arrest
2792,503,298,2024-07-10,Arrest
2793,729,444,2023-05-26,Arrest
2794,4952,778,2024-02-17,Arrest
2795,3742,1120,2023-12-07,Arrest
2796,2914,8552,2025-02-21,Surrender
2797,4607,6286,2024-02-18,Arrest
2798,2544,7865,2024-07-05,Arrest
2799,2022,1922,2024-06-15,Arrest
2800,874,656,2025-12-09,Arrest
2801,3681,2230,2025-09-12,Arrest
2802,973,2538,2023-08-04,Arrest
2803,3804,2909,2023-01-30,Arrest
2804,2259,6374,2024-04-22,Arrest
2805,3191,2541,2025-08-14,Surrender
2806,4513,3461,2024-10-23,Arrest
2807,2934,8654,2025-11-08,Arrest
2808,2630,2458,2022-06-13,Surrender
2809,3045,2579,2022-08-24,Arrest
2810,1199,7133,2022-04-03,Arrest
2811,110,3051,2023-08-03,Arrest
2812,4670,7374,2023-09-26,Arrest
2813,1083,2759,2025-11-03,Arrest
2814,1438,6189,2025-03-07,Arrest
2815,3197,4711,2025-03-11,Arrest
2816,1903,559,2023-05-14,Arrest
2817,3048,7747,2026-03-31,Arrest
2818,2937,1372,2024-09-18,Arrest
2819,4695,8408,2026-03-12,Arrest
2820,4928,908,2025-03-11,Arrest
2821,1606,6034,2023-06-06,Arrest
2822,4519,1434,2024-09-29,Surrender
2823,1245,7706,2023-07-02,Arrest
2824,4377,5662,2024-11-24,Arrest
2825,3129,7515,2024-09-02,Arrest
2826,1994,6868,2025-05-25,Arrest
2827,209,5759,2022-11-30,Arrest
2828,474,927,2022-10-19,Arrest
2829,947,4664,2025-10-20,Arrest
2830,3296,2471,2023-05-13,Arrest
2831,1283,16,2026-02-20,Arrest
2832,1757,144,2022-09-29,Arrest
2833,4536,8145,2023-07-09,Surrender
2834,1787,2364,2022-03-28,Surrender
2835,4738,4953,2023-10-27,Surrender
2836,2080,6571,2025-10-29,Arrest
2837,1702,1162,2023-03-06,Arrest
2838,294,4443,2024-02-10,Arrest
2839,1993,3806,2026-01-20,Arrest
2840,1586,4252,2025-09-17,Arrest
2841,4596,8391,2023-10-27,Surrender
2842,1256,5318,2025-11-08,Surrender
2843,3971,5667,2022-07-25,Arrest
2844,2835,1363,2023-04-11,Arrest
2845,3699,3160,2024-11-14,Arrest
2846,2191,1213,2025-09-20,Surrender
2847,2929,1877,2024-07-24,Surrender
2848,828,3108,2025-11-16,Surrender
2849,2099,3167,2022-04-14,Arrest
2850,1601,4003,2025-12-23,Arrest
2851,2906,7158,2023-08-22,Arrest
2852,3494,4657,2026-01-05,Arrest
2853,124,4044,2025-03-07,Arrest
2854,249,1171,2022-04-13,Arrest
2855,2679,580,2022-04-14,Arrest
2856,3718,2183,2025-07-25,Surrender
2857,2994,4683,2023-07-08,Arrest
2858,3081,5801,2025-06-27,Arrest
2859,4053,8474,2026-06-10,Surrender
2860,2635,1834,2022-04-18,Arrest
2861,422,6326,2025-09-29,Arrest
2862,622,4920,2023-11-03,Arrest
2863,3945,1860,2025-09-23,Surrender
2864,387,3310,2023-10-20,Surrender
2865,3235,7732,2023-02-21,Arrest
2866,2154,2686,2022-05-10,Arrest
2867,1491,4833,2025-10-14,Arrest
2868,1819,5191,2024-07-05,Arrest
2869,3311,4265,2023-11-14,Arrest
2870,3774,388,2022-06-07,Arrest
2871,48,6045,2024-10-22,Arrest
2872,2892,1033,2026-04-26,Arrest
2873,1426,5945,2024-02-05,Arrest
2874,952,2489,2025-05-04,Arrest
2875,23,7931,2023-10-08,Surrender
2876,2846,2630,2025-08-07,Arrest
2877,715,6591,2026-06-07,Surrender
2878,2451,6441,2023-05-11,Arrest
2879,3406,3012,2022-05-10,Arrest
2880,4493,932,2023-04-08,Arrest
2881,2537,3435,2024-09-14,Arrest
2882,2515,692,2023-03-14,Arrest
2883,3960,5622,2022-08-11,Arrest
2884,1800,1892,2023-05-06,Arrest
2885,36,2269,2023-06-29,Arrest
2886,441,8325,2023-04-23,Arrest
2887,1430,8714,2022-05-04,Arrest
2888,1232,8311,2024-11-05,Arrest
2889,1248,7316,2025-11-13,Surrender
2890,1864,4792,2025-05-08,Arrest
2891,3394,7780,2024-10-14,Arrest
2892,1373,45,2022-12-14,Arrest
2893,4584,8620,2023-06-10,Arrest
2894,2492,7738,2024-02-18,Arrest
2895,3295,8118,2022-03-16,Arrest
2896,2273,1188,2022-04-28,Arrest
2897,3711,7799,2022-04-04,Arrest
2898,4112,3972,2023-11-21,Arrest
2899,2798,3002,2025-03-06,Arrest
2900,3184,1684,2026-02-06,Arrest
2901,4763,6878,2025-05-12,Arrest
2902,1520,8110,2025-06-14,Surrender
2903,2925,6527,2022-05-23,Arrest
2904,4935,64,2023-01-21,Arrest
2905,1377,618,2024-05-03,Arrest
2906,4902,8072,2024-03-08,Arrest
2907,3074,7685,2023-03-14,Arrest
2908,2146,228,2024-11-15,Arrest
2909,2454,3998,2022-03-11,Arrest
2910,3316,8108,2025-09-23,Arrest
2911,852,7605,2023-08-27,Surrender
2912,1914,3183,2025-11-14,Arrest
2913,990,3705,2025-05-14,Arrest
2914,2309,970,2026-01-12,Arrest
2915,68,1806,2024-02-12,Surrender
2916,312,2448,2025-01-03,Arrest
2917,3115,5119,2023-03-23,Surrender
2918,3777,2949,2022-09-08,Arrest
2919,4958,8470,2024-11-29,Arrest
2920,4592,6549,2025-01-25,Arrest
2921,3528,6015,2024-08-17,Arrest
2922,2841,2852,2024-08-11,Arrest
2923,1465,3542,2024-05-26,Surrender
2924,313,3778,2025-03-08,Arrest
2925,3945,1861,2025-12-17,Arrest
2926,213,4661,2025-02-10,Arrest
2927,1408,5911,2024-03-10,Surrender
2928,4119,8273,2024-10-17,Arrest
2929,21,6252,2026-03-03,Arrest
2930,4980,253,2022-08-12,Arrest
2931,3006,6803,2022-06-10,Arrest
2932,2975,5979,2024-04-01,Arrest
2933,1128,1790,2023-04-29,Surrender
2934,4182,7250,2025-06-02,Arrest
2935,2809,2060,2023-04-19,Arrest
2936,4694,8245,2024-01-28,Arrest
2937,1478,5984,2025-10-01,Surrender
2938,695,5499,2024-05-27,Surrender
2939,224,1903,2024-09-01,Arrest
2940,4006,2751,2023-03-20,Arrest
2941,4424,2120,2026-03-13,Arrest
2942,3006,6801,2022-08-01,Arrest
2943,740,4230,2024-01-30,Surrender
2944,3250,3523,2025-08-06,Arrest
2945,759,2690,2022-10-19,Arrest
2946,2358,3881,2025-03-29,Arrest
2947,4544,8624,2025-01-11,Surrender
2948,673,5255,2025-03-20,Arrest
2949,2178,76,2023-11-17,Arrest
2950,2429,2346,2023-05-27,Arrest
2951,2380,2352,2023-03-15,Arrest
2952,1017,6935,2023-11-12,Arrest
2953,3249,431,2024-10-21,Arrest
2954,2594,5991,2026-05-31,Surrender
2955,2865,4554,2022-04-17,Surrender
2956,1446,5488,2023-03-26,Arrest
2957,489,5113,2023-09-06,Arrest
2958,4423,8184,2023-06-17,Surrender
2959,1196,4561,2024-09-30,Arrest
2960,4591,3099,2023-08-25,Arrest
2961,3454,6160,2026-03-16,Arrest
2962,123,6273,2024-08-02,Arrest
2963,2855,3015,2026-06-30,Arrest
2964,2960,5787,2025-06-21,Arrest
2965,331,241,2024-02-27,Surrender
2966,2510,784,2026-06-30,Arrest
2967,3085,1355,2022-06-05,Surrender
2968,3837,4324,2023-07-20,Surrender
2969,4082,978,2026-01-31,Arrest
2970,1560,810,2024-08-31,Arrest
2971,1566,2169,2022-04-19,Arrest
2972,3862,6783,2022-09-11,Arrest
2973,786,4499,2026-06-30,Arrest
2974,2253,1600,2025-07-26,Arrest
2975,119,2942,2024-05-23,Arrest
2976,1062,3144,2022-08-16,Surrender
2977,1020,3246,2025-06-18,Arrest
2978,586,8254,2024-03-22,Arrest
2979,4905,685,2025-06-27,Arrest
2980,1215,5769,2023-08-24,Surrender
2981,1349,1621,2026-06-30,Arrest
2982,4847,3708,2022-07-10,Arrest
2983,4373,1483,2023-07-14,Arrest
2984,353,2147,2024-11-20,Surrender
2985,4226,1802,2024-10-30,Arrest
2986,4889,2096,2026-06-30,Surrender
2987,877,4605,2025-03-16,Arrest
2988,4876,1358,2024-12-15,Surrender
2989,2588,6094,2024-12-30,Arrest
2990,740,4231,2024-03-10,Arrest
2991,1018,3795,2026-03-29,Arrest
2992,3679,3791,2023-10-19,Arrest
2993,426,3211,2026-04-05,Arrest
2994,4414,5591,2026-04-22,Arrest
2995,160,3423,2025-01-15,Arrest
2996,2893,4133,2023-07-05,Surrender
2997,217,3981,2022-06-15,Arrest
2998,2373,495,2024-01-21,Arrest
2999,711,5651,2026-04-07,Surrender
3000,2587,8024,2026-02-21,Arrest
3001,1196,4562,2024-09-25,Arrest
3002,2916,2329,2022-09-24,Arrest
3003,2292,30,2025-01-20,Surrender
3004,2003,5392,2024-05-04,Arrest
3005,3457,8719,2025-07-05,Arrest
3006,2647,8546,2023-09-22,Surrender
3007,4268,1093,2023-11-16,Arrest
3008,2164,125,2025-01-26,Arrest
3009,4455,4878,2024-09-11,Arrest
3010,2385,6731,2024-11-11,Arrest
3011,4647,3974,2025-01-12,Arrest
3012,665,7752,2024-09-24,Arrest
3013,2221,2299,2023-07-25,Arrest
3014,2152,8148,2024-02-08,Arrest
3015,3897,1554,2026-05-28,Arrest
3016,2531,8545,2025-09-25,Arrest
3017,3290,599,2026-06-27,Arrest
3018,3935,2124,2023-07-30,Arrest
3019,4636,1417,2025-07-11,Arrest
3020,3943,8080,2026-02-22,Arrest
3021,29,5931,2024-02-24,Arrest
3022,291,4763,2026-04-01,Arrest
3023,2707,5640,2022-01-27,Arrest
3024,2717,7622,2026-02-01,Surrender
3025,709,4457,2024-12-09,Arrest
3026,950,2198,2026-04-26,Surrender
3027,797,5022,2024-09-24,Arrest
3028,4878,5200,2025-08-01,Surrender
3029,3053,726,2024-12-04,Arrest
3030,4891,3406,2024-06-02,Surrender
3031,2567,7234,2024-06-06,Arrest
3032,1560,809,2024-09-22,Arrest
3033,1432,3455,2023-02-22,Arrest
3034,285,6311,2025-04-17,Arrest
3035,452,959,2023-02-19,Arrest
3036,3762,7770,2025-11-20,Arrest
3037,4750,6395,2023-08-19,Arrest
3038,1560,811,2024-08-16,Arrest
3039,4402,835,2025-05-06,Surrender
3040,4039,3594,2025-05-22,Arrest
3041,4938,2424,2024-02-26,Surrender
3042,671,5539,2025-08-21,Arrest
3043,1510,3650,2024-02-01,Arrest
3044,3199,1236,2025-07-09,Arrest
3045,803,1226,2025-12-01,Arrest
3046,4135,7568,2025-07-13,Arrest
3047,3893,6058,2023-01-31,Surrender
3048,4170,3956,2024-04-03,Arrest
3049,4323,6941,2026-05-30,Arrest
3050,4732,4503,2025-10-30,Arrest
3051,829,5644,2023-11-16,Surrender
3052,699,5461,2022-10-28,Arrest
3053,1794,7582,2023-09-23,Arrest
3054,1302,2967,2024-02-06,Arrest
3055,2651,5031,2025-08-12,Arrest
3056,1659,7852,2024-06-02,Arrest
3057,2269,1658,2025-06-26,Arrest
3058,610,7841,2023-07-01,Arrest
3059,900,7823,2026-06-13,Arrest
3060,3981,453,2024-10-22,Arrest
3061,1969,6068,2024-11-01,Arrest
3062,922,5383,2023-03-03,Arrest
3063,1785,3083,2024-08-22,Arrest
3064,333,2620,2022-11-13,Arrest
3065,1916,423,2022-12-07,Arrest
3066,1881,4587,2022-06-20,Arrest
3067,3144,1221,2023-01-21,Arrest
3068,2744,2930,2023-12-12,Arrest
3069,4240,5215,2025-07-21,Surrender
3070,2081,4422,2022-10-09,Arrest
3071,2061,2846,2022-10-10,Arrest
3072,4075,3024,2024-04-10,Surrender
3073,1575,8400,2024-11-20,Arrest
3074,863,1002,2025-09-16,Arrest
3075,3433,103,2023-01-23,Arrest
3076,3866,2419,2026-06-02,Arrest
3077,634,6839,2022-10-15,Arrest
3078,63,5762,2025-04-10,Arrest
3079,4378,6386,2026-06-30,Arrest
3080,2421,1581,2022-07-09,Surrender
3081,3823,7377,2024-03-13,Arrest
3082,4371,2207,2024-06-17,Arrest
3083,120,171,2024-12-03,Surrender
3084,1051,6815,2022-06-20,Arrest
3085,2347,136,2026-01-20,Arrest
3086,2808,758,2023-01-30,Arrest
3087,4578,7215,2023-01-31,Arrest
3088,1418,1311,2024-03-29,Arrest
3089,2021,1218,2022-07-31,Arrest
3090,471,2285,2022-03-05,Arrest
3091,4074,8626,2025-01-08,Arrest
3092,3196,2906,2025-05-19,Arrest
3093,3749,4399,2025-10-19,Surrender
3094,2596,5283,2025-10-16,Arrest
3095,1693,5279,2022-04-12,Surrender
3096,4766,1936,2023-12-11,Arrest
3097,3248,6116,2025-04-13,Arrest
3098,258,8597,2024-01-20,Arrest
3099,1265,3581,2023-03-25,Arrest
3100,850,808,2022-08-18,Surrender
3101,845,2046,2025-12-01,Surrender
3102,60,3729,2023-11-23,Arrest
3103,3966,463,2023-04-27,Arrest
3104,2890,2928,2022-05-13,Arrest
3105,403,1957,2026-01-11,Arrest
3106,312,2446,2025-02-28,Arrest
3107,2355,6323,2026-01-26,Arrest
3108,2977,4439,2026-04-22,Arrest
3109,2411,800,2024-01-26,Arrest
3110,3786,2403,2023-02-24,Arrest
3111,4104,4349,2024-01-02,Arrest
3112,1507,1074,2026-06-14,Surrender
3113,1066,4175,2024-02-23,Arrest
3114,1757,145,2022-09-12,Surrender
3115,3463,7260,2025-05-22,Arrest
3116,3176,1341,2022-06-09,Arrest
3117,1754,3640,2024-08-07,Arrest
3118,3257,6707,2026-03-28,Arrest
3119,4999,2092,2023-04-09,Surrender
3120,1792,8673,2023-06-21,Arrest
3121,3550,5108,2024-04-26,Arrest
3122,2992,3913,2025-02-07,Arrest
3123,4242,5156,2025-09-13,Arrest
3124,3051,5483,2022-08-17,Surrender
3125,2085,4766,2024-02-12,Arrest
3126,1667,3127,2026-01-03,Arrest
3127,1867,8340,2024-07-22,Surrender
3128,4347,1004,2024-11-07,Surrender
3129,1587,4116,2025-09-09,Arrest
3130,1567,5500,2022-04-04,Arrest
3131,4385,6381,2023-11-03,Arrest
3132,1357,8037,2026-02-06,Arrest
3133,732,556,2022-08-16,Arrest
3134,1511,3616,2023-05-17,Surrender
3135,1066,4177,2024-01-07,Arrest
3136,9,7751,2024-10-09,Arrest
3137,4758,1486,2022-07-18,Arrest
3138,2870,8222,2025-08-12,Arrest
3139,1238,1273,2026-02-16,Arrest
3140,3072,4491,2022-04-17,Arrest
3141,3735,1412,2026-06-14,Arrest
3142,164,8119,2026-04-26,Surrender
3143,954,754,2024-07-20,Arrest
3144,1623,1472,2025-11-24,Arrest
3145,4975,7087,2025-06-23,Arrest
3146,4965,7201,2023-11-21,Arrest
3147,4384,3400,2024-06-22,Arrest
3148,4390,6770,2023-09-01,Arrest
3149,2007,3077,2024-06-22,Surrender
3150,4924,5366,2024-07-31,Arrest
3151,1139,6066,2026-06-30,Surrender
3152,2290,6788,2024-04-08,Arrest
3153,1591,5588,2022-06-05,Arrest
3154,2540,982,2022-11-05,Arrest
3155,251,7809,2024-07-28,Arrest
3156,1650,4609,2026-05-15,Surrender
3157,3472,2723,2023-04-03,Arrest
3158,3040,8123,2024-08-14,Surrender
3159,4071,1269,2024-11-08,Arrest
3160,3544,2463,2025-03-30,Arrest
3161,4616,4152,2025-08-11,Arrest
3162,3473,269,2023-10-21,Arrest
3163,1682,655,2026-05-13,Arrest
3164,1599,8065,2025-08-26,Surrender
3165,2523,5227,2023-08-17,Surrender
3166,4514,3721,2022-08-25,Arrest
3167,3617,5653,2026-06-30,Arrest
3168,785,2822,2023-09-03,Surrender
3169,3249,429,2024-12-06,Arrest
3170,933,590,2022-04-22,Arrest
3171,2457,496,2022-03-02,Arrest
3172,2786,3574,2023-06-22,Arrest
3173,2166,6638,2023-10-04,Arrest
3174,576,7661,2023-12-31,Arrest
3175,393,4857,2022-09-21,Surrender
3176,2848,7323,2024-09-25,Arrest
3177,4435,5929,2022-10-18,Surrender
3178,4908,529,2025-08-06,Arrest
3179,606,1809,2022-04-13,Surrender
3180,2681,4881,2025-09-06,Arrest
3181,1398,7920,2026-04-14,Arrest
3182,2538,4483,2024-02-03,Arrest
3183,295,2029,2026-04-22,Arrest
3184,4771,5585,2024-03-25,Arrest
3185,93,678,2022-12-29,Arrest
3186,3802,7951,2023-03-26,Surrender
3187,2921,6205,2023-08-22,Arrest
3188,873,4255,2025-12-09,Surrender
3189,4565,3957,2022-05-14,Arrest
3190,2218,5386,2024-11-28,Surrender
3191,43,3827,2024-06-07,Arrest
3192,3466,7981,2024-05-15,Arrest
3193,2018,2433,2023-11-14,Arrest
3194,4507,4801,2022-02-03,Arrest
3195,2016,5661,2023-10-04,Arrest
3196,2041,552,2025-08-31,Arrest
3197,2213,4732,2023-06-12,Arrest
3198,4112,3969,2023-10-16,Arrest
3199,629,7890,2023-11-22,Surrender
3200,3653,1612,2022-10-29,Arrest
3201,2080,6570,2025-11-02,Arrest
3202,1252,4907,2024-10-19,Arrest
3203,2864,7815,2022-12-14,Arrest
3204,1181,6856,2022-02-02,Surrender
3205,2463,8059,2024-10-17,Arrest
3206,699,5462,2022-10-21,Arrest
3207,4066,3460,2023-01-22,Arrest
3208,4812,6660,2023-05-31,Arrest
3209,1944,4563,2025-06-09,Arrest
3210,4365,4202,2023-02-08,Arrest
3211,3863,606,2026-01-26,Arrest
3212,4279,4113,2025-01-21,Arrest
3213,2782,5595,2023-06-30,Surrender
3214,1883,6310,2023-01-12,Surrender
3215,19,1469,2022-05-21,Arrest
3216,2121,6793,2026-05-30,Arrest
3217,3744,1983,2026-06-30,Arrest
3218,2776,4505,2025-10-31,Arrest
3219,2065,891,2024-11-17,Arrest
3220,582,3502,2024-04-09,Arrest
3221,618,5677,2026-01-12,Arrest
3222,3533,844,2026-06-17,Arrest
3223,4914,2156,2022-10-03,Arrest
3224,772,5120,2023-10-17,Arrest
3225,4022,8523,2022-04-02,Arrest
3226,3851,2078,2023-12-29,Surrender
3227,3598,5262,2024-08-08,Arrest
3228,4801,4716,2022-03-24,Arrest
3229,1550,3683,2023-05-26,Arrest
3230,4415,4417,2026-02-23,Arrest
3231,2868,2800,2024-04-28,Arrest
3232,4751,5490,2025-11-15,Arrest
3233,2574,585,2025-12-26,Surrender
3234,325,4280,2026-03-20,Arrest
3235,4077,3545,2024-05-10,Surrender
3236,3583,5121,2023-08-24,Arrest
3237,3884,3685,2024-12-04,Arrest
3238,4316,7009,2022-10-21,Arrest
3239,151,7581,2025-01-27,Arrest
3240,3827,5894,2023-03-09,Arrest
3241,2907,7838,2025-04-12,Surrender
3242,3197,4709,2025-05-12,Surrender
3243,4267,6139,2025-05-02,Arrest
3244,3275,8036,2026-03-20,Arrest
3245,4857,8551,2022-11-03,Arrest
3246,289,2551,2023-10-21,Surrender
3247,225,6499,2023-05-18,Arrest
3248,4550,345,2025-09-09,Arrest
3249,1613,3873,2024-07-27,Arrest
3250,72,5340,2024-04-19,Arrest
3251,2512,8444,2022-12-07,Arrest
3252,499,8432,2023-03-28,Arrest
3253,247,872,2022-05-27,Arrest
3254,2711,7928,2025-12-17,Surrender
3255,171,7129,2023-12-18,Arrest
3256,2905,4585,2025-02-19,Arrest
3257,3806,3617,2022-06-27,Arrest
3258,4372,91,2024-05-09,Arrest
3259,1974,4528,2023-03-19,Arrest
3260,1045,4872,2023-02-11,Surrender
3261,3949,5720,2024-05-16,Arrest
3262,4640,8086,2023-08-19,Arrest
3263,4627,5636,2024-04-01,Arrest
3264,2936,5981,2024-07-22,Arrest
3265,4424,2118,2026-06-04,Surrender
3266,402,2938,2023-08-28,Arrest
3267,3563,4886,2024-12-25,Arrest
3268,3142,7002,2025-02-17,Arrest
3269,2437,2837,2024-09-14,Arrest
3270,3593,3097,2024-12-11,Arrest
3271,3454,6161,2026-03-23,Arrest
3272,2838,3978,2022-07-02,Arrest
3273,2348,948,2024-07-17,Arrest
3274,1330,2926,2024-02-16,Arrest
3275,1990,4079,2025-01-25,Surrender
3276,3155,3215,2022-09-30,Surrender
3277,91,4149,2023-09-22,Surrender
3278,1157,6596,2023-06-02,Arrest
3279,2677,884,2023-06-08,Arrest
3280,1346,5339,2022-11-25,Arrest
3281,895,5246,2025-09-07,Arrest
3282,2649,5345,2023-07-29,Arrest
3283,1308,6644,2026-03-25,Arrest
3284,279,1457,2023-05-09,Arrest
3285,3511,8330,2023-07-18,Arrest
3286,2318,6806,2025-07-20,Arrest
3287,399,7597,2024-02-08,Arrest
3288,741,6305,2026-01-13,Surrender
3289,1706,7922,2024-11-05,Arrest
3290,3623,6605,2022-02-04,Surrender
3291,2244,7784,2025-10-29,Arrest
3292,2395,2416,2022-04-17,Arrest
3293,709,4454,2024-12-14,Arrest
3294,3864,6990,2026-04-04,Arrest
3295,4651,4206,2023-05-29,Surrender
3296,165,8201,2026-06-30,Arrest
3297,3638,6202,2024-10-14,Arrest
3298,493,4402,2023-07-23,Surrender
3299,563,2900,2024-10-10,Surrender
3300,643,4413,2025-03-22,Arrest
3301,4668,2399,2026-06-30,Arrest
3302,3302,2210,2023-05-17,Arrest
3303,3874,1711,2026-06-30,Arrest
3304,1925,105,2022-05-03,Arrest
3305,1382,5419,2025-02-03,Arrest
3306,2703,1187,2025-07-25,Arrest
3307,2286,5844,2023-04-29,Surrender
3308,912,3185,2022-10-11,Arrest
3309,2548,8539,2025-11-03,Arrest
3310,2517,6631,2023-03-30,Arrest
3311,3061,7013,2023-02-08,Arrest
3312,4544,8623,2025-02-21,Arrest
3313,3702,152,2023-09-01,Arrest
3314,3003,3283,2023-11-15,Surrender
3315,4637,5808,2025-05-22,Arrest
3316,2252,916,2025-09-15,Arrest
3317,2469,1306,2023-05-13,Arrest
3318,3849,8265,2023-01-10,Arrest
3319,1628,3050,2024-12-28,Arrest
3320,1202,6113,2024-11-17,Arrest
3321,3148,5995,2025-12-02,Arrest
3322,4580,8296,2025-04-23,Arrest
3323,2354,8345,2026-01-11,Arrest
3324,2755,5426,2026-01-13,Arrest
3325,2713,6561,2024-10-05,Arrest
3326,3986,6089,2022-12-08,Surrender
3327,3831,2797,2023-04-10,Arrest
3328,2179,2702,2022-07-02,Arrest
3329,2046,1399,2024-02-18,Arrest
3330,2612,2520,2026-06-30,Arrest
3331,3914,184,2024-09-01,Arrest
3332,4738,4954,2023-10-16,Surrender
3333,4628,367,2022-10-27,Surrender
3334,445,4440,2026-05-03,Arrest
3335,157,3985,2025-12-28,Arrest
3336,998,7637,2023-09-02,Arrest
3337,3866,2418,2026-05-16,Arrest
3338,4216,472,2022-08-16,Arrest
3339,404,968,2026-01-27,Arrest
3340,3415,6158,2026-01-30,Arrest
3341,979,6087,2026-01-23,Arrest
3342,2779,2657,2022-07-05,Arrest
3343,2024,6380,2024-04-19,Arrest
3344,3175,210,2025-09-03,Arrest
3345,1344,1962,2023-06-27,Arrest
3346,229,897,2024-08-20,Arrest
3347,1818,6988,2026-02-01,Arrest
3348,244,3376,2026-03-01,Arrest
3349,2697,5639,2023-06-25,Surrender
3350,4622,1774,2024-05-07,Arrest
3351,4864,6608,2024-04-27,Arrest
3352,310,2300,2022-07-01,Arrest
3353,4515,1210,2024-04-15,Arrest
3354,3929,4935,2026-02-26,Surrender
3355,1061,8317,2026-05-29,Arrest
3356,358,8697,2022-11-23,Arrest
3357,4207,1271,2022-06-29,Surrender
3358,3687,1252,2025-01-22,Arrest
3359,3229,3177,2023-12-06,Surrender
3360,4360,8482,2024-02-27,Arrest
3361,1199,7132,2022-03-27,Arrest
3362,2719,3519,2023-08-21,Arrest
3363,1846,1293,2023-06-07,Arrest
3364,2534,5556,2024-06-06,Arrest
3365,3805,8137,2026-06-30,Arrest
3366,1133,4510,2022-11-24,Arrest
3367,1745,3316,2024-11-14,Arrest
3368,4482,293,2025-03-31,Surrender
3369,1455,5763,2023-05-23,Arrest
3370,965,4223,2023-01-12,Arrest
3371,2954,1052,2022-08-03,Arrest
3372,1133,4511,2022-11-03,Arrest
3373,4890,4565,2023-11-28,Arrest
3374,2109,7533,2025-09-26,Arrest
3375,1655,273,2022-05-09,Arrest
3376,2952,2043,2026-06-30,Arrest
3377,477,6346,2022-10-26,Arrest
3378,1031,3470,2022-07-27,Arrest
3379,4816,6756,2024-08-02,Surrender
3380,1947,3938,2025-03-31,Arrest
3381,1500,1087,2023-01-03,Arrest
3382,2647,8549,2023-08-03,Arrest
3383,3967,7345,2025-12-05,Arrest
3384,3842,4825,2025-09-07,Arrest
3385,4238,5100,2024-11-14,Arrest
3386,4915,2904,2023-06-27,Arrest
3387,3050,6592,2024-05-14,Surrender
3388,4864,6607,2024-04-29,Arrest
3389,1921,6479,2023-05-23,Surrender
3390,4815,5271,2025-02-23,Arrest
3391,804,5863,2024-09-13,Surrender
3392,149,6217,2025-10-04,Arrest
3393,4540,6409,2024-02-26,Arrest
3394,4275,7952,2025-12-20,Arrest
3395,3972,6085,2025-10-17,Arrest
3396,609,4690,2023-05-26,Arrest
3397,1725,614,2023-05-25,Surrender
3398,2310,4166,2022-06-26,Arrest
3399,1404,4529,2025-02-16,Surrender
3400,2413,4428,2026-05-26,Surrender
3401,4942,5148,2022-06-19,Arrest
3402,798,5395,2023-11-03,Surrender
3403,2673,1749,2025-02-09,Arrest
3404,1320,733,2022-05-03,Arrest
3405,1713,7050,2025-09-24,Arrest
3406,1072,6349,2023-02-27,Arrest
3407,3216,6824,2024-04-03,Arrest
3408,1509,5764,2024-03-27,Surrender
3409,170,2911,2024-06-09,Arrest
3410,3407,2663,2026-05-07,Surrender
3411,1068,8526,2025-10-14,Arrest
3412,369,4415,2023-08-31,Arrest
3413,3318,3114,2022-10-27,Arrest
3414,2873,3304,2026-02-09,Surrender
3415,4914,2155,2022-11-25,Surrender
3416,2014,1345,2026-05-22,Surrender
3417,4917,8571,2024-06-19,Arrest
3418,4862,4047,2026-06-07,Arrest
3419,3730,7560,2026-02-25,Surrender
3420,4024,3535,2026-04-30,Arrest
3421,779,4926,2025-07-25,Arrest
3422,4458,953,2025-10-16,Arrest
3423,3663,3568,2022-10-10,Arrest
3424,4075,3022,2024-04-16,Arrest
3425,2174,4770,2026-06-30,Arrest
3426,2196,1505,2023-12-01,Surrender
3427,2867,4232,2024-04-27,Arrest
3428,68,1807,2024-04-05,Arrest
3429,2539,4059,2023-08-04,Arrest
3430,2090,1122,2025-03-10,Arrest
3431,818,6743,2025-08-07,Surrender
3432,2389,8295,2024-06-26,Arrest
3433,108,5548,2023-08-14,Surrender
3434,1094,4476,2025-02-01,Surrender
3435,1173,6557,2024-04-19,Arrest
3436,2875,4795,2023-12-10,Arrest
3437,2274,5503,2024-10-02,Arrest
3438,2366,5999,2024-04-26,Surrender
3439,4134,4270,2025-01-25,Arrest
3440,469,417,2026-06-30,Arrest
3441,3120,2974,2024-03-08,Surrender
3442,2000,6477,2022-09-27,Arrest
3443,2018,2432,2023-11-30,Surrender
3444,3772,4686,2022-10-22,Arrest
3445,185,565,2022-11-24,Arrest
3446,109,2527,2023-04-24,Surrender
3447,3172,5168,2022-10-10,Arrest
3448,4799,6713,2025-02-18,Arrest
3449,3303,3252,2022-09-24,Arrest
3450,803,1225,2025-12-01,Arrest
3451,1473,143,2025-11-25,Arrest
3452,1856,6884,2025-12-29,Arrest
3453,2043,1491,2025-06-04,Arrest
3454,1335,7149,2022-03-23,Arrest
3455,173,7707,2024-08-10,Arrest
3456,43,3828,2024-06-11,Arrest
3457,3841,7364,2023-06-14,Arrest
3458,2069,4506,2025-06-22,Arrest
3459,3646,2654,2024-11-24,Arrest
3460,4202,2005,2024-08-31,Surrender
3461,2926,1195,2024-06-16,Arrest
3462,3072,4490,2022-05-28,Surrender
3463,2304,3410,2023-08-09,Surrender
3464,3306,7284,2025-03-09,Arrest
3465,1287,7217,2022-05-27,Arrest
3466,4344,1757,2026-06-30,Arrest
3467,964,498,2025-01-05,Arrest
3468,953,3837,2022-07-19,Arrest
3469,2306,7438,2025-09-15,Arrest
3470,4728,871,2026-03-11,Arrest
3471,4705,3358,2023-06-22,Surrender
3472,4726,913,2023-05-07,Arrest
3473,3858,722,2026-06-30,Arrest
3474,4271,3544,2026-01-14,Arrest
3475,1792,8672,2023-06-21,Arrest
3476,1149,8440,2022-04-13,Arrest
3477,2017,8358,2025-11-07,Arrest
3478,2127,4998,2022-10-30,Arrest
3479,4990,1497,2026-05-18,Arrest
3480,2209,3990,2026-01-09,Surrender
3481,934,1521,2023-11-10,Arrest
3482,330,5821,2022-05-18,Arrest
3483,3827,5895,2023-03-11,Arrest
3484,5000,2747,2025-01-13,Arrest
3485,3284,4302,2023-07-09,Surrender
3486,4494,315,2022-08-26,Arrest
3487,1753,7090,2026-06-30,Arrest
3488,4270,7423,2023-03-13,Arrest
3489,1121,3351,2025-01-25,Arrest
3490,1937,109,2025-12-09,Arrest
3491,374,1755,2025-02-25,Arrest
3492,3398,6999,2023-12-21,Arrest
3493,3985,1352,2025-11-11,Arrest
3494,886,3130,2024-01-30,Surrender
3495,1541,6782,2024-09-18,Arrest
3496,957,5207,2023-05-26,Arrest
3497,4969,5112,2023-03-20,Arrest
3498,300,481,2025-07-17,Arrest
3499,3108,5838,2025-02-12,Arrest
3500,3552,1974,2024-11-29,Arrest
3501,3956,337,2024-04-03,Surrender
3502,4933,2765,2025-06-20,Arrest
3503,3081,5800,2025-06-28,Arrest
3504,4221,6495,2023-03-03,Surrender
3505,3925,4039,2023-06-19,Arrest
3506,274,4285,2023-11-16,Arrest
3507,3400,525,2022-06-08,Surrender
3508,2280,7372,2023-07-23,Arrest
3509,89,3478,2025-09-16,Arrest
3510,4454,4780,2024-11-04,Arrest
3511,4377,5663,2024-12-15,Arrest
3512,3908,2810,2026-02-18,Arrest
3513,3053,725,2024-10-10,Arrest
3514,3132,766,2024-12-07,Arrest
3515,2169,4997,2023-07-26,Arrest
3516,2889,4588,2024-07-20,Surrender
3517,2282,7487,2025-08-25,Arrest
3518,40,6324,2024-03-02,Arrest
3519,1952,308,2025-01-10,Arrest
3520,1261,1279,2024-08-16,Arrest
3521,320,349,2022-07-19,Arrest
3522,3846,6153,2024-06-18,Arrest
3523,4387,7172,2025-05-08,Arrest
3524,4047,4218,2024-03-17,Surrender
3525,296,6404,2023-05-02,Arrest
3526,1075,8277,2022-03-16,Arrest
3527,4510,1792,2026-03-12,Arrest
3528,4507,4802,2022-02-26,Arrest
3529,3270,5275,2026-06-22,Arrest
3530,2718,4447,2023-04-28,Arrest
3531,225,6498,2023-05-29,Surrender
3532,1057,2054,2023-09-18,Arrest
3533,4977,2233,2026-06-08,Arrest
3534,3076,4551,2022-07-23,Arrest
3535,1091,72,2022-03-10,Arrest
3536,3592,6829,2022-08-16,Arrest
3537,2999,2760,2026-06-30,Arrest
3538,2344,4705,2024-08-06,Arrest
3539,461,7647,2024-05-25,Surrender
3540,4074,8627,2025-01-22,Arrest
3541,1585,4014,2023-11-15,Arrest
3542,2085,4765,2024-05-04,Arrest
3543,2361,6156,2024-08-31,Arrest
3544,608,2806,2024-11-18,Arrest
3545,2950,1261,2023-01-22,Arrest
3546,3921,1667,2024-06-19,Arrest
3547,3128,4722,2024-05-04,Arrest
3548,690,3916,2023-01-26,Arrest
3549,1004,4694,2022-10-16,Surrender
3550,4633,4902,2025-05-29,Arrest
3551,2539,4057,2023-10-09,Surrender
3552,3499,2168,2024-10-16,Arrest
3553,4656,1446,2025-09-04,Arrest
3554,2186,3848,2025-05-13,Surrender
3555,3067,2534,2024-01-03,Arrest
3556,2216,7304,2023-05-08,Arrest
3557,1142,1696,2023-02-20,Surrender
3558,1174,2893,2023-05-07,Arrest
3559,3769,1096,2023-08-22,Surrender
3560,1364,6936,2024-09-22,Arrest
3561,2696,6750,2023-02-16,Arrest
3562,4358,3204,2023-07-14,Surrender
3563,2069,4507,2025-07-16,Surrender
3564,1807,1631,2025-07-20,Surrender
3565,711,5650,2026-03-30,Surrender
3566,577,1882,2025-05-13,Surrender
3567,1915,4959,2025-07-05,Surrender
3568,2826,6192,2023-10-02,Arrest
3569,4918,1613,2022-05-21,Arrest
3570,4082,979,2026-04-02,Surrender
3571,3710,1414,2022-08-27,Arrest
3572,2713,6562,2024-12-06,Arrest
3573,1611,4240,2022-08-25,Arrest
3574,3265,849,2023-01-07,Arrest
3575,3026,6917,2023-09-01,Arrest
3576,1298,4696,2026-06-30,Surrender
3577,4868,6448,2023-01-02,Surrender
3578,277,2878,2022-06-26,Surrender
3579,2974,2272,2025-01-25,Arrest
3580,1166,2393,2022-11-13,Surrender
3581,4606,8722,2024-05-06,Arrest
3582,4213,1831,2025-07-02,Arrest
3583,253,3626,2023-07-25,Arrest
3584,495,8635,2023-10-23,Surrender
3585,1185,4190,2025-06-19,Arrest
3586,1750,48,2022-10-19,Arrest
3587,3894,4848,2024-08-18,Arrest
3588,3724,5020,2024-08-31,Arrest
3589,3985,1351,2025-11-03,Arrest
3590,4084,8394,2026-05-17,Arrest
3591,1217,6489,2022-03-21,Arrest
3592,3934,4526,2025-05-12,Arrest
3593,2116,4691,2026-01-09,Arrest
3594,177,447,2025-09-22,Arrest
3595,4302,2249,2022-03-22,Arrest
3596,1758,1744,2025-05-19,Arrest
3597,3612,845,2022-09-04,Arrest
3598,4008,5319,2023-10-21,Surrender
3599,311,7293,2022-06-13,Arrest
3600,1296,3290,2023-11-07,Arrest
3601,2168,6744,2023-12-27,Surrender
3602,1209,40,2025-06-09,Arrest
3603,4374,2441,2026-02-24,Arrest
3604,1817,3104,2023-06-10,Surrender
3605,693,6837,2022-07-13,Surrender
3606,4023,8084,2023-03-19,Arrest
3607,1183,679,2023-04-25,Arrest
3608,3017,4289,2023-07-27,Surrender
3609,1768,7927,2023-02-18,Surrender
3610,4190,5187,2024-08-08,Arrest
3611,1846,1295,2023-06-25,Arrest
3612,903,3625,2023-01-04,Arrest
3613,4829,4571,2022-03-21,Arrest
3614,166,5221,2023-06-05,Surrender
3615,1033,972,2024-09-21,Arrest
3616,3113,3443,2022-07-05,Arrest
3617,4206,8078,2025-10-07,Arrest
3618,1965,5510,2025-05-29,Arrest
3619,324,1113,2026-06-29,Arrest
3620,379,6022,2025-02-14,Surrender
3621,322,777,2025-01-28,Arrest
3622,1749,8471,2025-09-06,Arrest
3623,3704,2232,2026-03-07,Arrest
3624,3681,2229,2025-07-12,Arrest
3625,1755,2154,2023-06-01,Arrest
3626,3697,6276,2025-12-12,Arrest
3627,1522,4540,2022-04-12,Surrender
3628,51,7161,2022-09-27,Arrest
3629,2278,6461,2022-09-07,Arrest
3630,2913,8268,2024-09-05,Arrest
3631,3459,4195,2022-11-29,Surrender
3632,2371,5332,2023-02-09,Surrender
3633,2080,6568,2025-09-18,Arrest
3634,853,1367,2026-01-11,Arrest
3635,19,1470,2022-03-24,Surrender
3636,2726,1852,2023-04-27,Arrest
3637,3362,3184,2025-05-28,Arrest
3638,1015,1964,2022-11-17,Arrest
3639,1774,8196,2024-02-20,Arrest
3640,3762,7772,2025-10-09,Surrender
3641,4408,5528,2026-06-26,Arrest
3642,2459,3200,2026-06-03,Arrest
3643,1877,5329,2023-11-08,Arrest
3644,1331,1290,2023-03-27,Arrest
3645,4582,486,2026-04-27,Surrender
3646,2683,2240,2022-07-01,Arrest
3647,4549,5015,2024-01-20,Surrender
3648,4203,3262,2024-03-06,Surrender
3649,596,7413,2024-10-29,Arrest
3650,1677,5420,2022-07-17,Arrest
3651,1895,5141,2023-10-25,Arrest
3652,4610,7068,2025-10-31,Arrest
3653,539,8478,2023-07-23,Arrest
3654,1673,31,2026-04-27,Arrest
3655,4706,4634,2024-02-01,Surrender
3656,3641,3543,2025-05-16,Arrest
3657,3604,5367,2023-11-19,Arrest
3658,4218,1880,2025-03-13,Arrest
3659,1476,6686,2022-06-30,Arrest
3660,4866,3892,2022-03-22,Arrest
3661,2552,1984,2023-08-19,Arrest
3662,2408,6952,2023-11-18,Arrest
3663,3810,5818,2025-03-26,Surrender
3664,461,7646,2024-04-29,Arrest
3665,2251,5578,2025-11-26,Arrest
3666,3125,5957,2022-02-15,Surrender
3667,77,6313,2023-10-17,Arrest
3668,4936,1037,2025-04-27,Arrest
3669,3684,637,2022-11-22,Arrest
3670,1741,5851,2022-11-14,Surrender
3671,3508,4111,2024-03-01,Surrender
3672,219,3965,2023-10-10,Arrest
3673,4590,5866,2025-08-23,Surrender
3674,2737,4020,2025-09-24,Arrest
3675,2315,1084,2022-12-14,Surrender
3676,10,2616,2024-04-26,Arrest
3677,704,862,2026-06-30,Arrest
3678,1728,4693,2024-10-23,Arrest
3679,4690,904,2023-07-20,Surrender
3680,3279,192,2026-02-26,Arrest
3681,2601,110,2022-04-05,Surrender
3682,2784,8542,2026-06-30,Arrest
3683,4560,6319,2025-07-14,Arrest
3684,2882,1943,2023-09-06,Arrest
3685,1369,3945,2024-06-25,Arrest
3686,3235,7730,2023-03-17,Arrest
3687,3190,3786,2022-10-26,Arrest
3688,4926,6769,2025-01-02,Arrest
3689,2635,1832,2022-04-24,Arrest
3690,4117,6565,2023-03-01,Arrest
3691,1837,5201,2023-07-13,Surrender
3692,272,4576,2025-01-24,Surrender
3693,2510,783,2026-06-30,Arrest
3694,185,564,2022-09-28,Arrest
3695,2541,8448,2022-08-29,Arrest
3696,3589,5648,2023-08-29,Arrest
3697,99,2776,2024-05-22,Arrest
3698,2410,3430,2023-12-03,Arrest
3699,3012,4394,2025-11-10,Surrender
3700,1643,4120,2025-07-08,Arrest
3701,800,6875,2022-09-11,Arrest
3702,2730,1826,2026-04-22,Arrest
3703,4045,2618,2023-01-09,Arrest
3704,2503,6361,2024-02-09,Arrest
3705,3769,1095,2023-08-26,Arrest
3706,4798,6476,2026-03-01,Arrest
3707,2803,3170,2026-03-04,Arrest
3708,1099,5577,2022-02-23,Arrest
3709,674,4274,2026-06-30,Arrest
3710,116,5612,2026-04-20,Arrest
3711,3737,4242,2022-06-06,Surrender
3712,2365,5194,2026-03-24,Arrest
3713,2634,5966,2023-03-06,Arrest
3714,2993,6728,2022-12-25,Arrest
3715,2984,3772,2022-01-08,Surrender
3716,2004,5242,2023-06-17,Surrender
3717,2114,1655,2023-08-06,Arrest
3718,3607,7538,2023-01-18,Surrender
3719,2314,8327,2025-05-15,Arrest
3720,3634,2324,2025-09-09,Arrest
3721,562,2414,2022-05-23,Arrest
3722,248,7059,2024-06-02,Arrest
3723,573,2655,2023-05-16,Arrest
3724,851,4829,2025-02-08,Surrender
3725,371,3933,2024-12-16,Arrest
3726,4838,7136,2023-05-16,Arrest
3727,462,2679,2022-05-01,Arrest
3728,1004,4695,2022-09-19,Arrest
3729,4044,8389,2025-08-12,Arrest
3730,1486,6005,2024-09-15,Arrest
3731,4807,8247,2024-11-08,Arrest
3732,2451,6442,2023-06-12,Arrest
3733,2092,8106,2025-07-01,Surrender
3734,3510,179,2025-06-17,Arrest
3735,1714,5673,2024-03-27,Arrest
3736,4063,7926,2022-08-21,Surrender
3737,1111,1535,2023-01-07,Arrest
3738,4713,8445,2024-11-27,Arrest
3739,3298,4249,2024-11-15,Arrest
3740,4593,3287,2023-03-24,Surrender
3741,1322,1205,2023-11-27,Arrest
3742,604,2203,2022-06-13,Surrender
3743,2902,4635,2025-04-30,Arrest
3744,3345,7476,2026-05-29,Surrender
3745,2362,7105,2025-10-14,Surrender
3746,2394,4025,2025-09-01,Arrest
3747,3969,4754,2022-10-23,Arrest
3748,4154,976,2024-06-26,Arrest
3749,1791,4412,2025-03-07,Arrest
3750,564,1771,2023-10-23,Arrest
3751,627,830,2022-02-20,Arrest
3752,3767,942,2026-05-30,Surrender
3753,2714,6282,2026-01-25,Arrest
3754,952,2487,2025-04-27,Arrest
3755,2585,628,2024-02-04,Arrest
3756,500,6799,2023-03-15,Arrest
3757,1009,5428,2025-11-05,Arrest
3758,4961,926,2022-08-10,Arrest
3759,2840,3034,2024-05-15,Arrest
3760,3396,296,2026-04-20,Arrest
3761,4093,1053,2025-12-13,Arrest
3762,2844,7432,2022-11-28,Arrest
3763,2156,2708,2023-09-27,Arrest
3764,470,3222,2025-02-03,Arrest
3765,4943,8528,2022-11-27,Arrest
3766,2870,8221,2025-10-04,Arrest
3767,1100,5027,2024-06-07,Arrest
3768,1594,6860,2025-07-28,Arrest
3769,1554,3510,2024-03-02,Arrest
3770,2984,3774,2022-03-20,Arrest
3771,4125,2790,2025-06-16,Arrest
3772,808,945,2022-10-19,Arrest
3773,2295,7352,2025-10-07,Arrest
3774,3538,7639,2025-07-06,Arrest
3775,756,7764,2025-05-30,Arrest
3776,2478,13,2025-08-01,Arrest
3777,3742,1118,2024-01-23,Arrest
3778,1986,6716,2025-04-16,Arrest
3779,4127,3256,2026-02-02,Arrest
3780,55,4787,2026-02-08,Arrest
3781,2002,2691,2025-02-06,Arrest
3782,2629,2214,2023-05-14,Arrest
3783,2123,3996,2023-09-02,Arrest
3784,515,6130,2022-11-14,Arrest
3785,4242,5157,2025-08-18,Arrest
3786,2177,1320,2023-12-20,Arrest
3787,4556,780,2026-02-27,Arrest
3788,2558,8617,2025-07-10,Arrest
3789,1061,8318,2026-03-17,Arrest
3790,886,3131,2024-02-03,Arrest
3791,4001,4410,2025-05-13,Arrest
3792,566,4515,2023-06-29,Arrest
3793,2546,434,2023-12-11,Surrender
3794,1378,3476,2023-07-25,Arrest
3795,4692,3506,2026-06-30,Arrest
3796,1682,654,2026-06-23,Arrest
3797,190,2478,2025-04-07,Surrender
3798,1789,93,2023-07-20,Arrest
3799,2479,6765,2023-07-30,Arrest
3800,1398,7921,2026-03-03,Arrest
3801,3404,5560,2025-08-20,Arrest
3802,2617,8151,2025-08-04,Arrest
3803,4635,4030,2024-09-26,Arrest
3804,1900,8601,2023-02-22,Surrender
3805,2670,7178,2026-03-04,Arrest
3806,3869,8701,2026-05-24,Surrender
3807,2425,2887,2024-05-03,Arrest
3808,4921,3136,2024-11-26,Surrender
3809,2844,7431,2022-12-03,Arrest
3810,2929,1875,2024-08-17,Arrest
3811,760,6719,2023-01-13,Arrest
3812,690,3917,2023-03-04,Surrender
3813,3636,8109,2023-04-25,Arrest
3814,890,6415,2025-11-16,Arrest
3815,3196,2905,2025-05-25,Arrest
3816,4250,3583,2025-05-17,Arrest
3817,3068,571,2024-10-13,Arrest
3818,4929,1449,2023-07-24,Surrender
3819,4176,4520,2022-03-23,Arrest
3820,1820,4739,2023-12-25,Arrest
3821,2375,4826,2025-02-22,Surrender
3822,2066,6501,2026-04-24,Arrest
3823,2874,8229,2025-04-04,Arrest
3824,4678,2519,2026-06-30,Arrest
3825,1012,8173,2025-08-04,Arrest
3826,1878,1746,2026-06-30,Arrest
3827,242,2742,2022-08-16,Surrender
3828,966,1591,2022-04-25,Surrender
3829,1709,3227,2025-07-08,Arrest
3830,3276,8495,2023-03-30,Arrest
3831,442,2237,2026-06-30,Arrest
3832,3273,288,2024-11-11,Arrest
3833,4108,1739,2023-10-26,Arrest
3834,3378,8639,2025-03-20,Arrest
3835,4941,8133,2024-06-26,Surrender
3836,1636,3750,2025-10-23,Arrest
3837,4144,3540,2024-05-22,Surrender
3838,4813,4310,2025-05-11,Arrest
3839,570,5724,2026-02-16,Arrest
3840,1899,5505,2026-06-30,Surrender
3841,1902,1924,2025-02-09,Arrest
3842,1740,5731,2026-01-21,Arrest
3843,605,2828,2025-02-16,Arrest
3844,1605,1685,2024-11-08,Arrest
3845,1973,5115,2026-06-15,Surrender
3846,3546,6340,2023-08-23,Arrest
3847,530,1339,2022-03-02,Surrender
3848,754,3263,2023-12-09,Arrest
3849,129,3781,2025-10-28,Arrest
3850,958,4853,2025-08-14,Arrest
3851,1113,2743,2022-05-01,Arrest
3852,1332,994,2025-01-27,Arrest
3853,3530,7553,2025-02-26,Surrender
3854,2261,651,2025-12-06,Surrender
3855,974,5154,2022-11-06,Arrest
3856,4535,2903,2023-03-22,Arrest
3857,4754,2259,2023-08-04,Arrest
3858,1658,5008,2023-11-18,Arrest
3859,4590,5867,2025-07-31,Surrender
3860,3319,6143,2025-04-09,Arrest
3861,4264,2987,2024-02-13,Arrest
3862,4010,5599,2024-01-24,Arrest
3863,317,2122,2024-06-27,Arrest
3864,1199,7131,2022-04-14,Arrest
3865,1794,7583,2023-10-15,Arrest
3866,3281,4170,2025-11-10,Arrest
3867,3893,6057,2023-03-07,Surrender
3868,2924,1565,2024-04-08,Surrender
3869,339,7037,2024-03-23,Arrest
3870,3295,8117,2022-02-05,Arrest
3871,2527,2585,2025-01-11,Arrest
3872,115,7210,2024-08-23,Arrest
3873,2817,2186,2025-06-05,Arrest
3874,163,3197,2026-06-30,Arrest
3875,3803,709,2024-09-25,Arrest
3876,3365,1232,2024-09-07,Surrender
3877,3208,5816,2025-04-13,Arrest
3878,4809,4068,2025-02-20,Arrest
3879,1917,4054,2024-09-21,Arrest
3880,1380,1259,2024-03-25,Arrest
3881,3074,7686,2023-03-19,Arrest
3882,3180,2255,2026-05-16,Surrender
3883,2029,8285,2025-12-12,Arrest
3884,587,1952,2024-11-13,Surrender
3885,142,6661,2023-12-10,Arrest
3886,4867,992,2024-03-06,Arrest
3887,4692,3505,2026-05-09,Arrest
3888,335,114,2023-05-07,Arrest
3889,727,7811,2025-05-31,Arrest
3890,2555,2510,2023-06-02,Arrest
3891,2396,8190,2023-02-28,Arrest
3892,4816,6755,2024-09-20,Arrest
3893,4431,5274,2024-04-17,Arrest
3894,3814,3906,2022-08-25,Arrest
3895,1300,2549,2024-03-28,Arrest
3896,3123,7457,2022-11-04,Surrender
3897,2898,508,2022-05-16,Arrest
3898,4639,5051,2023-10-30,Arrest
3899,3832,7919,2025-09-27,Arrest
3900,2348,950,2024-05-27,Arrest
3901,1144,6446,2024-11-02,Surrender
3902,1235,4344,2025-02-28,Arrest
3903,2984,3771,2022-02-06,Surrender
3904,3112,6863,2023-09-16,Arrest
3905,3315,4903,2026-02-08,Arrest
3906,2841,2851,2024-09-10,Surrender
3907,3605,5397,2023-12-27,Arrest
3908,2820,4914,2024-10-02,Surrender
3909,1352,2301,2022-04-13,Surrender
3910,2792,4052,2022-11-08,Arrest
3911,3216,6825,2024-03-16,Surrender
3912,1158,351,2023-05-01,Surrender
3913,491,5457,2024-06-05,Arrest
3914,3196,2907,2025-05-20,Arrest
3915,4600,5010,2025-03-03,Arrest
3916,3023,5165,2023-08-21,Surrender
3917,341,2506,2026-05-28,Arrest
3918,2398,2621,2024-12-22,Arrest
3919,194,4994,2022-09-07,Arrest
3920,983,1115,2025-06-07,Arrest
3921,4649,2847,2023-07-29,Arrest
3922,611,8302,2024-09-25,Arrest
3923,734,299,2023-03-14,Arrest
3924,3377,1676,2024-04-12,Arrest
3925,657,3348,2024-12-27,Surrender
3926,2163,7307,2024-02-06,Arrest
3927,3689,2736,2024-04-23,Arrest
3928,1597,5904,2025-02-02,Arrest
3929,4996,5919,2023-10-25,Arrest
3930,261,7026,2024-11-17,Surrender
3931,3591,8684,2022-12-20,Arrest
3932,837,6588,2023-06-13,Arrest
3933,3606,7447,2026-06-30,Arrest
3934,2073,6932,2026-06-30,Arrest
3935,588,1938,2022-07-17,Arrest
3936,1662,230,2023-09-28,Arrest
3937,4988,77,2026-01-16,Arrest
3938,4141,104,2022-05-08,Surrender
3939,4540,6408,2024-02-19,Arrest
3940,2285,3839,2024-04-07,Surrender
3941,3525,3816,2025-02-19,Arrest
3942,2976,4086,2026-04-18,Arrest
3943,2979,1723,2025-04-25,Arrest
3944,4630,5941,2025-03-08,Arrest
3945,1508,2104,2024-11-07,Arrest
3946,4653,8243,2025-03-08,Arrest
3947,4444,7629,2026-02-10,Arrest
3948,3950,5131,2026-06-14,Arrest
3949,771,5634,2026-01-15,Arrest
3950,2337,1838,2022-04-26,Arrest
3951,1208,8218,2026-04-12,Arrest
3952,465,6398,2024-01-21,Arrest
3953,1648,6174,2023-07-08,Arrest
3954,2010,1615,2026-02-02,Arrest
3955,1716,3747,2024-07-03,Arrest
3956,2869,608,2022-12-06,Arrest
3957,3712,8099,2024-03-26,Arrest
3958,977,5441,2025-12-28,Arrest
3959,3769,1094,2023-08-09,Arrest
3960,758,4867,2024-08-21,Surrender
3961,4181,2623,2026-04-16,Surrender
3962,1672,4809,2023-02-21,Arrest
3963,871,7462,2025-10-25,Arrest
3964,3529,8638,2023-02-01,Arrest
3965,2275,6464,2025-07-28,Arrest
3966,4288,161,2026-03-26,Arrest
3967,4839,204,2023-08-05,Arrest
3968,688,2388,2022-02-26,Arrest
3969,72,5341,2024-03-01,Arrest
3970,494,4464,2026-02-21,Surrender
3971,4002,5308,2022-07-22,Surrender
3972,1076,838,2026-06-19,Arrest
3973,1656,2935,2023-05-27,Arrest
3974,3528,6014,2024-09-06,Arrest
3975,797,5024,2024-08-28,Arrest
3976,925,2436,2022-05-27,Arrest
3977,3365,1231,2024-09-05,Arrest
3978,391,7001,2023-06-01,Arrest
3979,438,7936,2023-03-03,Arrest
3980,1651,6227,2023-09-18,Arrest
3981,3653,1610,2022-11-26,Surrender
3982,4652,3862,2026-01-23,Surrender
3983,1286,8414,2023-02-13,Arrest
3984,3478,6747,2026-06-30,Arrest
3985,1165,5805,2023-01-31,Surrender
3986,1652,3853,2022-07-08,Surrender
3987,82,3694,2024-10-11,Arrest
3988,3000,5217,2026-06-22,Surrender
3989,1955,4865,2023-02-19,Arrest
3990,2098,8149,2023-12-21,Arrest
3991,1073,4938,2024-04-14,Arrest
3992,3335,2733,2022-03-23,Arrest
3993,4468,8048,2023-07-19,Arrest
3994,2735,1153,2024-05-19,Surrender
3995,4464,7076,2023-08-25,Arrest
3996,4508,7452,2025-06-26,Arrest
3997,4449,6127,2023-05-28,Arrest
3998,3762,7771,2025-10-13,Arrest
3999,3212,4162,2023-04-05,Arrest
4000,1337,7370,2023-06-09,Arrest
4001,3225,3878,2022-08-10,Arrest
4002,3479,7032,2023-02-22,Arrest
4003,4806,7908,2022-08-26,Arrest
4004,2623,1393,2025-12-20,Arrest
4005,3035,4702,2025-05-08,Arrest
4006,2597,6691,2022-03-27,Arrest
4007,1918,658,2022-09-18,Arrest
4008,3260,791,2024-02-27,Arrest
4009,2663,4897,2024-08-02,Arrest
4010,2360,5611,2022-02-14,Surrender
4011,2222,7592,2025-03-08,Arrest
4012,4261,6484,2026-06-30,Surrender
4013,1581,2562,2025-04-22,Arrest
4014,2720,3802,2025-01-27,Surrender
4015,4523,2641,2022-12-01,Arrest
4016,3334,1360,2026-03-05,Arrest
4017,1345,4248,2026-04-04,Arrest
4018,2715,7828,2022-11-18,Surrender
4019,2429,2348,2023-05-04,Surrender
4020,2294,6262,2022-10-10,Arrest
4021,628,6833,2026-02-08,Arrest
4022,4469,2782,2024-01-25,Arrest
4023,1555,4291,2026-02-26,Arrest
4024,4465,6771,2023-07-07,Surrender
4025,1360,8021,2026-04-08,Arrest
4026,2481,3309,2025-12-27,Arrest
4027,2232,6974,2025-01-30,Arrest
4028,4153,8045,2022-06-18,Arrest
4029,3591,8685,2022-12-19,Surrender
4030,1725,616,2023-06-12,Arrest
4031,1157,6595,2023-05-20,Arrest
4032,2698,2576,2023-01-19,Arrest
4033,589,7045,2025-07-25,Arrest
4034,2556,2315,2025-02-10,Arrest
4035,3364,3341,2024-09-10,Arrest
4036,1346,5338,2022-11-10,Arrest
4037,3119,1706,2024-03-26,Arrest
4038,551,6543,2024-08-30,Surrender
4039,4264,2986,2024-02-29,Arrest
4040,2507,7265,2025-08-15,Surrender
4041,2586,7857,2022-05-05,Arrest
4042,1759,1781,2025-08-08,Arrest
4043,1866,8688,2022-03-30,Surrender
4044,2782,5596,2023-05-23,Surrender
4045,2419,804,2024-12-27,Arrest
4046,2316,858,2023-04-08,Arrest
4047,1510,3648,2024-01-10,Arrest
4048,2396,8191,2023-03-31,Arrest
4049,2748,5387,2025-07-01,Arrest
4050,4867,991,2024-05-31,Arrest
4051,199,6209,2023-04-06,Surrender
4052,4528,5647,2023-06-23,Arrest
4053,1690,4873,2025-06-02,Arrest
4054,2405,3514,2026-02-07,Arrest
4055,4717,4158,2026-03-27,Surrender
4056,4266,6518,2022-03-28,Arrest
4057,455,220,2023-02-16,Arrest
4058,2777,7232,2026-01-30,Arrest
4059,1331,1289,2023-05-02,Arrest
4060,697,3164,2026-05-21,Arrest
4061,626,583,2025-12-30,Arrest
4062,3280,2619,2022-06-08,Arrest
4063,3656,3613,2025-12-27,Arrest
4064,1205,44,2024-09-28,Arrest
4065,2443,8522,2022-12-18,Arrest
4066,3807,1235,2022-07-29,Arrest
4067,4173,6503,2023-07-29,Surrender
4068,3672,5521,2022-06-16,Arrest
4069,1379,3793,2024-07-23,Arrest
4070,2094,3572,2023-03-21,Arrest
4071,4257,7709,2023-05-22,Surrender
4072,1926,1504,2025-11-22,Surrender
4073,4047,4217,2024-03-10,Arrest
4074,4917,8573,2024-06-13,Arrest
4075,70,6392,2023-01-10,Arrest
4076,2033,3440,2023-01-25,Arrest
4077,1800,1893,2023-05-15,Arrest
4078,4856,5618,2024-10-26,Arrest
4079,4254,8060,2024-09-26,Arrest
4080,2666,3273,2022-07-07,Arrest
4081,1693,5278,2022-04-18,Arrest
4082,3630,7611,2022-08-14,Arrest
4083,4297,3481,2024-04-07,Arrest
4084,1507,1072,2026-06-30,Arrest
4085,1093,719,2023-02-08,Surrender
4086,3600,5324,2022-06-10,Surrender
4087,1787,2365,2022-01-31,Arrest
4088,2196,1506,2023-10-27,Surrender
4089,163,3196,2026-06-30,Arrest
4090,2660,671,2025-06-02,Arrest
4091,1137,5313,2022-06-15,Arrest
4092,4111,2953,2023-07-03,Arrest
4093,2071,6559,2026-01-27,Arrest
4094,3841,7365,2023-05-10,Arrest
4095,2886,6908,2024-11-30,Arrest
4096,1162,898,2022-05-19,Surrender
4097,4958,8468,2024-10-19,Arrest
4098,1492,2667,2025-04-02,Arrest
4099,3798,3194,2024-02-13,Arrest
4100,451,2891,2022-07-17,Arrest
4101,3492,7700,2023-08-26,Arrest
4102,3219,4514,2024-02-26,Arrest
4103,4171,7030,2023-11-30,Arrest
4104,1103,2371,2024-07-10,Arrest
4105,2232,6973,2025-01-05,Arrest
4106,4474,1770,2025-12-04,Surrender
4107,434,6703,2023-06-03,Arrest
4108,1315,532,2022-06-29,Arrest
4109,1572,6614,2025-09-29,Arrest
4110,3436,8030,2023-09-26,Surrender
4111,976,7497,2024-12-18,Arrest
4112,3662,7549,2024-01-13,Surrender
4113,266,732,2023-04-16,Arrest
4114,4891,3407,2024-08-10,Arrest
4115,3075,2340,2024-08-27,Arrest
4116,2797,4523,2024-01-09,Arrest
4117,4379,4424,2026-02-27,Arrest
4118,2101,2566,2024-06-22,Arrest
4119,3046,5849,2022-04-10,Arrest
4120,2887,8405,2023-05-17,Arrest
4121,4617,5097,2022-12-05,Arrest
4122,4002,5309,2022-07-24,Arrest
4123,4717,4160,2026-04-15,Arrest
4124,4228,4735,2025-10-29,Arrest
4125,3062,7477,2024-02-09,Surrender
4126,3793,1256,2022-10-03,Surrender
4127,1508,2105,2024-10-10,Arrest
4128,696,6293,2023-06-13,Surrender
4129,2279,4724,2024-07-15,Surrender
4130,3840,5193,2025-01-24,Arrest
4131,1517,5988,2022-12-10,Surrender
4132,502,3485,2023-05-05,Arrest
4133,3471,8269,2023-04-26,Arrest
4134,3089,3817,2026-05-13,Arrest
4135,2863,7181,2022-05-03,Arrest
4136,7,6625,2024-06-23,Arrest
4137,4793,5935,2023-01-01,Arrest
4138,3637,8126,2026-06-06,Arrest
4139,1909,1622,2026-06-27,Surrender
4140,2173,8210,2023-12-16,Surrender
4141,1864,4790,2025-04-04,Arrest
4142,822,6065,2024-12-15,Arrest
4143,3808,7979,2023-04-22,Arrest
4144,1524,1097,2024-09-29,Arrest
4145,2260,7448,2023-02-25,Surrender
4146,2329,8258,2023-11-23,Surrender
4147,4685,2464,2026-02-15,Arrest
4148,2288,8349,2025-12-14,Surrender
4149,3252,1789,2026-06-24,Surrender
4150,1476,6687,2022-06-26,Arrest
4151,1024,4699,2023-11-22,Arrest
4152,3197,4710,2025-04-26,Arrest
4153,3279,193,2026-02-03,Arrest
4154,838,821,2024-06-30,Arrest
4155,2678,4334,2022-07-14,Arrest
4156,1862,8343,2025-11-14,Arrest
4157,1552,2688,2024-07-17,Arrest
4158,1795,4435,2022-02-17,Arrest
4159,2458,5939,2025-08-28,Arrest
4160,3763,2608,2022-07-07,Surrender
4161,2707,5643,2022-03-30,Surrender
4162,540,239,2025-04-07,Arrest
4163,2401,4016,2025-06-12,Arrest
4164,1596,2978,2025-02-07,Arrest
4165,4780,4332,2024-11-08,Arrest
4166,808,946,2022-10-13,Arrest
4167,1045,4871,2023-01-12,Arrest
4168,3208,5815,2025-05-07,Arrest
4169,2618,5837,2026-06-30,Arrest
4170,2619,7199,2023-11-16,Arrest
4171,1796,3553,2023-05-18,Arrest
4172,1219,7589,2024-08-18,Arrest
4173,3300,3361,2026-03-29,Arrest
4174,1070,8516,2026-06-30,Arrest
4175,630,2411,2024-08-15,Arrest
4176,7,6624,2024-06-27,Arrest
4177,1169,3983,2025-10-05,Surrender
4178,1766,147,2026-03-03,Arrest
4179,4970,5045,2025-11-02,Arrest
4180,4877,2295,2024-04-10,Arrest
4181,1241,7520,2024-11-05,Arrest
4182,4521,3612,2025-06-21,Arrest
4183,2706,1737,2023-09-29,Surrender
4184,4845,5799,2022-10-03,Arrest
4185,1108,115,2023-04-17,Arrest
4186,206,8124,2025-04-03,Surrender
4187,1867,8341,2024-06-12,Arrest
4188,4660,499,2024-11-24,Surrender
4189,3858,721,2026-06-30,Arrest
4190,3873,3090,2025-03-28,Arrest
4191,4946,5475,2022-11-18,Surrender
4192,298,8583,2023-07-09,Arrest
4193,3627,597,2025-01-22,Arrest
4194,1670,7672,2024-03-31,Arrest
4195,4561,4624,2025-10-07,Arrest
4196,2885,1648,2026-05-03,Arrest
4197,377,6373,2022-11-11,Surrender
4198,2509,2701,2023-05-17,Arrest
4199,765,5615,2023-05-29,Arrest
4200,2565,1701,2024-02-27,Arrest
4201,3104,8225,2023-02-28,Arrest
4202,636,5472,2024-01-30,Arrest
4203,4107,5258,2023-04-30,Arrest
4204,2229,2943,2023-04-18,Arrest
4205,1462,6428,2025-06-12,Arrest
4206,816,87,2024-09-04,Arrest
4207,1429,2309,2026-06-07,Arrest
4208,2858,2678,2023-03-18,Arrest
4209,1651,6228,2023-10-06,Surrender
4210,1893,8363,2026-02-03,Arrest
4211,2368,2595,2024-12-24,Arrest
4212,709,4455,2024-12-13,Arrest
4213,3434,1030,2022-02-19,Arrest
4214,370,137,2026-06-30,Arrest
4215,2242,5186,2022-11-29,Arrest
4216,4115,7545,2025-04-12,Arrest
4217,3879,7270,2024-04-18,Arrest
4218,3595,1201,2022-02-12,Arrest
4219,1424,8292,2026-05-17,Arrest
4220,4547,5002,2026-06-30,Arrest
4221,708,567,2023-01-21,Arrest
4222,2274,5504,2024-09-25,Surrender
4223,3018,3928,2023-10-03,Arrest
4224,2705,4592,2025-12-24,Arrest
4225,1434,5745,2024-09-14,Arrest
4226,3721,4297,2022-04-07,Surrender
4227,2082,4985,2026-03-09,Arrest
4228,1547,4951,2022-09-18,Arrest
4229,175,6316,2023-04-14,Arrest
4230,2220,2331,2022-04-30,Arrest
4231,3809,3516,2026-06-30,Arrest
4232,4289,2188,2023-12-24,Surrender
4233,2988,196,2025-08-15,Arrest
4234,3565,4300,2022-08-12,Surrender
4235,2901,803,2023-03-31,Arrest
4236,596,7411,2024-10-11,Arrest
4237,1747,7996,2025-04-03,Arrest
4238,2832,2069,2022-04-25,Arrest
4239,3498,4380,2023-07-17,Arrest
4240,1497,7114,2024-03-04,Arrest
4241,920,645,2026-03-22,Arrest
4242,4536,8144,2023-06-29,Arrest
4243,31,6418,2022-10-30,Arrest
4244,1413,121,2025-12-07,Arrest
4245,2967,2982,2024-01-01,Surrender
4246,4853,3075,2023-05-02,Surrender
4247,3464,7398,2022-06-07,Arrest
4248,1259,8039,2026-06-30,Arrest
4249,1871,2136,2023-09-11,Arrest
4250,3035,4701,2025-05-03,Arrest
4251,240,135,2022-08-19,Surrender
4252,1575,8402,2024-11-20,Arrest
4253,286,2560,2024-12-07,Arrest
4254,4935,63,2023-02-24,Arrest
4255,810,8012,2026-06-30,Surrender
4256,4815,5269,2025-02-17,Surrender
4257,1058,2468,2025-06-18,Surrender
4258,1161,680,2025-05-29,Arrest
4259,3425,5158,2026-04-03,Arrest
4260,1104,742,2023-02-08,Arrest
4261,3416,3642,2024-04-23,Arrest
4262,175,6315,2023-04-04,Surrender
4263,1488,6148,2024-04-20,Arrest
4264,2203,3259,2025-02-27,Arrest
4265,940,1874,2024-02-02,Arrest
4266,4100,2597,2022-11-14,Arrest
4267,4623,1718,2026-03-12,Arrest
4268,998,7635,2023-08-27,Surrender
4269,4779,2844,2022-09-15,Arrest
4270,4105,8646,2026-03-30,Arrest
4271,2211,6928,2024-07-22,Arrest
4272,2696,6753,2023-02-24,Arrest
4273,1832,490,2022-02-16,Arrest
4274,1683,494,2022-06-25,Arrest
4275,2515,691,2023-02-15,Arrest
4276,2839,3822,2023-07-16,Arrest
4277,4168,603,2026-01-22,Surrender
4278,2250,1912,2026-02-01,Surrender
4279,896,6356,2023-03-28,Arrest
4280,4852,8035,2023-11-29,Arrest
4281,3411,6546,2025-05-10,Arrest
4282,1930,4369,2023-04-28,Arrest
4283,4432,3758,2024-11-11,Arrest
4284,1311,2367,2025-11-06,Surrender
4285,323,5226,2024-03-03,Arrest
4286,2619,7200,2023-11-12,Surrender
4287,3334,1362,2026-03-07,Arrest
4288,4699,4535,2024-10-24,Arrest
4289,1991,1527,2023-10-18,Arrest
4290,4299,8660,2024-12-16,Arrest
4291,3371,6627,2024-11-27,Arrest
4292,3167,1552,2025-12-01,Arrest
4293,3373,8500,2024-04-03,Arrest
4294,3776,1338,2023-06-28,Arrest
4295,4222,3902,2023-03-29,Arrest
4296,4702,3011,2022-07-12,Arrest
4297,438,7937,2023-03-03,Arrest
4298,4302,2251,2022-02-27,Arrest
4299,2429,2347,2023-04-22,Arrest
4300,1747,7994,2025-05-24,Arrest
4301,2614,2785,2026-05-18,Arrest
4302,1711,5068,2023-02-15,Arrest
4303,3702,151,2023-08-04,Arrest
4304,304,2805,2023-03-25,Surrender
4305,3917,4631,2025-03-23,Arrest
4306,457,2087,2026-05-22,Surrender
4307,1454,3752,2024-09-14,Arrest
4308,3215,2260,2024-04-19,Arrest
4309,2369,4018,2022-05-28,Arrest
4310,2300,4639,2023-10-25,Arrest
4311,3151,4594,2025-05-24,Arrest
4312,2362,7104,2025-12-13,Surrender
4313,2708,6072,2024-09-09,Arrest
4314,4265,3857,2023-05-22,Surrender
4315,2412,860,2024-06-11,Arrest
4316,2945,5747,2025-12-23,Surrender
4317,614,6115,2026-01-15,Arrest
4318,1873,8231,2026-05-11,Surrender
4319,2815,6804,2023-02-03,Arrest
4320,650,6851,2023-10-09,Arrest
4321,3715,6471,2024-09-16,Arrest
4322,1759,1780,2025-06-21,Arrest
4323,1631,4442,2024-05-27,Arrest
4324,362,4815,2025-11-24,Arrest
4325,1175,1819,2025-02-24,Arrest
4326,1921,6480,2023-04-18,Arrest
4327,4399,2705,2026-03-18,Arrest
4328,4643,176,2024-04-24,Arrest
4329,1503,2094,2023-05-22,Arrest
4330,3073,6700,2022-10-03,Arrest
4331,1735,3492,2025-06-12,Surrender
4332,843,7381,2023-01-13,Arrest
4333,2589,83,2024-01-23,Arrest
4334,1822,817,2024-03-23,Surrender
4335,3094,5563,2023-01-18,Surrender
4336,2558,8616,2025-08-05,Arrest
4337,547,284,2025-07-16,Arrest
4338,4545,7237,2026-03-03,Arrest
4339,2727,6147,2026-06-13,Arrest
4340,2837,7303,2023-08-17,Arrest
4341,518,2916,2022-08-01,Arrest
4342,2402,1814,2024-11-12,Surrender
4343,1238,1272,2025-12-05,Arrest
4344,3254,4488,2023-08-31,Arrest
4345,1893,8361,2026-01-12,Surrender
4346,3198,8658,2022-09-12,Arrest
4347,866,5564,2023-06-21,Surrender
4348,4523,2643,2022-11-04,Surrender
4349,3594,5770,2023-10-15,Arrest
4350,3447,2306,2024-01-08,Arrest
4351,350,4928,2026-04-23,Surrender
4352,3459,4196,2023-01-06,Arrest
4353,3938,4169,2023-12-22,Arrest
4354,1665,3850,2023-07-19,Arrest
4355,2338,8588,2023-08-17,Arrest
4356,4266,6519,2022-01-26,Arrest
4357,661,5965,2025-02-07,Arrest
4358,562,2415,2022-04-30,Arrest
4359,4767,3555,2022-03-14,Arrest
4360,2438,2196,2023-08-16,Arrest
4361,357,2601,2024-08-08,Surrender
4362,4363,6465,2025-09-01,Arrest
4363,3008,4315,2025-12-20,Arrest
4364,2086,3367,2024-02-15,Arrest
4365,3861,4598,2025-07-13,Arrest
4366,194,4993,2022-09-22,Arrest
4367,3640,2634,2023-07-17,Arrest
4368,2807,6190,2024-04-07,Arrest
4369,925,2435,2022-06-23,Arrest
4370,864,7787,2024-07-14,Surrender
4371,2140,5937,2023-08-14,Arrest
4372,4996,5917,2023-10-21,Surrender
4373,3261,3546,2026-03-28,Arrest
4374,2797,4521,2024-01-03,Arrest
4375,4715,7213,2025-01-13,Surrender
4376,2814,518,2022-04-14,Arrest
4377,1772,6774,2023-04-21,Arrest
4378,1088,5211,2022-09-25,Arrest
4379,4636,1416,2025-06-19,Arrest
4380,2295,7353,2025-09-22,Arrest
4381,2723,128,2026-02-16,Arrest
4382,3709,3475,2024-05-12,Surrender
4383,1545,6026,2025-06-09,Arrest
4384,861,4311,2024-08-11,Surrender
4385,4374,2439,2026-01-26,Surrender
4386,3342,3766,2026-04-03,Arrest
4387,477,6347,2022-08-23,Arrest
4388,4342,7192,2026-03-21,Arrest
4389,2579,8518,2025-01-03,Arrest
4390,885,1474,2023-03-21,Surrender
4391,4073,5248,2023-11-18,Arrest
4392,3504,3561,2024-07-25,Arrest
4393,4248,3952,2022-05-11,Arrest
4394,3366,50,2023-08-28,Surrender
4395,1994,6867,2025-05-22,Surrender
4396,4439,888,2024-03-04,Arrest
4397,3965,2617,2025-02-14,Arrest
4398,4076,517,2026-05-02,Arrest
4399,2803,3169,2026-01-16,Arrest
4400,3777,2950,2022-08-20,Arrest
4401,580,1425,2025-10-01,Surrender
4402,2444,140,2024-06-24,Surrender
4403,2764,1925,2023-04-21,Arrest
4404,3651,2379,2022-12-08,Arrest
4405,163,3198,2026-06-30,Surrender
4406,2601,113,2022-03-08,Arrest
4407,3303,3251,2022-10-17,Arrest
4408,3208,5814,2025-06-26,Arrest
4409,3741,8332,2025-07-01,Arrest
4410,2573,5756,2024-01-07,Arrest
4411,4611,3278,2024-07-18,Surrender
4412,2133,8381,2024-10-17,Arrest
4413,4464,7075,2023-07-28,Arrest
4414,532,7430,2025-10-20,Arrest
4415,1769,4669,2024-03-13,Arrest
4416,1571,6841,2024-02-10,Arrest
4417,2923,7955,2025-04-05,Arrest
4418,1660,3223,2022-04-09,Surrender
4419,4742,6221,2022-10-25,Arrest
4420,1399,452,2026-01-10,Arrest
4421,3557,3732,2025-09-22,Surrender
4422,3541,7442,2024-03-23,Arrest
4423,4715,7212,2025-04-01,Arrest
4424,4933,2764,2025-05-24,Arrest
4425,1918,659,2022-09-01,Arrest
4426,3832,7916,2025-11-05,Arrest
4427,3794,1000,2023-01-16,Arrest
4428,3774,390,2022-05-22,Arrest
4429,3581,3408,2024-12-23,Surrender
4430,3305,1477,2025-12-22,Arrest
4431,2170,2241,2022-11-22,Surrender
4432,2778,2387,2024-09-10,Arrest
4433,4875,7948,2025-03-06,Arrest
4434,4484,3923,2025-02-27,Surrender
4435,3468,2973,2022-08-18,Arrest
4436,901,3387,2025-12-12,Arrest
4437,1846,1294,2023-07-12,Arrest
4438,3040,8122,2024-09-22,Arrest
4439,1436,2874,2024-09-29,Surrender
4440,3596,4174,2026-06-01,Arrest
4441,1845,2536,2023-05-01,Arrest
4442,3781,7736,2022-02-09,Arrest
4443,203,1908,2025-07-31,Arrest
4444,1301,6366,2026-04-11,Surrender
4445,4097,369,2023-05-23,Arrest
4446,2735,1152,2024-07-06,Arrest
4447,4590,5868,2025-09-09,Arrest
4448,1491,4835,2025-10-10,Arrest
4449,4488,4479,2024-06-18,Arrest
4450,3911,4930,2025-02-27,Surrender
4451,3780,5690,2025-07-19,Arrest
4452,3212,4161,2023-03-13,Arrest
4453,3017,4288,2023-06-23,Arrest
4454,1644,5884,2024-02-05,Surrender
4455,1890,5098,2025-05-02,Arrest
4456,4643,175,2024-02-24,Arrest
4457,212,1904,2025-11-09,Arrest
4458,444,1100,2022-09-12,Arrest
4459,515,6129,2023-02-02,Arrest
4460,2304,3409,2023-09-26,Arrest
4461,625,1539,2023-06-30,Arrest
4462,4217,2293,2023-07-08,Surrender
4463,2328,8017,2024-03-29,Arrest
4464,4579,1364,2024-06-28,Arrest
4465,1170,6996,2024-09-27,Arrest
4466,4274,5174,2026-03-25,Arrest
4467,2427,5354,2023-01-02,Arrest
4468,1161,681,2025-06-15,Arrest
4469,2403,6120,2025-06-17,Arrest
4470,876,3665,2024-01-18,Arrest
4471,1779,1662,2025-08-06,Arrest
4472,4539,509,2024-07-20,Arrest
4473,1220,167,2026-01-23,Arrest
4474,1698,6357,2025-04-07,Arrest
4475,3513,1007,2022-04-22,Surrender
4476,1896,6445,2025-09-07,Arrest
4477,3642,7875,2025-04-23,Arrest
4478,683,3495,2024-06-03,Arrest
4479,477,6348,2022-08-15,Surrender
4480,893,8501,2024-10-27,Arrest
4481,359,2537,2025-03-29,Arrest
4482,975,1105,2022-09-21,Arrest
4483,3106,3876,2022-02-15,Arrest
4484,1082,5688,2026-06-30,Arrest
4485,4884,1753,2023-10-08,Arrest
4486,1519,7750,2023-01-01,Arrest
4487,518,2917,2022-07-24,Arrest
4488,3257,6706,2026-05-02,Arrest
4489,3739,153,2023-04-12,Arrest
4490,3814,3908,2022-10-30,Arrest
4491,3716,7743,2023-05-04,Arrest
4492,289,2553,2023-11-18,Arrest
4493,99,2774,2024-07-17,Arrest
4494,4175,4627,2025-03-11,Arrest
4495,2608,3552,2024-02-18,Arrest
4496,1869,3723,2026-06-30,Surrender
4497,4095,5038,2024-10-18,Arrest
4498,2338,8587,2023-08-17,Arrest
4499,2120,6071,2022-07-21,Arrest
4500,8,8466,2023-12-27,Surrender
4501,4256,1823,2025-04-03,Arrest
4502,3413,4087,2024-08-28,Arrest
4503,2268,5574,2022-09-05,Surrender
4504,4114,7108,2025-04-29,Surrender
4505,1622,6125,2026-05-17,Arrest
4506,2475,5859,2024-04-01,Arrest
4507,3312,310,2024-03-13,Arrest
4508,4241,5875,2026-06-30,Arrest
4509,671,5538,2025-10-04,Arrest
4510,3620,3600,2025-06-29,Arrest
4511,903,3623,2022-11-16,Arrest
4512,3127,6616,2024-10-25,Arrest
4513,2942,3451,2024-07-09,Arrest
4514,167,206,2025-11-05,Arrest
4515,315,1136,2024-02-16,Arrest
4516,1842,2750,2023-05-13,Arrest
4517,3656,3614,2025-12-16,Arrest
4518,3920,306,2023-06-26,Surrender
4519,4348,1850,2023-05-09,Arrest
4520,2149,4889,2024-03-17,Arrest
4521,4091,1989,2025-07-25,Arrest
4522,4907,3241,2022-08-22,Surrender
4523,2868,2799,2024-04-27,Arrest
4524,566,4516,2023-06-04,Arrest
4525,3108,5840,2025-01-06,Surrender
4526,599,3110,2023-12-16,Arrest
4527,4467,4060,2025-11-18,Arrest
4528,1681,1988,2026-01-04,Arrest
4529,199,6211,2023-02-21,Arrest
4530,1984,384,2025-07-28,Arrest
4531,4813,4308,2025-03-22,Arrest
4532,1310,3389,2024-08-03,Arrest
4533,1192,8337,2024-12-06,Arrest
4534,1967,2728,2023-07-26,Arrest
4535,820,4814,2023-04-30,Arrest
4536,2174,4767,2026-06-30,Arrest
4537,3483,7020,2023-06-30,Arrest
4538,3801,5439,2025-05-24,Surrender
4539,1607,3833,2024-12-12,Arrest
4540,545,7054,2026-06-30,Surrender
4541,1551,4277,2025-11-11,Arrest
4542,283,254,2022-09-14,Surrender
4543,1097,8356,2022-07-25,Arrest
4544,848,6182,2026-05-05,Arrest
4545,2353,279,2022-12-22,Arrest
4546,3303,3253,2022-09-26,Arrest
4547,1746,2481,2026-06-30,Arrest
4548,621,290,2023-09-17,Arrest
4549,1291,5737,2025-02-28,Arrest
4550,2568,3076,2022-03-16,Arrest
4551,2403,6121,2025-04-23,Arrest
4552,76,5752,2025-01-14,Surrender
4553,2298,4862,2024-02-18,Arrest
4554,4152,5516,2022-04-13,Arrest
4555,1749,8472,2025-08-02,Arrest
4556,1707,6520,2024-03-08,Arrest
4557,2013,4646,2025-11-19,Arrest
4558,2768,6969,2026-06-30,Arrest
4559,1155,271,2022-09-28,Surrender
4560,88,5953,2026-01-12,Arrest
4561,2878,6049,2022-09-05,Arrest
4562,1772,6773,2023-03-15,Arrest
4563,1722,7160,2024-05-05,Arrest
4564,3768,4208,2024-01-27,Arrest
4565,2104,3219,2022-03-24,Arrest
4566,3690,1392,2025-03-07,Arrest
4567,3427,3976,2022-09-05,Arrest
4568,3564,4317,2024-04-06,Surrender
4569,938,5083,2023-10-05,Arrest
4570,3404,5559,2025-07-01,Arrest
4571,1043,5631,2024-04-18,Arrest
4572,2589,84,2024-02-05,Arrest
4573,2026,874,2023-03-16,Surrender
4574,4982,8370,2026-05-24,Arrest
4575,4442,5781,2025-10-29,Surrender
4576,1692,4558,2022-05-21,Arrest
4577,2195,4501,2023-06-06,Surrender
4578,3781,7737,2022-02-13,Surrender
4579,3756,8452,2023-10-10,Arrest
4580,3676,5243,2023-09-01,Arrest
4581,4817,2451,2023-01-28,Surrender
4582,4823,3955,2025-10-26,Arrest
4583,2220,2330,2022-05-10,Arrest
4584,1141,7723,2023-05-11,Surrender
4585,3348,5813,2024-02-14,Arrest
4586,3995,8130,2022-02-13,Arrest
4587,622,4919,2023-11-22,Surrender
4588,57,5036,2024-03-11,Surrender
4589,1415,4831,2025-08-30,Arrest
4590,2341,6203,2024-09-22,Arrest
4591,4382,1217,2022-07-04,Surrender
4592,2722,7039,2024-07-31,Arrest
4593,4369,5212,2024-03-14,Arrest
4594,4065,1065,2024-12-05,Arrest
4595,3190,3787,2022-10-31,Arrest
4596,1791,4411,2025-01-28,Arrest
4597,3688,5130,2024-02-11,Surrender
4598,1627,7249,2024-03-30,Arrest
4599,4508,7453,2025-05-29,Arrest
4600,3331,3009,2024-04-10,Arrest
4601,736,1106,2024-09-04,Arrest
4602,1649,5050,2024-05-19,Arrest
4603,1834,6791,2023-10-06,Arrest
4604,4922,5681,2024-04-15,Arrest
4605,4269,6233,2023-07-31,Arrest
4606,1930,4370,2023-05-17,Surrender
4607,4567,2766,2024-12-24,Arrest
4608,3018,3930,2023-11-26,Surrender
4609,1896,6444,2025-09-17,Arrest
4610,4564,8679,2023-09-10,Arrest
4611,3754,5697,2023-05-14,Arrest
4612,938,5082,2023-12-13,Arrest
4613,3582,7177,2023-07-27,Arrest
4614,1400,2452,2025-09-15,Arrest
4615,3310,8481,2022-04-09,Surrender
4616,4720,4990,2025-07-23,Arrest
4617,4574,3825,2022-05-05,Arrest
4618,1775,7483,2025-03-22,Arrest
4619,3646,2653,2024-11-21,Arrest
4620,1523,7698,2022-06-15,Arrest
4621,327,3744,2023-07-09,Arrest
4622,3729,2177,2024-05-20,Arrest
4623,356,7964,2022-05-26,Arrest
4624,3895,3319,2025-02-09,Surrender
4625,4197,7171,2023-07-28,Arrest
4626,4537,2788,2024-08-26,Surrender
4627,236,4106,2022-05-06,Arrest
4628,3970,7348,2025-01-04,Surrender
4629,1049,1677,2023-04-19,Arrest
4630,262,3948,2025-09-06,Arrest
4631,2121,6794,2026-05-29,Arrest
4632,1659,7851,2024-05-07,Surrender
4633,2799,5214,2025-12-20,Arrest
4634,4476,7336,2026-06-30,Surrender
4635,122,8415,2025-05-02,Arrest
4636,4227,2504,2023-02-16,Arrest
4637,142,6663,2023-12-03,Arrest
4638,4169,2370,2023-10-31,Arrest
4639,4792,2218,2025-11-06,Arrest
4640,1081,2219,2025-06-26,Arrest
4641,3474,3327,2022-10-18,Arrest
4642,514,7466,2025-03-01,Surrender
4643,4250,3584,2025-07-02,Arrest
4644,841,7224,2026-02-09,Arrest
4645,3014,6196,2022-06-15,Arrest
4646,2045,5833,2026-01-03,Arrest
4647,2681,4882,2025-09-24,Arrest
4648,1727,7223,2024-04-26,Surrender
4649,2589,86,2024-02-06,Surrender
4650,4198,2802,2022-08-28,Arrest
4651,3070,3672,2022-12-12,Arrest
4652,2911,3668,2023-07-15,Arrest
4653,2548,8540,2025-11-19,Arrest
4654,533,4591,2023-03-11,Arrest
4655,2246,2020,2025-09-14,Arrest
4656,4435,5928,2022-10-20,Arrest
4657,109,2526,2023-05-28,Arrest
4658,3125,5958,2022-04-05,Arrest
4659,1850,4923,2024-05-04,Arrest
4660,653,7122,2022-06-04,Arrest
4661,4694,8246,2024-03-23,Arrest
4662,2672,8180,2025-05-09,Arrest
4663,2931,2896,2025-10-30,Arrest
4664,2137,7111,2024-05-15,Arrest
4665,1098,7877,2026-06-30,Surrender
4666,4300,3426,2024-04-23,Arrest
4667,738,5261,2023-06-29,Arrest
4668,3545,6238,2022-10-21,Surrender
4669,57,5034,2024-01-13,Arrest
4670,609,4688,2023-03-17,Arrest
4671,3147,5494,2024-05-25,Arrest
4672,4118,2002,2023-04-18,Surrender
4673,4745,6887,2023-04-06,Arrest
4674,909,870,2025-03-23,Arrest
4675,1798,357,2023-03-15,Arrest
4676,1438,6188,2025-04-23,Arrest
4677,675,5830,2022-09-26,Arrest
4678,4098,1276,2024-07-18,Arrest
4679,2423,1891,2022-09-05,Arrest
4680,4795,7022,2025-10-08,Arrest
4681,2801,4982,2023-08-12,Arrest
4682,2715,7830,2022-10-07,Surrender
4683,4588,3564,2024-06-03,Arrest
4684,4851,6506,2022-05-15,Arrest
4685,3651,2381,2022-11-05,Arrest
4686,3137,7985,2024-08-25,Arrest
4687,1583,6430,2024-01-08,Arrest
4688,3539,6517,2024-02-04,Arrest
4689,4632,3307,2024-08-26,Arrest
4690,4838,7135,2023-05-26,Surrender
4691,2040,3500,2022-08-16,Surrender
4692,3880,5058,2026-01-06,Arrest
4693,983,1117,2025-04-04,Arrest
4694,1319,8605,2026-06-03,Surrender
4695,4246,7168,2022-07-06,Arrest
4696,840,5091,2023-03-23,Arrest
4697,1590,6245,2026-04-13,Arrest
4698,1477,6024,2024-08-07,Arrest
4699,4481,3646,2023-12-29,Arrest
4700,2595,2501,2024-01-19,Arrest
4701,2276,7783,2023-04-02,Arrest
4702,169,8178,2023-03-19,Arrest
4703,1501,3810,2023-02-05,Arrest
4704,797,5023,2024-09-03,Arrest
4705,2851,7888,2025-08-20,Arrest
4706,1186,7184,2025-09-19,Arrest
4707,1142,1697,2023-02-27,Arrest
4708,2770,5437,2025-09-20,Arrest
4709,1057,2053,2023-11-03,Arrest
4710,4429,1777,2026-05-06,Surrender
4711,4666,8494,2024-04-07,Arrest
4712,701,3314,2022-12-20,Arrest
4713,2238,6632,2022-10-09,Arrest
4714,4000,5145,2023-02-11,Surrender
4715,3078,1593,2024-02-01,Arrest
4716,254,1724,2024-10-07,Arrest
4717,4715,7211,2025-02-11,Arrest
4718,399,7598,2023-12-25,Arrest
4719,3883,6287,2022-10-21,Surrender
4720,1847,491,2022-05-30,Arrest
4721,3716,7741,2023-06-01,Surrender
4722,2055,3484,2022-07-03,Arrest
4723,646,3432,2026-05-27,Arrest
4724,4720,4991,2025-08-20,Arrest
4725,2618,5836,2026-06-30,Arrest
4726,2001,26,2026-04-03,Arrest
4727,2405,3513,2025-12-08,Surrender
4728,630,2410,2024-09-13,Arrest
4729,2666,3271,2022-06-09,Arrest
4730,3167,1553,2026-01-07,Arrest
4731,2456,7863,2026-04-04,Arrest
4732,4375,6898,2022-11-26,Arrest
4733,1613,3872,2024-09-12,Arrest
4734,197,3403,2026-04-25,Arrest
4735,4116,4530,2025-10-09,Surrender
4736,4082,980,2026-01-08,Arrest
4737,2779,2656,2022-06-21,Arrest
4738,4348,1848,2023-05-25,Arrest
4739,180,6023,2023-04-11,Arrest
4740,3892,6269,2022-05-07,Arrest
4741,3460,5533,2024-12-07,Arrest
4742,1181,6855,2022-03-17,Surrender
4743,3790,5460,2026-06-04,Arrest
4744,1027,1103,2024-03-23,Arrest
4745,3826,3277,2023-12-14,Arrest
4746,4414,5590,2026-05-12,Arrest
4747,1343,6848,2026-04-01,Arrest
4748,2536,6424,2026-01-28,Arrest
4749,2454,3997,2022-03-17,Arrest
4750,2988,195,2025-07-13,Arrest
4751,3426,7690,2022-03-04,Arrest
4752,920,644,2026-04-19,Arrest
4753,1528,3286,2023-08-08,Arrest
4754,1756,3117,2025-02-25,Arrest
4755,2019,3576,2023-06-15,Surrender
4756,1450,7550,2024-12-23,Arrest
4757,1397,4321,2022-12-27,Arrest
4758,3723,8715,2026-06-30,Surrender
4759,4371,2208,2024-06-17,Arrest
4760,1029,4553,2025-12-12,Arrest
4761,2321,6330,2026-06-30,Arrest
4762,2549,3719,2023-06-22,Arrest
4763,1033,973,2024-10-09,Arrest
4764,3559,6895,2023-07-19,Arrest
4765,3886,720,2025-04-16,Arrest
4766,2350,8214,2026-02-03,Arrest
4767,2757,3897,2022-07-07,Arrest
4768,1140,2804,2024-07-20,Arrest
4769,2101,2567,2024-07-14,Arrest
4770,567,4026,2022-07-16,Arrest
4771,590,33,2025-05-06,Arrest
4772,1194,8603,2022-01-24,Surrender
4773,4220,7248,2022-02-17,Arrest
4774,527,4064,2024-12-17,Arrest
4775,492,7433,2024-07-24,Surrender
4776,742,1698,2022-07-16,Arrest
4777,2357,2793,2022-08-05,Surrender
4778,2822,2223,2022-03-20,Arrest
4779,38,3765,2022-07-31,Arrest
4780,3384,3867,2025-03-12,Surrender
4781,3487,6977,2026-01-24,Arrest
4782,4052,7416,2022-08-30,Arrest
4783,3853,5431,2024-09-16,Arrest
4784,4333,7522,2026-01-11,Arrest
4785,1456,3759,2024-12-02,Arrest
4786,3766,7625,2024-10-09,Arrest
4787,1709,3228,2025-07-27,Arrest
4788,1597,5905,2025-01-16,Arrest
4789,1921,6481,2023-04-26,Surrender
4790,4222,3905,2023-03-01,Surrender
4791,3850,2278,2025-03-22,Surrender
4792,3172,5169,2022-10-19,Surrender
4793,4587,1402,2026-06-10,Arrest
4794,1104,740,2022-12-19,Arrest
4795,3311,4267,2023-10-18,Surrender
4796,34,8599,2024-08-09,Arrest
4797,2694,8192,2022-07-16,Arrest
4798,743,3852,2023-09-25,Arrest
4799,2256,6920,2022-02-14,Arrest
4800,2852,6206,2024-12-05,Arrest
4801,3111,6870,2022-10-19,Arrest
4802,616,5195,2025-10-13,Arrest
4803,178,675,2026-05-29,Arrest
4804,930,5376,2022-10-06,Arrest
4805,3432,4837,2022-10-07,Arrest
4806,287,3842,2026-03-28,Arrest
4807,3383,1816,2024-03-28,Arrest
4808,1109,8706,2022-04-09,Arrest
4809,4797,8581,2026-03-28,Arrest
4810,795,7869,2024-05-16,Arrest
4811,4350,4654,2026-04-25,Surrender
4812,3391,8443,2023-02-12,Arrest
4813,210,2101,2026-04-02,Arrest
4814,13,7754,2024-08-20,Arrest
4815,210,2102,2026-03-04,Arrest
4816,3431,4214,2025-05-04,Surrender
4817,2596,5282,2025-10-06,Arrest
4818,3097,1549,2022-06-17,Arrest
4819,4583,4864,2024-10-03,Arrest
4820,3694,3324,2024-10-13,Arrest
4821,4157,5497,2026-06-30,Arrest
4822,1798,356,2023-04-20,Arrest
4823,4411,1462,2025-09-26,Surrender
4824,3224,8161,2024-11-05,Surrender
4825,3241,3221,2022-07-19,Surrender
4826,3745,6590,2026-06-02,Arrest
4827,661,5964,2025-01-18,Surrender
4828,4884,1752,2023-10-27,Arrest
4829,3720,6055,2023-04-12,Arrest
4830,1691,7883,2025-04-03,Arrest
4831,3188,1773,2024-02-12,Arrest
4832,2926,1197,2024-05-28,Arrest
4833,1435,1879,2026-06-20,Surrender
4834,1492,2669,2025-04-24,Surrender
4835,1752,3172,2024-05-20,Surrender
4836,2790,2017,2022-08-10,Arrest
4837,4202,2006,2024-08-05,Arrest
4838,2957,3894,2022-07-26,Arrest
4839,707,3238,2023-12-28,Arrest
4840,11,4425,2022-06-20,Surrender
4841,3503,4745,2024-05-22,Arrest
4842,3851,2079,2023-10-31,Arrest
4843,3439,397,2024-01-26,Arrest
4844,4125,2789,2025-07-08,Arrest
4845,483,5413,2026-06-30,Arrest
4846,4624,4073,2024-12-28,Arrest
4847,4775,6474,2026-06-07,Arrest
4848,1374,7485,2022-03-19,Surrender
4849,934,1520,2023-11-18,Arrest
4850,839,6193,2022-10-06,Arrest
4851,3140,1379,2026-05-05,Arrest
4852,2686,1024,2023-08-30,Arrest
4853,316,2588,2024-06-05,Surrender
4854,490,6152,2022-09-06,Arrest
4855,24,2858,2022-11-07,Surrender
4856,3344,7775,2024-12-11,Arrest
4857,4505,8514,2023-04-17,Arrest
4858,2044,1630,2025-05-29,Arrest
4859,1974,4527,2023-02-19,Arrest
4860,1532,3524,2023-11-14,Arrest
4861,86,5889,2022-11-02,Arrest
4862,3314,3608,2025-08-21,Arrest
4863,3829,8205,2024-07-18,Arrest
4864,775,235,2024-01-15,Arrest
4865,3590,5870,2025-11-28,Arrest
4866,3896,3797,2024-05-15,Arrest
4867,1643,4119,2025-06-18,Surrender
4868,1282,3801,2025-10-06,Surrender
4869,381,5709,2025-03-27,Arrest
4870,41,7947,2025-12-10,Surrender
4871,2753,1949,2024-05-27,Surrender
4872,2208,8183,2025-08-22,Arrest
4873,3805,8138,2026-06-30,Arrest
4874,1735,3493,2025-08-02,Arrest
4875,1288,2672,2024-11-13,Arrest
4876,1,7667,2023-01-29,Arrest
4877,659,2225,2022-09-11,Arrest
4878,2254,1107,2024-06-01,Arrest
4879,4064,8093,2025-03-02,Arrest
4880,2590,819,2022-12-24,Arrest
4881,2032,4524,2022-10-28,Arrest
4882,3582,7176,2023-08-18,Arrest
4883,3001,7097,2022-03-23,Arrest
4884,218,5380,2026-02-23,Arrest
4885,1012,8172,2025-09-24,Arrest
4886,897,889,2025-07-23,Arrest
4887,3647,2438,2024-12-10,Arrest
4888,2590,818,2022-12-31,Surrender
4889,823,3415,2023-12-10,Arrest
4890,3075,2342,2024-11-02,Arrest
4891,3272,8368,2022-05-14,Arrest
4892,2803,3168,2026-01-29,Arrest
4893,2772,6814,2023-01-03,Arrest
4894,4760,6827,2025-01-26,Surrender
4895,2190,1265,2022-05-01,Arrest
4896,3959,4450,2026-06-10,Arrest
4897,4862,4046,2026-06-13,Surrender
4898,4812,6657,2023-05-06,Arrest
4899,1998,6962,2025-08-07,Arrest
4900,1433,1229,2022-11-03,Arrest
4901,4760,6826,2025-02-03,Surrender
4902,1875,53,2025-08-09,Surrender
4903,4296,7134,2025-10-10,Surrender
4904,3201,6513,2022-10-11,Arrest
4905,1938,160,2026-06-30,Surrender
4906,2578,5711,2025-06-20,Arrest
4907,3931,1588,2025-01-18,Arrest
4908,966,1590,2022-06-02,Arrest
4909,738,5260,2023-06-20,Arrest
4910,4328,5004,2022-10-13,Arrest
4911,1992,5822,2023-03-11,Arrest
4912,1963,3859,2023-02-10,Surrender
4913,2724,5682,2025-11-09,Arrest
4914,2850,2829,2023-04-24,Arrest
4915,3358,437,2024-11-09,Arrest
4916,2544,7867,2024-07-27,Arrest
4917,3225,3879,2022-08-07,Arrest
4918,2148,1589,2023-03-11,Arrest
4919,4469,2781,2024-01-17,Arrest
4920,251,7808,2024-07-10,Surrender
4921,572,8380,2024-03-11,Arrest
4922,1541,6781,2024-09-25,Arrest
4923,2324,4728,2022-10-08,Surrender
4924,4154,974,2024-05-19,Arrest
4925,3517,1239,2026-01-02,Arrest
4926,1534,2952,2024-04-25,Arrest
4927,3075,2343,2024-10-04,Arrest
4928,35,8519,2022-06-17,Arrest
4929,943,7860,2023-11-14,Arrest
4930,4990,1498,2026-05-05,Arrest
4931,999,4546,2026-04-05,Arrest
4932,3264,4258,2022-04-29,Surrender
4933,2564,2423,2025-06-07,Surrender
4934,1715,8175,2023-12-03,Arrest
4935,1312,6056,2023-12-02,Surrender
4936,3139,7925,2024-01-07,Arrest
4937,1198,2093,2025-11-28,Arrest
4938,1414,2016,2025-01-04,Arrest
4939,3770,7617,2022-06-23,Arrest
4940,2843,6722,2024-03-04,Arrest
4941,2981,188,2026-03-27,Arrest
4942,4200,7461,2024-03-11,Arrest
4943,2228,3656,2025-11-15,Arrest
4944,1460,3427,2025-08-28,Arrest
4945,584,7999,2024-09-11,Arrest
4946,2709,1382,2022-09-09,Surrender
4947,3556,7408,2025-05-12,Surrender
4948,821,414,2023-03-18,Arrest
4949,2663,4898,2024-08-10,Arrest
4950,2320,3337,2024-07-19,Arrest
4951,3314,3607,2025-07-06,Arrest
4952,1609,3176,2022-11-13,Arrest
4953,1986,6717,2025-05-28,Arrest
4954,1203,8465,2024-03-29,Arrest
4955,3338,5900,2023-04-20,Arrest
4956,2962,257,2024-05-05,Arrest
4957,1541,6780,2024-10-30,Arrest
4958,409,201,2025-07-06,Surrender
4959,4836,2236,2024-02-26,Arrest
4960,4778,4744,2026-05-28,Arrest
4961,1808,1768,2024-01-30,Arrest
4962,4746,4237,2025-09-22,Surrender
4963,4796,6598,2024-02-29,Arrest
4964,3948,1573,2023-04-10,Surrender
4965,1882,25,2024-12-20,Arrest
4966,685,8568,2025-11-27,Arrest
4967,641,1089,2026-02-18,Arrest
4968,407,4675,2023-04-26,Arrest
4969,4004,2695,2026-06-30,Surrender
4970,1928,5740,2023-08-20,Arrest
4971,4384,3399,2024-06-28,Arrest
4972,3504,3560,2024-09-01,Arrest
4973,4923,7776,2026-04-14,Arrest
4974,366,2842,2026-03-27,Arrest
4975,456,2312,2024-03-03,Arrest
4976,31,6417,2022-10-23,Arrest
4977,2582,3235,2022-02-04,Arrest
4978,648,4153,2026-06-30,Arrest
4979,1418,1310,2024-03-26,Surrender
4980,3973,696,2023-07-26,Arrest
4981,3441,8702,2025-12-24,Surrender
4982,1184,3753,2026-06-03,Surrender
4983,1433,1228,2022-11-28,Arrest
4984,2485,2000,2025-02-27,Arrest
4985,3052,277,2025-02-19,Surrender
4986,4052,7417,2022-07-05,Arrest
4987,768,6171,2024-12-09,Arrest
4988,2973,7297,2024-10-15,Surrender
4989,3685,8187,2024-11-11,Arrest
4990,21,6251,2026-02-25,Arrest
4991,59,4779,2025-05-21,Arrest
4992,2210,8456,2025-04-09,Arrest
4993,1587,4118,2025-07-11,Arrest
4994,2371,5333,2023-03-13,Arrest
4995,1888,1138,2022-02-20,Arrest
4996,3974,2768,2023-07-29,Surrender
4997,3451,6194,2025-07-09,Arrest
4998,2045,5832,2025-11-17,Surrender
4999,808,943,2022-09-21,Arrest
5000,805,7425,2023-08-03,Arrest
5001,2311,4936,2025-02-07,Arrest
5002,3719,3936,2023-11-25,Surrender
5003,1527,5280,2023-06-20,Arrest
5004,1303,2385,2025-08-25,Arrest
5005,1107,116,2023-08-24,Arrest
5006,4553,6449,2023-01-04,Surrender
5007,2223,8700,2023-12-28,Arrest
5008,1318,3120,2025-03-18,Surrender
5009,4708,4259,2023-12-24,Arrest
5010,3445,8451,2026-06-12,Arrest
5011,1102,6812,2025-01-21,Arrest
5012,3146,2820,2024-07-19,Arrest
5013,2839,3823,2023-08-31,Surrender
5014,1351,7668,2023-04-17,Arrest
5015,4275,7954,2026-02-28,Arrest
5016,787,7383,2022-03-09,Arrest
5017,1854,3803,2023-04-24,Arrest
5018,4144,3537,2024-04-12,Arrest
5019,4009,3826,2023-11-29,Arrest
5020,415,7973,2023-07-21,Arrest
5021,4096,6880,2025-11-19,Arrest
5022,260,4811,2025-02-14,Arrest
5023,3890,1947,2023-02-15,Arrest
5024,2458,5938,2025-11-11,Arrest
5025,532,7427,2025-08-09,Arrest
5026,150,3489,2025-03-09,Arrest
5027,3653,1611,2022-12-05,Arrest
5028,1646,5355,2024-08-20,Arrest
5029,2096,4678,2023-06-25,Arrest
5030,1915,4960,2025-06-10,Arrest
5031,3509,7155,2024-10-28,Arrest
5032,291,4762,2026-04-02,Arrest
5033,4586,2195,2025-02-16,Arrest
5034,2993,6729,2023-02-24,Arrest
5035,1903,558,2023-06-16,Arrest
5036,245,7361,2025-10-27,Arrest
5037,667,1208,2025-03-02,Arrest
5038,3227,5336,2023-05-30,Arrest
5039,4103,5534,2026-02-13,Arrest
5040,227,1511,2024-03-04,Surrender
5041,2917,3830,2025-04-18,Arrest
5042,3658,3733,2023-12-10,Arrest
5043,1764,6018,2024-08-23,Arrest
5044,593,3212,2025-08-05,Arrest
5045,4012,3631,2023-10-01,Arrest
5046,4304,8331,2024-04-26,Arrest
5047,2699,6308,2026-02-20,Arrest
5048,3329,267,2023-08-23,Arrest
5049,1888,1141,2022-03-27,Arrest
5050,2367,3163,2024-10-26,Arrest
5051,2071,6560,2026-03-26,Surrender
5052,3557,3731,2025-08-16,Arrest
5053,2250,1910,2026-02-20,Arrest
5054,3460,5532,2025-01-11,Arrest
5055,52,7848,2022-01-31,Arrest
5056,874,657,2025-10-31,Arrest
5057,4123,6533,2026-04-30,Surrender
5058,65,5927,2022-05-03,Arrest
5059,3794,999,2022-12-23,Arrest
5060,4613,8640,2025-09-08,Arrest
5061,4243,2835,2024-01-11,Surrender
5062,4438,7821,2026-04-27,Arrest
5063,3199,1238,2025-06-03,Surrender
5064,1670,7671,2024-03-18,Surrender
5065,4777,8091,2022-12-22,Arrest
5066,2895,7041,2023-02-05,Arrest
5067,4289,2187,2024-03-03,Arrest
5068,3440,1135,2023-10-21,Surrender
5069,4328,5005,2022-09-25,Surrender
5070,4315,1304,2026-01-05,Arrest
5071,4782,1628,2023-01-31,Arrest
5072,875,5951,2024-05-10,Arrest
5073,1019,1523,2025-03-24,Surrender
5074,2914,8553,2025-01-01,Arrest
5075,1798,359,2023-03-17,Arrest
5076,2444,139,2024-08-29,Arrest
5077,4211,300,2022-09-23,Arrest
5078,3268,1557,2022-11-26,Surrender
5079,2138,383,2024-08-29,Arrest
5080,4378,6385,2026-06-30,Arrest
5081,4431,5273,2024-03-19,Arrest
5082,3141,4858,2023-03-24,Arrest
5083,529,7329,2024-04-03,Arrest
5084,4327,7662,2022-07-19,Arrest
5085,145,5406,2026-05-18,Arrest
5086,1781,8113,2025-11-20,Arrest
5087,1301,6364,2026-04-30,Arrest
5088,4924,5365,2024-08-05,Arrest
5089,1467,7904,2024-12-19,Arrest
5090,3472,2722,2023-03-21,Arrest
5091,793,1933,2024-04-16,Arrest
5092,116,5613,2026-06-24,Arrest
5093,1502,3237,2025-12-13,Arrest
5094,4427,3141,2024-02-19,Arrest
5095,3212,4164,2023-01-28,Arrest
5096,4476,7335,2026-06-22,Surrender
5097,1134,3808,2025-10-16,Arrest
5098,2057,7862,2024-05-28,Surrender
5099,2225,5541,2025-07-14,Arrest
5100,4614,4155,2026-04-06,Arrest
5101,3596,4173,2026-04-29,Arrest
5102,4405,797,2023-10-11,Arrest
5103,1927,2417,2025-09-01,Arrest
5104,3150,786,2024-12-06,Arrest
5105,3699,3159,2024-12-25,Arrest
5106,2164,124,2025-01-09,Surrender
5107,2685,2173,2023-01-07,Arrest
5108,4140,6664,2025-02-03,Arrest
5109,281,6609,2025-01-22,Arrest
5110,2716,8010,2025-03-31,Arrest
5111,2136,4341,2022-08-27,Arrest
5112,1037,911,2023-05-30,Surrender
5113,1429,2310,2026-06-18,Arrest
5114,3369,8417,2023-09-01,Surrender
5115,4844,3635,2024-06-22,Surrender
5116,3793,1258,2022-09-25,Arrest
5117,4422,4459,2025-03-18,Arrest
5118,1368,1179,2023-03-31,Arrest
5119,3206,4653,2026-06-30,Arrest
5120,3900,3651,2025-03-02,Arrest
5121,4341,443,2025-08-28,Arrest
5122,395,7446,2023-01-20,Arrest
5123,2046,1400,2024-04-18,Arrest
5124,4641,1458,2026-06-18,Arrest
5125,1082,5689,2026-06-12,Arrest
5126,4398,1055,2023-06-18,Arrest
5127,2710,5147,2025-04-18,Arrest
5128,3333,3276,2022-07-05,Arrest
5129,3899,7071,2024-11-15,Arrest
5130,4986,3700,2023-05-16,Arrest
5131,4496,3760,2025-03-11,Arrest
5132,4493,930,2023-04-13,Arrest
5133,4021,7664,2023-06-06,Arrest
5134,4213,1830,2025-05-16,Arrest
5135,3560,7800,2022-03-27,Arrest
5136,4824,5266,2023-09-19,Arrest
5137,4714,4222,2025-09-16,Arrest
5138,3261,3547,2026-04-16,Arrest
5139,4052,7415,2022-08-20,Surrender
5140,4146,7300,2022-05-25,Arrest
5141,3253,2012,2023-01-16,Surrender
5142,1170,6994,2024-10-23,Arrest
5143,132,6280,2023-04-08,Arrest
5144,3241,3220,2022-07-26,Arrest
5145,4094,2607,2024-06-04,Arrest
5146,1453,3265,2025-12-17,Arrest
5147,350,4929,2026-05-04,Arrest
5148,2859,6975,2024-10-18,Surrender
5149,1548,6727,2025-04-01,Surrender
5150,3889,7,2023-03-13,Arrest
5151,2967,2981,2024-01-20,Arrest
5152,4383,3362,2023-11-28,Surrender
5153,655,4775,2026-01-19,Surrender
5154,1171,1944,2022-08-25,Arrest
5155,771,5633,2026-01-17,Arrest
5156,2661,1636,2022-04-05,Surrender
5157,3058,7782,2025-12-18,Arrest
5158,1248,7317,2026-01-06,Arrest
5159,3638,6201,2024-11-21,Surrender
5160,2832,2071,2022-07-07,Arrest
5161,4835,3135,2022-08-22,Arrest
5162,656,5161,2026-03-14,Arrest
5163,2760,5874,2025-07-06,Surrender
5164,1180,2243,2023-09-11,Arrest
5165,2468,1475,2024-01-06,Surrender
5166,3797,6846,2024-11-14,Arrest
5167,1978,1890,2023-12-16,Arrest
5168,2537,3436,2024-08-04,Arrest
5169,1748,5749,2022-11-16,Arrest
5170,4490,5823,2026-02-14,Arrest
5171,4784,3706,2025-08-25,Arrest
5172,672,2022,2025-08-24,Arrest
5173,1831,4021,2022-02-28,Arrest
5174,4665,7247,2025-01-05,Arrest
5175,3467,8651,2026-06-30,Surrender
5176,1851,7094,2022-08-31,Arrest
5177,1207,2659,2022-12-21,Surrender
5178,2400,1131,2026-04-23,Surrender
5179,4994,8071,2022-12-14,Arrest
5180,92,1820,2023-05-18,Surrender
5181,2016,5660,2023-11-26,Surrender
5182,1616,4319,2025-03-24,Surrender
5183,4982,8369,2026-06-30,Arrest
5184,4113,4145,2024-11-17,Surrender
5185,1769,4670,2024-03-16,Arrest
5186,3199,1237,2025-07-02,Arrest
5187,619,8579,2022-08-02,Surrender
5188,2289,1857,2026-03-23,Arrest
5189,471,2283,2022-04-19,Arrest
5190,2674,6265,2024-05-22,Surrender
5191,2271,8053,2024-09-10,Arrest
5192,2833,4094,2025-02-02,Arrest
5193,1901,5357,2025-02-18,Arrest
5194,3643,7826,2022-11-09,Surrender
5195,3774,387,2022-06-09,Arrest
5196,2044,1629,2025-06-05,Arrest
5197,1544,3586,2023-08-11,Arrest
5198,4319,5606,2024-04-15,Arrest
5199,3915,2715,2026-06-11,Arrest
5200,4722,7359,2023-10-02,Arrest
5201,121,6572,2023-03-31,Arrest
5202,2463,8056,2024-10-09,Arrest
5203,3263,3190,2023-11-18,Arrest
5204,811,8693,2025-06-28,Arrest
5205,475,4306,2025-09-06,Surrender
5206,3486,910,2025-02-03,Surrender
5207,2854,6970,2022-11-10,Surrender
5208,278,1867,2025-04-01,Arrest
5209,1880,1843,2026-04-26,Surrender
5210,2035,2498,2025-11-18,Arrest
5211,4413,7536,2023-06-17,Arrest
5212,2597,6692,2022-02-18,Arrest
5213,3046,5848,2022-01-24,Arrest
5214,1339,5055,2025-09-29,Arrest
5215,2074,4007,2025-05-21,Arrest
5216,2179,2703,2022-08-31,Arrest
5217,4166,7569,2026-05-21,Arrest
5218,2731,332,2023-05-22,Arrest
5219,2199,5411,2025-03-25,Surrender
5220,280,6166,2022-12-30,Arrest
5221,4489,6689,2024-06-28,Arrest
5222,1521,2460,2025-10-20,Arrest
5223,4622,1775,2024-04-07,Arrest
5224,76,5750,2024-11-16,Arrest
5225,4460,7378,2023-09-08,Arrest
5226,4346,2687,2026-01-28,Arrest
5227,4895,7761,2022-07-28,Arrest
5228,3062,7479,2023-12-14,Arrest
5229,936,6435,2023-06-07,Surrender
5230,4083,6779,2025-12-25,Arrest
5231,3001,7096,2022-03-18,Arrest
5232,4997,8321,2026-01-27,Surrender
5233,106,6583,2024-02-13,Arrest
5234,4014,6937,2024-05-27,Arrest
5235,345,174,2023-01-21,Arrest
5236,4753,6301,2024-08-21,Arrest
5237,1829,4616,2023-02-01,Arrest
5238,3694,3322,2024-10-25,Arrest
5239,1945,5358,2024-12-21,Arrest
5240,647,3373,2024-11-19,Arrest
5241,1402,3312,2025-03-28,Arrest
5242,1167,5523,2025-05-07,Arrest
5243,1250,5742,2025-01-04,Surrender
5244,3019,7220,2022-01-17,Arrest
5245,280,6164,2022-12-07,Arrest
5246,2591,4680,2023-01-14,Surrender
5247,197,3404,2026-02-07,Arrest
5248,2542,19,2022-07-31,Surrender
5249,3891,3692,2023-02-13,Arrest
5250,4295,6964,2026-03-18,Surrender
5251,1428,4097,2024-11-07,Arrest
5252,523,3629,2022-12-15,Surrender
5253,678,7290,2022-04-05,Arrest
5254,4903,2175,2026-06-30,Surrender
5255,4676,1357,2026-06-30,Arrest
5256,4547,5003,2026-05-18,Surrender
5257,3367,5628,2024-02-03,Arrest
5258,2128,8278,2025-10-25,Surrender
5259,1394,3113,2025-07-10,Arrest
5260,1814,183,2024-12-22,Arrest
5261,2620,7195,2024-11-12,Arrest
5262,3306,7283,2025-02-26,Arrest
5263,2402,1813,2024-10-27,Arrest
5264,433,5959,2026-04-20,Surrender
5265,106,6582,2024-01-03,Arrest
5266,2131,4913,2026-03-20,Surrender
5267,1200,1801,2025-05-27,Arrest
5268,4682,2430,2026-06-30,Arrest
5269,1423,7112,2022-12-20,Arrest
5270,4324,5706,2025-06-20,Arrest
5271,2668,7941,2024-09-07,Surrender
5272,1462,6426,2025-05-20,Surrender
5273,1977,7705,2023-03-25,Arrest
5274,2317,5702,2026-06-30,Arrest
5275,4720,4988,2025-09-11,Arrest
5276,4089,8506,2025-08-12,Arrest
5277,1145,4651,2024-05-27,Arrest
5278,1630,1160,2022-11-16,Arrest
5279,2836,1214,2023-04-27,Arrest
5280,2583,5554,2022-06-09,Arrest
5281,22,1326,2026-01-16,Arrest
5282,1811,5680,2023-03-02,Arrest
5283,802,5738,2026-06-12,Arrest
5284,1274,4797,2022-11-11,Arrest
5285,279,1456,2023-06-24,Arrest
5286,3372,5404,2024-10-02,Arrest
5287,4631,4963,2022-02-08,Arrest
5288,557,7051,2025-12-03,Arrest
5289,3944,1645,2024-09-07,Arrest
5290,2185,2141,2024-01-17,Arrest
5291,1522,4537,2022-04-05,Arrest
5292,4422,4458,2025-04-06,Arrest
5293,2306,7439,2025-10-20,Arrest
5294,3498,4379,2023-08-27,Surrender
5295,231,730,2024-06-23,Arrest
5296,2675,4358,2026-02-20,Arrest
5297,804,5864,2024-09-12,Arrest
5298,4282,1937,2022-12-14,Arrest
5299,1052,3794,2022-02-18,Surrender
5300,3614,3737,2026-06-22,Arrest
5301,783,7932,2025-06-29,Arrest
5302,1640,6584,2024-07-11,Arrest
5303,1050,1111,2024-10-28,Arrest
5304,1775,7482,2025-03-07,Arrest
5305,2609,2999,2025-09-17,Arrest
5306,1125,2395,2025-09-13,Arrest
5307,2703,1186,2025-07-20,Arrest
5308,4716,2008,2026-05-23,Arrest
5309,3279,194,2026-02-20,Arrest
5310,2824,7357,2025-12-02,Arrest
5311,713,579,2022-07-02,Arrest
5312,273,772,2024-06-23,Arrest
5313,1125,2396,2025-10-08,Arrest
5314,3205,1479,2025-10-08,Arrest
5315,2602,1847,2025-09-09,Arrest
5316,1523,7699,2022-06-07,Arrest
5317,3357,4275,2024-08-02,Arrest
5318,4195,3741,2026-05-13,Arrest
5319,1838,4601,2026-06-30,Surrender
5320,460,5925,2024-08-02,Surrender
5321,412,6136,2025-07-18,Surrender
5322,2820,4916,2024-12-07,Arrest
5323,4906,2074,2023-03-18,Surrender
5324,3969,4755,2022-12-21,Arrest
5325,600,1897,2022-03-30,Arrest
5326,4661,6786,2025-07-23,Arrest
5327,259,3660,2023-01-28,Arrest
5328,3651,2380,2022-10-23,Surrender
5329,4656,1448,2025-11-03,Arrest
5330,2442,343,2023-03-19,Surrender
5331,1279,8170,2022-09-24,Arrest
5332,3040,8120,2024-07-24,Arrest
5333,3625,2528,2025-11-25,Surrender
5334,4872,728,2025-09-13,Arrest
5335,2504,4578,2022-02-27,Surrender
5336,343,977,2022-07-24,Surrender
5337,2406,6505,2024-04-30,Surrender
5338,1421,3517,2024-11-26,Arrest
5339,3255,7632,2025-11-24,Arrest
5340,448,8534,2024-09-04,Arrest
5341,3285,3941,2026-03-10,Arrest
5342,2557,1300,2024-07-04,Arrest
5343,3170,1349,2024-04-21,Arrest
5344,1687,661,2023-03-23,Arrest
5345,836,1493,2025-10-10,Arrest
5346,2592,6216,2025-08-22,Arrest
5347,1588,6420,2023-08-26,Arrest
5348,2168,6746,2024-02-14,Arrest
5349,4242,5155,2025-08-03,Surrender
5350,3274,2316,2024-03-31,Arrest
5351,2648,8377,2023-03-31,Arrest
5352,1862,8344,2025-10-10,Arrest
5353,1500,1086,2023-01-20,Arrest
5354,4194,2525,2024-09-20,Arrest
5355,3913,6655,2024-11-13,Arrest
5356,4687,3199,2025-03-22,Surrender
5357,307,6249,2026-03-11,Arrest
5358,2674,6264,2024-07-20,Surrender
5359,1960,68,2024-08-03,Arrest
5360,1459,7318,2024-07-06,Surrender
5361,36,2270,2023-06-03,Arrest
5362,917,6512,2026-01-08,Arrest
5363,1664,5557,2023-06-23,Arrest
5364,1412,7256,2024-10-02,Surrender
5365,1670,7673,2024-04-19,Arrest
5366,3162,5323,2023-11-14,Arrest
5367,1812,3448,2023-04-25,Arrest
5368,1311,2368,2025-09-25,Arrest
5369,1071,6467,2022-11-19,Arrest
5370,4741,6168,2025-04-09,Arrest
5371,2083,2513,2024-08-09,Arrest
5372,1272,2724,2022-07-03,Arrest
5373,4712,7834,2024-09-18,Arrest
5374,3161,6822,2024-08-11,Arrest
5375,256,1144,2024-02-17,Arrest
5376,3666,8487,2026-05-13,Surrender
5377,4946,5474,2022-09-09,Arrest
5378,859,6796,2025-10-30,Arrest
5379,728,7891,2025-07-20,Arrest
5380,2598,4729,2025-07-30,Arrest
5381,3949,5721,2024-06-29,Arrest
5382,3679,3790,2023-11-02,Arrest
5383,2822,2221,2022-03-27,Arrest
5384,496,5076,2024-11-21,Arrest
5385,2220,2332,2022-07-12,Surrender
5386,4804,5699,2025-09-24,Arrest
5387,1361,6854,2024-06-07,Surrender
5388,329,8082,2023-03-27,Arrest
5389,3916,4089,2025-12-28,Arrest
5390,2702,1968,2025-01-17,Arrest
5391,3324,7501,2025-08-22,Arrest
5392,4055,7205,2024-03-13,Surrender
5393,4056,8352,2026-06-30,Surrender
5394,3477,4366,2024-11-18,Arrest
5395,1943,424,2024-08-26,Arrest
5396,4791,7968,2023-05-29,Arrest
5397,212,1905,2025-11-05,Arrest
5398,3627,596,2025-02-02,Arrest
5399,690,3918,2023-02-26,Arrest
5400,1110,3619,2022-07-23,Arrest
5401,1076,840,2026-06-06,Surrender
5402,2688,4597,2025-04-23,Arrest
5403,3971,5669,2022-08-07,Arrest
5404,1473,142,2025-11-10,Surrender
5405,3173,7600,2022-05-13,Arrest
5406,3988,1378,2022-09-21,Arrest
5407,2765,3675,2022-06-05,Arrest
5408,51,7162,2022-11-12,Arrest
5409,3289,8629,2023-10-13,Arrest
5410,2176,4742,2024-02-16,Arrest
5411,1501,3809,2023-01-31,Arrest
5412,1888,1139,2022-02-01,Arrest
5413,4754,2258,2023-08-02,Arrest
5414,532,7428,2025-08-31,Arrest
5415,3252,1788,2026-05-20,Arrest
5416,1947,3939,2025-03-17,Arrest
5417,2975,5977,2024-02-10,Surrender
5418,2013,4647,2025-11-29,Arrest
5419,4502,460,2025-03-26,Arrest
5420,2245,8313,2025-07-11,Arrest
5421,2348,949,2024-07-11,Arrest
5422,927,3701,2022-11-29,Arrest
5423,4477,1337,2024-09-16,Arrest
5424,153,4629,2022-10-06,Arrest
5425,2980,8250,2024-02-27,Arrest
5426,1025,1603,2026-01-12,Arrest
5427,172,2239,2025-05-17,Arrest
5428,2439,640,2022-02-24,Arrest
5429,872,8563,2022-06-21,Surrender
5430,2763,3831,2024-04-03,Arrest
5431,1715,8176,2023-12-19,Arrest
5432,418,6035,2022-09-10,Arrest
5433,1290,6378,2024-11-13,Arrest
5434,403,1959,2026-01-11,Arrest
5435,1507,1071,2026-06-30,Surrender
5436,505,156,2025-11-14,Arrest
5437,4877,2296,2024-04-13,Surrender
5438,1644,5885,2024-04-13,Arrest
5439,2504,4579,2022-02-23,Surrender
5440,641,1090,2026-02-20,Arrest
5441,119,2941,2024-05-06,Arrest
5442,3520,7779,2023-09-04,Arrest
5443,4440,4385,2025-01-14,Arrest
5444,4493,931,2023-03-26,Arrest
5445,170,2910,2024-08-12,Arrest
5446,2458,5940,2025-09-17,Surrender
5447,3668,896,2025-05-30,Surrender
5448,4522,3248,2023-10-21,Arrest
5449,2916,2327,2022-07-21,Arrest
5450,1343,6847,2026-02-14,Arrest
5451,802,5739,2026-05-05,Arrest
5452,1393,6759,2022-05-06,Arrest
5453,4095,5039,2024-10-23,Arrest
5454,1247,8158,2023-05-14,Arrest
5455,2448,7992,2022-07-06,Arrest
5456,2473,1716,2023-03-23,Surrender
5457,2565,1699,2024-03-19,Arrest
5458,2009,8449,2025-04-17,Arrest
5459,3551,8696,2023-04-23,Arrest
5460,858,8025,2022-10-26,Arrest
5461,1607,3832,2024-12-24,Surrender
5462,2897,3349,2022-03-28,Arrest
5463,4934,8293,2024-11-25,Arrest
5464,2426,986,2023-03-27,Arrest
5465,342,1822,2023-01-26,Arrest
5466,4064,8096,2025-05-18,Arrest
5467,1239,588,2024-06-30,Arrest
5468,463,8507,2025-04-29,Arrest
5469,4472,5078,2024-01-18,Arrest
5470,86,5890,2022-09-19,Arrest
5471,4030,6406,2024-03-31,Arrest
5472,3624,8297,2025-05-07,Arrest
5473,2576,8692,2026-02-14,Arrest
5474,804,5862,2024-09-03,Arrest
5475,2163,7306,2024-01-17,Arrest
5476,4163,3558,2024-05-07,Arrest
5477,282,1396,2024-03-29,Arrest
5478,3813,265,2022-10-28,Arrest
5479,537,3548,2023-09-14,Arrest
5480,4340,5775,2022-07-31,Arrest
5481,3283,3070,2026-06-09,Arrest
5482,916,5026,2026-04-26,Arrest
5483,3201,6514,2022-10-21,Arrest
5484,1003,3865,2026-04-13,Arrest
5485,414,7641,2024-02-18,Arrest
5486,2754,2401,2023-12-05,Surrender
5487,3740,6667,2026-06-30,Arrest
5488,4581,3712,2025-05-10,Arrest
5489,2047,247,2024-01-29,Arrest
5490,1228,1595,2023-11-12,Arrest
5491,3927,1530,2025-05-02,Surrender
5492,4863,6241,2026-03-22,Arrest
5493,2571,924,2024-03-13,Arrest
5494,2578,5712,2025-06-12,Arrest
5495,3477,4365,2024-12-21,Arrest
5496,2660,670,2025-06-17,Surrender
5497,1384,3605,2025-11-28,Arrest
5498,3550,5109,2024-05-13,Arrest
5499,2250,1911,2026-03-15,Arrest
5500,4283,6432,2022-02-03,Arrest
5501,4073,5249,2023-11-11,Arrest
5502,3114,3959,2026-06-30,Arrest
5503,4659,2697,2024-01-03,Arrest
5504,4386,2592,2022-06-20,Arrest
5505,1759,1782,2025-09-06,Arrest
5506,2855,3014,2026-06-30,Arrest
5507,4700,2308,2023-03-13,Arrest
5508,2140,5936,2023-10-16,Arrest
5509,4820,3691,2022-12-08,Surrender
5510,1120,688,2024-10-12,Arrest
5511,814,613,2022-05-04,Arrest
5512,3736,5786,2026-01-10,Surrender
5513,2459,3201,2026-06-19,Surrender
5514,36,2268,2023-08-13,Arrest
5515,4252,8529,2026-06-21,Arrest
5516,3423,7006,2025-08-26,Arrest
5517,4199,1899,2024-03-28,Arrest
5518,2286,5843,2023-04-04,Arrest
5519,1983,259,2026-06-30,Arrest
5520,148,2925,2022-06-16,Arrest
5521,4038,4944,2023-02-24,Arrest
5522,785,2823,2023-08-03,Surrender
5523,3364,3340,2024-09-07,Surrender
5524,4049,3526,2026-03-10,Arrest
5525,1474,4564,2023-06-11,Arrest
5526,2371,5330,2023-01-23,Arrest
5527,2339,5224,2023-08-12,Arrest
5528,706,2286,2024-08-30,Arrest
5529,3297,7774,2026-06-29,Arrest
5530,411,7363,2024-06-04,Arrest
5531,4582,485,2026-05-06,Arrest
5532,4406,2212,2022-06-15,Arrest
5533,1382,5417,2025-03-19,Arrest
5534,1170,6995,2024-11-27,Surrender
5535,214,2556,2026-04-11,Arrest
5536,2106,8,2025-05-14,Surrender
5537,2228,3658,2025-12-05,Surrender
5538,4882,7798,2024-03-06,Arrest
5539,3755,4875,2023-11-22,Arrest
5540,1307,4403,2023-01-03,Arrest
5541,492,7434,2024-09-08,Arrest
5542,2637,2427,2024-03-23,Arrest
5543,3383,1815,2024-05-01,Arrest
5544,4044,8387,2025-09-17,Arrest
5545,4948,2275,2023-09-26,Arrest
5546,2322,1012,2024-07-07,Surrender
5547,21,6250,2026-03-11,Arrest
5548,2189,1068,2025-05-18,Arrest
5549,1833,1992,2022-05-15,Surrender
5550,4112,3971,2024-01-13,Arrest
5551,2664,7874,2022-09-28,Arrest
5552,4786,6563,2023-04-23,Arrest
5553,3946,8019,2022-03-14,Arrest
5554,1336,8069,2023-04-17,Arrest
5555,4187,3868,2026-06-30,Arrest
5556,4212,8202,2023-03-10,Arrest
5557,1628,3049,2024-12-27,Arrest
5558,2510,782,2026-06-30,Arrest
5559,2499,2676,2023-01-21,Arrest
5560,2673,1750,2024-12-22,Arrest
5561,4626,2792,2023-07-22,Arrest
5562,155,4980,2025-02-24,Arrest
5563,3618,1092,2026-01-18,Arrest
5564,2231,6376,2023-07-29,Arrest
5565,4923,7777,2026-03-16,Arrest
5566,4325,7832,2025-10-04,Arrest
5567,1932,7473,2022-04-24,Arrest
5568,2187,5056,2022-02-15,Arrest
5569,4901,2609,2026-05-26,Arrest
5570,447,7703,2026-04-06,Arrest
5571,1762,2291,2025-02-09,Arrest
5572,1447,1728,2022-07-05,Arrest
5573,814,611,2022-05-30,Surrender
5574,4069,4667,2026-06-11,Arrest
5575,2422,6482,2026-05-20,Surrender
5576,2442,344,2023-04-11,Arrest
5577,4492,6451,2025-09-23,Arrest
5578,4703,7182,2022-07-13,Arrest
5579,1636,3751,2025-09-20,Arrest
5580,3670,6604,2023-11-08,Arrest
5581,825,8033,2026-06-30,Arrest
5582,1189,3216,2024-01-03,Arrest
5583,4026,98,2024-09-30,Surrender
5584,3747,5804,2023-03-13,Arrest
5585,137,5177,2024-11-11,Arrest
5586,3088,1538,2025-12-01,Arrest
5587,3854,3589,2022-05-29,Arrest
5588,2360,5610,2022-04-16,Arrest
5589,1510,3649,2024-02-04,Arrest
5590,3389,7328,2025-01-17,Arrest
5591,4512,5713,2024-08-24,Arrest
5592,3059,1518,2025-10-01,Arrest
5593,4503,5062,2024-08-18,Arrest
5594,1657,8104,2024-06-05,Arrest
5595,525,4625,2022-05-21,Arrest
5596,674,4273,2026-06-30,Surrender
5597,2669,3670,2025-09-29,Arrest
5598,3166,2091,2025-04-14,Surrender
5599,20,573,2022-06-14,Arrest
5600,4087,8329,2024-05-23,Arrest
5601,1953,6985,2026-06-30,Surrender
5602,3924,7643,2025-12-03,Arrest
5603,2866,3063,2026-05-06,Arrest
5604,1767,5853,2024-01-07,Arrest
5605,1365,6676,2026-04-24,Arrest
5606,1048,5996,2022-04-30,Arrest
5607,146,7507,2023-12-01,Surrender
5608,1485,6181,2023-05-25,Arrest
5609,4488,4480,2024-09-11,Arrest
5610,3153,8114,2024-11-28,Surrender
5611,3671,371,2025-08-01,Arrest
5612,588,1939,2022-06-24,Arrest
5613,2912,6526,2024-10-03,Arrest
5614,1863,7939,2025-05-20,Arrest
5615,3070,3671,2022-10-04,Surrender
5616,4770,3653,2025-07-22,Arrest
5617,87,5202,2023-05-08,Arrest
5618,1958,2362,2026-01-02,Arrest
5619,2091,4261,2024-10-13,Surrender
5620,2800,5433,2022-11-19,Arrest
5621,3881,4992,2024-05-14,Arrest
5622,2529,5754,2026-06-30,Arrest
5623,726,8241,2023-06-21,Arrest
5624,3614,3738,2026-06-06,Arrest
5625,3430,5686,2022-11-23,Arrest
5626,1301,6365,2026-03-28,Arrest
5627,1337,7368,2023-07-11,Arrest
5628,130,5592,2024-02-04,Arrest
5629,249,1172,2022-03-19,Arrest
5630,1603,6007,2025-02-27,Arrest
5631,4858,1423,2025-06-14,Arrest
5632,3104,8226,2023-04-03,Arrest
5633,2092,8105,2025-05-30,Surrender
5634,3733,6063,2025-07-03,Arrest
5635,3907,7794,2022-08-08,Arrest
5636,2391,875,2023-01-22,Arrest
5637,3233,2298,2023-07-16,Arrest
5638,1266,2644,2022-06-14,Arrest
5639,923,7969,2022-04-08,Arrest
5640,267,5348,2026-02-26,Arrest
5641,3923,841,2026-04-15,Arrest
5642,3835,582,2023-04-30,Surrender
5643,4839,205,2023-10-04,Arrest
5644,1721,1642,2023-06-21,Arrest
5645,1414,2015,2025-03-03,Surrender
5646,303,3254,2024-09-13,Arrest
5647,2317,5701,2026-06-30,Arrest
5648,4335,906,2025-10-30,Arrest
5649,4122,632,2023-08-12,Arrest
5650,4592,6548,2024-12-18,Arrest
5651,534,6342,2025-04-18,Arrest
5652,3552,1975,2024-12-23,Arrest
5653,1815,163,2025-07-15,Surrender
5654,2127,4999,2022-11-11,Arrest
5655,4753,6299,2024-08-14,Arrest
5656,2167,8230,2026-01-05,Arrest
5657,2712,5876,2024-07-30,Arrest
5658,4801,4714,2022-04-08,Arrest
5659,844,876,2023-06-03,Arrest
5660,1240,1432,2023-10-16,Arrest
5661,154,4644,2024-12-08,Arrest
5662,1409,5081,2024-03-31,Arrest
5663,3213,7748,2026-06-30,Arrest
5664,2378,5767,2026-04-09,Arrest
5665,3590,5872,2025-12-01,Surrender
5666,959,8220,2024-02-05,Arrest
5667,24,2857,2022-11-24,Arrest
5668,4790,1862,2025-01-10,Arrest
5669,1207,2660,2022-11-30,Surrender
5670,2998,3385,2023-04-30,Arrest
5671,2827,8333,2024-02-21,Arrest
5672,1068,8524,2025-09-02,Arrest
5673,4388,6111,2022-06-15,Surrender
5674,430,6434,2023-11-19,Arrest
5675,4420,4734,2025-10-09,Arrest
5676,4262,3332,2024-02-11,Arrest
5677,2908,7528,2025-12-26,Arrest
5678,1017,6933,2024-01-07,Arrest
5679,504,6433,2023-04-26,Arrest
5680,4889,2097,2026-06-30,Arrest
5681,4202,2004,2024-08-20,Arrest
5682,3203,7140,2023-10-13,Surrender
5683,3697,6275,2026-01-09,Arrest
5684,511,5018,2023-02-28,Arrest
5685,2606,547,2022-06-27,Arrest
5686,4929,1450,2023-09-19,Arrest
5687,465,6399,2024-01-24,Arrest
5688,3987,2611,2022-07-24,Arrest
5689,3381,1901,2026-06-30,Arrest
5690,1924,7255,2025-09-21,Arrest
5691,1083,2758,2025-10-29,Arrest
5692,4638,1886,2022-09-01,Arrest
5693,385,8566,2023-11-11,Arrest
5694,1953,6986,2026-06-30,Arrest
5695,4051,2098,2026-04-22,Arrest
5696,579,8002,2023-07-26,Arrest
5697,2642,5693,2022-11-23,Arrest
5698,488,500,2025-03-31,Arrest
5699,3367,5625,2023-12-26,Arrest
5700,613,837,2024-01-07,Arrest
5701,181,3472,2026-03-31,Arrest
5702,2432,4698,2022-05-03,Arrest
5703,757,7325,2026-01-07,Arrest
5704,2496,2172,2022-08-12,Arrest
5705,4806,7907,2022-06-18,Surrender
5706,1811,5679,2023-02-01,Arrest
5707,777,7980,2023-02-03,Arrest
5708,3439,399,2024-03-12,Arrest
5709,1172,2011,2023-06-03,Arrest
5710,3172,5167,2022-10-19,Surrender
5711,2037,8538,2026-03-19,Arrest
5712,632,1284,2022-09-22,Arrest
5713,4173,6504,2023-07-12,Arrest
5714,4085,6741,2026-04-14,Arrest
5715,873,4257,2025-12-10,Arrest
5716,2559,1837,2024-02-07,Arrest
5717,3255,7634,2025-12-24,Arrest
5718,639,1020,2025-01-01,Arrest
5719,2665,6671,2023-09-02,Surrender
5720,22,1327,2026-03-19,Arrest
5721,2431,5723,2024-09-25,Arrest
5722,113,476,2026-04-13,Arrest
5723,2482,2811,2023-11-26,Arrest
5724,2256,6922,2022-03-29,Surrender
5725,479,1652,2026-06-30,Arrest
5726,1350,8374,2025-03-17,Arrest
5727,586,8255,2024-02-29,Surrender
5728,2580,2529,2023-08-24,Arrest
5729,667,1207,2025-01-24,Arrest
5730,4396,7628,2022-04-19,Arrest
5731,4317,5470,2025-04-24,Arrest
5732,1247,8157,2023-05-31,Arrest
5733,4975,7086,2025-04-18,Arrest
5734,3778,5826,2025-05-15,Arrest
5735,4981,868,2026-04-11,Surrender
5736,3120,2975,2024-04-22,Arrest
5737,3828,5237,2022-10-12,Arrest
5738,4393,5094,2026-05-20,Surrender
5739,1321,5434,2023-06-17,Arrest
5740,4483,542,2022-03-16,Surrender
5741,945,5196,2023-01-06,Arrest
5742,1642,1133,2025-01-22,Arrest
5743,3555,8580,2023-11-17,Surrender
5744,1356,7261,2026-06-30,Arrest
5745,931,3391,2022-06-24,Arrest
5746,2238,6634,2022-12-24,Arrest
5747,2725,2963,2025-05-15,Surrender
5748,4614,4156,2026-03-26,Arrest
5749,3526,3260,2026-06-30,Arrest
5750,4689,8298,2024-02-03,Arrest
5751,1663,8666,2026-03-17,Arrest
5752,716,2584,2026-03-18,Arrest
5753,1127,2814,2023-05-29,Surrender
5754,182,7143,2023-10-06,Arrest
5755,923,7970,2022-04-21,Surrender
5756,1451,5175,2024-07-13,Arrest
5757,3629,6355,2025-11-22,Surrender
5758,3854,3587,2022-04-02,Surrender
5759,1840,8047,2024-03-29,Surrender
5760,2264,6038,2024-02-22,Arrest
5761,46,7827,2024-07-29,Arrest
5762,2935,2631,2026-04-03,Arrest
5763,2280,7371,2023-07-21,Arrest
5764,3902,5886,2024-01-13,Surrender
5765,4095,5037,2024-12-11,Surrender
5766,2038,1081,2022-10-24,Arrest
5767,1405,4284,2026-05-02,Arrest
5768,457,2086,2026-06-30,Surrender
5769,4655,2453,2025-09-25,Arrest
5770,3323,4967,2024-12-26,Arrest
5771,2704,2024,2025-04-26,Arrest
5772,4879,6099,2022-05-28,Arrest
5773,4671,7498,2025-11-12,Arrest
5774,1480,7077,2026-06-30,Arrest
5775,2146,227,2025-01-06,Arrest
5776,2322,1014,2024-08-10,Arrest
5777,32,1930,2022-08-16,Arrest
5778,309,6916,2026-06-11,Arrest
5779,673,5252,2025-04-04,Surrender
5780,2701,1405,2023-12-19,Arrest
5781,4949,2180,2022-04-05,Arrest
5782,299,698,2025-08-10,Arrest
5783,47,1125,2025-04-06,Arrest
5784,2027,3896,2024-08-22,Arrest
5785,3940,6382,2023-09-22,Arrest
5786,4969,5111,2023-04-16,Arrest
5787,2486,1779,2024-06-02,Arrest
5788,712,8637,2026-03-16,Surrender
5789,3640,2635,2023-06-28,Arrest
5790,150,3490,2025-03-12,Surrender
5791,799,6291,2022-11-15,Arrest
5792,230,1038,2022-06-08,Arrest
5793,4754,2257,2023-08-12,Arrest
5794,122,8416,2025-03-16,Surrender
5795,592,2614,2025-06-13,Arrest
5796,4494,314,2022-10-19,Surrender
5797,3352,2650,2022-11-22,Surrender
5798,471,2282,2022-04-10,Arrest
5799,3124,6612,2025-11-17,Arrest
5800,1442,2548,2022-04-04,Arrest
5801,4152,5513,2022-05-24,Surrender
5802,4998,5133,2024-05-08,Arrest
5803,2296,2160,2024-02-12,Arrest
5804,4855,3138,2023-01-03,Arrest
5805,3096,7653,2025-05-26,Surrender
5806,2941,3968,2026-05-30,Arrest
5807,480,1429,2022-05-05,Arrest
5808,4592,6551,2025-01-31,Arrest
5809,2612,2521,2026-05-10,Arrest
5810,4201,7938,2025-07-22,Arrest
5811,4543,6673,2022-07-10,Arrest
5812,3405,6818,2024-05-07,Arrest
5813,3830,6926,2025-12-27,Arrest
5814,2015,5603,2022-06-22,Arrest
5815,1954,449,2023-05-06,Surrender
5816,675,5829,2022-10-21,Surrender
5817,4956,1285,2022-03-30,Surrender
5818,2584,3728,2025-05-04,Arrest
5819,719,362,2023-11-06,Arrest
5820,2600,5231,2024-09-15,Arrest
5821,232,8127,2026-06-30,Arrest
5822,1889,7338,2023-03-06,Arrest
5823,1809,5150,2025-06-17,Surrender
5824,1521,2461,2025-11-08,Arrest
5825,3239,23,2023-05-26,Arrest
5826,3571,2067,2023-03-07,Arrest
5827,725,1654,2022-04-23,Arrest
5828,134,703,2023-12-29,Arrest
5829,4543,6675,2022-09-26,Arrest
5830,1113,2744,2022-05-10,Arrest
5831,3988,1377,2022-10-26,Arrest
5832,2282,7486,2025-09-19,Arrest
5833,3220,2469,2022-06-02,Arrest
5834,107,3755,2022-06-28,Arrest
5835,2117,2326,2022-09-07,Arrest
5836,4913,461,2022-12-20,Arrest
5837,3023,5164,2023-08-10,Surrender
5838,3942,4184,2025-09-15,Arrest
5839,2853,7559,2023-05-08,Arrest
5840,3156,4083,2022-04-27,Arrest
5841,4758,1487,2022-08-19,Arrest
5842,1697,3679,2024-06-04,Surrender
5843,4311,283,2025-11-01,Arrest
5844,3990,4559,2025-02-06,Surrender
5845,4813,4309,2025-05-07,Surrender
5846,758,4866,2024-09-08,Surrender
5847,4144,3538,2024-04-23,Surrender
5848,2861,6487,2024-10-11,Arrest
5849,716,2582,2026-01-22,Surrender
5850,853,1369,2025-12-01,Arrest
5851,4807,8248,2024-11-15,Arrest
5852,30,6199,2024-05-13,Surrender
5853,3339,598,2024-11-19,Arrest
5854,2968,4352,2023-01-25,Arrest
5855,867,7481,2026-03-17,Arrest
5856,125,4759,2025-11-30,Arrest
5857,519,647,2023-11-21,Arrest
5858,1443,8455,2022-08-26,Arrest
5859,4360,8484,2024-01-24,Surrender
5860,1031,3469,2022-09-08,Arrest
5861,3338,5901,2023-03-15,Surrender
5862,2961,2991,2022-05-10,Arrest
5863,583,8194,2025-12-12,Arrest
5864,3755,4876,2024-01-22,Arrest
5865,3126,2545,2026-06-30,Surrender
5866,650,6852,2023-09-25,Arrest
5867,3009,5342,2026-06-21,Arrest
5868,4816,6754,2024-08-06,Surrender
5869,4809,4067,2025-02-27,Arrest
5870,981,3989,2024-01-22,Surrender
5871,3728,2161,2025-11-30,Arrest
5872,1120,686,2024-12-20,Arrest
5873,3287,5891,2024-11-25,Arrest
5874,1020,3244,2025-07-04,Arrest
5875,2238,6633,2022-10-27,Arrest
5876,3509,7156,2024-09-27,Arrest
5877,4260,4084,2025-05-24,Arrest
5878,677,2838,2024-09-30,Arrest
5879,1347,3698,2023-10-10,Arrest
5880,3024,4942,2022-11-05,Arrest
5881,1564,8068,2025-05-08,Surrender
5882,3057,5785,2023-01-08,Surrender
5883,3785,4041,2025-03-01,Surrender
5884,3704,2231,2026-03-03,Arrest
5885,2115,6730,2025-04-15,Surrender
5886,200,2321,2026-06-30,Arrest
5887,4455,4879,2024-09-03,Surrender
5888,3722,522,2025-08-06,Surrender
5889,3722,523,2025-07-20,Arrest
5890,2383,5346,2024-08-14,Arrest
5891,1806,7190,2022-04-06,Arrest
5892,3031,8128,2024-04-02,Arrest
5893,446,7406,2024-03-30,Arrest
5894,2418,6955,2025-11-17,Arrest
5895,4556,781,2026-02-05,Arrest
5896,962,7203,2026-06-22,Arrest
5897,2445,6256,2026-06-30,Arrest
5898,1419,5608,2023-03-05,Arrest
5899,2261,652,2025-11-25,Arrest
5900,3462,6876,2024-01-21,Arrest
5901,2438,2197,2023-08-20,Arrest
5902,1999,6544,2025-04-22,Surrender
5903,3671,370,2025-05-29,Arrest
5904,4036,6050,2026-03-22,Arrest
5905,3431,4215,2025-04-08,Arrest
5906,807,378,2024-04-18,Arrest
5907,2861,6488,2024-10-08,Arrest
5908,2629,2217,2023-05-16,Arrest
5909,2605,7017,2022-09-09,Arrest
5910,1729,1614,2023-08-27,Arrest
5911,3359,1828,2026-06-20,Arrest
5912,1760,3633,2025-03-24,Surrender
5913,4701,963,2024-07-08,Arrest
5914,390,2994,2022-09-29,Surrender
5915,2621,8431,2024-03-02,Surrender
5916,4958,8469,2024-12-11,Surrender
5917,2445,6257,2026-06-30,Arrest
5918,719,360,2023-11-04,Arrest
5919,2285,3840,2024-05-11,Arrest
5920,112,6180,2024-07-23,Arrest
5921,4843,1247,2024-11-11,Arrest
5922,3649,6436,2025-02-06,Arrest
5923,3244,5088,2025-06-16,Arrest
5924,3912,3695,2022-10-03,Arrest
5925,3084,7769,2022-11-11,Arrest
5926,1393,6760,2022-04-29,Arrest
5927,3664,2568,2026-06-10,Surrender
5928,4300,3424,2024-07-05,Arrest
5929,2759,2038,2026-02-16,Arrest
5930,1366,773,2026-02-05,Surrender
5931,922,5381,2023-02-22,Arrest
5932,2533,8335,2024-12-27,Arrest
5933,1392,3563,2025-08-20,Arrest
5934,185,563,2022-11-09,Surrender
5935,3171,2547,2023-06-07,Arrest
5936,1965,5511,2025-04-08,Arrest
5937,2371,5331,2023-02-05,Arrest
5938,614,6114,2026-02-14,Arrest
5939,1116,4532,2024-11-23,Arrest
5940,3377,1675,2024-04-23,Surrender
5941,4628,366,2022-12-01,Arrest
5942,3868,6061,2026-04-04,Arrest
5943,1592,5971,2023-11-20,Arrest
5944,292,4328,2025-02-16,Surrender
5945,2197,148,2023-10-03,Arrest
5946,4777,8092,2023-02-22,Arrest
5947,3873,3089,2025-02-13,Arrest
5948,2507,7263,2025-07-11,Arrest
5949,440,408,2025-12-18,Arrest
5950,3752,8350,2024-12-13,Surrender
5951,1432,3457,2023-01-10,Arrest
5952,3942,4183,2025-12-01,Arrest
5953,1445,3577,2026-02-01,Arrest
5954,2666,3272,2022-07-06,Surrender
5955,3476,4941,2025-06-23,Arrest
5956,2892,1032,2026-05-12,Arrest
5957,114,6042,2023-05-19,Arrest
5958,2914,8554,2025-02-12,Arrest
5959,2563,856,2023-01-28,Arrest
5960,508,3927,2025-10-25,Surrender
5961,676,79,2026-05-27,Surrender
5962,396,2248,2026-05-04,Arrest
5963,2219,6830,2023-02-23,Arrest
5964,3336,8678,2024-02-17,Arrest
5965,1192,8338,2024-12-15,Arrest
5966,2781,7124,2025-08-03,Surrender
5967,1072,6350,2023-03-13,Arrest
5968,3834,789,2025-08-24,Arrest
5969,4443,2280,2026-06-23,Arrest
5970,1830,4096,2024-04-23,Surrender
5971,1525,3898,2023-12-19,Surrender
5972,497,6010,2023-08-28,Surrender
5973,461,7648,2024-06-13,Arrest
5974,4012,3632,2023-11-06,Arrest
5975,3207,6903,2026-06-30,Arrest
5976,1943,425,2024-09-11,Arrest
5977,2505,393,2024-08-27,Arrest
5978,4677,7887,2023-05-26,Arrest
5979,1283,17,2025-12-25,Arrest
5980,4365,4201,2022-12-12,Arrest
5981,1288,2673,2024-10-18,Surrender
5982,857,2445,2022-05-10,Arrest
5983,4863,6240,2026-04-13,Surrender
5984,1735,3494,2025-08-26,Surrender
5985,4641,1460,2026-06-30,Arrest
5986,4812,6658,2023-06-19,Arrest
5987,1276,7418,2022-11-25,Surrender
5988,597,6733,2025-05-19,Arrest
5989,4761,6126,2022-04-19,Arrest
5990,953,3836,2022-05-13,Arrest
5991,3706,8043,2024-09-05,Arrest
5992,2724,5684,2025-11-02,Arrest
5993,4618,7146,2022-04-06,Arrest
5994,42,5828,2024-07-01,Arrest
5995,3251,8499,2022-05-08,Arrest
5996,3138,4725,2024-05-30,Arrest
5997,3160,7147,2023-03-21,Surrender
5998,86,5888,2022-10-16,Arrest
5999,2888,2356,2025-04-07,Arrest
6000,2063,4799,2022-08-18,Arrest
6001,992,2443,2023-12-17,Arrest
6002,70,6391,2022-11-25,Arrest
6003,3151,4593,2025-05-03,Surrender
6004,3063,7164,2023-07-13,Arrest
6005,2051,465,2022-01-18,Surrender
6006,3242,164,2022-03-29,Arrest
6007,1406,7962,2026-06-30,Arrest
6008,1827,8217,2023-03-25,Arrest
6009,1068,8525,2025-09-17,Arrest
6010,331,242,2024-02-28,Arrest
6011,2484,2010,2025-09-06,Arrest
6012,2297,3085,2024-10-27,Arrest
6013,4370,901,2023-04-11,Arrest
6014,2225,5543,2025-07-23,Surrender
6015,1713,7048,2025-09-14,Arrest
6016,652,8423,2024-08-13,Surrender
6017,2287,4838,2022-05-10,Arrest
6018,4217,2294,2023-05-23,Arrest
6019,1920,7542,2022-08-06,Arrest
6020,1546,4482,2025-11-16,Surrender
6021,3246,5303,2024-07-21,Arrest
6022,762,4606,2024-07-24,Arrest
6023,3349,3717,2023-10-19,Arrest
6024,414,7640,2023-12-01,Arrest
6025,3675,1765,2023-11-13,Arrest
6026,3097,1550,2022-06-27,Arrest
6027,94,3030,2026-02-17,Arrest
6028,3016,6963,2025-04-05,Arrest
6029,365,2045,2025-06-02,Arrest
6030,4886,768,2024-08-15,Surrender
6031,3885,5694,2023-10-04,Arrest
6032,2729,1509,2023-05-23,Surrender
6033,3368,3303,2022-11-10,Arrest
6034,3090,4518,2025-05-07,Arrest
6035,2532,4220,2024-10-19,Arrest
6036,2329,8260,2023-12-17,Arrest
6037,2230,7755,2024-09-02,Arrest
6038,3168,3293,2026-04-30,Arrest
6039,838,820,2024-05-24,Arrest
6040,1164,1404,2023-06-16,Arrest
6041,2709,1383,2022-08-29,Arrest
6042,4830,2149,2024-04-04,Arrest
6043,25,5672,2026-05-08,Arrest
6044,4155,1639,2023-02-24,Surrender
6045,3287,5892,2024-10-10,Arrest
6046,4686,609,2022-02-10,Arrest
6047,95,400,2023-12-17,Surrender
6048,3049,883,2024-01-20,Arrest
6049,2633,3566,2025-08-22,Arrest
6050,3833,4286,2024-02-03,Surrender
6051,1368,1180,2023-04-19,Arrest
6052,1411,5449,2023-10-13,Arrest
6053,1362,4245,2024-12-31,Arrest
6054,1338,5219,2022-05-02,Arrest
6055,892,8061,2023-03-24,Arrest
6056,1574,2131,2023-09-26,Arrest
6057,1409,5079,2024-04-26,Arrest
6058,607,457,2026-06-11,Arrest
6059,881,7007,2025-11-28,Surrender
6060,23,7930,2023-10-13,Arrest
6061,587,1951,2024-11-06,Arrest
6062,2160,5373,2023-06-23,Arrest
6063,2515,690,2023-01-24,Surrender
6064,4789,7276,2022-11-13,Arrest
6065,872,8564,2022-07-05,Arrest
6066,587,1954,2024-10-19,Arrest
6067,2697,5637,2023-06-01,Surrender
6068,195,2711,2025-02-07,Arrest
6069,2409,6808,2023-09-22,Arrest
6070,3797,6845,2025-01-03,Arrest
6071,4104,4350,2023-12-14,Surrender
6072,3137,7986,2024-08-24,Arrest
6073,2880,1885,2023-01-02,Arrest
6074,3313,6940,2024-12-15,Arrest
6075,1782,8139,2025-08-17,Arrest
6076,2450,2495,2022-06-25,Surrender
6077,3195,6579,2022-11-16,Arrest
6078,1742,3037,2024-09-13,Arrest
6079,4729,5778,2026-06-30,Surrender
6080,2949,3604,2025-11-26,Arrest
6081,405,846,2024-07-22,Surrender
6082,4483,543,2022-04-07,Arrest
6083,1284,3725,2023-03-03,Arrest
6084,81,4188,2022-10-17,Surrender
6085,344,3680,2025-09-23,Arrest
6086,4421,7349,2022-11-11,Surrender
6087,1573,6076,2024-09-19,Arrest
6088,4863,6243,2026-05-03,Arrest
6089,4445,7529,2022-11-13,Surrender
6090,3546,6339,2023-08-21,Arrest
6091,2909,2965,2023-05-04,Surrender
6092,2580,2530,2023-08-30,Arrest
6093,1211,5773,2023-02-25,Arrest
6094,946,1049,2025-11-30,Surrender
6095,1344,1961,2023-05-24,Arrest
6096,2580,2531,2023-09-27,Arrest
6097,4661,6787,2025-07-27,Arrest
6098,364,238,2022-04-27,Arrest
6099,2415,4918,2025-09-20,Arrest
6100,919,1134,2025-02-16,Arrest
6101,1597,5902,2024-12-22,Arrest
6102,3770,7614,2022-07-28,Surrender
6103,2091,4260,2024-12-01,Surrender
6104,3463,7259,2025-07-05,Arrest
6105,1051,6816,2022-04-27,Arrest
