CaseMasterID,CrimeNo,CrimeRegisteredDate,PoliceStationID,CrimeMajorHeadID,GravityOffenceID,latitude,longitude,BriefFacts
1,KSP/2022/7912,2022-11-15,5,10,2,12.96993,77.60513,Patrol unit responded to eve teasing call. One suspect apprehended.
2,KSP/2023/4611,2023-09-10,58,1,4,12.972323,77.607083,Patrol unit responded to cyber crime call. One suspect apprehended.
3,KSP/2025/3547,2025-08-06,28,10,2,12.987135,77.641109,Anonymous tip received regarding eve teasing. Investigation initiated.
4,KSP/2024/1711,2024-12-04,94,15,5,12.975449,77.75,Patrol unit responded to child offences call. One suspect apprehended.
5,KSP/2024/4150,2024-06-29,91,8,3,12.976967,77.591749,Patrol unit responded to fraud & cheating call. One suspect apprehended.
6,KSP/2023/5554,2023-12-25,59,2,3,13.02809,77.507907,Complainant reported property theft at Malleshwaram. Suspect fled the scene.
7,KSP/2024/3803,2024-04-09,69,10,2,12.96275,77.75,Complainant reported eve teasing at HSR Layout. Suspect fled the scene.
8,KSP/2023/1916,2023-11-14,30,11,3,12.93869,77.625717,Anonymous tip received regarding land disputes. Investigation initiated.
9,KSP/2024/9179,2024-09-04,51,13,2,12.955485,77.64323,FIR lodged following missing persons incident. Victim sustained minor injuries.
10,KSP/2024/7543,2024-03-27,47,14,3,13.026929,77.557432,Patrol unit responded to domestic violence call. One suspect apprehended.
11,KSP/2022/3621,2022-05-27,88,4,4,13.003463,77.619608,Complainant reported assault & violence at Whitefield. Suspect fled the scene.
12,KSP/2024/2876,2024-02-21,88,8,3,12.934816,77.628445,Patrol unit responded to fraud & cheating call. One suspect apprehended.
13,KSP/2024/8433,2024-06-30,1,14,3,12.991595,77.566415,domestic violence reported near Whitefield. CCTV footage under review.
14,KSP/2023/5889,2023-07-10,82,15,5,12.908515,77.667614,Patrol unit responded to child offences call. One suspect apprehended.
15,KSP/2022/9005,2022-01-02,3,9,2,12.969547,77.613539,Patrol unit responded to unlawful assembly call. One suspect apprehended.
16,KSP/2024/2290,2024-01-14,11,2,3,12.996883,77.747395,Complainant reported property theft at Koramangala. Suspect fled the scene.
17,KSP/2023/8787,2023-01-26,71,12,4,12.978326,77.637449,FIR lodged following communal offences incident. Victim sustained minor injuries.
18,KSP/2023/7118,2023-09-17,57,3,3,12.904832,77.600453,Anonymous tip received regarding vehicle theft. Investigation initiated.
19,KSP/2022/4770,2022-03-07,76,14,3,12.935272,77.629956,Patrol unit responded to domestic violence call. One suspect apprehended.
20,KSP/2022/9423,2022-04-08,31,4,4,12.96425,77.586664,Anonymous tip received regarding assault & violence. Investigation initiated.
21,KSP/2026/8749,2026-01-08,53,5,5,12.91188,77.618632,FIR lodged following narcotics incident. Victim sustained minor injuries.
22,KSP/2025/2612,2025-12-21,8,3,3,12.957309,77.60121,Complainant reported vehicle theft at BTM Layout. Suspect fled the scene.
23,KSP/2023/3296,2023-08-14,55,7,5,12.977121,77.741237,Patrol unit responded to robbery & dacoity call. One suspect apprehended.
24,KSP/2022/9856,2022-11-01,2,3,3,12.939386,77.620287,Complainant reported vehicle theft at BTM Layout. Suspect fled the scene.
25,KSP/2026/7570,2026-02-17,8,15,5,12.915258,77.642637,child offences reported near Koramangala. CCTV footage under review.
26,KSP/2025/8973,2025-11-14,20,3,3,12.945132,77.616378,Anonymous tip received regarding vehicle theft. Investigation initiated.
27,KSP/2022/1821,2022-07-09,75,3,3,12.998638,77.615991,Anonymous tip received regarding vehicle theft. Investigation initiated.
28,KSP/2026/2122,2026-04-27,77,8,3,12.904964,77.649002,Complainant reported fraud & cheating at Whitefield. Suspect fled the scene.
29,KSP/2024/1651,2024-02-04,80,2,3,12.880586,77.670322,Patrol unit responded to property theft call. One suspect apprehended.
30,KSP/2024/6147,2024-03-21,31,2,3,13.009801,77.545787,FIR lodged following property theft incident. Victim sustained minor injuries.
31,KSP/2022/2638,2022-08-14,10,5,5,12.961478,77.581465,Complainant reported narcotics at Yelahanka. Suspect fled the scene.
32,KSP/2022/5669,2022-08-02,21,9,2,12.944557,77.634777,FIR lodged following unlawful assembly incident. Victim sustained minor injuries.
33,KSP/2022/2697,2022-01-25,18,8,3,12.825938,77.717765,Patrol unit responded to fraud & cheating call. One suspect apprehended.
34,KSP/2024/6617,2024-05-25,27,5,5,12.909585,77.641291,Patrol unit responded to narcotics call. One suspect apprehended.
35,KSP/2022/7939,2022-06-07,36,11,3,12.948599,77.639612,Complainant reported land disputes at BTM Layout. Suspect fled the scene.
36,KSP/2023/8007,2023-05-18,72,1,4,12.998327,77.75,cyber crime reported near Electronic City. CCTV footage under review.
37,KSP/2022/3426,2022-04-22,56,1,4,12.995698,77.57284,Anonymous tip received regarding cyber crime. Investigation initiated.
38,KSP/2022/5088,2022-05-04,86,2,3,12.991341,77.734038,Anonymous tip received regarding property theft. Investigation initiated.
39,KSP/2023/3900,2023-04-26,53,2,3,12.971436,77.629807,FIR lodged following property theft incident. Victim sustained minor injuries.
40,KSP/2024/2771,2024-02-11,49,1,4,12.972882,77.610149,Anonymous tip received regarding cyber crime. Investigation initiated.
41,KSP/2025/4728,2025-12-01,29,13,2,12.964761,77.667213,Anonymous tip received regarding missing persons. Investigation initiated.
42,KSP/2024/9346,2024-05-17,52,1,4,12.961643,77.63363,Anonymous tip received regarding cyber crime. Investigation initiated.
43,KSP/2024/5349,2024-03-22,5,11,3,12.958268,77.643098,FIR lodged following land disputes incident. Victim sustained minor injuries.
44,KSP/2026/4114,2026-05-08,33,2,3,12.968051,77.737003,Complainant reported property theft at Malleshwaram. Suspect fled the scene.
45,KSP/2023/2146,2023-09-05,86,1,4,12.942826,77.746506,Anonymous tip received regarding cyber crime. Investigation initiated.
46,KSP/2024/7691,2024-07-22,42,14,3,13.017793,77.544379,Patrol unit responded to domestic violence call. One suspect apprehended.
47,KSP/2025/5930,2025-03-23,52,7,5,12.986718,77.618437,FIR lodged following robbery & dacoity incident. Victim sustained minor injuries.
48,KSP/2024/8244,2024-09-28,87,9,2,12.967945,77.610076,unlawful assembly reported near Yelahanka. CCTV footage under review.
49,KSP/2023/9445,2023-06-12,85,4,4,12.956955,77.60894,Complainant reported assault & violence at Hebbal. Suspect fled the scene.
50,KSP/2024/4262,2024-08-22,19,10,2,12.980227,77.727159,FIR lodged following eve teasing incident. Victim sustained minor injuries.
51,KSP/2022/4185,2022-08-15,92,1,4,12.946951,77.611744,cyber crime reported near Malleshwaram. CCTV footage under review.
52,KSP/2022/7965,2022-01-18,29,11,3,12.936028,77.6464,Complainant reported land disputes at Mysuru Road. Suspect fled the scene.
53,KSP/2024/3184,2024-02-14,60,3,3,13.005215,77.619458,Complainant reported vehicle theft at Yelahanka. Suspect fled the scene.
54,KSP/2025/9270,2025-10-07,55,11,3,12.979688,77.599273,Patrol unit responded to land disputes call. One suspect apprehended.
55,KSP/2026/5050,2026-01-14,82,13,2,12.859665,77.662103,missing persons reported near Hebbal. CCTV footage under review.
56,KSP/2025/5681,2025-09-28,31,5,5,12.978959,77.581072,Complainant reported narcotics at Bannerghatta Road. Suspect fled the scene.
57,KSP/2023/3503,2023-12-20,91,5,5,12.961873,77.747856,narcotics reported near Bannerghatta Road. CCTV footage under review.
58,KSP/2022/7381,2022-07-13,99,4,4,12.961625,77.75,FIR lodged following assault & violence incident. Victim sustained minor injuries.
59,KSP/2025/6763,2025-03-27,39,10,2,13.005879,77.559983,eve teasing reported near KR Market. CCTV footage under review.
60,KSP/2023/5471,2023-11-17,56,12,4,12.974968,77.635491,communal offences reported near Koramangala. CCTV footage under review.
61,KSP/2023/9751,2023-05-28,4,9,2,12.956706,77.726477,unlawful assembly reported near Whitefield. CCTV footage under review.
62,KSP/2025/3977,2025-08-24,7,14,3,12.836635,77.671634,FIR lodged following domestic violence incident. Victim sustained minor injuries.
63,KSP/2025/7906,2025-03-23,33,5,5,12.956736,77.75,Anonymous tip received regarding narcotics. Investigation initiated.
64,KSP/2024/2124,2024-12-23,100,13,2,12.93517,77.619594,FIR lodged following missing persons incident. Victim sustained minor injuries.
65,KSP/2022/4908,2022-03-05,17,15,5,12.982692,77.59679,Patrol unit responded to child offences call. One suspect apprehended.
66,KSP/2024/2876,2024-03-07,100,8,3,12.987482,77.589191,Anonymous tip received regarding fraud & cheating. Investigation initiated.
67,KSP/2024/7149,2024-08-27,51,13,2,13.012662,77.622149,Patrol unit responded to missing persons call. One suspect apprehended.
68,KSP/2024/5941,2024-01-25,88,14,3,12.952137,77.591742,Complainant reported domestic violence at Bannerghatta Road. Suspect fled the scene.
69,KSP/2024/7071,2024-12-14,9,10,2,12.997672,77.591944,Patrol unit responded to eve teasing call. One suspect apprehended.
70,KSP/2022/8532,2022-11-24,91,9,2,12.98613,77.727298,unlawful assembly reported near Jayanagar. CCTV footage under review.
71,KSP/2026/5397,2026-02-11,42,3,3,12.950054,77.591638,vehicle theft reported near Malleshwaram. CCTV footage under review.
72,KSP/2024/7209,2024-01-28,44,13,2,12.986507,77.656052,missing persons reported near HSR Layout. CCTV footage under review.
73,KSP/2024/5526,2024-03-13,72,1,4,12.964302,77.649422,Anonymous tip received regarding cyber crime. Investigation initiated.
74,KSP/2026/4937,2026-02-26,89,1,4,13.030556,77.632264,Patrol unit responded to cyber crime call. One suspect apprehended.
75,KSP/2024/4986,2024-07-03,40,8,3,12.987349,77.580895,FIR lodged following fraud & cheating incident. Victim sustained minor injuries.
76,KSP/2024/8434,2024-10-24,35,11,3,12.956802,77.745361,Anonymous tip received regarding land disputes. Investigation initiated.
77,KSP/2023/8933,2023-07-30,36,5,5,12.973456,77.59435,FIR lodged following narcotics incident. Victim sustained minor injuries.
78,KSP/2022/4727,2022-11-09,47,11,3,12.997911,77.618114,FIR lodged following land disputes incident. Victim sustained minor injuries.
79,KSP/2022/3068,2022-06-19,82,3,3,12.959863,77.592043,Patrol unit responded to vehicle theft call. One suspect apprehended.
80,KSP/2025/6582,2025-12-29,24,13,2,12.948858,77.610445,missing persons reported near Yelahanka. CCTV footage under review.
81,KSP/2022/2213,2022-07-23,74,15,5,12.980568,77.601562,child offences reported near Yelahanka. CCTV footage under review.
82,KSP/2024/2940,2024-08-01,72,10,2,12.983021,77.610154,Complainant reported eve teasing at Koramangala. Suspect fled the scene.
83,KSP/2026/8253,2026-06-12,39,12,4,12.842616,77.666621,communal offences reported near Yelahanka. CCTV footage under review.
84,KSP/2022/4457,2022-11-05,34,13,2,13.002875,77.639643,FIR lodged following missing persons incident. Victim sustained minor injuries.
85,KSP/2022/8699,2022-01-09,38,11,3,12.97433,77.59986,land disputes reported near Yelahanka. CCTV footage under review.
86,KSP/2022/4241,2022-08-10,55,1,4,12.969733,77.636298,FIR lodged following cyber crime incident. Victim sustained minor injuries.
87,KSP/2023/3718,2023-03-18,40,2,3,12.982789,77.616692,Complainant reported property theft at KR Market. Suspect fled the scene.
88,KSP/2025/7594,2025-12-27,35,10,2,12.974194,77.632335,Anonymous tip received regarding eve teasing. Investigation initiated.
89,KSP/2025/5102,2025-09-04,4,9,2,12.938943,77.626572,Anonymous tip received regarding unlawful assembly. Investigation initiated.
90,KSP/2022/1659,2022-03-06,98,2,3,13.020093,77.603166,Anonymous tip received regarding property theft. Investigation initiated.
91,KSP/2023/9056,2023-07-18,12,12,4,12.91583,77.597301,Patrol unit responded to communal offences call. One suspect apprehended.
92,KSP/2023/9117,2023-05-15,37,8,3,12.966755,77.75,Anonymous tip received regarding fraud & cheating. Investigation initiated.
93,KSP/2022/6296,2022-10-01,15,11,3,12.97007,77.745807,Anonymous tip received regarding land disputes. Investigation initiated.
94,KSP/2025/4073,2025-12-06,67,15,5,12.925325,77.74581,child offences reported near KR Market. CCTV footage under review.
95,KSP/2023/3146,2023-09-25,37,7,5,12.972127,77.562035,Anonymous tip received regarding robbery & dacoity. Investigation initiated.
96,KSP/2024/1224,2024-01-14,71,8,3,13.019162,77.607881,FIR lodged following fraud & cheating incident. Victim sustained minor injuries.
97,KSP/2022/5781,2022-12-31,66,7,5,12.979799,77.601019,FIR lodged following robbery & dacoity incident. Victim sustained minor injuries.
98,KSP/2025/7284,2025-11-20,25,11,3,12.952944,77.75,Patrol unit responded to land disputes call. One suspect apprehended.
99,KSP/2024/9318,2024-05-08,35,14,3,12.956956,77.603895,domestic violence reported near Jayanagar. CCTV footage under review.
100,KSP/2026/9824,2026-03-02,62,13,2,12.969809,77.626226,FIR lodged following missing persons incident. Victim sustained minor injuries.
101,KSP/2024/4912,2024-09-26,74,6,5,12.823976,77.672544,FIR lodged following murder incident. Victim sustained minor injuries.
102,KSP/2026/3492,2026-01-09,64,7,5,12.948882,77.64698,robbery & dacoity reported near Malleshwaram. CCTV footage under review.
103,KSP/2022/9617,2022-11-08,59,15,5,12.984756,77.59169,child offences reported near MG Road. CCTV footage under review.
104,KSP/2022/5342,2022-08-21,44,1,4,12.998956,77.565809,cyber crime reported near Mysuru Road. CCTV footage under review.
105,KSP/2025/8994,2025-03-26,70,10,2,12.98152,77.75,Anonymous tip received regarding eve teasing. Investigation initiated.
106,KSP/2023/2612,2023-12-08,98,1,4,12.948649,77.569799,Complainant reported cyber crime at Malleshwaram. Suspect fled the scene.
107,KSP/2022/1919,2022-03-31,38,10,2,12.888346,77.658,Complainant reported eve teasing at Jayanagar. Suspect fled the scene.
108,KSP/2023/2293,2023-07-14,79,6,5,12.970364,77.75,FIR lodged following murder incident. Victim sustained minor injuries.
109,KSP/2023/5161,2023-03-21,59,13,2,12.841808,77.71008,FIR lodged following missing persons incident. Victim sustained minor injuries.
110,KSP/2023/6661,2023-05-06,76,4,4,12.982463,77.564208,Complainant reported assault & violence at Yelahanka. Suspect fled the scene.
111,KSP/2024/8916,2024-07-27,14,5,5,13.00393,77.604579,FIR lodged following narcotics incident. Victim sustained minor injuries.
112,KSP/2024/7484,2024-07-06,36,4,4,12.8,77.65569,Complainant reported assault & violence at BTM Layout. Suspect fled the scene.
113,KSP/2026/4770,2026-03-24,78,1,4,12.917156,77.610197,Anonymous tip received regarding cyber crime. Investigation initiated.
114,KSP/2023/1645,2023-03-01,40,13,2,12.979986,77.617798,Complainant reported missing persons at BTM Layout. Suspect fled the scene.
115,KSP/2024/7807,2024-07-05,23,12,4,12.96634,77.600577,Anonymous tip received regarding communal offences. Investigation initiated.
116,KSP/2026/5210,2026-04-09,62,3,3,12.970216,77.62997,Anonymous tip received regarding vehicle theft. Investigation initiated.
117,KSP/2025/4696,2025-12-26,87,15,5,12.994394,77.587498,Complainant reported child offences at Whitefield. Suspect fled the scene.
118,KSP/2025/7464,2025-02-10,2,11,3,13.036534,77.614465,Complainant reported land disputes at Mysuru Road. Suspect fled the scene.
119,KSP/2024/7086,2024-03-25,14,5,5,12.954689,77.612932,Patrol unit responded to narcotics call. One suspect apprehended.
120,KSP/2024/2035,2024-10-16,82,11,3,12.908943,77.599984,Patrol unit responded to land disputes call. One suspect apprehended.
121,KSP/2023/5986,2023-03-11,64,13,2,12.905051,77.664548,Complainant reported missing persons at KR Market. Suspect fled the scene.
122,KSP/2025/3531,2025-02-26,54,2,3,12.961331,77.603722,Patrol unit responded to property theft call. One suspect apprehended.
123,KSP/2024/7070,2024-05-19,28,10,2,12.933481,77.616426,Complainant reported eve teasing at Bannerghatta Road. Suspect fled the scene.
124,KSP/2025/6876,2025-02-15,8,8,3,13.014221,77.61459,Patrol unit responded to fraud & cheating call. One suspect apprehended.
125,KSP/2025/4475,2025-11-13,83,7,5,12.996753,77.627419,Complainant reported robbery & dacoity at BTM Layout. Suspect fled the scene.
126,KSP/2023/2124,2023-01-27,98,10,2,13.022836,77.624222,Patrol unit responded to eve teasing call. One suspect apprehended.
127,KSP/2023/5542,2023-04-04,19,9,2,12.844116,77.666921,Patrol unit responded to unlawful assembly call. One suspect apprehended.
128,KSP/2022/6869,2022-03-22,31,15,5,12.842073,77.670095,FIR lodged following child offences incident. Victim sustained minor injuries.
129,KSP/2025/2041,2025-07-31,61,10,2,12.970847,77.602374,Patrol unit responded to eve teasing call. One suspect apprehended.
130,KSP/2023/9543,2023-11-20,39,8,3,12.956116,77.740767,Patrol unit responded to fraud & cheating call. One suspect apprehended.
131,KSP/2025/2768,2025-06-01,63,8,3,13.025893,77.626388,fraud & cheating reported near BTM Layout. CCTV footage under review.
132,KSP/2023/5505,2023-04-06,80,11,3,12.945865,77.616676,Complainant reported land disputes at Whitefield. Suspect fled the scene.
133,KSP/2024/8048,2024-07-05,13,10,2,12.817833,77.720185,eve teasing reported near Electronic City. CCTV footage under review.
134,KSP/2023/4743,2023-10-31,53,13,2,12.95427,77.569198,missing persons reported near Yelahanka. CCTV footage under review.
135,KSP/2025/5176,2025-08-18,48,6,5,12.929407,77.627877,Anonymous tip received regarding murder. Investigation initiated.
136,KSP/2022/2582,2022-09-23,96,15,5,13.015325,77.552056,Complainant reported child offences at Malleshwaram. Suspect fled the scene.
137,KSP/2024/6793,2024-10-21,86,12,4,12.941304,77.633086,Complainant reported communal offences at Malleshwaram. Suspect fled the scene.
138,KSP/2024/6761,2024-06-12,14,14,3,12.974009,77.747441,Patrol unit responded to domestic violence call. One suspect apprehended.
139,KSP/2022/7022,2022-12-03,15,10,2,12.969888,77.598294,Anonymous tip received regarding eve teasing. Investigation initiated.
140,KSP/2022/5381,2022-03-23,4,12,4,12.850094,77.64988,Patrol unit responded to communal offences call. One suspect apprehended.
141,KSP/2022/7566,2022-01-19,9,3,3,12.985049,77.592742,FIR lodged following vehicle theft incident. Victim sustained minor injuries.
142,KSP/2023/8432,2023-10-31,44,3,3,13.046178,77.555755,vehicle theft reported near Malleshwaram. CCTV footage under review.
143,KSP/2022/3579,2022-09-21,97,3,3,12.953702,77.75,Complainant reported vehicle theft at Whitefield. Suspect fled the scene.
144,KSP/2026/7785,2026-02-17,35,10,2,13.018742,77.572879,Patrol unit responded to eve teasing call. One suspect apprehended.
145,KSP/2026/6053,2026-02-20,6,4,4,12.931106,77.630511,Patrol unit responded to assault & violence call. One suspect apprehended.
146,KSP/2023/5186,2023-10-19,38,4,4,13.019549,77.623423,FIR lodged following assault & violence incident. Victim sustained minor injuries.
147,KSP/2025/4770,2025-03-27,65,6,5,12.971425,77.585277,Patrol unit responded to murder call. One suspect apprehended.
148,KSP/2022/8532,2022-05-12,10,9,2,13.012614,77.562971,unlawful assembly reported near KR Market. CCTV footage under review.
149,KSP/2025/7636,2025-07-21,3,13,2,12.818779,77.666504,Anonymous tip received regarding missing persons. Investigation initiated.
150,KSP/2025/2734,2025-01-29,32,15,5,12.98736,77.589217,Complainant reported child offences at Malleshwaram. Suspect fled the scene.
151,KSP/2024/3754,2024-11-20,10,8,3,12.996502,77.75,FIR lodged following fraud & cheating incident. Victim sustained minor injuries.
152,KSP/2024/3419,2024-12-21,31,9,2,12.93905,77.592562,Anonymous tip received regarding unlawful assembly. Investigation initiated.
153,KSP/2022/9095,2022-08-23,60,2,3,12.979795,77.614861,FIR lodged following property theft incident. Victim sustained minor injuries.
154,KSP/2024/8205,2024-10-01,9,12,4,12.957673,77.59075,Anonymous tip received regarding communal offences. Investigation initiated.
155,KSP/2024/6085,2024-12-29,60,8,3,13.02756,77.531775,Patrol unit responded to fraud & cheating call. One suspect apprehended.
156,KSP/2022/9307,2022-10-08,50,8,3,12.974543,77.589379,Patrol unit responded to fraud & cheating call. One suspect apprehended.
157,KSP/2025/4084,2025-10-29,42,8,3,12.848187,77.646189,Patrol unit responded to fraud & cheating call. One suspect apprehended.
158,KSP/2024/3827,2024-12-03,6,10,2,12.951039,77.620191,Complainant reported eve teasing at Electronic City. Suspect fled the scene.
159,KSP/2023/5634,2023-05-09,50,4,4,12.952861,77.75,Anonymous tip received regarding assault & violence. Investigation initiated.
160,KSP/2024/2548,2024-11-05,72,7,5,12.948181,77.734627,Complainant reported robbery & dacoity at Jayanagar. Suspect fled the scene.
161,KSP/2023/3317,2023-04-13,45,11,3,12.972197,77.585568,Anonymous tip received regarding land disputes. Investigation initiated.
162,KSP/2022/7171,2022-09-21,83,5,5,13.017666,77.544289,Anonymous tip received regarding narcotics. Investigation initiated.
163,KSP/2026/7937,2026-06-24,66,13,2,12.946438,77.615288,Complainant reported missing persons at BTM Layout. Suspect fled the scene.
164,KSP/2026/3253,2026-02-19,20,7,5,12.974219,77.75,FIR lodged following robbery & dacoity incident. Victim sustained minor injuries.
165,KSP/2026/6517,2026-06-24,99,2,3,12.980723,77.655284,Complainant reported property theft at BTM Layout. Suspect fled the scene.
166,KSP/2023/7731,2023-05-30,47,10,2,12.845262,77.684811,eve teasing reported near KR Market. CCTV footage under review.
167,KSP/2025/4918,2025-10-26,40,11,3,12.964263,77.611419,FIR lodged following land disputes incident. Victim sustained minor injuries.
168,KSP/2025/5616,2025-09-30,100,15,5,12.968113,77.63441,child offences reported near Mysuru Road. CCTV footage under review.
169,KSP/2023/8873,2023-03-06,48,7,5,12.962221,77.618686,Anonymous tip received regarding robbery & dacoity. Investigation initiated.
170,KSP/2024/3626,2024-06-04,35,9,2,12.988192,77.570477,Complainant reported unlawful assembly at Mysuru Road. Suspect fled the scene.
171,KSP/2023/1436,2023-11-21,54,8,3,12.938407,77.618755,fraud & cheating reported near Jayanagar. CCTV footage under review.
172,KSP/2025/6221,2025-03-10,13,1,4,12.93952,77.672716,FIR lodged following cyber crime incident. Victim sustained minor injuries.
173,KSP/2024/3273,2024-06-10,98,13,2,13.023898,77.543112,missing persons reported near Bannerghatta Road. CCTV footage under review.
174,KSP/2024/9991,2024-03-06,94,11,3,12.941291,77.624701,FIR lodged following land disputes incident. Victim sustained minor injuries.
175,KSP/2023/7878,2023-01-14,82,10,2,12.971609,77.738999,Complainant reported eve teasing at Koramangala. Suspect fled the scene.
176,KSP/2022/4963,2022-02-21,92,13,2,12.960173,77.645387,Patrol unit responded to missing persons call. One suspect apprehended.
177,KSP/2025/2402,2025-07-18,68,3,3,12.961444,77.742551,FIR lodged following vehicle theft incident. Victim sustained minor injuries.
178,KSP/2026/7397,2026-04-27,61,15,5,12.95399,77.591691,Patrol unit responded to child offences call. One suspect apprehended.
179,KSP/2025/4950,2025-01-14,94,1,4,12.952396,77.75,Complainant reported cyber crime at Jayanagar. Suspect fled the scene.
180,KSP/2023/9945,2023-02-19,44,10,2,12.949647,77.582187,Complainant reported eve teasing at Jayanagar. Suspect fled the scene.
181,KSP/2026/3209,2026-01-26,9,13,2,12.974653,77.578113,FIR lodged following missing persons incident. Victim sustained minor injuries.
182,KSP/2023/6080,2023-09-12,66,11,3,13.019795,77.622318,Complainant reported land disputes at Jayanagar. Suspect fled the scene.
183,KSP/2023/1783,2023-08-17,84,7,5,12.95596,77.640682,Anonymous tip received regarding robbery & dacoity. Investigation initiated.
184,KSP/2025/4060,2025-09-28,64,6,5,12.950336,77.617817,murder reported near Jayanagar. CCTV footage under review.
185,KSP/2022/8055,2022-09-14,78,11,3,12.973259,77.738602,land disputes reported near MG Road. CCTV footage under review.
186,KSP/2024/8305,2024-10-15,78,15,5,12.973905,77.613917,Anonymous tip received regarding child offences. Investigation initiated.
187,KSP/2024/5498,2024-12-31,82,11,3,12.956273,77.600237,Patrol unit responded to land disputes call. One suspect apprehended.
188,KSP/2025/3621,2025-02-02,4,15,5,13.029038,77.629706,Patrol unit responded to child offences call. One suspect apprehended.
189,KSP/2022/7001,2022-07-28,47,3,3,12.84068,77.673085,FIR lodged following vehicle theft incident. Victim sustained minor injuries.
190,KSP/2025/2259,2025-02-26,74,7,5,12.822039,77.663129,Anonymous tip received regarding robbery & dacoity. Investigation initiated.
191,KSP/2022/4048,2022-12-19,64,3,3,12.965028,77.75,Complainant reported vehicle theft at Bannerghatta Road. Suspect fled the scene.
192,KSP/2025/5678,2025-10-18,89,9,2,12.929133,77.667467,FIR lodged following unlawful assembly incident. Victim sustained minor injuries.
193,KSP/2025/8292,2025-11-05,12,14,3,12.95627,77.644953,FIR lodged following domestic violence incident. Victim sustained minor injuries.
194,KSP/2022/5757,2022-07-21,39,13,2,13.032191,77.618124,Patrol unit responded to missing persons call. One suspect apprehended.
195,KSP/2025/2988,2025-01-28,26,13,2,13.009185,77.570575,Patrol unit responded to missing persons call. One suspect apprehended.
196,KSP/2025/3126,2025-02-20,79,13,2,12.961616,77.607733,missing persons reported near Mysuru Road. CCTV footage under review.
197,KSP/2026/7708,2026-01-27,74,14,3,12.952483,77.60883,Patrol unit responded to domestic violence call. One suspect apprehended.
198,KSP/2026/3981,2026-05-27,99,2,3,12.999732,77.60721,Anonymous tip received regarding property theft. Investigation initiated.
199,KSP/2023/5982,2023-01-21,22,15,5,12.974089,77.747205,Patrol unit responded to child offences call. One suspect apprehended.
200,KSP/2026/5105,2026-06-01,26,3,3,13.01559,77.655982,Anonymous tip received regarding vehicle theft. Investigation initiated.
201,KSP/2022/3762,2022-10-18,76,10,2,12.848899,77.686019,Patrol unit responded to eve teasing call. One suspect apprehended.
202,KSP/2024/1464,2024-11-14,11,14,3,12.958604,77.574477,Patrol unit responded to domestic violence call. One suspect apprehended.
203,KSP/2025/1496,2025-07-18,64,1,4,13.002515,77.540902,Patrol unit responded to cyber crime call. One suspect apprehended.
204,KSP/2024/8430,2024-01-31,10,14,3,12.831909,77.667101,domestic violence reported near Hebbal. CCTV footage under review.
205,KSP/2024/6121,2024-11-22,92,11,3,12.957138,77.603077,Patrol unit responded to land disputes call. One suspect apprehended.
206,KSP/2025/2739,2025-02-25,41,6,5,13.001467,77.632494,Patrol unit responded to murder call. One suspect apprehended.
207,KSP/2022/7850,2022-06-07,32,4,4,12.963745,77.597174,Anonymous tip received regarding assault & violence. Investigation initiated.
208,KSP/2024/3610,2024-08-29,64,15,5,12.923573,77.617794,FIR lodged following child offences incident. Victim sustained minor injuries.
209,KSP/2022/8491,2022-10-07,31,15,5,12.947955,77.612382,child offences reported near Electronic City. CCTV footage under review.
210,KSP/2026/1133,2026-01-02,14,4,4,12.986455,77.75,Anonymous tip received regarding assault & violence. Investigation initiated.
211,KSP/2025/1838,2025-02-10,73,8,3,12.90641,77.624769,Complainant reported fraud & cheating at Malleshwaram. Suspect fled the scene.
212,KSP/2025/2946,2025-10-31,17,9,2,12.96624,77.75,Patrol unit responded to unlawful assembly call. One suspect apprehended.
213,KSP/2025/9341,2025-02-09,52,15,5,12.9736,77.736788,FIR lodged following child offences incident. Victim sustained minor injuries.
214,KSP/2026/3440,2026-01-11,78,9,2,12.980398,77.60484,Patrol unit responded to unlawful assembly call. One suspect apprehended.
215,KSP/2025/5902,2025-05-05,76,14,3,12.983534,77.589109,Patrol unit responded to domestic violence call. One suspect apprehended.
216,KSP/2024/7035,2024-07-20,43,6,5,12.936924,77.635245,murder reported near KR Market. CCTV footage under review.
217,KSP/2022/5350,2022-03-24,84,11,3,12.986842,77.606558,Patrol unit responded to land disputes call. One suspect apprehended.
218,KSP/2026/7229,2026-02-01,19,12,4,12.968816,77.568761,FIR lodged following communal offences incident. Victim sustained minor injuries.
219,KSP/2023/6139,2023-08-16,54,13,2,12.954887,77.596943,Complainant reported missing persons at Yelahanka. Suspect fled the scene.
220,KSP/2026/3262,2026-01-05,67,3,3,12.968093,77.59383,Complainant reported vehicle theft at Bannerghatta Road. Suspect fled the scene.
221,KSP/2024/9734,2024-09-01,44,4,4,12.960203,77.7343,FIR lodged following assault & violence incident. Victim sustained minor injuries.
222,KSP/2024/4150,2024-04-01,32,9,2,13.037071,77.53425,Patrol unit responded to unlawful assembly call. One suspect apprehended.
223,KSP/2024/9011,2024-06-16,41,5,5,13.015549,77.59189,FIR lodged following narcotics incident. Victim sustained minor injuries.
224,KSP/2024/9899,2024-06-13,49,8,3,12.861886,77.667401,Complainant reported fraud & cheating at HSR Layout. Suspect fled the scene.
225,KSP/2023/5712,2023-04-01,92,14,3,12.955261,77.75,Anonymous tip received regarding domestic violence. Investigation initiated.
226,KSP/2023/5442,2023-10-27,72,2,3,12.896141,77.629336,FIR lodged following property theft incident. Victim sustained minor injuries.
227,KSP/2024/9700,2024-01-24,29,11,3,12.956696,77.581347,Complainant reported land disputes at BTM Layout. Suspect fled the scene.
228,KSP/2022/3587,2022-11-09,53,10,2,12.951206,77.606957,FIR lodged following eve teasing incident. Victim sustained minor injuries.
229,KSP/2024/1969,2024-06-11,99,10,2,12.888502,77.653308,Anonymous tip received regarding eve teasing. Investigation initiated.
230,KSP/2022/3880,2022-04-26,5,2,3,12.816445,77.671734,FIR lodged following property theft incident. Victim sustained minor injuries.
231,KSP/2024/5888,2024-06-18,73,15,5,12.934583,77.75,Complainant reported child offences at KR Market. Suspect fled the scene.
232,KSP/2026/9261,2026-06-18,60,10,2,12.901592,77.664209,eve teasing reported near Whitefield. CCTV footage under review.
233,KSP/2024/6523,2024-03-10,38,5,5,12.948196,77.661254,FIR lodged following narcotics incident. Victim sustained minor injuries.
234,KSP/2025/6372,2025-06-13,12,9,2,13.003328,77.606361,unlawful assembly reported near Electronic City. CCTV footage under review.
235,KSP/2024/7284,2024-02-10,31,7,5,12.988577,77.592638,Complainant reported robbery & dacoity at Hebbal. Suspect fled the scene.
236,KSP/2022/6890,2022-02-05,89,8,3,12.96629,77.624595,Anonymous tip received regarding fraud & cheating. Investigation initiated.
237,KSP/2026/2923,2026-04-11,82,4,4,13.013159,77.552909,Anonymous tip received regarding assault & violence. Investigation initiated.
238,KSP/2023/8454,2023-02-19,96,14,3,12.96787,77.600242,domestic violence reported near Whitefield. CCTV footage under review.
239,KSP/2023/2341,2023-11-10,68,15,5,12.959946,77.718266,FIR lodged following child offences incident. Victim sustained minor injuries.
240,KSP/2022/4312,2022-07-11,74,8,3,13.007051,77.589111,Patrol unit responded to fraud & cheating call. One suspect apprehended.
241,KSP/2023/2489,2023-10-01,66,9,2,12.981487,77.581768,Patrol unit responded to unlawful assembly call. One suspect apprehended.
242,KSP/2022/6049,2022-06-29,93,8,3,12.982101,77.60606,Patrol unit responded to fraud & cheating call. One suspect apprehended.
243,KSP/2022/6644,2022-08-15,90,1,4,12.986315,77.607399,Complainant reported cyber crime at Malleshwaram. Suspect fled the scene.
244,KSP/2026/7698,2026-01-06,24,2,3,13.0152,77.617733,Complainant reported property theft at Hebbal. Suspect fled the scene.
245,KSP/2025/8348,2025-07-30,49,12,4,13.011414,77.577067,Anonymous tip received regarding communal offences. Investigation initiated.
246,KSP/2024/9802,2024-12-16,51,7,5,13.011972,77.535121,Complainant reported robbery & dacoity at Whitefield. Suspect fled the scene.
247,KSP/2022/9920,2022-03-12,55,9,2,12.990214,77.581233,Anonymous tip received regarding unlawful assembly. Investigation initiated.
248,KSP/2024/2848,2024-05-06,5,9,2,12.960216,77.653826,FIR lodged following unlawful assembly incident. Victim sustained minor injuries.
249,KSP/2022/2102,2022-02-18,13,13,2,12.972934,77.718939,FIR lodged following missing persons incident. Victim sustained minor injuries.
250,KSP/2024/8191,2024-01-31,30,10,2,12.920882,77.597652,Complainant reported eve teasing at Malleshwaram. Suspect fled the scene.
251,KSP/2024/6224,2024-06-17,74,9,2,12.991344,77.571868,FIR lodged following unlawful assembly incident. Victim sustained minor injuries.
252,KSP/2023/7775,2023-03-22,39,10,2,13.016339,77.562481,Patrol unit responded to eve teasing call. One suspect apprehended.
253,KSP/2023/9120,2023-06-29,7,5,5,12.819392,77.663682,narcotics reported near Electronic City. CCTV footage under review.
254,KSP/2024/3444,2024-09-17,39,15,5,12.997509,77.596819,child offences reported near Malleshwaram. CCTV footage under review.
255,KSP/2024/8586,2024-07-23,8,7,5,12.961219,77.584834,FIR lodged following robbery & dacoity incident. Victim sustained minor injuries.
256,KSP/2024/6411,2024-01-25,83,9,2,13.002467,77.617165,Anonymous tip received regarding unlawful assembly. Investigation initiated.
257,KSP/2023/7179,2023-08-15,87,2,3,12.92239,77.637957,Complainant reported property theft at Hebbal. Suspect fled the scene.
258,KSP/2023/6455,2023-11-06,39,10,2,12.995922,77.606569,eve teasing reported near Koramangala. CCTV footage under review.
259,KSP/2022/4350,2022-12-31,51,15,5,13.007021,77.579839,child offences reported near Koramangala. CCTV footage under review.
260,KSP/2025/6892,2025-01-21,66,14,3,12.842244,77.662505,Anonymous tip received regarding domestic violence. Investigation initiated.
261,KSP/2024/6126,2024-09-21,53,14,3,12.943024,77.601795,FIR lodged following domestic violence incident. Victim sustained minor injuries.
262,KSP/2025/4214,2025-07-21,43,1,4,12.909851,77.647291,Anonymous tip received regarding cyber crime. Investigation initiated.
263,KSP/2024/9005,2024-11-14,93,4,4,12.840409,77.695966,Anonymous tip received regarding assault & violence. Investigation initiated.
264,KSP/2023/9954,2023-06-10,63,10,2,12.948323,77.647756,FIR lodged following eve teasing incident. Victim sustained minor injuries.
265,KSP/2026/1794,2026-06-16,98,3,3,12.947593,77.647712,Complainant reported vehicle theft at MG Road. Suspect fled the scene.
266,KSP/2023/9285,2023-04-15,59,1,4,12.967765,77.59048,Complainant reported cyber crime at Koramangala. Suspect fled the scene.
267,KSP/2026/1108,2026-02-10,69,7,5,12.829526,77.659009,robbery & dacoity reported near KR Market. CCTV footage under review.
268,KSP/2024/8054,2024-06-09,23,9,2,12.959782,77.59239,Complainant reported unlawful assembly at Electronic City. Suspect fled the scene.
269,KSP/2026/5379,2026-06-24,51,2,3,12.977411,77.602482,Anonymous tip received regarding property theft. Investigation initiated.
270,KSP/2023/2320,2023-12-03,84,2,3,12.999171,77.622853,Anonymous tip received regarding property theft. Investigation initiated.
271,KSP/2025/1919,2025-03-17,82,15,5,13.03679,77.554024,Patrol unit responded to child offences call. One suspect apprehended.
272,KSP/2024/9653,2024-10-26,6,1,4,12.955598,77.594614,Patrol unit responded to cyber crime call. One suspect apprehended.
273,KSP/2024/5593,2024-04-22,70,4,4,12.903118,77.63186,Complainant reported assault & violence at MG Road. Suspect fled the scene.
274,KSP/2023/7525,2023-10-06,10,9,2,12.983351,77.588959,Patrol unit responded to unlawful assembly call. One suspect apprehended.
275,KSP/2024/3292,2024-10-27,89,5,5,12.813236,77.665123,narcotics reported near Mysuru Road. CCTV footage under review.
276,KSP/2025/6580,2025-09-19,78,11,3,12.940119,77.623699,FIR lodged following land disputes incident. Victim sustained minor injuries.
277,KSP/2022/8381,2022-04-03,63,12,4,12.989404,77.635626,Anonymous tip received regarding communal offences. Investigation initiated.
278,KSP/2025/5839,2025-03-26,32,4,4,12.833082,77.683781,Complainant reported assault & violence at Mysuru Road. Suspect fled the scene.
279,KSP/2023/6909,2023-04-25,14,11,3,12.984993,77.614101,land disputes reported near Jayanagar. CCTV footage under review.
280,KSP/2022/4070,2022-11-14,56,2,3,12.986124,77.628641,FIR lodged following property theft incident. Victim sustained minor injuries.
281,KSP/2025/6315,2025-01-04,50,8,3,12.837001,77.67889,Patrol unit responded to fraud & cheating call. One suspect apprehended.
282,KSP/2024/3778,2024-01-25,88,1,4,12.974192,77.726206,Patrol unit responded to cyber crime call. One suspect apprehended.
283,KSP/2022/5521,2022-07-16,54,7,5,12.966078,77.611192,FIR lodged following robbery & dacoity incident. Victim sustained minor injuries.
284,KSP/2026/4203,2026-03-21,59,5,5,12.936832,77.667606,Patrol unit responded to narcotics call. One suspect apprehended.
285,KSP/2025/6484,2025-03-26,56,2,3,12.982589,77.74564,Anonymous tip received regarding property theft. Investigation initiated.
286,KSP/2024/4290,2024-09-23,62,13,2,12.968008,77.638692,Patrol unit responded to missing persons call. One suspect apprehended.
287,KSP/2026/4971,2026-03-06,42,6,5,13.022212,77.617569,Patrol unit responded to murder call. One suspect apprehended.
288,KSP/2023/3947,2023-09-13,88,7,5,12.954231,77.644596,Patrol unit responded to robbery & dacoity call. One suspect apprehended.
289,KSP/2023/5773,2023-10-14,89,12,4,12.966477,77.559066,communal offences reported near Mysuru Road. CCTV footage under review.
290,KSP/2023/5139,2023-03-09,85,2,3,12.966263,77.618465,Anonymous tip received regarding property theft. Investigation initiated.
291,KSP/2026/9755,2026-01-28,65,3,3,12.958075,77.75,Patrol unit responded to vehicle theft call. One suspect apprehended.
292,KSP/2025/2392,2025-01-22,14,14,3,12.906424,77.652016,Patrol unit responded to domestic violence call. One suspect apprehended.
293,KSP/2022/7547,2022-05-18,97,12,4,13.008532,77.568104,Patrol unit responded to communal offences call. One suspect apprehended.
294,KSP/2023/9499,2023-11-21,72,6,5,12.965376,77.644221,Patrol unit responded to murder call. One suspect apprehended.
295,KSP/2026/1402,2026-04-04,62,10,2,12.825817,77.681993,FIR lodged following eve teasing incident. Victim sustained minor injuries.
296,KSP/2023/6620,2023-03-17,59,2,3,12.977037,77.748125,Anonymous tip received regarding property theft. Investigation initiated.
297,KSP/2025/5919,2025-11-06,6,12,4,12.931263,77.630043,Anonymous tip received regarding communal offences. Investigation initiated.
298,KSP/2023/3858,2023-05-26,71,13,2,12.98425,77.576999,FIR lodged following missing persons incident. Victim sustained minor injuries.
299,KSP/2025/8080,2025-06-12,51,3,3,12.850426,77.674189,FIR lodged following vehicle theft incident. Victim sustained minor injuries.
300,KSP/2025/4519,2025-04-23,27,1,4,12.846429,77.696001,Complainant reported cyber crime at Bannerghatta Road. Suspect fled the scene.
301,KSP/2023/4228,2023-08-04,59,5,5,12.995612,77.561131,Anonymous tip received regarding narcotics. Investigation initiated.
302,KSP/2024/7431,2024-08-31,76,2,3,12.982891,77.553575,Patrol unit responded to property theft call. One suspect apprehended.
303,KSP/2024/2388,2024-07-13,87,2,3,12.96089,77.75,Patrol unit responded to property theft call. One suspect apprehended.
304,KSP/2023/7852,2023-03-16,77,3,3,12.968348,77.603567,Patrol unit responded to vehicle theft call. One suspect apprehended.
305,KSP/2023/9022,2023-06-23,37,3,3,12.978171,77.75,Patrol unit responded to vehicle theft call. One suspect apprehended.
306,KSP/2025/3236,2025-01-20,25,3,3,12.965055,77.75,Complainant reported vehicle theft at Yelahanka. Suspect fled the scene.
307,KSP/2026/8272,2026-03-08,63,13,2,12.992477,77.619401,missing persons reported near Bannerghatta Road. CCTV footage under review.
308,KSP/2022/9808,2022-04-12,37,3,3,12.84291,77.666849,Anonymous tip received regarding vehicle theft. Investigation initiated.
309,KSP/2026/2871,2026-05-07,35,3,3,12.933999,77.598966,Complainant reported vehicle theft at HSR Layout. Suspect fled the scene.
310,KSP/2022/4580,2022-05-10,55,12,4,12.941308,77.660709,communal offences reported near Electronic City. CCTV footage under review.
311,KSP/2022/6711,2022-04-11,12,2,3,12.960107,77.62739,property theft reported near Hebbal. CCTV footage under review.
312,KSP/2024/8015,2024-12-25,22,8,3,13.011769,77.609111,Patrol unit responded to fraud & cheating call. One suspect apprehended.
313,KSP/2024/9827,2024-12-25,22,10,2,12.970549,77.614992,Patrol unit responded to eve teasing call. One suspect apprehended.
314,KSP/2026/7743,2026-05-18,8,6,5,12.987106,77.591472,Complainant reported murder at Whitefield. Suspect fled the scene.
315,KSP/2024/6277,2024-02-15,32,15,5,12.931015,77.67152,FIR lodged following child offences incident. Victim sustained minor injuries.
316,KSP/2024/8405,2024-04-14,10,12,4,13.002155,77.552303,communal offences reported near Malleshwaram. CCTV footage under review.
317,KSP/2024/8996,2024-05-14,42,10,2,12.925058,77.659972,Anonymous tip received regarding eve teasing. Investigation initiated.
318,KSP/2025/9756,2025-11-25,51,10,2,12.913803,77.644565,Anonymous tip received regarding eve teasing. Investigation initiated.
319,KSP/2024/3139,2024-05-31,73,4,4,12.972616,77.75,Anonymous tip received regarding assault & violence. Investigation initiated.
320,KSP/2022/8529,2022-05-23,3,13,2,12.980007,77.62431,Complainant reported missing persons at BTM Layout. Suspect fled the scene.
321,KSP/2025/3161,2025-08-22,84,2,3,12.959486,77.640199,FIR lodged following property theft incident. Victim sustained minor injuries.
322,KSP/2025/7092,2025-01-24,86,5,5,12.914742,77.645352,Anonymous tip received regarding narcotics. Investigation initiated.
323,KSP/2023/2494,2023-12-29,91,14,3,12.961413,77.602365,domestic violence reported near BTM Layout. CCTV footage under review.
324,KSP/2026/1132,2026-06-02,90,2,3,12.993565,77.616669,property theft reported near KR Market. CCTV footage under review.
325,KSP/2026/7276,2026-01-24,12,6,5,12.986353,77.576844,Complainant reported murder at Koramangala. Suspect fled the scene.
326,KSP/2023/3181,2023-03-03,83,11,3,12.959604,77.623129,land disputes reported near Mysuru Road. CCTV footage under review.
327,KSP/2023/4490,2023-05-25,81,15,5,12.969679,77.594227,child offences reported near Jayanagar. CCTV footage under review.
328,KSP/2023/3293,2023-11-06,97,12,4,12.897912,77.639197,Complainant reported communal offences at MG Road. Suspect fled the scene.
329,KSP/2023/2380,2023-03-11,32,2,3,12.980537,77.592764,FIR lodged following property theft incident. Victim sustained minor injuries.
330,KSP/2022/9482,2022-03-25,78,9,2,12.81957,77.660693,Anonymous tip received regarding unlawful assembly. Investigation initiated.
331,KSP/2024/2847,2024-01-14,31,9,2,12.988582,77.584821,unlawful assembly reported near Malleshwaram. CCTV footage under review.
332,KSP/2025/7337,2025-01-26,73,9,2,12.8,77.669686,Anonymous tip received regarding unlawful assembly. Investigation initiated.
333,KSP/2022/2106,2022-08-15,2,8,3,12.847796,77.691974,Complainant reported fraud & cheating at HSR Layout. Suspect fled the scene.
334,KSP/2026/9209,2026-04-23,99,5,5,12.996184,77.604418,Anonymous tip received regarding narcotics. Investigation initiated.
335,KSP/2023/6077,2023-04-20,11,8,3,13.006164,77.58921,Anonymous tip received regarding fraud & cheating. Investigation initiated.
336,KSP/2025/2083,2025-04-28,40,9,2,12.982435,77.589825,Patrol unit responded to unlawful assembly call. One suspect apprehended.
337,KSP/2022/8428,2022-09-25,79,11,3,12.992952,77.575742,land disputes reported near MG Road. CCTV footage under review.
338,KSP/2023/3248,2023-01-07,90,10,2,12.968514,77.72529,Complainant reported eve teasing at Bannerghatta Road. Suspect fled the scene.
339,KSP/2024/3079,2024-03-16,96,1,4,12.924865,77.639362,FIR lodged following cyber crime incident. Victim sustained minor injuries.
340,KSP/2022/8034,2022-04-02,35,12,4,12.995282,77.59033,Anonymous tip received regarding communal offences. Investigation initiated.
341,KSP/2026/6900,2026-03-22,8,9,2,12.996623,77.603909,unlawful assembly reported near Electronic City. CCTV footage under review.
342,KSP/2022/2889,2022-11-16,30,9,2,12.832142,77.685506,Patrol unit responded to unlawful assembly call. One suspect apprehended.
343,KSP/2022/7274,2022-05-23,20,12,4,12.973089,77.59277,communal offences reported near Jayanagar. CCTV footage under review.
344,KSP/2025/5067,2025-07-26,54,3,3,13.036378,77.625959,FIR lodged following vehicle theft incident. Victim sustained minor injuries.
345,KSP/2023/1862,2023-01-06,23,14,3,12.978775,77.732555,Patrol unit responded to domestic violence call. One suspect apprehended.
346,KSP/2025/6090,2025-12-15,42,4,4,12.949757,77.628821,Anonymous tip received regarding assault & violence. Investigation initiated.
347,KSP/2024/8600,2024-08-02,48,2,3,12.926736,77.633637,Patrol unit responded to property theft call. One suspect apprehended.
348,KSP/2024/7718,2024-02-01,4,10,2,12.936601,77.614708,FIR lodged following eve teasing incident. Victim sustained minor injuries.
349,KSP/2024/7164,2024-11-06,95,4,4,12.986191,77.723918,Complainant reported assault & violence at Mysuru Road. Suspect fled the scene.
350,KSP/2026/5584,2026-03-09,12,11,3,12.96073,77.592539,Complainant reported land disputes at Whitefield. Suspect fled the scene.
351,KSP/2025/2391,2025-03-03,75,1,4,12.984544,77.594421,cyber crime reported near Bannerghatta Road. CCTV footage under review.
352,KSP/2022/3141,2022-07-13,31,2,3,12.974118,77.589246,property theft reported near BTM Layout. CCTV footage under review.
353,KSP/2024/5455,2024-10-10,30,5,5,12.973398,77.633284,Anonymous tip received regarding narcotics. Investigation initiated.
354,KSP/2023/8365,2023-04-28,60,2,3,12.979519,77.587665,Complainant reported property theft at Whitefield. Suspect fled the scene.
355,KSP/2025/5341,2025-11-05,16,6,5,12.955414,77.6146,Anonymous tip received regarding murder. Investigation initiated.
356,KSP/2022/3430,2022-05-06,12,2,3,12.952173,77.662082,FIR lodged following property theft incident. Victim sustained minor injuries.
357,KSP/2024/1509,2024-07-17,52,11,3,13.006222,77.622883,Anonymous tip received regarding land disputes. Investigation initiated.
358,KSP/2022/1195,2022-11-13,8,13,2,12.833537,77.674927,FIR lodged following missing persons incident. Victim sustained minor injuries.
359,KSP/2025/5240,2025-03-02,10,13,2,13.029038,77.640457,Complainant reported missing persons at HSR Layout. Suspect fled the scene.
360,KSP/2023/6432,2023-02-05,16,1,4,12.984885,77.585263,Complainant reported cyber crime at Mysuru Road. Suspect fled the scene.
361,KSP/2025/7270,2025-05-12,88,1,4,12.944855,77.641549,cyber crime reported near KR Market. CCTV footage under review.
362,KSP/2025/5026,2025-10-17,83,8,3,12.979887,77.743347,FIR lodged following fraud & cheating incident. Victim sustained minor injuries.
363,KSP/2024/7868,2024-05-19,26,5,5,12.964747,77.748234,narcotics reported near Whitefield. CCTV footage under review.
364,KSP/2022/6883,2022-03-02,62,10,2,12.960257,77.688049,eve teasing reported near Mysuru Road. CCTV footage under review.
365,KSP/2025/1427,2025-04-21,41,9,2,12.950321,77.615257,Anonymous tip received regarding unlawful assembly. Investigation initiated.
366,KSP/2026/4813,2026-01-05,21,10,2,12.976134,77.583293,Patrol unit responded to eve teasing call. One suspect apprehended.
367,KSP/2022/7363,2022-06-23,46,2,3,13.018938,77.578464,FIR lodged following property theft incident. Victim sustained minor injuries.
368,KSP/2024/1462,2024-09-15,91,14,3,13.015083,77.629779,Anonymous tip received regarding domestic violence. Investigation initiated.
369,KSP/2023/6063,2023-08-08,23,11,3,12.992218,77.612489,land disputes reported near Electronic City. CCTV footage under review.
370,KSP/2026/6435,2026-06-24,79,9,2,12.972749,77.605079,unlawful assembly reported near KR Market. CCTV footage under review.
371,KSP/2024/3420,2024-10-02,76,4,4,12.964668,77.561711,Complainant reported assault & violence at KR Market. Suspect fled the scene.
372,KSP/2025/7481,2025-02-07,76,11,3,12.985661,77.60637,Complainant reported land disputes at Jayanagar. Suspect fled the scene.
373,KSP/2025/6198,2025-09-19,23,2,3,12.975547,77.75,property theft reported near BTM Layout. CCTV footage under review.
374,KSP/2025/3872,2025-01-13,49,11,3,12.855808,77.663773,FIR lodged following land disputes incident. Victim sustained minor injuries.
375,KSP/2025/3983,2025-05-01,78,5,5,13.038681,77.568387,Patrol unit responded to narcotics call. One suspect apprehended.
376,KSP/2022/6425,2022-11-20,96,6,5,12.943606,77.626196,murder reported near Whitefield. CCTV footage under review.
377,KSP/2022/1186,2022-10-03,34,2,3,12.960776,77.75,Anonymous tip received regarding property theft. Investigation initiated.
378,KSP/2022/8179,2022-01-04,94,4,4,12.974429,77.601296,Complainant reported assault & violence at Malleshwaram. Suspect fled the scene.
379,KSP/2024/2661,2024-12-27,62,8,3,12.945017,77.610543,Patrol unit responded to fraud & cheating call. One suspect apprehended.
380,KSP/2025/1547,2025-11-03,38,12,4,12.840455,77.666289,Complainant reported communal offences at Mysuru Road. Suspect fled the scene.
381,KSP/2025/2228,2025-03-12,71,1,4,12.986655,77.61559,FIR lodged following cyber crime incident. Victim sustained minor injuries.
382,KSP/2026/3703,2026-02-08,78,14,3,12.98713,77.657084,Complainant reported domestic violence at Malleshwaram. Suspect fled the scene.
383,KSP/2023/9849,2023-08-14,34,14,3,12.979785,77.600646,domestic violence reported near Bannerghatta Road. CCTV footage under review.
384,KSP/2026/6911,2026-03-06,1,11,3,12.988146,77.615695,FIR lodged following land disputes incident. Victim sustained minor injuries.
385,KSP/2023/4390,2023-09-13,22,8,3,12.965135,77.589913,Complainant reported fraud & cheating at KR Market. Suspect fled the scene.
386,KSP/2025/5341,2025-05-19,12,10,2,13.00267,77.621228,eve teasing reported near Yelahanka. CCTV footage under review.
387,KSP/2023/5313,2023-08-03,57,10,2,12.959667,77.75,eve teasing reported near KR Market. CCTV footage under review.
388,KSP/2022/6632,2022-10-28,70,8,3,12.975177,77.612514,Complainant reported fraud & cheating at BTM Layout. Suspect fled the scene.
389,KSP/2025/9773,2025-04-17,88,8,3,12.990749,77.585268,Patrol unit responded to fraud & cheating call. One suspect apprehended.
390,KSP/2022/1568,2022-09-03,65,13,2,12.947757,77.612951,missing persons reported near Bannerghatta Road. CCTV footage under review.
391,KSP/2023/8357,2023-04-04,23,9,2,12.896695,77.60594,Complainant reported unlawful assembly at Mysuru Road. Suspect fled the scene.
392,KSP/2022/8133,2022-05-13,26,14,3,12.973928,77.604135,domestic violence reported near MG Road. CCTV footage under review.
393,KSP/2022/7510,2022-07-28,71,15,5,13.027641,77.540995,Complainant reported child offences at Malleshwaram. Suspect fled the scene.
394,KSP/2026/7790,2026-06-12,20,6,5,12.946348,77.615127,murder reported near MG Road. CCTV footage under review.
395,KSP/2022/2654,2022-11-25,37,3,3,12.84177,77.641505,Patrol unit responded to vehicle theft call. One suspect apprehended.
396,KSP/2026/8750,2026-02-17,5,13,2,12.918457,77.641845,Patrol unit responded to missing persons call. One suspect apprehended.
397,KSP/2025/6431,2025-06-02,89,3,3,12.953105,77.734565,Complainant reported vehicle theft at Malleshwaram. Suspect fled the scene.
398,KSP/2022/5965,2022-03-04,40,4,4,13.018109,77.564739,Anonymous tip received regarding assault & violence. Investigation initiated.
399,KSP/2023/8259,2023-12-10,100,5,5,12.932937,77.618066,FIR lodged following narcotics incident. Victim sustained minor injuries.
400,KSP/2023/7671,2023-08-07,95,13,2,12.957083,77.61799,missing persons reported near Koramangala. CCTV footage under review.
401,KSP/2023/9303,2023-05-09,52,9,2,12.931617,77.628132,Complainant reported unlawful assembly at Hebbal. Suspect fled the scene.
402,KSP/2023/5087,2023-08-22,5,3,3,12.96264,77.6375,FIR lodged following vehicle theft incident. Victim sustained minor injuries.
403,KSP/2025/3029,2025-12-13,88,8,3,12.906625,77.638481,Patrol unit responded to fraud & cheating call. One suspect apprehended.
404,KSP/2026/6730,2026-01-14,45,1,4,12.962011,77.744675,Patrol unit responded to cyber crime call. One suspect apprehended.
405,KSP/2024/1813,2024-06-04,21,3,3,12.90985,77.62708,Complainant reported vehicle theft at Malleshwaram. Suspect fled the scene.
406,KSP/2023/7709,2023-12-01,66,13,2,12.992359,77.590345,FIR lodged following missing persons incident. Victim sustained minor injuries.
407,KSP/2023/1138,2023-02-16,29,1,4,12.960221,77.638007,FIR lodged following cyber crime incident. Victim sustained minor injuries.
408,KSP/2024/6713,2024-05-05,59,4,4,12.94662,77.676829,assault & violence reported near Malleshwaram. CCTV footage under review.
409,KSP/2025/1120,2025-05-18,66,4,4,12.922845,77.599402,Patrol unit responded to assault & violence call. One suspect apprehended.
410,KSP/2024/2771,2024-05-28,62,15,5,13.020256,77.603698,Anonymous tip received regarding child offences. Investigation initiated.
411,KSP/2024/3456,2024-03-22,67,2,3,12.991074,77.596948,Anonymous tip received regarding property theft. Investigation initiated.
412,KSP/2025/3292,2025-06-09,93,12,4,12.919218,77.624611,Anonymous tip received regarding communal offences. Investigation initiated.
413,KSP/2025/1578,2025-06-11,75,1,4,12.925962,77.655854,cyber crime reported near Bannerghatta Road. CCTV footage under review.
414,KSP/2023/8794,2023-11-22,86,11,3,12.848804,77.699454,Patrol unit responded to land disputes call. One suspect apprehended.
415,KSP/2023/8713,2023-07-17,17,6,5,12.980382,77.75,Anonymous tip received regarding murder. Investigation initiated.
416,KSP/2024/6820,2024-11-08,29,12,4,12.959133,77.567996,Complainant reported communal offences at Koramangala. Suspect fled the scene.
417,KSP/2024/8598,2024-03-20,16,12,4,12.97299,77.736826,Patrol unit responded to communal offences call. One suspect apprehended.
418,KSP/2022/9199,2022-08-10,16,8,3,12.878808,77.631928,fraud & cheating reported near Koramangala. CCTV footage under review.
419,KSP/2023/6614,2023-04-14,53,13,2,12.968304,77.75,FIR lodged following missing persons incident. Victim sustained minor injuries.
420,KSP/2023/6449,2023-07-15,81,15,5,12.918311,77.649301,Complainant reported child offences at Yelahanka. Suspect fled the scene.
421,KSP/2023/3595,2023-10-13,63,15,5,12.985172,77.75,FIR lodged following child offences incident. Victim sustained minor injuries.
422,KSP/2025/8821,2025-08-27,50,12,4,13.000994,77.59162,communal offences reported near Malleshwaram. CCTV footage under review.
423,KSP/2024/1293,2024-09-28,87,1,4,12.930748,77.588046,Patrol unit responded to cyber crime call. One suspect apprehended.
424,KSP/2024/7284,2024-08-27,65,1,4,12.994562,77.610367,FIR lodged following cyber crime incident. Victim sustained minor injuries.
425,KSP/2024/9524,2024-06-22,77,10,2,12.977249,77.583311,eve teasing reported near Bannerghatta Road. CCTV footage under review.
426,KSP/2026/4087,2026-03-03,22,9,2,12.96669,77.742487,Anonymous tip received regarding unlawful assembly. Investigation initiated.
427,KSP/2023/1359,2023-02-12,76,14,3,12.901127,77.656162,FIR lodged following domestic violence incident. Victim sustained minor injuries.
428,KSP/2025/9761,2025-03-11,80,9,2,12.965168,77.568803,Anonymous tip received regarding unlawful assembly. Investigation initiated.
429,KSP/2022/2897,2022-03-03,54,1,4,12.998526,77.601416,Complainant reported cyber crime at Bannerghatta Road. Suspect fled the scene.
430,KSP/2023/7895,2023-10-01,85,8,3,12.971199,77.617933,Complainant reported fraud & cheating at Hebbal. Suspect fled the scene.
431,KSP/2025/2928,2025-07-25,37,2,3,12.918498,77.608254,Complainant reported property theft at Electronic City. Suspect fled the scene.
432,KSP/2024/6864,2024-03-28,91,2,3,12.974775,77.604097,Patrol unit responded to property theft call. One suspect apprehended.
433,KSP/2026/1044,2026-02-02,2,7,5,12.940151,77.584787,Anonymous tip received regarding robbery & dacoity. Investigation initiated.
434,KSP/2023/9383,2023-04-09,10,11,3,12.921383,77.630817,Complainant reported land disputes at Mysuru Road. Suspect fled the scene.
435,KSP/2024/1820,2024-07-08,13,11,3,12.971197,77.605469,Anonymous tip received regarding land disputes. Investigation initiated.
436,KSP/2024/2898,2024-08-29,13,13,2,12.918494,77.63865,missing persons reported near Bannerghatta Road. CCTV footage under review.
437,KSP/2023/8171,2023-06-14,80,13,2,12.918172,77.650497,Anonymous tip received regarding missing persons. Investigation initiated.
438,KSP/2022/8479,2022-12-20,35,5,5,12.980429,77.589861,narcotics reported near Malleshwaram. CCTV footage under review.
439,KSP/2023/1960,2023-06-03,21,13,2,13.006247,77.553139,Complainant reported missing persons at Whitefield. Suspect fled the scene.
440,KSP/2025/7221,2025-09-23,100,2,3,12.890655,77.652114,FIR lodged following property theft incident. Victim sustained minor injuries.
441,KSP/2023/2850,2023-02-10,53,6,5,12.960135,77.568349,murder reported near Yelahanka. CCTV footage under review.
442,KSP/2026/4669,2026-06-19,86,8,3,12.97027,77.592644,Patrol unit responded to fraud & cheating call. One suspect apprehended.
443,KSP/2025/6664,2025-09-06,85,13,2,12.927324,77.605231,FIR lodged following missing persons incident. Victim sustained minor injuries.
444,KSP/2022/3571,2022-06-19,65,11,3,12.979977,77.733646,Complainant reported land disputes at BTM Layout. Suspect fled the scene.
445,KSP/2026/6421,2026-03-08,36,13,2,12.964035,77.635671,Anonymous tip received regarding missing persons. Investigation initiated.
446,KSP/2024/8277,2024-01-01,74,1,4,12.966331,77.595255,Complainant reported cyber crime at Yelahanka. Suspect fled the scene.
447,KSP/2026/7609,2026-03-26,53,8,3,12.952872,77.642462,Complainant reported fraud & cheating at MG Road. Suspect fled the scene.
448,KSP/2024/4389,2024-08-04,84,1,4,12.852099,77.653392,Patrol unit responded to cyber crime call. One suspect apprehended.
449,KSP/2023/8751,2023-11-24,92,11,3,13.006725,77.623793,land disputes reported near Jayanagar. CCTV footage under review.
450,KSP/2023/6818,2023-11-20,82,10,2,13.009093,77.596625,Complainant reported eve teasing at Jayanagar. Suspect fled the scene.
451,KSP/2022/3301,2022-05-23,92,15,5,12.952678,77.603986,FIR lodged following child offences incident. Victim sustained minor injuries.
452,KSP/2023/8488,2023-01-11,25,12,4,12.969533,77.75,communal offences reported near Koramangala. CCTV footage under review.
453,KSP/2023/9260,2023-01-18,18,11,3,12.942147,77.612151,land disputes reported near Yelahanka. CCTV footage under review.
454,KSP/2025/9328,2025-09-06,100,15,5,12.969953,77.57563,Patrol unit responded to child offences call. One suspect apprehended.
455,KSP/2023/6273,2023-02-03,65,14,3,12.950209,77.583092,Complainant reported domestic violence at Malleshwaram. Suspect fled the scene.
456,KSP/2024/6617,2024-02-11,38,14,3,12.951957,77.735328,Anonymous tip received regarding domestic violence. Investigation initiated.
457,KSP/2026/9975,2026-05-11,41,8,3,12.951735,77.606731,Anonymous tip received regarding fraud & cheating. Investigation initiated.
458,KSP/2024/3173,2024-06-21,91,11,3,13.003243,77.612566,Anonymous tip received regarding land disputes. Investigation initiated.
459,KSP/2024/6771,2024-09-28,72,10,2,12.986913,77.619435,Complainant reported eve teasing at Mysuru Road. Suspect fled the scene.
460,KSP/2024/1209,2024-06-07,67,8,3,12.832145,77.663471,fraud & cheating reported near Mysuru Road. CCTV footage under review.
461,KSP/2024/5105,2024-04-09,19,2,3,12.974639,77.75,FIR lodged following property theft incident. Victim sustained minor injuries.
462,KSP/2022/2679,2022-04-11,79,13,2,12.982974,77.604104,Anonymous tip received regarding missing persons. Investigation initiated.
463,KSP/2025/5712,2025-04-23,89,13,2,13.00632,77.561452,FIR lodged following missing persons incident. Victim sustained minor injuries.
464,KSP/2024/1212,2024-08-29,96,11,3,12.88141,77.674401,Patrol unit responded to land disputes call. One suspect apprehended.
465,KSP/2023/9955,2023-12-02,95,4,4,13.027652,77.521263,Anonymous tip received regarding assault & violence. Investigation initiated.
466,KSP/2023/3847,2023-07-06,95,10,2,13.002207,77.577214,Complainant reported eve teasing at Whitefield. Suspect fled the scene.
467,KSP/2023/5178,2023-02-09,1,9,2,12.952567,77.75,FIR lodged following unlawful assembly incident. Victim sustained minor injuries.
468,KSP/2024/5934,2024-09-29,63,6,5,12.99488,77.587161,Patrol unit responded to murder call. One suspect apprehended.
469,KSP/2026/9529,2026-06-21,9,13,2,12.861002,77.6874,FIR lodged following missing persons incident. Victim sustained minor injuries.
470,KSP/2024/6437,2024-12-21,43,12,4,12.956909,77.590523,FIR lodged following communal offences incident. Victim sustained minor injuries.
471,KSP/2022/6668,2022-01-28,58,6,5,12.976108,77.588757,Complainant reported murder at BTM Layout. Suspect fled the scene.
472,KSP/2022/2857,2022-05-04,50,4,4,13.03158,77.545512,Anonymous tip received regarding assault & violence. Investigation initiated.
473,KSP/2025/9335,2025-03-10,58,4,4,13.007876,77.582797,Patrol unit responded to assault & violence call. One suspect apprehended.
474,KSP/2022/9814,2022-09-13,69,9,2,12.968155,77.596462,Complainant reported unlawful assembly at Whitefield. Suspect fled the scene.
475,KSP/2025/9810,2025-08-10,90,1,4,12.959193,77.571918,Complainant reported cyber crime at Koramangala. Suspect fled the scene.
476,KSP/2022/8523,2022-08-13,92,14,3,12.964623,77.590937,FIR lodged following domestic violence incident. Victim sustained minor injuries.
477,KSP/2022/5237,2022-08-07,53,6,5,12.996737,77.603519,Patrol unit responded to murder call. One suspect apprehended.
478,KSP/2023/2036,2023-01-03,97,7,5,13.019273,77.552131,Patrol unit responded to robbery & dacoity call. One suspect apprehended.
479,KSP/2026/5937,2026-04-12,78,12,4,12.97977,77.583091,Complainant reported communal offences at Hebbal. Suspect fled the scene.
480,KSP/2022/9740,2022-04-06,29,2,3,12.976098,77.58574,property theft reported near Whitefield. CCTV footage under review.
481,KSP/2023/7113,2023-03-24,2,3,3,12.975339,77.731889,Anonymous tip received regarding vehicle theft. Investigation initiated.
482,KSP/2025/2394,2025-05-09,40,9,2,12.840977,77.678053,Patrol unit responded to unlawful assembly call. One suspect apprehended.
483,KSP/2026/4014,2026-05-12,29,4,4,12.988442,77.569771,FIR lodged following assault & violence incident. Victim sustained minor injuries.
484,KSP/2022/2198,2022-06-18,38,10,2,12.992612,77.621951,Patrol unit responded to eve teasing call. One suspect apprehended.
485,KSP/2024/4842,2024-10-24,13,11,3,12.982215,77.625905,Anonymous tip received regarding land disputes. Investigation initiated.
486,KSP/2024/6008,2024-10-17,89,5,5,12.977614,77.610823,Patrol unit responded to narcotics call. One suspect apprehended.
487,KSP/2025/6131,2025-08-23,32,10,2,12.83128,77.68684,FIR lodged following eve teasing incident. Victim sustained minor injuries.
488,KSP/2025/6432,2025-01-21,62,12,4,12.982354,77.570657,FIR lodged following communal offences incident. Victim sustained minor injuries.
489,KSP/2023/5597,2023-07-01,18,8,3,12.963311,77.75,Patrol unit responded to fraud & cheating call. One suspect apprehended.
490,KSP/2022/1511,2022-08-23,75,14,3,12.973627,77.586257,Complainant reported domestic violence at Electronic City. Suspect fled the scene.
491,KSP/2024/8734,2024-03-20,84,10,2,12.99095,77.583988,Patrol unit responded to eve teasing call. One suspect apprehended.
492,KSP/2024/9210,2024-06-23,66,12,4,12.974107,77.75,FIR lodged following communal offences incident. Victim sustained minor injuries.
493,KSP/2023/8310,2023-05-31,21,2,3,12.980859,77.75,Patrol unit responded to property theft call. One suspect apprehended.
494,KSP/2026/4585,2026-02-11,98,3,3,12.988815,77.586888,Anonymous tip received regarding vehicle theft. Investigation initiated.
495,KSP/2023/6918,2023-10-05,50,9,2,12.968574,77.597845,Patrol unit responded to unlawful assembly call. One suspect apprehended.
496,KSP/2024/9542,2024-10-03,82,8,3,12.975537,77.636615,Complainant reported fraud & cheating at Bannerghatta Road. Suspect fled the scene.
497,KSP/2023/7201,2023-06-25,47,13,2,12.958428,77.658741,missing persons reported near BTM Layout. CCTV footage under review.
498,KSP/2023/6781,2023-11-24,45,10,2,12.920081,77.655365,Patrol unit responded to eve teasing call. One suspect apprehended.
499,KSP/2023/4768,2023-03-08,10,9,2,12.921154,77.613716,unlawful assembly reported near Whitefield. CCTV footage under review.
500,KSP/2023/6410,2023-01-03,93,9,2,12.980949,77.614309,FIR lodged following unlawful assembly incident. Victim sustained minor injuries.
501,KSP/2025/1706,2025-06-30,17,2,3,13.001922,77.553636,Complainant reported property theft at Koramangala. Suspect fled the scene.
502,KSP/2023/5231,2023-04-02,24,10,2,12.968688,77.591516,Complainant reported eve teasing at Whitefield. Suspect fled the scene.
503,KSP/2024/8359,2024-05-30,78,9,2,12.990775,77.745795,Complainant reported unlawful assembly at Koramangala. Suspect fled the scene.
504,KSP/2023/3979,2023-03-20,80,15,5,12.923524,77.674808,Patrol unit responded to child offences call. One suspect apprehended.
505,KSP/2025/2127,2025-11-09,30,10,2,12.973581,77.59364,Patrol unit responded to eve teasing call. One suspect apprehended.
506,KSP/2026/2577,2026-04-16,23,7,5,12.989745,77.596495,robbery & dacoity reported near Whitefield. CCTV footage under review.
507,KSP/2026/8901,2026-04-13,85,8,3,12.865369,77.683375,Complainant reported fraud & cheating at MG Road. Suspect fled the scene.
508,KSP/2025/7068,2025-09-02,6,3,3,12.854868,77.648739,Patrol unit responded to vehicle theft call. One suspect apprehended.
509,KSP/2025/2600,2025-03-30,55,11,3,12.985736,77.743407,Anonymous tip received regarding land disputes. Investigation initiated.
510,KSP/2024/7695,2024-05-30,33,3,3,12.938456,77.654015,Patrol unit responded to vehicle theft call. One suspect apprehended.
511,KSP/2023/7144,2023-01-02,84,3,3,12.994831,77.560898,Patrol unit responded to vehicle theft call. One suspect apprehended.
512,KSP/2025/5281,2025-08-16,69,4,4,12.954015,77.643859,Patrol unit responded to assault & violence call. One suspect apprehended.
513,KSP/2023/8904,2023-09-25,23,8,3,12.966176,77.75,fraud & cheating reported near Electronic City. CCTV footage under review.
514,KSP/2024/3262,2024-12-05,85,7,5,12.839595,77.689834,robbery & dacoity reported near Bannerghatta Road. CCTV footage under review.
515,KSP/2022/7562,2022-11-08,44,2,3,12.983364,77.571365,FIR lodged following property theft incident. Victim sustained minor injuries.
516,KSP/2025/2492,2025-04-23,19,13,2,12.83794,77.672504,Complainant reported missing persons at Mysuru Road. Suspect fled the scene.
517,KSP/2025/1618,2025-02-26,93,8,3,12.849869,77.683164,Complainant reported fraud & cheating at HSR Layout. Suspect fled the scene.
518,KSP/2022/9099,2022-06-28,57,7,5,12.99627,77.608053,FIR lodged following robbery & dacoity incident. Victim sustained minor injuries.
519,KSP/2023/9364,2023-08-29,67,1,4,12.976438,77.63236,Complainant reported cyber crime at Mysuru Road. Suspect fled the scene.
520,KSP/2022/5520,2022-01-01,100,11,3,12.833392,77.664419,FIR lodged following land disputes incident. Victim sustained minor injuries.
521,KSP/2022/5661,2022-02-17,93,7,5,13.013489,77.556614,Complainant reported robbery & dacoity at MG Road. Suspect fled the scene.
522,KSP/2024/4187,2024-05-09,59,13,2,12.887708,77.681467,FIR lodged following missing persons incident. Victim sustained minor injuries.
523,KSP/2022/9243,2022-11-27,38,14,3,12.83883,77.692301,Patrol unit responded to domestic violence call. One suspect apprehended.
524,KSP/2024/8923,2024-02-17,99,6,5,12.96006,77.593634,murder reported near Malleshwaram. CCTV footage under review.
525,KSP/2022/5224,2022-03-26,9,4,4,12.973434,77.727499,assault & violence reported near MG Road. CCTV footage under review.
526,KSP/2024/9462,2024-09-07,69,7,5,12.964314,77.662912,robbery & dacoity reported near Jayanagar. CCTV footage under review.
527,KSP/2024/3924,2024-11-28,61,1,4,12.960073,77.646628,Complainant reported cyber crime at Electronic City. Suspect fled the scene.
528,KSP/2023/4271,2023-08-14,31,6,5,12.967273,77.602942,murder reported near Bannerghatta Road. CCTV footage under review.
529,KSP/2024/3555,2024-02-15,100,12,4,12.912709,77.659728,Patrol unit responded to communal offences call. One suspect apprehended.
530,KSP/2022/8901,2022-01-21,48,2,3,12.900051,77.630225,Patrol unit responded to property theft call. One suspect apprehended.
531,KSP/2024/9374,2024-05-03,36,10,2,12.967047,77.621563,eve teasing reported near Whitefield. CCTV footage under review.
532,KSP/2025/1533,2025-08-07,65,7,5,13.002689,77.593217,robbery & dacoity reported near Electronic City. CCTV footage under review.
533,KSP/2023/6171,2023-01-09,89,6,5,12.912687,77.633637,Patrol unit responded to murder call. One suspect apprehended.
534,KSP/2025/4066,2025-01-28,71,1,4,13.016778,77.55575,Patrol unit responded to cyber crime call. One suspect apprehended.
535,KSP/2023/4449,2023-07-26,54,5,5,12.989087,77.603657,narcotics reported near Malleshwaram. CCTV footage under review.
536,KSP/2023/4744,2023-07-13,13,11,3,12.977205,77.740269,Patrol unit responded to land disputes call. One suspect apprehended.
537,KSP/2023/3450,2023-09-02,61,11,3,12.932221,77.629932,FIR lodged following land disputes incident. Victim sustained minor injuries.
538,KSP/2026/6172,2026-05-26,63,13,2,12.922225,77.594725,Patrol unit responded to missing persons call. One suspect apprehended.
539,KSP/2023/5166,2023-05-23,61,5,5,12.826131,77.670748,Complainant reported narcotics at Koramangala. Suspect fled the scene.
540,KSP/2025/5222,2025-01-24,45,13,2,12.971205,77.582972,Patrol unit responded to missing persons call. One suspect apprehended.
541,KSP/2023/9821,2023-09-11,23,1,4,12.997511,77.566076,Patrol unit responded to cyber crime call. One suspect apprehended.
542,KSP/2025/5694,2025-10-20,60,15,5,12.967652,77.623169,Complainant reported child offences at Malleshwaram. Suspect fled the scene.
543,KSP/2024/7631,2024-11-14,10,10,2,12.985084,77.618267,eve teasing reported near BTM Layout. CCTV footage under review.
544,KSP/2024/7479,2024-04-11,35,2,3,12.961324,77.75,Patrol unit responded to property theft call. One suspect apprehended.
545,KSP/2026/3741,2026-06-07,24,14,3,12.983081,77.630655,domestic violence reported near Malleshwaram. CCTV footage under review.
546,KSP/2022/7505,2022-09-06,14,13,2,12.972701,77.605968,FIR lodged following missing persons incident. Victim sustained minor injuries.
547,KSP/2025/2363,2025-05-18,14,2,3,13.005081,77.620837,Patrol unit responded to property theft call. One suspect apprehended.
548,KSP/2024/5655,2024-08-19,57,5,5,12.954021,77.568791,FIR lodged following narcotics incident. Victim sustained minor injuries.
549,KSP/2025/8654,2025-01-13,70,10,2,12.973507,77.591533,Anonymous tip received regarding eve teasing. Investigation initiated.
550,KSP/2023/8480,2023-07-05,81,14,3,12.86404,77.704421,Patrol unit responded to domestic violence call. One suspect apprehended.
551,KSP/2024/9841,2024-08-20,30,12,4,12.890329,77.658516,Anonymous tip received regarding communal offences. Investigation initiated.
552,KSP/2024/9574,2024-08-01,98,13,2,12.927463,77.63319,Complainant reported missing persons at KR Market. Suspect fled the scene.
553,KSP/2026/1149,2026-03-09,99,13,2,12.967898,77.75,missing persons reported near Hebbal. CCTV footage under review.
554,KSP/2025/8161,2025-03-06,51,8,3,12.976013,77.608993,FIR lodged following fraud & cheating incident. Victim sustained minor injuries.
555,KSP/2023/7917,2023-11-17,81,4,4,12.972877,77.557639,Anonymous tip received regarding assault & violence. Investigation initiated.
556,KSP/2024/9715,2024-04-24,35,4,4,13.012989,77.565401,Anonymous tip received regarding assault & violence. Investigation initiated.
557,KSP/2025/5458,2025-11-15,90,8,3,12.965111,77.651302,Patrol unit responded to fraud & cheating call. One suspect apprehended.
558,KSP/2022/5622,2022-03-10,35,10,2,12.980551,77.607782,FIR lodged following eve teasing incident. Victim sustained minor injuries.
559,KSP/2022/6601,2022-02-15,54,2,3,12.976313,77.75,property theft reported near Koramangala. CCTV footage under review.
560,KSP/2022/3393,2022-04-09,8,6,5,12.976743,77.639786,Anonymous tip received regarding murder. Investigation initiated.
561,KSP/2024/2998,2024-02-16,99,5,5,12.960651,77.747354,narcotics reported near KR Market. CCTV footage under review.
562,KSP/2022/2539,2022-04-15,67,11,3,12.980964,77.74813,FIR lodged following land disputes incident. Victim sustained minor injuries.
563,KSP/2024/1691,2024-09-30,96,11,3,12.94647,77.631738,FIR lodged following land disputes incident. Victim sustained minor injuries.
564,KSP/2023/4568,2023-09-10,15,14,3,12.934755,77.645894,Anonymous tip received regarding domestic violence. Investigation initiated.
565,KSP/2023/4982,2023-01-07,2,4,4,12.99636,77.75,assault & violence reported near Mysuru Road. CCTV footage under review.
566,KSP/2023/2466,2023-04-27,32,15,5,12.831568,77.655662,Anonymous tip received regarding child offences. Investigation initiated.
567,KSP/2022/3521,2022-07-06,90,3,3,12.946124,77.571081,Complainant reported vehicle theft at Jayanagar. Suspect fled the scene.
568,KSP/2024/4161,2024-12-15,3,9,2,12.958546,77.595599,unlawful assembly reported near Bannerghatta Road. CCTV footage under review.
569,KSP/2026/5828,2026-02-16,70,11,3,12.991066,77.75,land disputes reported near Electronic City. CCTV footage under review.
570,KSP/2025/3627,2025-12-26,9,11,3,12.981176,77.61998,Anonymous tip received regarding land disputes. Investigation initiated.
571,KSP/2025/9289,2025-11-11,49,9,2,12.943115,77.607519,Complainant reported unlawful assembly at Mysuru Road. Suspect fled the scene.
572,KSP/2024/2037,2024-01-12,85,12,4,12.89958,77.640247,Anonymous tip received regarding communal offences. Investigation initiated.
573,KSP/2023/6285,2023-04-24,53,15,5,12.96839,77.66114,Patrol unit responded to child offences call. One suspect apprehended.
574,KSP/2023/4310,2023-02-08,14,10,2,12.966087,77.593791,FIR lodged following eve teasing incident. Victim sustained minor injuries.
575,KSP/2026/5193,2026-03-03,7,9,2,12.945857,77.582285,Patrol unit responded to unlawful assembly call. One suspect apprehended.
576,KSP/2023/8668,2023-10-11,82,7,5,12.871137,77.691909,robbery & dacoity reported near MG Road. CCTV footage under review.
577,KSP/2025/5355,2025-02-20,68,2,3,12.8543,77.671114,Complainant reported property theft at HSR Layout. Suspect fled the scene.
578,KSP/2026/4784,2026-06-02,69,1,4,12.959611,77.628633,Complainant reported cyber crime at MG Road. Suspect fled the scene.
579,KSP/2023/7802,2023-07-10,96,7,5,12.965036,77.590953,Patrol unit responded to robbery & dacoity call. One suspect apprehended.
580,KSP/2025/3955,2025-08-19,71,2,3,13.011371,77.56394,Complainant reported property theft at Whitefield. Suspect fled the scene.
581,KSP/2025/6319,2025-10-08,48,7,5,12.999207,77.75,Anonymous tip received regarding robbery & dacoity. Investigation initiated.
582,KSP/2024/4504,2024-01-18,49,8,3,13.027906,77.539229,Patrol unit responded to fraud & cheating call. One suspect apprehended.
583,KSP/2025/1567,2025-10-22,37,12,4,12.909016,77.688295,communal offences reported near KR Market. CCTV footage under review.
584,KSP/2024/6159,2024-07-22,3,10,2,12.947905,77.623974,FIR lodged following eve teasing incident. Victim sustained minor injuries.
585,KSP/2026/3534,2026-05-08,13,12,4,13.024768,77.589776,Patrol unit responded to communal offences call. One suspect apprehended.
586,KSP/2024/5920,2024-02-16,12,1,4,12.979055,77.75,FIR lodged following cyber crime incident. Victim sustained minor injuries.
587,KSP/2024/8999,2024-10-05,89,9,2,12.841122,77.682887,unlawful assembly reported near Whitefield. CCTV footage under review.
588,KSP/2022/2285,2022-04-27,100,11,3,12.977761,77.65213,Patrol unit responded to land disputes call. One suspect apprehended.
589,KSP/2025/4714,2025-07-18,96,1,4,12.97404,77.602579,Complainant reported cyber crime at Mysuru Road. Suspect fled the scene.
590,KSP/2025/9591,2025-04-03,6,10,2,12.865835,77.678866,Complainant reported eve teasing at Hebbal. Suspect fled the scene.
591,KSP/2023/7436,2023-04-21,58,6,5,12.829128,77.697553,Complainant reported murder at BTM Layout. Suspect fled the scene.
592,KSP/2025/6507,2025-05-10,11,12,4,12.853365,77.685555,FIR lodged following communal offences incident. Victim sustained minor injuries.
593,KSP/2025/3136,2025-05-23,98,8,3,12.978825,77.576512,Patrol unit responded to fraud & cheating call. One suspect apprehended.
594,KSP/2023/9589,2023-09-02,32,3,3,12.818162,77.678661,Patrol unit responded to vehicle theft call. One suspect apprehended.
595,KSP/2022/7776,2022-10-06,55,4,4,12.955174,77.616896,Complainant reported assault & violence at BTM Layout. Suspect fled the scene.
596,KSP/2024/8245,2024-08-05,80,7,5,12.963547,77.625346,FIR lodged following robbery & dacoity incident. Victim sustained minor injuries.
597,KSP/2025/2405,2025-03-07,15,3,3,12.975759,77.585493,FIR lodged following vehicle theft incident. Victim sustained minor injuries.
598,KSP/2024/2823,2024-06-12,40,12,4,12.969655,77.601356,Complainant reported communal offences at Jayanagar. Suspect fled the scene.
599,KSP/2023/5237,2023-09-26,71,8,3,12.976348,77.612626,Patrol unit responded to fraud & cheating call. One suspect apprehended.
600,KSP/2022/9631,2022-02-27,6,9,2,13.004659,77.598029,unlawful assembly reported near HSR Layout. CCTV footage under review.
601,KSP/2024/1136,2024-04-22,9,4,4,12.978662,77.616662,Complainant reported assault & violence at Yelahanka. Suspect fled the scene.
602,KSP/2022/7332,2022-12-02,30,7,5,12.988985,77.589543,Complainant reported robbery & dacoity at Hebbal. Suspect fled the scene.
603,KSP/2026/2442,2026-02-14,24,15,5,12.927065,77.593071,Patrol unit responded to child offences call. One suspect apprehended.
604,KSP/2022/5995,2022-05-04,43,3,3,12.988018,77.611187,FIR lodged following vehicle theft incident. Victim sustained minor injuries.
605,KSP/2025/9212,2025-01-09,36,9,2,13.012627,77.582624,Anonymous tip received regarding unlawful assembly. Investigation initiated.
606,KSP/2022/4695,2022-04-02,20,13,2,13.044613,77.529217,Patrol unit responded to missing persons call. One suspect apprehended.
607,KSP/2026/4726,2026-06-06,54,6,5,12.98559,77.75,Patrol unit responded to murder call. One suspect apprehended.
608,KSP/2024/3158,2024-10-20,27,4,4,13.003936,77.588545,assault & violence reported near Electronic City. CCTV footage under review.
609,KSP/2023/9582,2023-03-06,18,10,2,12.835839,77.667768,Anonymous tip received regarding eve teasing. Investigation initiated.
610,KSP/2023/9732,2023-05-07,93,8,3,12.912754,77.628253,Anonymous tip received regarding fraud & cheating. Investigation initiated.
611,KSP/2024/5970,2024-09-17,57,2,3,12.987384,77.733312,property theft reported near Malleshwaram. CCTV footage under review.
612,KSP/2023/3155,2023-04-18,24,12,4,12.943971,77.621388,FIR lodged following communal offences incident. Victim sustained minor injuries.
613,KSP/2023/4783,2023-12-19,88,1,4,12.994818,77.606282,Patrol unit responded to cyber crime call. One suspect apprehended.
614,KSP/2025/7348,2025-12-27,63,1,4,12.9731,77.586692,Anonymous tip received regarding cyber crime. Investigation initiated.
615,KSP/2022/4646,2022-02-16,96,8,3,12.973883,77.609803,Anonymous tip received regarding fraud & cheating. Investigation initiated.
616,KSP/2025/6323,2025-09-26,59,11,3,12.978437,77.616186,Patrol unit responded to land disputes call. One suspect apprehended.
617,KSP/2025/9784,2025-03-27,68,14,3,12.973166,77.729651,Anonymous tip received regarding domestic violence. Investigation initiated.
618,KSP/2025/9498,2025-11-20,69,10,2,12.997007,77.58173,Complainant reported eve teasing at Koramangala. Suspect fled the scene.
619,KSP/2022/8201,2022-06-03,51,7,5,12.973101,77.57359,FIR lodged following robbery & dacoity incident. Victim sustained minor injuries.
620,KSP/2024/9470,2024-07-03,19,14,3,12.987975,77.588823,Patrol unit responded to domestic violence call. One suspect apprehended.
621,KSP/2023/9952,2023-07-13,18,8,3,13.0367,77.560514,Patrol unit responded to fraud & cheating call. One suspect apprehended.
622,KSP/2023/5097,2023-09-20,42,7,5,12.986092,77.75,robbery & dacoity reported near MG Road. CCTV footage under review.
623,KSP/2023/8362,2023-01-19,82,11,3,12.916876,77.627132,Complainant reported land disputes at MG Road. Suspect fled the scene.
624,KSP/2026/7204,2026-05-09,71,7,5,12.91539,77.642168,Patrol unit responded to robbery & dacoity call. One suspect apprehended.
625,KSP/2023/3930,2023-04-12,99,7,5,13.006498,77.569855,FIR lodged following robbery & dacoity incident. Victim sustained minor injuries.
626,KSP/2025/3960,2025-10-18,16,11,3,12.960424,77.75,Anonymous tip received regarding land disputes. Investigation initiated.
627,KSP/2022/9169,2022-02-07,70,14,3,13.035537,77.620567,domestic violence reported near Yelahanka. CCTV footage under review.
628,KSP/2026/8239,2026-01-17,11,13,2,12.82942,77.67743,missing persons reported near Malleshwaram. CCTV footage under review.
629,KSP/2023/3429,2023-10-08,8,10,2,12.98054,77.586431,Complainant reported eve teasing at Whitefield. Suspect fled the scene.
630,KSP/2024/1803,2024-07-16,14,10,2,12.985104,77.576924,Anonymous tip received regarding eve teasing. Investigation initiated.
631,KSP/2023/6901,2023-07-06,5,8,3,12.961907,77.576406,fraud & cheating reported near Bannerghatta Road. CCTV footage under review.
632,KSP/2022/2063,2022-07-30,38,2,3,12.965874,77.617962,property theft reported near Electronic City. CCTV footage under review.
633,KSP/2025/4425,2025-07-09,79,8,3,12.980106,77.58424,Patrol unit responded to fraud & cheating call. One suspect apprehended.
634,KSP/2022/5705,2022-09-30,55,1,4,12.858151,77.674619,cyber crime reported near Bannerghatta Road. CCTV footage under review.
635,KSP/2025/9132,2025-01-04,67,10,2,12.921569,77.742139,FIR lodged following eve teasing incident. Victim sustained minor injuries.
636,KSP/2023/1025,2023-12-25,16,11,3,12.946286,77.595428,Anonymous tip received regarding land disputes. Investigation initiated.
637,KSP/2025/6468,2025-07-12,45,1,4,13.043285,77.570655,cyber crime reported near KR Market. CCTV footage under review.
638,KSP/2024/2111,2024-05-24,40,9,2,13.031829,77.551713,Anonymous tip received regarding unlawful assembly. Investigation initiated.
639,KSP/2024/1477,2024-11-01,23,5,5,12.840688,77.669668,Anonymous tip received regarding narcotics. Investigation initiated.
640,KSP/2026/3224,2026-01-14,62,3,3,12.975129,77.631963,Complainant reported vehicle theft at BTM Layout. Suspect fled the scene.
641,KSP/2025/1917,2025-12-07,67,3,3,12.956336,77.600594,vehicle theft reported near Bannerghatta Road. CCTV footage under review.
642,KSP/2023/6434,2023-10-10,46,5,5,12.982565,77.597034,Patrol unit responded to narcotics call. One suspect apprehended.
643,KSP/2025/7382,2025-03-11,24,2,3,12.978969,77.583106,Patrol unit responded to property theft call. One suspect apprehended.
644,KSP/2024/7780,2024-09-04,12,10,2,12.910227,77.626554,Complainant reported eve teasing at Hebbal. Suspect fled the scene.
645,KSP/2023/3867,2023-11-03,15,9,2,12.940662,77.618154,Patrol unit responded to unlawful assembly call. One suspect apprehended.
646,KSP/2026/8907,2026-04-22,65,7,5,12.97356,77.600916,Complainant reported robbery & dacoity at Mysuru Road. Suspect fled the scene.
647,KSP/2024/2609,2024-08-22,67,3,3,12.93944,77.75,Anonymous tip received regarding vehicle theft. Investigation initiated.
648,KSP/2026/6095,2026-06-11,6,11,3,12.968953,77.578176,Complainant reported land disputes at KR Market. Suspect fled the scene.
649,KSP/2022/6119,2022-05-24,3,11,3,12.854268,77.685752,Complainant reported land disputes at Electronic City. Suspect fled the scene.
650,KSP/2023/9720,2023-08-22,41,10,2,12.98008,77.741626,Anonymous tip received regarding eve teasing. Investigation initiated.
651,KSP/2022/9422,2022-12-22,14,12,4,13.020554,77.559693,Complainant reported communal offences at HSR Layout. Suspect fled the scene.
652,KSP/2024/3806,2024-05-30,10,4,4,12.966343,77.75,Patrol unit responded to assault & violence call. One suspect apprehended.
653,KSP/2022/1826,2022-04-01,14,6,5,12.905316,77.648779,murder reported near BTM Layout. CCTV footage under review.
654,KSP/2025/6119,2025-10-17,43,7,5,12.95337,77.609315,Patrol unit responded to robbery & dacoity call. One suspect apprehended.
655,KSP/2025/2522,2025-12-17,90,13,2,12.981165,77.563719,Patrol unit responded to missing persons call. One suspect apprehended.
656,KSP/2025/4666,2025-12-16,19,8,3,12.925753,77.602864,fraud & cheating reported near Koramangala. CCTV footage under review.
657,KSP/2024/8987,2024-10-23,4,13,2,12.852678,77.66921,Anonymous tip received regarding missing persons. Investigation initiated.
658,KSP/2024/3087,2024-05-26,66,2,3,12.942857,77.598479,Anonymous tip received regarding property theft. Investigation initiated.
659,KSP/2022/8552,2022-08-09,52,2,3,12.963857,77.62725,Anonymous tip received regarding property theft. Investigation initiated.
660,KSP/2026/6582,2026-02-07,27,10,2,12.97615,77.616021,eve teasing reported near MG Road. CCTV footage under review.
661,KSP/2024/4869,2024-11-29,23,13,2,12.843331,77.661334,Patrol unit responded to missing persons call. One suspect apprehended.
662,KSP/2026/8584,2026-02-20,42,11,3,12.98938,77.586351,Complainant reported land disputes at HSR Layout. Suspect fled the scene.
663,KSP/2022/7208,2022-08-05,42,9,2,12.976767,77.673516,Patrol unit responded to unlawful assembly call. One suspect apprehended.
664,KSP/2022/3444,2022-01-01,58,9,2,13.045093,77.565892,FIR lodged following unlawful assembly incident. Victim sustained minor injuries.
665,KSP/2024/5989,2024-09-10,56,9,2,12.961064,77.745244,Anonymous tip received regarding unlawful assembly. Investigation initiated.
666,KSP/2026/5819,2026-05-05,8,11,3,12.929795,77.648791,land disputes reported near Whitefield. CCTV footage under review.
667,KSP/2025/1510,2025-01-21,31,7,5,12.861994,77.684662,Complainant reported robbery & dacoity at Hebbal. Suspect fled the scene.
668,KSP/2025/9931,2025-06-15,28,8,3,12.823192,77.660247,fraud & cheating reported near Malleshwaram. CCTV footage under review.
669,KSP/2025/5726,2025-01-24,86,11,3,12.940794,77.638181,land disputes reported near Whitefield. CCTV footage under review.
670,KSP/2026/2387,2026-02-21,18,2,3,12.966615,77.587883,property theft reported near Whitefield. CCTV footage under review.
671,KSP/2025/8444,2025-08-15,66,10,2,12.944346,77.75,Patrol unit responded to eve teasing call. One suspect apprehended.
672,KSP/2025/9161,2025-08-12,94,8,3,12.951964,77.64711,Patrol unit responded to fraud & cheating call. One suspect apprehended.
673,KSP/2025/8917,2025-02-14,91,4,4,12.919227,77.634519,Complainant reported assault & violence at KR Market. Suspect fled the scene.
674,KSP/2026/9469,2026-06-24,11,7,5,12.845852,77.675541,Anonymous tip received regarding robbery & dacoity. Investigation initiated.
675,KSP/2022/6119,2022-08-31,79,9,2,12.840534,77.698162,Patrol unit responded to unlawful assembly call. One suspect apprehended.
676,KSP/2026/6431,2026-05-12,54,1,4,12.972808,77.733296,cyber crime reported near HSR Layout. CCTV footage under review.
677,KSP/2024/2006,2024-08-02,81,6,5,13.007487,77.628728,Patrol unit responded to murder call. One suspect apprehended.
678,KSP/2022/2351,2022-03-26,17,8,3,13.014923,77.609166,Anonymous tip received regarding fraud & cheating. Investigation initiated.
679,KSP/2024/1232,2024-05-22,95,9,2,12.958607,77.647877,Anonymous tip received regarding unlawful assembly. Investigation initiated.
680,KSP/2025/3873,2025-10-19,34,2,3,12.964401,77.589919,Anonymous tip received regarding property theft. Investigation initiated.
681,KSP/2022/3376,2022-04-13,77,12,4,12.983535,77.623857,Anonymous tip received regarding communal offences. Investigation initiated.
682,KSP/2025/8211,2025-04-05,93,14,3,12.923948,77.595813,FIR lodged following domestic violence incident. Victim sustained minor injuries.
683,KSP/2024/3745,2024-04-01,60,10,2,12.974446,77.593466,Complainant reported eve teasing at KR Market. Suspect fled the scene.
684,KSP/2023/7390,2023-12-27,61,7,5,12.969194,77.724843,robbery & dacoity reported near BTM Layout. CCTV footage under review.
685,KSP/2025/6172,2025-10-26,68,5,5,12.923843,77.629437,narcotics reported near BTM Layout. CCTV footage under review.
686,KSP/2025/5466,2025-09-03,43,11,3,12.990174,77.584038,Patrol unit responded to land disputes call. One suspect apprehended.
687,KSP/2025/4193,2025-12-03,67,5,5,12.959333,77.65986,FIR lodged following narcotics incident. Victim sustained minor injuries.
688,KSP/2022/7737,2022-01-27,13,6,5,12.998053,77.597091,Complainant reported murder at KR Market. Suspect fled the scene.
689,KSP/2024/1388,2024-02-22,80,9,2,13.007443,77.570371,FIR lodged following unlawful assembly incident. Victim sustained minor injuries.
690,KSP/2023/3128,2023-01-14,49,2,3,12.994221,77.59627,Complainant reported property theft at MG Road. Suspect fled the scene.
691,KSP/2022/5826,2022-12-11,60,10,2,12.874121,77.634187,FIR lodged following eve teasing incident. Victim sustained minor injuries.
692,KSP/2025/3653,2025-08-19,100,11,3,12.924622,77.608748,Anonymous tip received regarding land disputes. Investigation initiated.
693,KSP/2022/3915,2022-07-06,57,2,3,12.980005,77.589061,Anonymous tip received regarding property theft. Investigation initiated.
694,KSP/2026/9857,2026-03-09,99,2,3,13.014569,77.634266,Complainant reported property theft at Whitefield. Suspect fled the scene.
695,KSP/2024/2194,2024-03-15,10,8,3,12.852616,77.687025,Complainant reported fraud & cheating at KR Market. Suspect fled the scene.
696,KSP/2023/7397,2023-04-08,35,10,2,12.94568,77.617856,Complainant reported eve teasing at KR Market. Suspect fled the scene.
697,KSP/2026/7617,2026-03-05,94,3,3,12.968797,77.75,vehicle theft reported near Malleshwaram. CCTV footage under review.
698,KSP/2026/9770,2026-02-06,46,12,4,12.958818,77.639695,Complainant reported communal offences at HSR Layout. Suspect fled the scene.
699,KSP/2022/6571,2022-10-09,11,6,5,13.017906,77.75,Anonymous tip received regarding murder. Investigation initiated.
700,KSP/2022/4129,2022-05-03,39,13,2,12.987489,77.589791,missing persons reported near BTM Layout. CCTV footage under review.
701,KSP/2022/4104,2022-09-21,18,11,3,12.900352,77.639645,land disputes reported near Bannerghatta Road. CCTV footage under review.
702,KSP/2025/9856,2025-04-22,83,1,4,12.98267,77.594348,Complainant reported cyber crime at Mysuru Road. Suspect fled the scene.
703,KSP/2022/1918,2022-02-21,44,5,5,12.943474,77.610358,Complainant reported narcotics at Jayanagar. Suspect fled the scene.
704,KSP/2026/9791,2026-06-14,20,12,4,12.991648,77.613001,communal offences reported near BTM Layout. CCTV footage under review.
705,KSP/2026/1750,2026-02-27,32,12,4,12.997799,77.617897,Complainant reported communal offences at Yelahanka. Suspect fled the scene.
706,KSP/2024/3796,2024-08-12,76,11,3,12.973854,77.598841,Complainant reported land disputes at Yelahanka. Suspect fled the scene.
707,KSP/2023/4320,2023-11-17,55,2,3,12.975196,77.653259,Complainant reported property theft at Mysuru Road. Suspect fled the scene.
708,KSP/2023/3250,2023-01-11,42,6,5,12.958847,77.624833,Patrol unit responded to murder call. One suspect apprehended.
709,KSP/2024/5487,2024-11-08,19,13,2,12.961796,77.619965,Complainant reported missing persons at MG Road. Suspect fled the scene.
710,KSP/2024/3185,2024-01-27,13,12,4,12.965436,77.60117,Patrol unit responded to communal offences call. One suspect apprehended.
711,KSP/2026/1118,2026-02-21,23,13,2,13.015541,77.557171,Complainant reported missing persons at KR Market. Suspect fled the scene.
712,KSP/2026/3344,2026-01-18,82,14,3,12.97981,77.573193,FIR lodged following domestic violence incident. Victim sustained minor injuries.
713,KSP/2022/9190,2022-04-27,79,5,5,12.935827,77.63377,Patrol unit responded to narcotics call. One suspect apprehended.
714,KSP/2022/4144,2022-01-15,16,15,5,13.02462,77.53742,Patrol unit responded to child offences call. One suspect apprehended.
715,KSP/2026/4409,2026-04-26,36,15,5,12.98807,77.599685,FIR lodged following child offences incident. Victim sustained minor injuries.
716,KSP/2026/3617,2026-01-13,86,1,4,12.988704,77.6179,cyber crime reported near Whitefield. CCTV footage under review.
717,KSP/2024/8424,2024-02-21,6,14,3,12.964836,77.602351,Anonymous tip received regarding domestic violence. Investigation initiated.
718,KSP/2022/2901,2022-04-01,10,2,3,12.963043,77.592554,property theft reported near Electronic City. CCTV footage under review.
719,KSP/2023/2804,2023-09-10,42,14,3,12.978874,77.572671,Anonymous tip received regarding domestic violence. Investigation initiated.
720,KSP/2023/8936,2023-11-17,7,4,4,12.967254,77.61243,Complainant reported assault & violence at Yelahanka. Suspect fled the scene.
721,KSP/2025/8499,2025-04-18,93,14,3,12.986459,77.587365,Anonymous tip received regarding domestic violence. Investigation initiated.
722,KSP/2022/5597,2022-04-10,18,3,3,12.968125,77.75,Patrol unit responded to vehicle theft call. One suspect apprehended.
723,KSP/2023/3568,2023-11-15,82,2,3,12.91312,77.636962,Anonymous tip received regarding property theft. Investigation initiated.
724,KSP/2023/9548,2023-12-15,63,15,5,12.893218,77.64103,Complainant reported child offences at Malleshwaram. Suspect fled the scene.
725,KSP/2022/5041,2022-02-15,32,13,2,12.95931,77.609972,missing persons reported near Bannerghatta Road. CCTV footage under review.
726,KSP/2023/7844,2023-04-08,6,6,5,12.855517,77.664379,Patrol unit responded to murder call. One suspect apprehended.
727,KSP/2025/2605,2025-05-10,58,1,4,12.935658,77.620604,cyber crime reported near Mysuru Road. CCTV footage under review.
728,KSP/2025/6872,2025-06-17,38,9,2,12.972046,77.571547,FIR lodged following unlawful assembly incident. Victim sustained minor injuries.
729,KSP/2023/1399,2023-05-18,59,4,4,13.032195,77.622229,assault & violence reported near HSR Layout. CCTV footage under review.
730,KSP/2025/1022,2025-02-24,81,8,3,12.968816,77.58542,fraud & cheating reported near Bannerghatta Road. CCTV footage under review.
731,KSP/2025/9887,2025-08-16,74,2,3,12.908075,77.653356,Anonymous tip received regarding property theft. Investigation initiated.
732,KSP/2022/6963,2022-06-20,7,13,2,12.987023,77.655069,Patrol unit responded to missing persons call. One suspect apprehended.
733,KSP/2023/2097,2023-06-29,72,2,3,12.959316,77.740161,Patrol unit responded to property theft call. One suspect apprehended.
734,KSP/2022/4437,2022-12-19,97,11,3,12.9868,77.605898,land disputes reported near Bannerghatta Road. CCTV footage under review.
735,KSP/2025/2038,2025-08-06,48,12,4,12.968683,77.616652,Anonymous tip received regarding communal offences. Investigation initiated.
736,KSP/2024/7031,2024-06-27,87,6,5,12.927632,77.623219,murder reported near HSR Layout. CCTV footage under review.
737,KSP/2025/7400,2025-11-23,23,14,3,12.96515,77.637994,Complainant reported domestic violence at MG Road. Suspect fled the scene.
738,KSP/2023/4346,2023-04-05,67,5,5,13.019318,77.627646,narcotics reported near Whitefield. CCTV footage under review.
739,KSP/2023/7883,2023-02-15,57,15,5,12.951934,77.605975,child offences reported near Jayanagar. CCTV footage under review.
740,KSP/2023/6503,2023-12-23,53,12,4,12.972783,77.597537,Patrol unit responded to communal offences call. One suspect apprehended.
741,KSP/2025/3161,2025-10-15,40,10,2,13.025769,77.534152,eve teasing reported near Hebbal. CCTV footage under review.
742,KSP/2022/5659,2022-05-28,59,3,3,12.936134,77.61114,FIR lodged following vehicle theft incident. Victim sustained minor injuries.
743,KSP/2023/3514,2023-07-21,21,15,5,12.849773,77.692729,FIR lodged following child offences incident. Victim sustained minor injuries.
744,KSP/2024/4361,2024-03-20,72,4,4,12.968429,77.601727,Anonymous tip received regarding assault & violence. Investigation initiated.
745,KSP/2025/9743,2025-10-25,39,11,3,13.030207,77.549832,Patrol unit responded to land disputes call. One suspect apprehended.
746,KSP/2025/1070,2025-11-24,95,2,3,12.994891,77.58383,Anonymous tip received regarding property theft. Investigation initiated.
747,KSP/2024/3409,2024-06-19,73,9,2,12.927645,77.614471,Patrol unit responded to unlawful assembly call. One suspect apprehended.
748,KSP/2026/2914,2026-01-28,40,11,3,12.906128,77.656214,Complainant reported land disputes at Whitefield. Suspect fled the scene.
749,KSP/2024/4197,2024-10-10,75,1,4,12.842512,77.690863,Complainant reported cyber crime at HSR Layout. Suspect fled the scene.
750,KSP/2022/2431,2022-09-17,66,9,2,12.961061,77.630157,Patrol unit responded to unlawful assembly call. One suspect apprehended.
751,KSP/2022/3423,2022-06-24,92,7,5,12.920886,77.613658,Anonymous tip received regarding robbery & dacoity. Investigation initiated.
752,KSP/2024/2435,2024-12-27,28,13,2,12.961237,77.75,Anonymous tip received regarding missing persons. Investigation initiated.
753,KSP/2024/7944,2024-06-15,94,11,3,12.962238,77.623241,FIR lodged following land disputes incident. Victim sustained minor injuries.
754,KSP/2023/9606,2023-10-08,43,14,3,12.966167,77.591286,Anonymous tip received regarding domestic violence. Investigation initiated.
755,KSP/2025/3865,2025-06-26,72,2,3,13.010248,77.613549,Anonymous tip received regarding property theft. Investigation initiated.
756,KSP/2025/9037,2025-04-01,6,8,3,12.848503,77.671903,Anonymous tip received regarding fraud & cheating. Investigation initiated.
757,KSP/2025/1040,2025-12-10,20,13,2,12.954739,77.740966,FIR lodged following missing persons incident. Victim sustained minor injuries.
758,KSP/2024/9059,2024-06-12,89,5,5,13.018567,77.605355,narcotics reported near Whitefield. CCTV footage under review.
759,KSP/2022/6927,2022-07-27,75,10,2,12.973215,77.57719,Patrol unit responded to eve teasing call. One suspect apprehended.
760,KSP/2023/1287,2023-01-07,34,8,3,12.968666,77.75,Anonymous tip received regarding fraud & cheating. Investigation initiated.
761,KSP/2023/1866,2023-02-25,35,3,3,12.958547,77.622483,Anonymous tip received regarding vehicle theft. Investigation initiated.
762,KSP/2024/2258,2024-06-25,66,6,5,13.026354,77.549682,Patrol unit responded to murder call. One suspect apprehended.
763,KSP/2023/6180,2023-06-04,88,3,3,13.023668,77.530815,Patrol unit responded to vehicle theft call. One suspect apprehended.
764,KSP/2024/3243,2024-12-28,67,13,2,12.971229,77.59372,FIR lodged following missing persons incident. Victim sustained minor injuries.
765,KSP/2023/3532,2023-05-22,65,5,5,12.961246,77.597746,Complainant reported narcotics at Koramangala. Suspect fled the scene.
766,KSP/2026/2867,2026-06-22,54,4,4,12.992304,77.594737,Patrol unit responded to assault & violence call. One suspect apprehended.
767,KSP/2026/6940,2026-01-29,18,8,3,12.985854,77.563729,Anonymous tip received regarding fraud & cheating. Investigation initiated.
768,KSP/2024/5991,2024-11-28,4,13,2,12.889171,77.635332,FIR lodged following missing persons incident. Victim sustained minor injuries.
769,KSP/2023/4438,2023-12-05,17,12,4,12.987543,77.611305,Anonymous tip received regarding communal offences. Investigation initiated.
770,KSP/2022/8065,2022-02-28,6,15,5,12.970397,77.742623,child offences reported near Mysuru Road. CCTV footage under review.
771,KSP/2025/1709,2025-12-28,9,3,3,12.960798,77.577628,Complainant reported vehicle theft at Hebbal. Suspect fled the scene.
772,KSP/2023/4027,2023-10-01,86,5,5,12.977937,77.598995,Patrol unit responded to narcotics call. One suspect apprehended.
773,KSP/2024/9202,2024-12-16,100,6,5,12.99187,77.565118,Anonymous tip received regarding murder. Investigation initiated.
774,KSP/2022/4138,2022-02-13,37,11,3,12.969603,77.604273,Patrol unit responded to land disputes call. One suspect apprehended.
775,KSP/2023/8777,2023-10-27,47,3,3,13.014106,77.580656,Patrol unit responded to vehicle theft call. One suspect apprehended.
776,KSP/2025/4510,2025-01-07,66,11,3,12.972496,77.600862,land disputes reported near Malleshwaram. CCTV footage under review.
777,KSP/2022/9123,2022-12-09,98,4,4,12.97927,77.593856,Patrol unit responded to assault & violence call. One suspect apprehended.
778,KSP/2026/5646,2026-03-14,59,7,5,12.974718,77.60108,Complainant reported robbery & dacoity at Malleshwaram. Suspect fled the scene.
779,KSP/2025/4093,2025-06-19,9,10,2,12.98587,77.747477,Anonymous tip received regarding eve teasing. Investigation initiated.
780,KSP/2022/2723,2022-02-09,51,14,3,12.973317,77.634638,domestic violence reported near BTM Layout. CCTV footage under review.
781,KSP/2025/3764,2025-05-29,9,8,3,13.028983,77.555248,Patrol unit responded to fraud & cheating call. One suspect apprehended.
782,KSP/2025/7958,2025-06-10,93,7,5,12.98469,77.634716,Complainant reported robbery & dacoity at Koramangala. Suspect fled the scene.
783,KSP/2025/7626,2025-05-28,63,9,2,12.992017,77.559971,Anonymous tip received regarding unlawful assembly. Investigation initiated.
784,KSP/2026/3205,2026-03-01,4,9,2,12.964251,77.596753,unlawful assembly reported near Koramangala. CCTV footage under review.
785,KSP/2023/6356,2023-07-11,20,2,3,12.992141,77.603988,property theft reported near HSR Layout. CCTV footage under review.
786,KSP/2026/8635,2026-06-04,26,5,5,13.023209,77.528979,narcotics reported near Mysuru Road. CCTV footage under review.
787,KSP/2022/2951,2022-02-24,50,5,5,12.916451,77.623935,Complainant reported narcotics at Malleshwaram. Suspect fled the scene.
788,KSP/2023/5965,2023-07-04,91,8,3,12.956201,77.641434,Patrol unit responded to fraud & cheating call. One suspect apprehended.
789,KSP/2022/9037,2022-12-06,85,3,3,12.964105,77.75,Patrol unit responded to vehicle theft call. One suspect apprehended.
790,KSP/2023/7412,2023-05-01,34,9,2,12.916265,77.628134,Patrol unit responded to unlawful assembly call. One suspect apprehended.
791,KSP/2024/1461,2024-06-02,76,9,2,12.999618,77.61062,Anonymous tip received regarding unlawful assembly. Investigation initiated.
792,KSP/2022/2594,2022-03-25,55,1,4,12.945627,77.660079,Anonymous tip received regarding cyber crime. Investigation initiated.
793,KSP/2024/6113,2024-02-09,76,6,5,12.956685,77.75,FIR lodged following murder incident. Victim sustained minor injuries.
794,KSP/2023/6343,2023-06-12,5,2,3,13.026827,77.545575,Complainant reported property theft at Electronic City. Suspect fled the scene.
795,KSP/2024/8695,2024-04-08,76,8,3,12.880618,77.636611,Complainant reported fraud & cheating at Bannerghatta Road. Suspect fled the scene.
796,KSP/2022/4373,2022-10-31,44,1,4,12.957838,77.744238,cyber crime reported near MG Road. CCTV footage under review.
797,KSP/2024/4305,2024-07-19,64,9,2,12.955507,77.632136,Anonymous tip received regarding unlawful assembly. Investigation initiated.
798,KSP/2023/1778,2023-10-28,39,10,2,13.036022,77.633325,Anonymous tip received regarding eve teasing. Investigation initiated.
799,KSP/2022/6518,2022-10-13,35,15,5,12.973531,77.75,Patrol unit responded to child offences call. One suspect apprehended.
800,KSP/2022/5913,2022-08-27,56,2,3,12.949832,77.641593,Anonymous tip received regarding property theft. Investigation initiated.
801,KSP/2026/9971,2026-05-21,24,11,3,12.960003,77.75,land disputes reported near BTM Layout. CCTV footage under review.
802,KSP/2026/8656,2026-03-31,35,14,3,13.012211,77.550019,FIR lodged following domestic violence incident. Victim sustained minor injuries.
803,KSP/2025/1981,2025-09-09,67,14,3,12.915873,77.607585,Patrol unit responded to domestic violence call. One suspect apprehended.
804,KSP/2024/6220,2024-07-21,9,3,3,12.936702,77.649303,vehicle theft reported near Malleshwaram. CCTV footage under review.
805,KSP/2023/4868,2023-05-14,52,10,2,12.95869,77.652269,Anonymous tip received regarding eve teasing. Investigation initiated.
806,KSP/2024/8145,2024-08-22,55,4,4,12.997984,77.59924,assault & violence reported near Yelahanka. CCTV footage under review.
807,KSP/2024/3883,2024-03-13,83,10,2,12.975981,77.601442,Anonymous tip received regarding eve teasing. Investigation initiated.
808,KSP/2022/5882,2022-09-18,9,13,2,13.007004,77.620267,Anonymous tip received regarding missing persons. Investigation initiated.
809,KSP/2022/3302,2022-10-08,31,14,3,12.955443,77.75,domestic violence reported near Bannerghatta Road. CCTV footage under review.
810,KSP/2026/2478,2026-06-20,31,2,3,13.00663,77.572546,Anonymous tip received regarding property theft. Investigation initiated.
811,KSP/2025/4571,2025-04-26,19,10,2,12.979002,77.606128,FIR lodged following eve teasing incident. Victim sustained minor injuries.
812,KSP/2022/7139,2022-06-23,90,2,3,12.973439,77.622386,property theft reported near Electronic City. CCTV footage under review.
813,KSP/2024/8786,2024-05-12,92,14,3,12.949628,77.75,FIR lodged following domestic violence incident. Victim sustained minor injuries.
814,KSP/2022/4926,2022-04-19,33,7,5,12.949906,77.724121,Complainant reported robbery & dacoity at Bannerghatta Road. Suspect fled the scene.
815,KSP/2023/8248,2023-01-15,50,9,2,12.98356,77.746227,Patrol unit responded to unlawful assembly call. One suspect apprehended.
816,KSP/2024/4857,2024-07-23,39,1,4,13.040122,77.605245,Complainant reported cyber crime at Mysuru Road. Suspect fled the scene.
817,KSP/2025/2312,2025-06-16,100,4,4,12.9283,77.639315,Complainant reported assault & violence at Hebbal. Suspect fled the scene.
818,KSP/2025/5275,2025-08-05,65,14,3,12.910623,77.639463,Complainant reported domestic violence at Whitefield. Suspect fled the scene.
819,KSP/2024/1448,2024-10-12,98,2,3,12.967341,77.731165,property theft reported near Bannerghatta Road. CCTV footage under review.
820,KSP/2023/4278,2023-02-27,81,1,4,13.00365,77.531634,Complainant reported cyber crime at Malleshwaram. Suspect fled the scene.
821,KSP/2023/7722,2023-02-09,41,5,5,12.848621,77.684291,Patrol unit responded to narcotics call. One suspect apprehended.
822,KSP/2024/2382,2024-10-14,54,8,3,12.916188,77.656888,Anonymous tip received regarding fraud & cheating. Investigation initiated.
823,KSP/2023/4747,2023-11-29,12,7,5,12.949385,77.75,Complainant reported robbery & dacoity at KR Market. Suspect fled the scene.
824,KSP/2025/5262,2025-05-30,20,15,5,12.973051,77.598504,Patrol unit responded to child offences call. One suspect apprehended.
825,KSP/2026/8433,2026-06-22,87,2,3,12.976887,77.747461,property theft reported near Mysuru Road. CCTV footage under review.
826,KSP/2024/9096,2024-04-07,49,9,2,12.986318,77.641888,Anonymous tip received regarding unlawful assembly. Investigation initiated.
827,KSP/2024/3955,2024-05-29,53,3,3,12.920354,77.611164,FIR lodged following vehicle theft incident. Victim sustained minor injuries.
828,KSP/2025/8506,2025-11-02,11,13,2,12.982469,77.592957,FIR lodged following missing persons incident. Victim sustained minor injuries.
829,KSP/2023/7935,2023-10-22,95,1,4,12.961361,77.615255,cyber crime reported near Bannerghatta Road. CCTV footage under review.
830,KSP/2023/1745,2023-12-31,1,10,2,12.967004,77.59288,eve teasing reported near Jayanagar. CCTV footage under review.
831,KSP/2025/1673,2025-02-26,75,4,4,12.835031,77.69122,FIR lodged following assault & violence incident. Victim sustained minor injuries.
832,KSP/2025/6198,2025-12-25,91,3,3,12.95796,77.595214,FIR lodged following vehicle theft incident. Victim sustained minor injuries.
833,KSP/2023/6907,2023-02-02,56,9,2,12.974947,77.59762,unlawful assembly reported near Hebbal. CCTV footage under review.
834,KSP/2024/8139,2024-03-30,22,5,5,12.890731,77.633452,Patrol unit responded to narcotics call. One suspect apprehended.
835,KSP/2025/3435,2025-09-29,7,6,5,13.010737,77.611441,Complainant reported murder at Koramangala. Suspect fled the scene.
836,KSP/2025/1668,2025-09-17,57,4,4,12.970093,77.618021,Complainant reported assault & violence at Yelahanka. Suspect fled the scene.
837,KSP/2023/2533,2023-04-05,27,6,5,12.972593,77.581623,Complainant reported murder at Jayanagar. Suspect fled the scene.
838,KSP/2024/4479,2024-04-27,75,13,2,12.984583,77.622779,Patrol unit responded to missing persons call. One suspect apprehended.
839,KSP/2022/9161,2022-08-27,87,15,5,12.9726,77.585186,FIR lodged following child offences incident. Victim sustained minor injuries.
840,KSP/2023/2737,2023-01-15,42,2,3,12.960754,77.75,property theft reported near Jayanagar. CCTV footage under review.
841,KSP/2025/1095,2025-11-11,43,3,3,12.982293,77.575351,Anonymous tip received regarding vehicle theft. Investigation initiated.
842,KSP/2023/5635,2023-02-06,42,15,5,13.034469,77.546962,FIR lodged following child offences incident. Victim sustained minor injuries.
843,KSP/2022/3916,2022-10-15,31,13,2,12.970518,77.574053,missing persons reported near Hebbal. CCTV footage under review.
844,KSP/2023/7592,2023-05-22,37,15,5,12.934852,77.665594,child offences reported near Mysuru Road. CCTV footage under review.
845,KSP/2025/3151,2025-09-05,46,10,2,13.017157,77.630409,Anonymous tip received regarding eve teasing. Investigation initiated.
846,KSP/2025/7931,2025-04-20,12,11,3,12.942657,77.638618,land disputes reported near Hebbal. CCTV footage under review.
847,KSP/2025/9410,2025-08-16,44,12,4,12.947918,77.6295,Complainant reported communal offences at KR Market. Suspect fled the scene.
848,KSP/2026/9596,2026-03-19,11,15,5,13.00757,77.53202,Patrol unit responded to child offences call. One suspect apprehended.
849,KSP/2023/5921,2023-04-07,32,5,5,12.98407,77.740489,FIR lodged following narcotics incident. Victim sustained minor injuries.
850,KSP/2022/9366,2022-05-21,55,9,2,12.981519,77.608968,Patrol unit responded to unlawful assembly call. One suspect apprehended.
851,KSP/2025/2339,2025-01-09,99,8,3,12.930107,77.597516,Anonymous tip received regarding fraud & cheating. Investigation initiated.
852,KSP/2023/2364,2023-07-21,54,9,2,12.966623,77.586582,unlawful assembly reported near KR Market. CCTV footage under review.
853,KSP/2025/5342,2025-10-29,44,13,2,12.961693,77.598591,Patrol unit responded to missing persons call. One suspect apprehended.
854,KSP/2024/9755,2024-03-16,3,15,5,12.91369,77.658859,Complainant reported child offences at Malleshwaram. Suspect fled the scene.
855,KSP/2025/8974,2025-06-12,39,1,4,12.979665,77.609658,Patrol unit responded to cyber crime call. One suspect apprehended.
856,KSP/2025/3049,2025-05-12,18,10,2,12.995609,77.637234,Anonymous tip received regarding eve teasing. Investigation initiated.
857,KSP/2022/3378,2022-03-25,84,1,4,13.011224,77.598568,FIR lodged following cyber crime incident. Victim sustained minor injuries.
858,KSP/2022/8592,2022-09-25,19,4,4,12.971728,77.625491,Anonymous tip received regarding assault & violence. Investigation initiated.
859,KSP/2025/1321,2025-10-15,58,8,3,12.97594,77.602056,fraud & cheating reported near Yelahanka. CCTV footage under review.
860,KSP/2022/2682,2022-06-08,81,10,2,12.950042,77.595192,Anonymous tip received regarding eve teasing. Investigation initiated.
861,KSP/2024/7548,2024-06-22,63,13,2,12.954654,77.75,Complainant reported missing persons at Yelahanka. Suspect fled the scene.
862,KSP/2026/1994,2026-02-24,68,9,2,13.019897,77.567125,FIR lodged following unlawful assembly incident. Victim sustained minor injuries.
863,KSP/2025/9106,2025-07-20,80,1,4,12.828712,77.67311,cyber crime reported near MG Road. CCTV footage under review.
864,KSP/2024/6633,2024-06-13,57,14,3,12.968804,77.74699,FIR lodged following domestic violence incident. Victim sustained minor injuries.
865,KSP/2025/7395,2025-12-26,54,4,4,12.987285,77.599817,FIR lodged following assault & violence incident. Victim sustained minor injuries.
866,KSP/2023/5627,2023-05-19,89,13,2,13.019214,77.524381,Patrol unit responded to missing persons call. One suspect apprehended.
867,KSP/2026/7815,2026-03-10,64,12,4,13.028691,77.558255,Complainant reported communal offences at Mysuru Road. Suspect fled the scene.
868,KSP/2024/3598,2024-03-21,23,5,5,12.978545,77.608036,Anonymous tip received regarding narcotics. Investigation initiated.
869,KSP/2025/4714,2025-08-30,16,13,2,12.915331,77.651086,Complainant reported missing persons at HSR Layout. Suspect fled the scene.
870,KSP/2022/3476,2022-05-26,89,9,2,12.961475,77.623453,Patrol unit responded to unlawful assembly call. One suspect apprehended.
871,KSP/2025/2817,2025-09-22,14,13,2,12.843728,77.679937,missing persons reported near Mysuru Road. CCTV footage under review.
872,KSP/2022/3736,2022-05-11,81,12,4,12.844278,77.671598,Patrol unit responded to communal offences call. One suspect apprehended.
873,KSP/2025/2626,2025-10-03,20,2,3,12.960172,77.6257,Patrol unit responded to property theft call. One suspect apprehended.
874,KSP/2025/1107,2025-09-26,32,10,2,12.988691,77.75,eve teasing reported near Mysuru Road. CCTV footage under review.
875,KSP/2024/7799,2024-04-06,47,13,2,12.933095,77.63345,Anonymous tip received regarding missing persons. Investigation initiated.
876,KSP/2023/8025,2023-12-10,53,10,2,12.976171,77.58878,FIR lodged following eve teasing incident. Victim sustained minor injuries.
877,KSP/2025/3385,2025-01-28,99,14,3,12.927254,77.644614,Complainant reported domestic violence at Yelahanka. Suspect fled the scene.
878,KSP/2024/3692,2024-09-05,56,1,4,12.965922,77.637811,cyber crime reported near Mysuru Road. CCTV footage under review.
879,KSP/2022/7869,2022-06-29,52,2,3,12.978508,77.561847,Patrol unit responded to property theft call. One suspect apprehended.
880,KSP/2024/5583,2024-09-01,68,14,3,13.006805,77.562885,Anonymous tip received regarding domestic violence. Investigation initiated.
881,KSP/2025/7627,2025-10-05,100,10,2,12.953854,77.606834,Anonymous tip received regarding eve teasing. Investigation initiated.
882,KSP/2023/5651,2023-01-27,28,3,3,12.982973,77.75,Patrol unit responded to vehicle theft call. One suspect apprehended.
883,KSP/2023/9846,2023-05-13,76,2,3,12.814894,77.673627,Complainant reported property theft at KR Market. Suspect fled the scene.
884,KSP/2026/1982,2026-04-19,48,4,4,12.954772,77.65483,Complainant reported assault & violence at Bannerghatta Road. Suspect fled the scene.
885,KSP/2023/1085,2023-01-23,59,4,4,12.953162,77.642196,assault & violence reported near Hebbal. CCTV footage under review.
886,KSP/2023/5661,2023-12-28,86,6,5,12.975272,77.587406,Anonymous tip received regarding murder. Investigation initiated.
887,KSP/2026/6371,2026-06-03,67,12,4,12.97888,77.559019,FIR lodged following communal offences incident. Victim sustained minor injuries.
888,KSP/2025/2511,2025-08-15,8,10,2,12.955616,77.645214,eve teasing reported near MG Road. CCTV footage under review.
889,KSP/2026/9502,2026-06-24,100,8,3,12.972927,77.600501,fraud & cheating reported near HSR Layout. CCTV footage under review.
890,KSP/2025/7830,2025-09-29,21,7,5,12.960059,77.607316,robbery & dacoity reported near Bannerghatta Road. CCTV footage under review.
891,KSP/2026/4483,2026-05-14,59,3,3,12.969692,77.586938,Patrol unit responded to vehicle theft call. One suspect apprehended.
892,KSP/2023/2807,2023-01-04,16,8,3,13.003523,77.575042,Patrol unit responded to fraud & cheating call. One suspect apprehended.
893,KSP/2024/5816,2024-08-05,63,7,5,12.968369,77.606129,Anonymous tip received regarding robbery & dacoity. Investigation initiated.
894,KSP/2024/3999,2024-08-06,95,1,4,12.974909,77.579252,Anonymous tip received regarding cyber crime. Investigation initiated.
895,KSP/2025/6074,2025-07-21,73,9,2,12.953985,77.619283,unlawful assembly reported near HSR Layout. CCTV footage under review.
896,KSP/2023/8551,2023-02-17,98,8,3,12.949394,77.75,FIR lodged following fraud & cheating incident. Victim sustained minor injuries.
897,KSP/2025/7478,2025-06-26,44,8,3,12.944083,77.614595,fraud & cheating reported near Koramangala. CCTV footage under review.
898,KSP/2022/1406,2022-10-03,74,9,2,13.028865,77.604402,FIR lodged following unlawful assembly incident. Victim sustained minor injuries.
899,KSP/2022/9877,2022-09-22,74,10,2,12.982197,77.600133,FIR lodged following eve teasing incident. Victim sustained minor injuries.
900,KSP/2026/9713,2026-04-11,24,12,4,12.985236,77.616594,Complainant reported communal offences at MG Road. Suspect fled the scene.
901,KSP/2025/9741,2025-10-12,78,15,5,12.983537,77.634342,Complainant reported child offences at Mysuru Road. Suspect fled the scene.
902,KSP/2024/7798,2024-11-22,4,6,5,12.804991,77.678872,murder reported near Whitefield. CCTV footage under review.
903,KSP/2022/5675,2022-11-05,19,13,2,12.969466,77.75,Patrol unit responded to missing persons call. One suspect apprehended.
904,KSP/2023/6329,2023-06-10,24,3,3,13.010938,77.610489,Complainant reported vehicle theft at HSR Layout. Suspect fled the scene.
905,KSP/2025/7152,2025-07-06,16,1,4,12.961452,77.603002,Anonymous tip received regarding cyber crime. Investigation initiated.
906,KSP/2026/2885,2026-04-30,35,1,4,12.966765,77.600892,Patrol unit responded to cyber crime call. One suspect apprehended.
907,KSP/2025/5409,2025-06-20,71,2,3,12.9208,77.634014,FIR lodged following property theft incident. Victim sustained minor injuries.
908,KSP/2023/7664,2023-01-26,58,15,5,13.022242,77.570075,Anonymous tip received regarding child offences. Investigation initiated.
909,KSP/2025/5016,2025-03-05,69,2,3,13.033141,77.58867,Patrol unit responded to property theft call. One suspect apprehended.
910,KSP/2025/3742,2025-12-14,1,15,5,13.005878,77.618511,Patrol unit responded to child offences call. One suspect apprehended.
911,KSP/2025/4485,2025-03-27,75,2,3,12.908337,77.661279,Anonymous tip received regarding property theft. Investigation initiated.
912,KSP/2022/7476,2022-08-06,90,13,2,12.985594,77.622941,Anonymous tip received regarding missing persons. Investigation initiated.
913,KSP/2025/9270,2025-09-04,41,2,3,12.960212,77.59038,FIR lodged following property theft incident. Victim sustained minor injuries.
914,KSP/2025/6269,2025-11-07,44,14,3,12.98235,77.58857,Anonymous tip received regarding domestic violence. Investigation initiated.
915,KSP/2023/8807,2023-02-20,1,4,4,12.994275,77.649272,Complainant reported assault & violence at HSR Layout. Suspect fled the scene.
916,KSP/2026/2329,2026-02-28,84,14,3,12.994562,77.567536,domestic violence reported near Electronic City. CCTV footage under review.
917,KSP/2025/7166,2025-10-15,77,10,2,12.95675,77.607251,Complainant reported eve teasing at Jayanagar. Suspect fled the scene.
918,KSP/2022/7069,2022-01-27,25,6,5,12.974211,77.571567,Complainant reported murder at Yelahanka. Suspect fled the scene.
919,KSP/2025/5967,2025-01-16,92,8,3,12.987894,77.608711,FIR lodged following fraud & cheating incident. Victim sustained minor injuries.
920,KSP/2026/1116,2026-03-12,26,4,4,13.014021,77.619162,Patrol unit responded to assault & violence call. One suspect apprehended.
921,KSP/2026/4174,2026-04-04,85,15,5,13.03107,77.558762,child offences reported near Whitefield. CCTV footage under review.
922,KSP/2023/5253,2023-02-03,73,12,4,13.014364,77.545382,Complainant reported communal offences at Whitefield. Suspect fled the scene.
923,KSP/2022/5143,2022-03-13,88,13,2,12.908412,77.638093,Patrol unit responded to missing persons call. One suspect apprehended.
924,KSP/2022/7666,2022-06-11,36,9,2,12.955056,77.616333,Anonymous tip received regarding unlawful assembly. Investigation initiated.
925,KSP/2022/5553,2022-05-16,54,2,3,12.917104,77.625003,FIR lodged following property theft incident. Victim sustained minor injuries.
926,KSP/2022/7943,2022-03-20,10,9,2,12.959266,77.75,FIR lodged following unlawful assembly incident. Victim sustained minor injuries.
927,KSP/2022/8077,2022-10-28,4,14,3,12.97322,77.611949,Complainant reported domestic violence at Yelahanka. Suspect fled the scene.
928,KSP/2022/6583,2022-12-02,7,10,2,13.016046,77.560828,eve teasing reported near Koramangala. CCTV footage under review.
929,KSP/2025/8314,2025-09-24,75,13,2,12.935686,77.630317,Complainant reported missing persons at BTM Layout. Suspect fled the scene.
930,KSP/2022/8240,2022-07-22,8,2,3,13.022648,77.612703,FIR lodged following property theft incident. Victim sustained minor injuries.
931,KSP/2022/7581,2022-06-12,13,5,5,13.042468,77.560066,Anonymous tip received regarding narcotics. Investigation initiated.
932,KSP/2022/8605,2022-02-02,55,10,2,12.987206,77.730052,eve teasing reported near Malleshwaram. CCTV footage under review.
933,KSP/2022/6377,2022-03-22,76,14,3,12.821041,77.706876,domestic violence reported near Electronic City. CCTV footage under review.
934,KSP/2023/9337,2023-08-25,33,3,3,12.966964,77.591442,Patrol unit responded to vehicle theft call. One suspect apprehended.
935,KSP/2023/3091,2023-03-04,40,6,5,12.928222,77.617877,Complainant reported murder at KR Market. Suspect fled the scene.
936,KSP/2023/6057,2023-03-29,78,10,2,12.927026,77.612992,FIR lodged following eve teasing incident. Victim sustained minor injuries.
937,KSP/2023/9308,2023-03-26,72,6,5,12.989707,77.75,Complainant reported murder at Koramangala. Suspect fled the scene.
938,KSP/2023/4102,2023-09-18,86,13,2,12.973174,77.75,Complainant reported missing persons at Jayanagar. Suspect fled the scene.
939,KSP/2024/7859,2024-11-08,43,8,3,12.967448,77.584685,Patrol unit responded to fraud & cheating call. One suspect apprehended.
940,KSP/2023/4654,2023-11-13,89,3,3,12.936274,77.620228,Complainant reported vehicle theft at BTM Layout. Suspect fled the scene.
941,KSP/2024/7558,2024-10-26,24,4,4,13.023484,77.575374,assault & violence reported near Koramangala. CCTV footage under review.
942,KSP/2022/8215,2022-12-24,25,13,2,12.985692,77.595477,FIR lodged following missing persons incident. Victim sustained minor injuries.
943,KSP/2023/3853,2023-09-11,29,10,2,12.884004,77.681461,FIR lodged following eve teasing incident. Victim sustained minor injuries.
944,KSP/2023/3884,2023-07-09,34,14,3,12.979798,77.596117,FIR lodged following domestic violence incident. Victim sustained minor injuries.
945,KSP/2022/5998,2022-12-11,59,14,3,12.965155,77.581455,Anonymous tip received regarding domestic violence. Investigation initiated.
946,KSP/2025/3366,2025-09-09,17,4,4,12.941041,77.609745,Complainant reported assault & violence at MG Road. Suspect fled the scene.
947,KSP/2025/4098,2025-08-27,69,13,2,12.965325,77.617262,FIR lodged following missing persons incident. Victim sustained minor injuries.
948,KSP/2024/9011,2024-05-20,27,5,5,12.971976,77.615733,FIR lodged following narcotics incident. Victim sustained minor injuries.
949,KSP/2023/9342,2023-06-05,48,11,3,12.965279,77.619962,Patrol unit responded to land disputes call. One suspect apprehended.
950,KSP/2026/5396,2026-02-10,75,9,2,12.92887,77.637562,unlawful assembly reported near Yelahanka. CCTV footage under review.
951,KSP/2023/4840,2023-11-14,51,7,5,12.906461,77.647937,FIR lodged following robbery & dacoity incident. Victim sustained minor injuries.
952,KSP/2025/2388,2025-03-08,18,4,4,12.963516,77.75,Anonymous tip received regarding assault & violence. Investigation initiated.
953,KSP/2022/6511,2022-05-08,55,12,4,12.965026,77.60592,communal offences reported near Electronic City. CCTV footage under review.
954,KSP/2024/3942,2024-04-28,57,8,3,12.957955,77.75,fraud & cheating reported near KR Market. CCTV footage under review.
955,KSP/2026/2280,2026-04-08,36,4,4,13.017862,77.555816,Patrol unit responded to assault & violence call. One suspect apprehended.
956,KSP/2023/6394,2023-09-15,33,14,3,12.975377,77.596417,Anonymous tip received regarding domestic violence. Investigation initiated.
957,KSP/2023/1139,2023-03-05,99,5,5,12.955127,77.629017,Patrol unit responded to narcotics call. One suspect apprehended.
958,KSP/2025/1194,2025-06-14,61,5,5,12.963153,77.625074,Patrol unit responded to narcotics call. One suspect apprehended.
959,KSP/2023/4438,2023-12-09,61,10,2,13.03866,77.610983,FIR lodged following eve teasing incident. Victim sustained minor injuries.
960,KSP/2025/2406,2025-12-04,41,4,4,12.823943,77.671524,Anonymous tip received regarding assault & violence. Investigation initiated.
961,KSP/2025/1493,2025-09-24,48,13,2,12.984372,77.744334,missing persons reported near Electronic City. CCTV footage under review.
962,KSP/2026/4694,2026-04-02,54,3,3,12.901603,77.673063,Anonymous tip received regarding vehicle theft. Investigation initiated.
963,KSP/2024/1380,2024-07-19,73,8,3,12.991852,77.557101,Anonymous tip received regarding fraud & cheating. Investigation initiated.
964,KSP/2024/7404,2024-10-23,49,12,4,12.931075,77.680468,Patrol unit responded to communal offences call. One suspect apprehended.
965,KSP/2022/8397,2022-12-04,82,4,4,12.960336,77.747816,Anonymous tip received regarding assault & violence. Investigation initiated.
966,KSP/2022/1439,2022-04-10,24,14,3,12.986689,77.6062,Patrol unit responded to domestic violence call. One suspect apprehended.
967,KSP/2024/8449,2024-06-23,8,3,3,12.902322,77.656693,Patrol unit responded to vehicle theft call. One suspect apprehended.
968,KSP/2025/3115,2025-04-30,69,7,5,12.956337,77.623749,FIR lodged following robbery & dacoity incident. Victim sustained minor injuries.
969,KSP/2023/6075,2023-10-04,56,8,3,12.965133,77.600838,FIR lodged following fraud & cheating incident. Victim sustained minor injuries.
970,KSP/2024/9232,2024-08-22,92,13,2,13.032442,77.567489,Patrol unit responded to missing persons call. One suspect apprehended.
971,KSP/2022/5044,2022-07-18,68,11,3,12.984114,77.607589,land disputes reported near HSR Layout. CCTV footage under review.
972,KSP/2022/8476,2022-05-02,45,6,5,12.823208,77.677949,Complainant reported murder at Hebbal. Suspect fled the scene.
973,KSP/2023/3942,2023-06-29,80,11,3,12.983929,77.599758,land disputes reported near Koramangala. CCTV footage under review.
974,KSP/2022/1715,2022-10-24,31,12,4,12.94329,77.619425,communal offences reported near Bannerghatta Road. CCTV footage under review.
975,KSP/2022/7738,2022-07-27,98,14,3,12.985387,77.582064,FIR lodged following domestic violence incident. Victim sustained minor injuries.
976,KSP/2024/3700,2024-10-09,33,9,2,13.016271,77.623272,unlawful assembly reported near Yelahanka. CCTV footage under review.
977,KSP/2025/7542,2025-12-06,25,4,4,12.992708,77.598177,assault & violence reported near Jayanagar. CCTV footage under review.
978,KSP/2024/8558,2024-10-13,9,7,5,12.996756,77.616689,robbery & dacoity reported near Yelahanka. CCTV footage under review.
979,KSP/2026/3794,2026-01-02,3,2,3,13.018149,77.535323,Anonymous tip received regarding property theft. Investigation initiated.
980,KSP/2023/1183,2023-06-08,87,10,2,12.989138,77.611952,Complainant reported eve teasing at BTM Layout. Suspect fled the scene.
981,KSP/2023/1782,2023-11-03,82,5,5,12.945588,77.645855,narcotics reported near Bannerghatta Road. CCTV footage under review.
982,KSP/2025/1858,2025-04-28,77,13,2,13.0151,77.519727,Anonymous tip received regarding missing persons. Investigation initiated.
983,KSP/2025/2497,2025-03-09,3,1,4,12.993701,77.545715,FIR lodged following cyber crime incident. Victim sustained minor injuries.
984,KSP/2022/3750,2022-07-16,93,8,3,13.0049,77.628367,FIR lodged following fraud & cheating incident. Victim sustained minor injuries.
985,KSP/2023/9875,2023-08-12,51,3,3,12.980211,77.75,Patrol unit responded to vehicle theft call. One suspect apprehended.
986,KSP/2023/6181,2023-06-24,2,14,3,12.974778,77.608323,Complainant reported domestic violence at Malleshwaram. Suspect fled the scene.
987,KSP/2025/4580,2025-02-20,53,7,5,12.960423,77.635607,Complainant reported robbery & dacoity at MG Road. Suspect fled the scene.
988,KSP/2023/6314,2023-06-17,81,5,5,12.846812,77.676263,Anonymous tip received regarding narcotics. Investigation initiated.
989,KSP/2024/6209,2024-10-28,86,11,3,13.044528,77.547014,FIR lodged following land disputes incident. Victim sustained minor injuries.
990,KSP/2025/4808,2025-04-02,65,8,3,12.954355,77.73736,Patrol unit responded to fraud & cheating call. One suspect apprehended.
991,KSP/2023/8020,2023-01-21,97,10,2,13.012265,77.640639,Anonymous tip received regarding eve teasing. Investigation initiated.
992,KSP/2023/4348,2023-09-20,83,4,4,12.983044,77.608009,FIR lodged following assault & violence incident. Victim sustained minor injuries.
993,KSP/2024/6202,2024-10-18,83,1,4,12.880436,77.629062,FIR lodged following cyber crime incident. Victim sustained minor injuries.
994,KSP/2024/6427,2024-06-15,44,12,4,12.97563,77.579602,Complainant reported communal offences at Koramangala. Suspect fled the scene.
995,KSP/2024/7250,2024-02-11,67,4,4,12.953675,77.612219,FIR lodged following assault & violence incident. Victim sustained minor injuries.
996,KSP/2022/3318,2022-08-06,27,6,5,12.965471,77.62565,FIR lodged following murder incident. Victim sustained minor injuries.
997,KSP/2023/2280,2023-09-27,55,2,3,12.946134,77.586529,FIR lodged following property theft incident. Victim sustained minor injuries.
998,KSP/2023/5966,2023-07-03,37,11,3,12.967809,77.738834,Patrol unit responded to land disputes call. One suspect apprehended.
999,KSP/2026/7524,2026-02-03,49,10,2,13.018982,77.648495,Complainant reported eve teasing at Jayanagar. Suspect fled the scene.
1000,KSP/2023/7249,2023-04-30,55,3,3,12.91077,77.623687,vehicle theft reported near KR Market. CCTV footage under review.
1001,KSP/2023/3878,2023-04-20,33,13,2,13.00777,77.570452,Patrol unit responded to missing persons call. One suspect apprehended.
1002,KSP/2026/3238,2026-02-02,92,7,5,12.965805,77.75,Complainant reported robbery & dacoity at Jayanagar. Suspect fled the scene.
1003,KSP/2026/7628,2026-04-05,54,8,3,12.972493,77.59684,Anonymous tip received regarding fraud & cheating. Investigation initiated.
1004,KSP/2022/3039,2022-08-10,50,14,3,12.997844,77.632443,domestic violence reported near KR Market. CCTV footage under review.
1005,KSP/2024/9005,2024-12-18,82,14,3,12.97466,77.557082,Patrol unit responded to domestic violence call. One suspect apprehended.
1006,KSP/2024/1565,2024-02-06,47,11,3,12.970011,77.552156,FIR lodged following land disputes incident. Victim sustained minor injuries.
1007,KSP/2024/3414,2024-03-22,33,10,2,13.0148,77.530568,Patrol unit responded to eve teasing call. One suspect apprehended.
1008,KSP/2022/7297,2022-12-29,51,4,4,12.835254,77.669408,Complainant reported assault & violence at BTM Layout. Suspect fled the scene.
1009,KSP/2025/5143,2025-08-07,89,11,3,13.038808,77.635919,FIR lodged following land disputes incident. Victim sustained minor injuries.
1010,KSP/2024/2456,2024-08-14,14,5,5,13.001986,77.607634,narcotics reported near Mysuru Road. CCTV footage under review.
1011,KSP/2023/6047,2023-10-13,1,10,2,12.985347,77.586903,eve teasing reported near Bannerghatta Road. CCTV footage under review.
1012,KSP/2025/5724,2025-07-22,94,15,5,12.965708,77.640057,Patrol unit responded to child offences call. One suspect apprehended.
1013,KSP/2026/2806,2026-02-20,58,8,3,12.974735,77.602022,FIR lodged following fraud & cheating incident. Victim sustained minor injuries.
1014,KSP/2023/8220,2023-08-20,81,9,2,12.983377,77.630997,Anonymous tip received regarding unlawful assembly. Investigation initiated.
1015,KSP/2022/5534,2022-09-24,9,14,3,12.967596,77.589975,domestic violence reported near MG Road. CCTV footage under review.
1016,KSP/2022/5359,2022-11-10,97,6,5,12.817694,77.680104,Complainant reported murder at KR Market. Suspect fled the scene.
1017,KSP/2023/1118,2023-10-18,49,15,5,13.02287,77.546746,Patrol unit responded to child offences call. One suspect apprehended.
1018,KSP/2026/8036,2026-01-10,44,10,2,13.012482,77.585296,Anonymous tip received regarding eve teasing. Investigation initiated.
1019,KSP/2025/1937,2025-01-27,46,7,5,12.937638,77.649904,robbery & dacoity reported near Malleshwaram. CCTV footage under review.
1020,KSP/2025/3013,2025-06-02,68,13,2,12.990325,77.640588,FIR lodged following missing persons incident. Victim sustained minor injuries.
1021,KSP/2026/4079,2026-01-16,1,5,5,12.995715,77.566804,Patrol unit responded to narcotics call. One suspect apprehended.
1022,KSP/2025/6333,2025-01-24,87,15,5,13.011053,77.617463,Complainant reported child offences at Mysuru Road. Suspect fled the scene.
1023,KSP/2022/8800,2022-09-10,85,8,3,12.823175,77.689125,Anonymous tip received regarding fraud & cheating. Investigation initiated.
1024,KSP/2023/9267,2023-08-30,5,13,2,12.908766,77.637548,FIR lodged following missing persons incident. Victim sustained minor injuries.
1025,KSP/2025/2895,2025-12-21,62,2,3,12.952888,77.661272,FIR lodged following property theft incident. Victim sustained minor injuries.
1026,KSP/2022/1478,2022-10-05,21,11,3,12.98179,77.631569,Complainant reported land disputes at Malleshwaram. Suspect fled the scene.
1027,KSP/2024/3016,2024-03-11,86,14,3,12.96075,77.75,domestic violence reported near BTM Layout. CCTV footage under review.
1028,KSP/2024/2059,2024-10-30,83,3,3,12.934195,77.618046,FIR lodged following vehicle theft incident. Victim sustained minor injuries.
1029,KSP/2025/5244,2025-09-19,15,6,5,12.908935,77.62592,FIR lodged following murder incident. Victim sustained minor injuries.
1030,KSP/2023/7025,2023-08-08,17,5,5,12.960809,77.611547,Complainant reported narcotics at HSR Layout. Suspect fled the scene.
1031,KSP/2022/4110,2022-07-12,50,13,2,13.00923,77.619596,Patrol unit responded to missing persons call. One suspect apprehended.
1032,KSP/2023/4639,2023-01-28,14,15,5,12.954837,77.75,Patrol unit responded to child offences call. One suspect apprehended.
1033,KSP/2024/8467,2024-07-11,19,7,5,12.927069,77.626555,FIR lodged following robbery & dacoity incident. Victim sustained minor injuries.
1034,KSP/2022/6060,2022-04-17,65,10,2,12.957924,77.571359,Patrol unit responded to eve teasing call. One suspect apprehended.
1035,KSP/2026/5775,2026-01-25,91,15,5,12.995083,77.594135,FIR lodged following child offences incident. Victim sustained minor injuries.
1036,KSP/2023/1861,2023-10-17,100,15,5,12.974789,77.586575,FIR lodged following child offences incident. Victim sustained minor injuries.
1037,KSP/2023/7427,2023-05-10,44,3,3,12.901552,77.651698,Complainant reported vehicle theft at Electronic City. Suspect fled the scene.
1038,KSP/2022/5637,2022-08-12,37,8,3,12.926543,77.636686,Patrol unit responded to fraud & cheating call. One suspect apprehended.
1039,KSP/2023/1886,2023-02-11,91,11,3,12.985091,77.595414,Anonymous tip received regarding land disputes. Investigation initiated.
1040,KSP/2026/4436,2026-02-07,28,5,5,13.007467,77.54345,Anonymous tip received regarding narcotics. Investigation initiated.
1041,KSP/2022/7997,2022-11-13,87,13,2,12.967528,77.595626,FIR lodged following missing persons incident. Victim sustained minor injuries.
1042,KSP/2023/9444,2023-07-13,84,13,2,12.943395,77.673018,Complainant reported missing persons at MG Road. Suspect fled the scene.
1043,KSP/2024/4946,2024-02-01,51,6,5,12.984093,77.75,Complainant reported murder at MG Road. Suspect fled the scene.
1044,KSP/2025/8596,2025-03-12,84,9,2,13.042735,77.544854,Complainant reported unlawful assembly at Mysuru Road. Suspect fled the scene.
1045,KSP/2022/9015,2022-12-29,83,7,5,13.019643,77.551775,Complainant reported robbery & dacoity at MG Road. Suspect fled the scene.
1046,KSP/2026/2549,2026-01-29,76,11,3,12.954564,77.627321,Anonymous tip received regarding land disputes. Investigation initiated.
1047,KSP/2023/2040,2023-01-25,92,3,3,12.925364,77.611886,Complainant reported vehicle theft at Jayanagar. Suspect fled the scene.
1048,KSP/2022/9788,2022-03-03,68,14,3,12.970924,77.665196,domestic violence reported near Electronic City. CCTV footage under review.
1049,KSP/2023/2922,2023-01-21,24,9,2,12.914757,77.612458,FIR lodged following unlawful assembly incident. Victim sustained minor injuries.
1050,KSP/2024/3110,2024-09-03,74,13,2,13.006324,77.580546,Complainant reported missing persons at KR Market. Suspect fled the scene.
1051,KSP/2022/9292,2022-04-19,39,4,4,12.944537,77.583391,Complainant reported assault & violence at MG Road. Suspect fled the scene.
1052,KSP/2022/1756,2022-01-01,67,7,5,12.807891,77.693806,FIR lodged following robbery & dacoity incident. Victim sustained minor injuries.
1053,KSP/2026/6769,2026-03-04,78,14,3,12.967755,77.605449,Anonymous tip received regarding domestic violence. Investigation initiated.
1054,KSP/2024/3321,2024-01-07,39,9,2,12.998366,77.623382,Complainant reported unlawful assembly at Koramangala. Suspect fled the scene.
1055,KSP/2025/7914,2025-01-20,10,13,2,12.988443,77.621397,Anonymous tip received regarding missing persons. Investigation initiated.
1056,KSP/2025/7968,2025-11-17,89,9,2,12.970524,77.599961,Complainant reported unlawful assembly at Hebbal. Suspect fled the scene.
1057,KSP/2023/9379,2023-08-22,78,3,3,12.967641,77.598558,Anonymous tip received regarding vehicle theft. Investigation initiated.
1058,KSP/2025/5055,2025-03-23,10,3,3,12.949304,77.664149,Complainant reported vehicle theft at HSR Layout. Suspect fled the scene.
1059,KSP/2024/6464,2024-10-20,100,5,5,12.929022,77.610471,Complainant reported narcotics at Jayanagar. Suspect fled the scene.
1060,KSP/2025/2720,2025-03-17,16,5,5,12.91032,77.652088,FIR lodged following narcotics incident. Victim sustained minor injuries.
1061,KSP/2026/6716,2026-03-02,90,3,3,12.980315,77.6061,Complainant reported vehicle theft at Electronic City. Suspect fled the scene.
1062,KSP/2022/7382,2022-05-30,24,10,2,12.974896,77.613992,FIR lodged following eve teasing incident. Victim sustained minor injuries.
1063,KSP/2025/3090,2025-06-04,34,6,5,13.008104,77.57631,murder reported near HSR Layout. CCTV footage under review.
1064,KSP/2025/5380,2025-03-22,7,1,4,12.939563,77.630962,Patrol unit responded to cyber crime call. One suspect apprehended.
1065,KSP/2025/8191,2025-07-23,46,14,3,13.003979,77.569941,domestic violence reported near Whitefield. CCTV footage under review.
1066,KSP/2023/2424,2023-12-12,40,13,2,12.93264,77.640141,Anonymous tip received regarding missing persons. Investigation initiated.
1067,KSP/2024/1940,2024-01-16,11,7,5,12.974951,77.75,Complainant reported robbery & dacoity at Whitefield. Suspect fled the scene.
1068,KSP/2025/3235,2025-08-10,62,12,4,12.809379,77.678372,Patrol unit responded to communal offences call. One suspect apprehended.
1069,KSP/2023/4115,2023-01-23,96,9,2,13.013588,77.534428,unlawful assembly reported near KR Market. CCTV footage under review.
1070,KSP/2026/8350,2026-06-29,22,1,4,12.956319,77.746947,Patrol unit responded to cyber crime call. One suspect apprehended.
1071,KSP/2022/9416,2022-08-22,46,11,3,12.899405,77.648423,Anonymous tip received regarding land disputes. Investigation initiated.
1072,KSP/2022/5092,2022-12-18,70,15,5,12.959286,77.75,Anonymous tip received regarding child offences. Investigation initiated.
1073,KSP/2024/7449,2024-04-02,28,13,2,12.955708,77.65669,FIR lodged following missing persons incident. Victim sustained minor injuries.
1074,KSP/2022/8999,2022-04-21,8,14,3,12.927467,77.645414,domestic violence reported near HSR Layout. CCTV footage under review.
1075,KSP/2022/4050,2022-01-17,52,6,5,12.833258,77.689347,Anonymous tip received regarding murder. Investigation initiated.
1076,KSP/2026/3029,2026-05-17,63,6,5,12.965295,77.594915,FIR lodged following murder incident. Victim sustained minor injuries.
1077,KSP/2025/8017,2025-03-08,24,1,4,12.989986,77.59692,Anonymous tip received regarding cyber crime. Investigation initiated.
1078,KSP/2025/6795,2025-09-27,96,9,2,12.997673,77.605737,FIR lodged following unlawful assembly incident. Victim sustained minor injuries.
1079,KSP/2023/3190,2023-08-12,51,8,3,12.976654,77.742649,Anonymous tip received regarding fraud & cheating. Investigation initiated.
1080,KSP/2026/7899,2026-01-29,63,8,3,12.991584,77.75,Anonymous tip received regarding fraud & cheating. Investigation initiated.
1081,KSP/2025/7370,2025-05-27,17,9,2,12.957044,77.627036,Patrol unit responded to unlawful assembly call. One suspect apprehended.
1082,KSP/2026/4874,2026-04-03,7,2,3,12.980245,77.595756,Complainant reported property theft at Mysuru Road. Suspect fled the scene.
1083,KSP/2025/5623,2025-09-11,63,11,3,12.994062,77.746282,land disputes reported near Hebbal. CCTV footage under review.
1084,KSP/2023/2884,2023-08-04,34,2,3,12.951877,77.733568,FIR lodged following property theft incident. Victim sustained minor injuries.
1085,KSP/2022/3968,2022-11-17,25,15,5,12.980082,77.59819,Patrol unit responded to child offences call. One suspect apprehended.
1086,KSP/2023/5486,2023-02-16,25,15,5,12.832712,77.668901,child offences reported near KR Market. CCTV footage under review.
1087,KSP/2022/9601,2022-06-08,40,14,3,12.964927,77.745523,domestic violence reported near Malleshwaram. CCTV footage under review.
1088,KSP/2022/1846,2022-07-10,39,11,3,13.012789,77.635559,Patrol unit responded to land disputes call. One suspect apprehended.
1089,KSP/2024/3977,2024-02-07,6,2,3,12.991953,77.741608,Anonymous tip received regarding property theft. Investigation initiated.
1090,KSP/2024/8059,2024-05-20,24,1,4,13.016451,77.56207,Patrol unit responded to cyber crime call. One suspect apprehended.
1091,KSP/2022/3134,2022-02-12,43,4,4,12.931515,77.630796,Patrol unit responded to assault & violence call. One suspect apprehended.
1092,KSP/2025/5521,2025-02-28,27,6,5,12.959112,77.620019,FIR lodged following murder incident. Victim sustained minor injuries.
1093,KSP/2023/4120,2023-01-09,25,10,2,12.988192,77.607699,Complainant reported eve teasing at HSR Layout. Suspect fled the scene.
1094,KSP/2024/8769,2024-12-01,98,11,3,12.926816,77.658552,Anonymous tip received regarding land disputes. Investigation initiated.
1095,KSP/2024/6996,2024-02-24,58,4,4,12.999418,77.58266,Patrol unit responded to assault & violence call. One suspect apprehended.
1096,KSP/2026/1358,2026-06-16,22,10,2,12.955743,77.601329,Patrol unit responded to eve teasing call. One suspect apprehended.
1097,KSP/2022/7512,2022-07-08,64,10,2,12.993154,77.583314,FIR lodged following eve teasing incident. Victim sustained minor injuries.
1098,KSP/2026/7393,2026-05-02,52,11,3,12.91888,77.648395,land disputes reported near Electronic City. CCTV footage under review.
1099,KSP/2022/9254,2022-01-28,91,10,2,12.995334,77.607642,Patrol unit responded to eve teasing call. One suspect apprehended.
1100,KSP/2024/3803,2024-04-14,29,11,3,12.98335,77.597141,Patrol unit responded to land disputes call. One suspect apprehended.
1101,KSP/2024/1844,2024-05-12,83,1,4,12.984039,77.609265,FIR lodged following cyber crime incident. Victim sustained minor injuries.
1102,KSP/2024/6317,2024-12-15,11,15,5,13.011855,77.627221,Patrol unit responded to child offences call. One suspect apprehended.
1103,KSP/2024/1170,2024-07-05,46,14,3,12.909292,77.658002,Anonymous tip received regarding domestic violence. Investigation initiated.
1104,KSP/2022/5216,2022-11-27,81,4,4,13.027785,77.655866,assault & violence reported near BTM Layout. CCTV footage under review.
1105,KSP/2024/7479,2024-04-15,20,10,2,12.844219,77.667329,FIR lodged following eve teasing incident. Victim sustained minor injuries.
1106,KSP/2026/3973,2026-01-28,59,8,3,12.982222,77.583429,Complainant reported fraud & cheating at Yelahanka. Suspect fled the scene.
1107,KSP/2023/6081,2023-07-15,21,3,3,12.916529,77.666151,Anonymous tip received regarding vehicle theft. Investigation initiated.
1108,KSP/2023/5018,2023-03-22,59,14,3,12.95629,77.631063,Complainant reported domestic violence at Malleshwaram. Suspect fled the scene.
1109,KSP/2022/7191,2022-02-06,50,14,3,13.024829,77.630807,Patrol unit responded to domestic violence call. One suspect apprehended.
1110,KSP/2022/2369,2022-05-16,35,1,4,12.96182,77.618504,FIR lodged following cyber crime incident. Victim sustained minor injuries.
1111,KSP/2022/6544,2022-11-27,91,3,3,13.060729,77.554309,Patrol unit responded to vehicle theft call. One suspect apprehended.
1112,KSP/2023/8846,2023-05-22,20,2,3,12.973524,77.562986,Anonymous tip received regarding property theft. Investigation initiated.
1113,KSP/2022/9923,2022-03-07,38,4,4,12.837843,77.695675,Complainant reported assault & violence at MG Road. Suspect fled the scene.
1114,KSP/2023/7998,2023-11-28,50,2,3,12.909364,77.650375,Complainant reported property theft at Koramangala. Suspect fled the scene.
1115,KSP/2025/3778,2025-04-10,15,3,3,13.026453,77.581474,Complainant reported vehicle theft at Yelahanka. Suspect fled the scene.
1116,KSP/2024/2389,2024-11-02,6,4,4,13.008813,77.625857,Complainant reported assault & violence at Jayanagar. Suspect fled the scene.
1117,KSP/2025/5940,2025-08-14,80,10,2,12.951676,77.590737,FIR lodged following eve teasing incident. Victim sustained minor injuries.
1118,KSP/2025/2251,2025-02-20,1,13,2,12.996333,77.75,Anonymous tip received regarding missing persons. Investigation initiated.
1119,KSP/2023/8838,2023-04-05,9,13,2,13.011467,77.611683,missing persons reported near Yelahanka. CCTV footage under review.
1120,KSP/2024/7308,2024-09-30,46,2,3,12.968577,77.741604,FIR lodged following property theft incident. Victim sustained minor injuries.
1121,KSP/2024/5028,2024-11-02,50,6,5,12.964403,77.735363,FIR lodged following murder incident. Victim sustained minor injuries.
1122,KSP/2023/7911,2023-12-16,68,8,3,12.917118,77.620605,fraud & cheating reported near MG Road. CCTV footage under review.
1123,KSP/2024/4330,2024-01-01,3,10,2,12.989748,77.556625,Anonymous tip received regarding eve teasing. Investigation initiated.
1124,KSP/2024/3283,2024-12-21,38,7,5,12.94004,77.629893,Anonymous tip received regarding robbery & dacoity. Investigation initiated.
1125,KSP/2025/4679,2025-08-01,8,8,3,12.927083,77.628961,FIR lodged following fraud & cheating incident. Victim sustained minor injuries.
1126,KSP/2022/1886,2022-03-23,90,12,4,12.968815,77.586743,communal offences reported near Jayanagar. CCTV footage under review.
1127,KSP/2023/6984,2023-05-07,19,2,3,12.819975,77.679922,Complainant reported property theft at Whitefield. Suspect fled the scene.
1128,KSP/2023/3295,2023-04-11,96,2,3,12.946658,77.583019,FIR lodged following property theft incident. Victim sustained minor injuries.
1129,KSP/2025/2822,2025-10-11,20,9,2,12.9864,77.624474,Complainant reported unlawful assembly at Hebbal. Suspect fled the scene.
1130,KSP/2023/7940,2023-05-14,88,2,3,13.014452,77.545361,Complainant reported property theft at Malleshwaram. Suspect fled the scene.
1131,KSP/2026/4724,2026-04-09,55,14,3,12.932417,77.61325,Anonymous tip received regarding domestic violence. Investigation initiated.
1132,KSP/2023/1917,2023-01-24,29,14,3,12.988037,77.615176,FIR lodged following domestic violence incident. Victim sustained minor injuries.
1133,KSP/2022/6131,2022-08-28,84,7,5,12.980215,77.636927,robbery & dacoity reported near Yelahanka. CCTV footage under review.
1134,KSP/2025/2776,2025-08-11,14,10,2,12.973796,77.66327,FIR lodged following eve teasing incident. Victim sustained minor injuries.
1135,KSP/2024/2744,2024-05-26,9,2,3,12.841941,77.674061,FIR lodged following property theft incident. Victim sustained minor injuries.
1136,KSP/2023/5410,2023-09-19,11,4,4,12.979757,77.589401,Complainant reported assault & violence at Koramangala. Suspect fled the scene.
1137,KSP/2022/2527,2022-05-22,40,15,5,12.815488,77.666665,Complainant reported child offences at Jayanagar. Suspect fled the scene.
1138,KSP/2023/7400,2023-08-29,93,1,4,12.966744,77.75,Anonymous tip received regarding cyber crime. Investigation initiated.
1139,KSP/2026/3460,2026-04-14,4,6,5,12.965467,77.582621,Complainant reported murder at Electronic City. Suspect fled the scene.
1140,KSP/2024/8587,2024-06-20,11,10,2,12.944689,77.734759,FIR lodged following eve teasing incident. Victim sustained minor injuries.
1141,KSP/2023/9459,2023-03-14,94,14,3,12.965466,77.56405,FIR lodged following domestic violence incident. Victim sustained minor injuries.
1142,KSP/2023/6903,2023-02-12,80,10,2,12.937109,77.608273,Anonymous tip received regarding eve teasing. Investigation initiated.
1143,KSP/2025/2228,2025-04-19,20,13,2,12.989809,77.733491,FIR lodged following missing persons incident. Victim sustained minor injuries.
1144,KSP/2024/2428,2024-08-19,64,9,2,13.01213,77.621495,Patrol unit responded to unlawful assembly call. One suspect apprehended.
1145,KSP/2024/6789,2024-05-20,12,2,3,12.977949,77.746316,Patrol unit responded to property theft call. One suspect apprehended.
1146,KSP/2024/3301,2024-03-06,16,2,3,12.947447,77.590715,property theft reported near BTM Layout. CCTV footage under review.
1147,KSP/2025/3113,2025-06-24,57,15,5,12.927136,77.633825,Patrol unit responded to child offences call. One suspect apprehended.
1148,KSP/2025/5306,2025-07-07,88,7,5,12.973857,77.635694,Patrol unit responded to robbery & dacoity call. One suspect apprehended.
1149,KSP/2022/5762,2022-01-25,49,1,4,13.034838,77.629307,FIR lodged following cyber crime incident. Victim sustained minor injuries.
1150,KSP/2025/8632,2025-12-07,60,3,3,12.983134,77.75,Complainant reported vehicle theft at Jayanagar. Suspect fled the scene.
1151,KSP/2022/8096,2022-12-03,26,10,2,12.9038,77.651392,eve teasing reported near Mysuru Road. CCTV footage under review.
1152,KSP/2023/5560,2023-10-23,59,7,5,12.960393,77.611679,robbery & dacoity reported near MG Road. CCTV footage under review.
1153,KSP/2024/7230,2024-09-21,8,1,4,12.950533,77.598623,Patrol unit responded to cyber crime call. One suspect apprehended.
1154,KSP/2022/7929,2022-06-18,35,14,3,12.954424,77.75,FIR lodged following domestic violence incident. Victim sustained minor injuries.
1155,KSP/2022/8396,2022-09-11,54,4,4,12.979149,77.60393,Anonymous tip received regarding assault & violence. Investigation initiated.
1156,KSP/2022/5864,2022-10-15,22,9,2,13.020123,77.579214,unlawful assembly reported near Jayanagar. CCTV footage under review.
1157,KSP/2023/7375,2023-05-15,2,3,3,12.991548,77.62214,vehicle theft reported near Jayanagar. CCTV footage under review.
1158,KSP/2023/6185,2023-03-26,2,9,2,12.917631,77.672782,Anonymous tip received regarding unlawful assembly. Investigation initiated.
1159,KSP/2022/9531,2022-12-19,93,3,3,12.953203,77.648473,vehicle theft reported near Hebbal. CCTV footage under review.
1160,KSP/2025/1597,2025-10-28,28,1,4,12.939053,77.617746,Patrol unit responded to cyber crime call. One suspect apprehended.
1161,KSP/2025/4436,2025-03-19,25,12,4,12.967254,77.582767,FIR lodged following communal offences incident. Victim sustained minor injuries.
1162,KSP/2022/9226,2022-02-20,16,15,5,12.86729,77.67948,Anonymous tip received regarding child offences. Investigation initiated.
1163,KSP/2024/9571,2024-12-30,98,11,3,13.006967,77.555209,Patrol unit responded to land disputes call. One suspect apprehended.
1164,KSP/2023/7251,2023-05-21,37,6,5,12.895986,77.653709,Patrol unit responded to murder call. One suspect apprehended.
1165,KSP/2022/2700,2022-11-05,12,13,2,13.01049,77.555685,Complainant reported missing persons at Mysuru Road. Suspect fled the scene.
1166,KSP/2022/1534,2022-11-06,86,10,2,12.82499,77.686295,eve teasing reported near Electronic City. CCTV footage under review.
1167,KSP/2025/8693,2025-03-29,16,5,5,12.972601,77.75,Complainant reported narcotics at Koramangala. Suspect fled the scene.
1168,KSP/2025/4668,2025-05-14,65,6,5,12.92807,77.647359,Complainant reported murder at Jayanagar. Suspect fled the scene.
1169,KSP/2025/7792,2025-07-12,5,5,5,12.907394,77.678524,FIR lodged following narcotics incident. Victim sustained minor injuries.
1170,KSP/2024/8045,2024-09-13,31,1,4,12.952135,77.614211,Anonymous tip received regarding cyber crime. Investigation initiated.
1171,KSP/2022/3111,2022-06-10,82,9,2,12.958631,77.739894,Patrol unit responded to unlawful assembly call. One suspect apprehended.
1172,KSP/2023/2631,2023-05-08,91,7,5,12.979231,77.587506,robbery & dacoity reported near Koramangala. CCTV footage under review.
1173,KSP/2024/6282,2024-03-19,27,13,2,12.91739,77.605187,Patrol unit responded to missing persons call. One suspect apprehended.
1174,KSP/2023/9907,2023-04-21,11,2,3,12.99725,77.596463,Complainant reported property theft at HSR Layout. Suspect fled the scene.
1175,KSP/2025/4633,2025-01-17,39,10,2,12.967335,77.551863,FIR lodged following eve teasing incident. Victim sustained minor injuries.
1176,KSP/2025/1847,2025-03-20,36,3,3,12.955965,77.613089,Anonymous tip received regarding vehicle theft. Investigation initiated.
1177,KSP/2022/3010,2022-11-18,14,2,3,13.014545,77.600889,Complainant reported property theft at Yelahanka. Suspect fled the scene.
1178,KSP/2025/2649,2025-01-27,63,3,3,12.978342,77.612657,FIR lodged following vehicle theft incident. Victim sustained minor injuries.
1179,KSP/2023/6137,2023-10-16,82,13,2,12.948847,77.75,missing persons reported near Malleshwaram. CCTV footage under review.
1180,KSP/2023/1515,2023-07-10,16,14,3,12.960914,77.641937,Patrol unit responded to domestic violence call. One suspect apprehended.
1181,KSP/2022/5169,2022-01-16,16,15,5,12.989409,77.622089,FIR lodged following child offences incident. Victim sustained minor injuries.
1182,KSP/2023/2880,2023-04-19,28,3,3,12.989374,77.597191,FIR lodged following vehicle theft incident. Victim sustained minor injuries.
1183,KSP/2023/8890,2023-01-29,26,1,4,12.991518,77.606118,Anonymous tip received regarding cyber crime. Investigation initiated.
1184,KSP/2026/7552,2026-03-21,25,15,5,12.957925,77.745918,child offences reported near Electronic City. CCTV footage under review.
1185,KSP/2025/6105,2025-05-05,22,4,4,12.989332,77.587564,Complainant reported assault & violence at HSR Layout. Suspect fled the scene.
1186,KSP/2025/5451,2025-08-09,41,13,2,12.979027,77.622373,Patrol unit responded to missing persons call. One suspect apprehended.
1187,KSP/2025/3740,2025-03-07,5,10,2,12.822372,77.685341,Complainant reported eve teasing at Yelahanka. Suspect fled the scene.
1188,KSP/2024/2878,2024-12-30,24,15,5,12.958577,77.618159,child offences reported near KR Market. CCTV footage under review.
1189,KSP/2023/3376,2023-10-31,100,13,2,12.97421,77.75,Anonymous tip received regarding missing persons. Investigation initiated.
1190,KSP/2023/6268,2023-10-27,30,6,5,12.962592,77.572542,murder reported near HSR Layout. CCTV footage under review.
1191,KSP/2022/2225,2022-11-16,74,9,2,12.955068,77.73894,Patrol unit responded to unlawful assembly call. One suspect apprehended.
1192,KSP/2024/1813,2024-09-21,64,14,3,12.970311,77.736792,FIR lodged following domestic violence incident. Victim sustained minor injuries.
1193,KSP/2023/7272,2023-06-16,31,9,2,13.003205,77.623667,Patrol unit responded to unlawful assembly call. One suspect apprehended.
1194,KSP/2022/3147,2022-01-15,52,10,2,12.957502,77.584014,eve teasing reported near Hebbal. CCTV footage under review.
1195,KSP/2022/2558,2022-02-20,54,1,4,12.921794,77.622159,Complainant reported cyber crime at Yelahanka. Suspect fled the scene.
1196,KSP/2024/1771,2024-08-30,51,11,3,12.976152,77.592034,land disputes reported near HSR Layout. CCTV footage under review.
1197,KSP/2023/2683,2023-01-13,4,5,5,12.988545,77.620899,Anonymous tip received regarding narcotics. Investigation initiated.
1198,KSP/2025/2442,2025-09-15,25,4,4,12.990654,77.67646,FIR lodged following assault & violence incident. Victim sustained minor injuries.
1199,KSP/2022/1705,2022-01-16,15,11,3,12.967522,77.622957,Complainant reported land disputes at Hebbal. Suspect fled the scene.
1200,KSP/2025/3790,2025-03-25,18,1,4,12.967828,77.75,Anonymous tip received regarding cyber crime. Investigation initiated.
1201,KSP/2025/3004,2025-07-08,67,10,2,12.968017,77.602297,eve teasing reported near BTM Layout. CCTV footage under review.
1202,KSP/2024/2504,2024-09-27,34,9,2,12.818182,77.642167,unlawful assembly reported near Koramangala. CCTV footage under review.
1203,KSP/2024/2278,2024-01-24,10,12,4,12.972815,77.602737,FIR lodged following communal offences incident. Victim sustained minor injuries.
1204,KSP/2025/2712,2025-04-11,44,15,5,12.982033,77.595463,FIR lodged following child offences incident. Victim sustained minor injuries.
1205,KSP/2024/3523,2024-08-26,65,4,4,12.810685,77.671874,assault & violence reported near BTM Layout. CCTV footage under review.
1206,KSP/2025/4326,2025-11-06,100,2,3,12.984423,77.5872,Patrol unit responded to property theft call. One suspect apprehended.
1207,KSP/2022/2755,2022-11-14,96,7,5,12.951375,77.605212,FIR lodged following robbery & dacoity incident. Victim sustained minor injuries.
1208,KSP/2026/6766,2026-01-19,34,2,3,12.960139,77.597478,Patrol unit responded to property theft call. One suspect apprehended.
1209,KSP/2025/9321,2025-05-18,43,2,3,12.833582,77.685206,Patrol unit responded to property theft call. One suspect apprehended.
1210,KSP/2025/4103,2025-08-05,52,1,4,12.993525,77.619709,FIR lodged following cyber crime incident. Victim sustained minor injuries.
1211,KSP/2022/5078,2022-12-06,15,3,3,12.961641,77.595864,Complainant reported vehicle theft at BTM Layout. Suspect fled the scene.
1212,KSP/2022/5513,2022-07-24,29,4,4,12.983106,77.597224,Patrol unit responded to assault & violence call. One suspect apprehended.
1213,KSP/2023/4370,2023-11-15,22,14,3,12.977629,77.588457,Anonymous tip received regarding domestic violence. Investigation initiated.
1214,KSP/2022/9245,2022-01-10,90,12,4,12.965023,77.75,Complainant reported communal offences at Whitefield. Suspect fled the scene.
1215,KSP/2023/2137,2023-06-13,22,10,2,13.003752,77.561699,Anonymous tip received regarding eve teasing. Investigation initiated.
1216,KSP/2026/1341,2026-01-14,23,3,3,12.911509,77.651868,vehicle theft reported near Jayanagar. CCTV footage under review.
1217,KSP/2022/8763,2022-01-31,75,15,5,12.922112,77.672271,Patrol unit responded to child offences call. One suspect apprehended.
1218,KSP/2022/5762,2022-02-24,30,1,4,12.905507,77.650782,Patrol unit responded to cyber crime call. One suspect apprehended.
1219,KSP/2024/9039,2024-08-04,95,9,2,12.97563,77.599904,Anonymous tip received regarding unlawful assembly. Investigation initiated.
1220,KSP/2025/5933,2025-11-26,91,6,5,12.833962,77.667185,Complainant reported murder at Jayanagar. Suspect fled the scene.
1221,KSP/2026/9508,2026-02-13,94,6,5,12.919743,77.598758,Complainant reported murder at Hebbal. Suspect fled the scene.
1222,KSP/2023/1506,2023-03-17,32,10,2,12.962655,77.600252,Anonymous tip received regarding eve teasing. Investigation initiated.
1223,KSP/2022/2768,2022-10-05,36,10,2,12.980754,77.5843,FIR lodged following eve teasing incident. Victim sustained minor injuries.
1224,KSP/2026/6715,2026-06-26,43,13,2,13.035008,77.541305,FIR lodged following missing persons incident. Victim sustained minor injuries.
1225,KSP/2022/6624,2022-05-08,79,7,5,12.982696,77.749409,Patrol unit responded to robbery & dacoity call. One suspect apprehended.
1226,KSP/2024/1136,2024-12-14,64,2,3,12.935696,77.62918,Anonymous tip received regarding property theft. Investigation initiated.
1227,KSP/2024/3664,2024-06-19,39,14,3,12.963923,77.578037,Patrol unit responded to domestic violence call. One suspect apprehended.
1228,KSP/2023/3022,2023-11-07,7,9,2,12.967024,77.610451,Anonymous tip received regarding unlawful assembly. Investigation initiated.
1229,KSP/2022/6737,2022-06-05,37,9,2,12.954564,77.617363,Anonymous tip received regarding unlawful assembly. Investigation initiated.
1230,KSP/2022/4223,2022-09-25,56,12,4,12.953791,77.619542,Anonymous tip received regarding communal offences. Investigation initiated.
1231,KSP/2025/7328,2025-01-06,55,10,2,12.974902,77.611258,FIR lodged following eve teasing incident. Victim sustained minor injuries.
1232,KSP/2024/8140,2024-08-23,87,7,5,12.936394,77.628999,FIR lodged following robbery & dacoity incident. Victim sustained minor injuries.
1233,KSP/2024/4268,2024-02-16,39,13,2,12.976438,77.659662,FIR lodged following missing persons incident. Victim sustained minor injuries.
1234,KSP/2023/8158,2023-07-24,13,5,5,12.990762,77.599826,narcotics reported near Mysuru Road. CCTV footage under review.
1235,KSP/2025/8006,2025-01-15,60,3,3,12.921629,77.656826,vehicle theft reported near Jayanagar. CCTV footage under review.
1236,KSP/2025/3303,2025-07-31,79,8,3,12.988702,77.75,Complainant reported fraud & cheating at Mysuru Road. Suspect fled the scene.
1237,KSP/2024/7433,2024-06-30,17,14,3,12.947311,77.632991,Complainant reported domestic violence at Mysuru Road. Suspect fled the scene.
1238,KSP/2025/1896,2025-11-30,35,7,5,12.982408,77.565988,Complainant reported robbery & dacoity at MG Road. Suspect fled the scene.
1239,KSP/2024/6428,2024-06-21,8,13,2,13.018399,77.556878,Patrol unit responded to missing persons call. One suspect apprehended.
1240,KSP/2023/9115,2023-09-30,18,2,3,12.816123,77.675381,Patrol unit responded to property theft call. One suspect apprehended.
1241,KSP/2024/8945,2024-08-23,80,4,4,13.029405,77.540839,Complainant reported assault & violence at Mysuru Road. Suspect fled the scene.
1242,KSP/2023/5050,2023-01-12,27,11,3,12.992011,77.594605,Patrol unit responded to land disputes call. One suspect apprehended.
1243,KSP/2023/8925,2023-01-14,24,2,3,12.956678,77.594056,Anonymous tip received regarding property theft. Investigation initiated.
1244,KSP/2025/8083,2025-09-26,19,13,2,12.933337,77.63194,Patrol unit responded to missing persons call. One suspect apprehended.
1245,KSP/2023/9956,2023-06-15,26,10,2,12.984968,77.587248,Patrol unit responded to eve teasing call. One suspect apprehended.
1246,KSP/2026/5508,2026-03-12,51,8,3,12.957017,77.574252,Anonymous tip received regarding fraud & cheating. Investigation initiated.
1247,KSP/2023/8488,2023-04-06,16,7,5,12.933212,77.646171,Complainant reported robbery & dacoity at Hebbal. Suspect fled the scene.
1248,KSP/2025/3282,2025-10-12,60,9,2,12.964573,77.615015,Complainant reported unlawful assembly at Jayanagar. Suspect fled the scene.
1249,KSP/2026/6715,2026-04-05,91,14,3,12.943992,77.625004,Patrol unit responded to domestic violence call. One suspect apprehended.
1250,KSP/2024/3294,2024-11-20,36,9,2,12.939126,77.632146,unlawful assembly reported near Bannerghatta Road. CCTV footage under review.
1251,KSP/2026/3955,2026-02-11,74,12,4,13.026799,77.548392,communal offences reported near Yelahanka. CCTV footage under review.
1252,KSP/2024/6703,2024-10-03,75,11,3,12.928906,77.614732,Patrol unit responded to land disputes call. One suspect apprehended.
1253,KSP/2023/2740,2023-05-10,64,10,2,12.997962,77.75,FIR lodged following eve teasing incident. Victim sustained minor injuries.
1254,KSP/2024/7292,2024-01-06,97,14,3,12.937833,77.582258,Complainant reported domestic violence at Whitefield. Suspect fled the scene.
1255,KSP/2022/7132,2022-04-27,78,15,5,12.920539,77.654321,Complainant reported child offences at Yelahanka. Suspect fled the scene.
1256,KSP/2025/4272,2025-10-28,26,10,2,12.974888,77.60096,eve teasing reported near Whitefield. CCTV footage under review.
1257,KSP/2023/4150,2023-05-19,12,4,4,12.96754,77.75,assault & violence reported near Electronic City. CCTV footage under review.
1258,KSP/2023/7685,2023-03-13,73,10,2,13.01685,77.542173,Complainant reported eve teasing at Jayanagar. Suspect fled the scene.
1259,KSP/2026/4399,2026-06-29,74,9,2,12.981197,77.616895,unlawful assembly reported near Koramangala. CCTV footage under review.
1260,KSP/2023/8004,2023-03-05,81,13,2,12.915245,77.649736,Complainant reported missing persons at Yelahanka. Suspect fled the scene.
1261,KSP/2024/9170,2024-07-15,30,7,5,12.994702,77.606952,Complainant reported robbery & dacoity at MG Road. Suspect fled the scene.
1262,KSP/2024/6863,2024-06-19,9,1,4,12.86746,77.68093,Anonymous tip received regarding cyber crime. Investigation initiated.
1263,KSP/2024/9192,2024-01-20,40,13,2,12.967206,77.61262,Patrol unit responded to missing persons call. One suspect apprehended.
1264,KSP/2026/1491,2026-01-03,5,7,5,12.969245,77.58772,Anonymous tip received regarding robbery & dacoity. Investigation initiated.
1265,KSP/2023/6400,2023-03-09,97,6,5,12.962874,77.629202,FIR lodged following murder incident. Victim sustained minor injuries.
1266,KSP/2022/7819,2022-04-20,77,11,3,12.910527,77.655813,Anonymous tip received regarding land disputes. Investigation initiated.
1267,KSP/2023/1683,2023-02-07,14,12,4,12.923022,77.638881,Anonymous tip received regarding communal offences. Investigation initiated.
1268,KSP/2024/1906,2024-07-31,4,1,4,12.925857,77.611583,FIR lodged following cyber crime incident. Victim sustained minor injuries.
1269,KSP/2022/1854,2022-02-26,50,12,4,12.930923,77.633657,Patrol unit responded to communal offences call. One suspect apprehended.
1270,KSP/2023/2933,2023-03-05,79,12,4,12.975692,77.586764,Complainant reported communal offences at Yelahanka. Suspect fled the scene.
1271,KSP/2022/2507,2022-06-29,76,15,5,12.975371,77.75,FIR lodged following child offences incident. Victim sustained minor injuries.
1272,KSP/2022/5094,2022-05-23,8,1,4,12.97024,77.722664,Complainant reported cyber crime at Bannerghatta Road. Suspect fled the scene.
1273,KSP/2024/5001,2024-12-22,38,2,3,12.973495,77.598665,Patrol unit responded to property theft call. One suspect apprehended.
1274,KSP/2022/4372,2022-08-26,64,2,3,12.957769,77.731564,Anonymous tip received regarding property theft. Investigation initiated.
1275,KSP/2025/5795,2025-10-10,84,11,3,12.983749,77.622202,Anonymous tip received regarding land disputes. Investigation initiated.
1276,KSP/2022/7731,2022-11-21,91,4,4,12.902147,77.667005,Complainant reported assault & violence at Jayanagar. Suspect fled the scene.
1277,KSP/2026/4453,2026-06-07,16,15,5,12.964338,77.64015,FIR lodged following child offences incident. Victim sustained minor injuries.
1278,KSP/2025/1348,2025-09-29,64,7,5,12.986007,77.672238,robbery & dacoity reported near MG Road. CCTV footage under review.
1279,KSP/2022/7290,2022-09-20,64,13,2,12.96502,77.600525,Complainant reported missing persons at Hebbal. Suspect fled the scene.
1280,KSP/2025/8062,2025-03-24,69,1,4,12.95976,77.75,FIR lodged following cyber crime incident. Victim sustained minor injuries.
1281,KSP/2022/6508,2022-03-22,34,1,4,12.956401,77.74632,Patrol unit responded to cyber crime call. One suspect apprehended.
1282,KSP/2025/1935,2025-09-10,14,13,2,12.840524,77.663317,missing persons reported near Mysuru Road. CCTV footage under review.
1283,KSP/2025/9501,2025-12-11,34,9,2,13.021254,77.614916,unlawful assembly reported near HSR Layout. CCTV footage under review.
1284,KSP/2023/5495,2023-02-14,11,3,3,12.968864,77.715801,Complainant reported vehicle theft at Hebbal. Suspect fled the scene.
1285,KSP/2022/6926,2022-04-30,35,15,5,12.984458,77.598714,Patrol unit responded to child offences call. One suspect apprehended.
1286,KSP/2023/6259,2023-01-22,34,10,2,12.967588,77.620925,Anonymous tip received regarding eve teasing. Investigation initiated.
1287,KSP/2022/4569,2022-04-25,53,13,2,12.937191,77.624717,Anonymous tip received regarding missing persons. Investigation initiated.
1288,KSP/2024/3945,2024-09-02,34,1,4,13.006594,77.64031,Complainant reported cyber crime at Yelahanka. Suspect fled the scene.
1289,KSP/2023/1812,2023-06-27,30,12,4,12.981123,77.601464,FIR lodged following communal offences incident. Victim sustained minor injuries.
1290,KSP/2024/4734,2024-09-12,8,2,3,12.959679,77.567315,Complainant reported property theft at Electronic City. Suspect fled the scene.
1291,KSP/2025/1732,2025-01-02,77,15,5,13.012672,77.619582,Patrol unit responded to child offences call. One suspect apprehended.
1292,KSP/2022/6337,2022-08-29,74,4,4,12.964255,77.59428,FIR lodged following assault & violence incident. Victim sustained minor injuries.
1293,KSP/2024/6350,2024-05-29,78,7,5,12.941431,77.65083,FIR lodged following robbery & dacoity incident. Victim sustained minor injuries.
1294,KSP/2026/1510,2026-01-02,21,12,4,12.951537,77.75,Anonymous tip received regarding communal offences. Investigation initiated.
1295,KSP/2022/6129,2022-11-27,66,7,5,12.987587,77.623437,Patrol unit responded to robbery & dacoity call. One suspect apprehended.
1296,KSP/2023/1534,2023-10-30,85,11,3,12.994946,77.556827,land disputes reported near HSR Layout. CCTV footage under review.
1297,KSP/2022/9249,2022-08-29,74,11,3,12.975863,77.749817,FIR lodged following land disputes incident. Victim sustained minor injuries.
1298,KSP/2026/8738,2026-06-28,85,10,2,12.982601,77.578151,Complainant reported eve teasing at HSR Layout. Suspect fled the scene.
1299,KSP/2024/4982,2024-06-29,99,9,2,12.93177,77.652816,FIR lodged following unlawful assembly incident. Victim sustained minor injuries.
1300,KSP/2024/7716,2024-01-19,47,15,5,12.95988,77.644105,child offences reported near Bannerghatta Road. CCTV footage under review.
1301,KSP/2026/8355,2026-02-13,54,2,3,12.852518,77.683574,Patrol unit responded to property theft call. One suspect apprehended.
1302,KSP/2024/3263,2024-02-01,78,4,4,12.994086,77.637155,assault & violence reported near BTM Layout. CCTV footage under review.
1303,KSP/2025/9096,2025-08-01,81,5,5,12.973385,77.612894,Patrol unit responded to narcotics call. One suspect apprehended.
1304,KSP/2023/5315,2023-06-03,98,14,3,12.982835,77.622129,Complainant reported domestic violence at Malleshwaram. Suspect fled the scene.
1305,KSP/2022/3735,2022-04-16,10,9,2,13.00965,77.61221,unlawful assembly reported near KR Market. CCTV footage under review.
1306,KSP/2025/4955,2025-01-05,92,3,3,12.938337,77.634101,FIR lodged following vehicle theft incident. Victim sustained minor injuries.
1307,KSP/2022/6815,2022-12-01,58,5,5,12.975948,77.73778,Complainant reported narcotics at MG Road. Suspect fled the scene.
1308,KSP/2026/4005,2026-01-22,93,14,3,13.020863,77.534982,FIR lodged following domestic violence incident. Victim sustained minor injuries.
1309,KSP/2022/7060,2022-01-25,87,12,4,12.915784,77.647567,Patrol unit responded to communal offences call. One suspect apprehended.
1310,KSP/2024/5871,2024-05-17,64,10,2,12.953232,77.75,Complainant reported eve teasing at Koramangala. Suspect fled the scene.
1311,KSP/2025/7292,2025-08-18,41,6,5,12.855682,77.66512,Anonymous tip received regarding murder. Investigation initiated.
1312,KSP/2023/5558,2023-10-17,74,12,4,13.044886,77.629411,communal offences reported near Electronic City. CCTV footage under review.
1313,KSP/2024/8191,2024-06-13,29,14,3,12.964617,77.75,Anonymous tip received regarding domestic violence. Investigation initiated.
1314,KSP/2022/5565,2022-11-26,19,14,3,13.014882,77.584971,FIR lodged following domestic violence incident. Victim sustained minor injuries.
1315,KSP/2022/4197,2022-05-04,1,2,3,12.830791,77.676502,Patrol unit responded to property theft call. One suspect apprehended.
1316,KSP/2025/3067,2025-08-18,59,9,2,12.95167,77.648922,unlawful assembly reported near Electronic City. CCTV footage under review.
1317,KSP/2025/5309,2025-10-12,12,5,5,12.963754,77.566732,narcotics reported near Yelahanka. CCTV footage under review.
1318,KSP/2025/4644,2025-01-03,94,13,2,13.009141,77.612585,Complainant reported missing persons at Bannerghatta Road. Suspect fled the scene.
1319,KSP/2026/6157,2026-05-13,5,2,3,12.963177,77.608775,Complainant reported property theft at Bannerghatta Road. Suspect fled the scene.
1320,KSP/2022/3242,2022-04-21,76,8,3,13.013594,77.607391,Complainant reported fraud & cheating at Koramangala. Suspect fled the scene.
1321,KSP/2023/9138,2023-04-16,37,7,5,13.004544,77.609562,robbery & dacoity reported near Whitefield. CCTV footage under review.
1322,KSP/2023/2102,2023-10-28,63,3,3,13.037142,77.560563,Complainant reported vehicle theft at Malleshwaram. Suspect fled the scene.
1323,KSP/2024/4845,2024-03-28,82,9,2,12.982614,77.621245,Patrol unit responded to unlawful assembly call. One suspect apprehended.
1324,KSP/2023/8947,2023-12-22,63,6,5,12.964704,77.615794,Anonymous tip received regarding murder. Investigation initiated.
1325,KSP/2022/5706,2022-10-27,54,13,2,12.959091,77.75,FIR lodged following missing persons incident. Victim sustained minor injuries.
1326,KSP/2025/2860,2025-12-14,45,15,5,12.965908,77.743556,Anonymous tip received regarding child offences. Investigation initiated.
1327,KSP/2026/4847,2026-02-28,4,11,3,12.992557,77.562942,Patrol unit responded to land disputes call. One suspect apprehended.
1328,KSP/2022/6295,2022-07-08,34,5,5,12.955378,77.607766,Patrol unit responded to narcotics call. One suspect apprehended.
1329,KSP/2024/8954,2024-03-20,94,11,3,12.975521,77.735188,Complainant reported land disputes at Hebbal. Suspect fled the scene.
1330,KSP/2023/9782,2023-11-19,27,4,4,13.037476,77.555622,Patrol unit responded to assault & violence call. One suspect apprehended.
1331,KSP/2023/1326,2023-02-06,93,12,4,12.991797,77.590517,Patrol unit responded to communal offences call. One suspect apprehended.
1332,KSP/2024/1806,2024-12-31,67,1,4,12.972367,77.73664,Patrol unit responded to cyber crime call. One suspect apprehended.
1333,KSP/2025/3644,2025-05-13,48,4,4,12.963703,77.621845,FIR lodged following assault & violence incident. Victim sustained minor injuries.
1334,KSP/2022/9627,2022-04-23,14,6,5,12.972081,77.571812,Complainant reported murder at Mysuru Road. Suspect fled the scene.
1335,KSP/2022/5051,2022-03-17,5,9,2,12.971808,77.643213,FIR lodged following unlawful assembly incident. Victim sustained minor injuries.
1336,KSP/2023/2253,2023-02-12,10,5,5,12.976248,77.573207,Anonymous tip received regarding narcotics. Investigation initiated.
1337,KSP/2023/7408,2023-04-17,25,9,2,12.98967,77.576991,Complainant reported unlawful assembly at Bannerghatta Road. Suspect fled the scene.
1338,KSP/2022/8518,2022-03-14,26,13,2,12.963421,77.624591,Anonymous tip received regarding missing persons. Investigation initiated.
1339,KSP/2025/7657,2025-08-27,72,2,3,12.997057,77.613282,Complainant reported property theft at Koramangala. Suspect fled the scene.
1340,KSP/2025/7449,2025-04-03,48,5,5,12.970598,77.590146,Complainant reported narcotics at Yelahanka. Suspect fled the scene.
1341,KSP/2022/4802,2022-03-19,58,12,4,12.971179,77.58582,communal offences reported near Mysuru Road. CCTV footage under review.
1342,KSP/2022/3773,2022-09-17,27,7,5,12.831489,77.666459,Complainant reported robbery & dacoity at Electronic City. Suspect fled the scene.
1343,KSP/2026/4808,2026-01-11,8,13,2,12.935202,77.632781,Patrol unit responded to missing persons call. One suspect apprehended.
1344,KSP/2023/7660,2023-04-13,1,12,4,12.97067,77.619818,Complainant reported communal offences at Jayanagar. Suspect fled the scene.
1345,KSP/2026/4862,2026-04-02,42,5,5,12.959744,77.60056,Anonymous tip received regarding narcotics. Investigation initiated.
1346,KSP/2022/2269,2022-09-11,49,8,3,12.912035,77.616192,Complainant reported fraud & cheating at Malleshwaram. Suspect fled the scene.
1347,KSP/2023/1639,2023-09-06,55,2,3,12.964026,77.593646,property theft reported near MG Road. CCTV footage under review.
1348,KSP/2025/5861,2025-07-23,16,9,2,13.013664,77.549733,unlawful assembly reported near KR Market. CCTV footage under review.
1349,KSP/2026/7088,2026-06-12,73,8,3,12.995686,77.596586,Anonymous tip received regarding fraud & cheating. Investigation initiated.
1350,KSP/2025/5116,2025-02-27,61,10,2,12.961563,77.593123,Patrol unit responded to eve teasing call. One suspect apprehended.
1351,KSP/2023/8763,2023-02-25,2,8,3,13.031469,77.609412,FIR lodged following fraud & cheating incident. Victim sustained minor injuries.
1352,KSP/2022/4074,2022-01-18,26,6,5,12.924945,77.60335,Anonymous tip received regarding murder. Investigation initiated.
1353,KSP/2025/2093,2025-12-27,45,11,3,12.932603,77.629151,Patrol unit responded to land disputes call. One suspect apprehended.
1354,KSP/2023/7982,2023-08-22,75,10,2,12.908578,77.652093,Anonymous tip received regarding eve teasing. Investigation initiated.
1355,KSP/2023/3497,2023-09-22,14,11,3,12.973529,77.715096,Complainant reported land disputes at HSR Layout. Suspect fled the scene.
1356,KSP/2026/7274,2026-06-11,43,11,3,12.975234,77.614147,Patrol unit responded to land disputes call. One suspect apprehended.
1357,KSP/2026/1043,2026-01-10,30,10,2,12.929055,77.616066,FIR lodged following eve teasing incident. Victim sustained minor injuries.
1358,KSP/2023/6297,2023-05-28,10,15,5,12.974378,77.586627,child offences reported near KR Market. CCTV footage under review.
1359,KSP/2026/9198,2026-01-05,98,14,3,12.955498,77.593414,Anonymous tip received regarding domestic violence. Investigation initiated.
1360,KSP/2026/9552,2026-01-14,41,2,3,12.829281,77.687315,Anonymous tip received regarding property theft. Investigation initiated.
1361,KSP/2024/8235,2024-05-12,63,9,2,12.930475,77.618697,FIR lodged following unlawful assembly incident. Victim sustained minor injuries.
1362,KSP/2024/6991,2024-12-17,60,11,3,12.99922,77.629259,FIR lodged following land disputes incident. Victim sustained minor injuries.
1363,KSP/2023/3932,2023-08-17,96,12,4,12.951339,77.75,communal offences reported near Jayanagar. CCTV footage under review.
1364,KSP/2024/7043,2024-08-22,33,15,5,12.969457,77.614771,Anonymous tip received regarding child offences. Investigation initiated.
1365,KSP/2026/5145,2026-01-27,36,9,2,12.968478,77.616027,unlawful assembly reported near KR Market. CCTV footage under review.
1366,KSP/2026/8446,2026-01-02,63,10,2,13.023301,77.593201,Patrol unit responded to eve teasing call. One suspect apprehended.
1367,KSP/2022/1472,2022-11-19,79,3,3,12.978693,77.564931,Complainant reported vehicle theft at Jayanagar. Suspect fled the scene.
1368,KSP/2023/2956,2023-02-14,8,14,3,12.968971,77.564362,Complainant reported domestic violence at Malleshwaram. Suspect fled the scene.
1369,KSP/2024/1273,2024-05-12,43,8,3,12.978363,77.60725,FIR lodged following fraud & cheating incident. Victim sustained minor injuries.
1370,KSP/2025/7605,2025-02-11,54,13,2,12.950435,77.661552,Patrol unit responded to missing persons call. One suspect apprehended.
1371,KSP/2026/5368,2026-04-08,11,13,2,13.047508,77.562116,FIR lodged following missing persons incident. Victim sustained minor injuries.
1372,KSP/2025/1052,2025-06-25,40,3,3,12.953808,77.580156,FIR lodged following vehicle theft incident. Victim sustained minor injuries.
1373,KSP/2022/2444,2022-09-25,15,5,5,12.959235,77.75,Patrol unit responded to narcotics call. One suspect apprehended.
1374,KSP/2022/1171,2022-03-04,28,14,3,12.987025,77.613974,FIR lodged following domestic violence incident. Victim sustained minor injuries.
1375,KSP/2024/3174,2024-08-14,40,10,2,12.960955,77.599447,FIR lodged following eve teasing incident. Victim sustained minor injuries.
1376,KSP/2024/4084,2024-09-07,35,1,4,12.993607,77.587422,cyber crime reported near Koramangala. CCTV footage under review.
1377,KSP/2024/6818,2024-04-01,75,14,3,12.965137,77.616879,Complainant reported domestic violence at Yelahanka. Suspect fled the scene.
1378,KSP/2023/7318,2023-06-14,20,7,5,12.962081,77.575929,Complainant reported robbery & dacoity at HSR Layout. Suspect fled the scene.
1379,KSP/2024/9253,2024-06-15,71,9,2,12.971703,77.593974,FIR lodged following unlawful assembly incident. Victim sustained minor injuries.
1380,KSP/2024/5273,2024-03-13,5,13,2,12.981757,77.653953,FIR lodged following missing persons incident. Victim sustained minor injuries.
1381,KSP/2025/7099,2025-12-22,73,14,3,12.923627,77.612002,Patrol unit responded to domestic violence call. One suspect apprehended.
1382,KSP/2025/7904,2025-01-20,61,7,5,12.862692,77.681922,Complainant reported robbery & dacoity at Whitefield. Suspect fled the scene.
1383,KSP/2024/9958,2024-08-09,24,6,5,13.048602,77.570526,FIR lodged following murder incident. Victim sustained minor injuries.
1384,KSP/2025/4990,2025-09-13,33,12,4,12.954837,77.736436,communal offences reported near Yelahanka. CCTV footage under review.
1385,KSP/2022/9306,2022-05-05,14,11,3,12.824801,77.678661,FIR lodged following land disputes incident. Victim sustained minor injuries.
1386,KSP/2022/3726,2022-03-30,39,8,3,13.00455,77.575672,FIR lodged following fraud & cheating incident. Victim sustained minor injuries.
1387,KSP/2023/6458,2023-03-10,7,14,3,13.019341,77.616494,FIR lodged following domestic violence incident. Victim sustained minor injuries.
1388,KSP/2025/8546,2025-11-26,1,15,5,12.972477,77.723059,child offences reported near Whitefield. CCTV footage under review.
1389,KSP/2023/8152,2023-07-28,12,10,2,12.981848,77.618548,FIR lodged following eve teasing incident. Victim sustained minor injuries.
1390,KSP/2022/6647,2022-01-16,13,11,3,12.94722,77.585763,land disputes reported near Whitefield. CCTV footage under review.
1391,KSP/2025/4977,2025-03-15,98,8,3,13.011319,77.519566,fraud & cheating reported near Bannerghatta Road. CCTV footage under review.
1392,KSP/2025/7956,2025-05-27,77,14,3,12.955185,77.75,Anonymous tip received regarding domestic violence. Investigation initiated.
1393,KSP/2022/3918,2022-03-25,99,7,5,12.947031,77.596408,FIR lodged following robbery & dacoity incident. Victim sustained minor injuries.
1394,KSP/2025/4769,2025-05-22,18,4,4,12.968953,77.749892,Complainant reported assault & violence at BTM Layout. Suspect fled the scene.
1395,KSP/2025/3469,2025-04-08,37,9,2,12.969477,77.600873,FIR lodged following unlawful assembly incident. Victim sustained minor injuries.
1396,KSP/2025/7524,2025-08-03,88,6,5,13.010219,77.552415,FIR lodged following murder incident. Victim sustained minor injuries.
1397,KSP/2022/1200,2022-11-12,21,9,2,12.976385,77.581623,unlawful assembly reported near Mysuru Road. CCTV footage under review.
1398,KSP/2026/1893,2026-02-19,39,6,5,12.827578,77.688003,murder reported near Malleshwaram. CCTV footage under review.
1399,KSP/2025/8758,2025-10-30,92,8,3,13.010304,77.598119,Patrol unit responded to fraud & cheating call. One suspect apprehended.
1400,KSP/2025/7282,2025-08-10,87,6,5,12.917811,77.644258,Patrol unit responded to murder call. One suspect apprehended.
1401,KSP/2024/8454,2024-03-12,56,2,3,12.993887,77.587079,FIR lodged following property theft incident. Victim sustained minor injuries.
1402,KSP/2025/7050,2025-02-14,33,1,4,12.988365,77.619232,Complainant reported cyber crime at HSR Layout. Suspect fled the scene.
1403,KSP/2024/6847,2024-04-10,54,8,3,13.022146,77.547745,FIR lodged following fraud & cheating incident. Victim sustained minor injuries.
1404,KSP/2025/7491,2025-01-14,32,1,4,12.956542,77.734674,Complainant reported cyber crime at Electronic City. Suspect fled the scene.
1405,KSP/2026/6658,2026-03-14,59,3,3,12.94109,77.630468,vehicle theft reported near Hebbal. CCTV footage under review.
1406,KSP/2026/1665,2026-06-15,10,11,3,12.988816,77.581879,Patrol unit responded to land disputes call. One suspect apprehended.
1407,KSP/2022/2290,2022-11-11,44,6,5,12.952997,77.579337,murder reported near Electronic City. CCTV footage under review.
1408,KSP/2024/2907,2024-03-09,25,14,3,12.987179,77.581493,Complainant reported domestic violence at Malleshwaram. Suspect fled the scene.
1409,KSP/2024/8748,2024-01-28,28,9,2,12.99604,77.607601,Complainant reported unlawful assembly at Jayanagar. Suspect fled the scene.
1410,KSP/2024/1749,2024-05-10,78,12,4,12.969288,77.723868,Patrol unit responded to communal offences call. One suspect apprehended.
1411,KSP/2023/7788,2023-10-06,85,7,5,12.975472,77.608673,Complainant reported robbery & dacoity at Mysuru Road. Suspect fled the scene.
1412,KSP/2024/4683,2024-09-15,3,2,3,12.942537,77.583325,Complainant reported property theft at Koramangala. Suspect fled the scene.
1413,KSP/2025/6386,2025-12-02,70,11,3,12.957281,77.591606,Patrol unit responded to land disputes call. One suspect apprehended.
1414,KSP/2024/8568,2024-12-12,96,7,5,12.923646,77.65108,robbery & dacoity reported near Whitefield. CCTV footage under review.
1415,KSP/2025/2287,2025-06-05,81,9,2,12.942385,77.637571,Complainant reported unlawful assembly at BTM Layout. Suspect fled the scene.
1416,KSP/2025/6166,2025-02-21,58,9,2,13.031587,77.63242,Anonymous tip received regarding unlawful assembly. Investigation initiated.
1417,KSP/2024/7805,2024-12-28,98,11,3,12.965188,77.588199,Patrol unit responded to land disputes call. One suspect apprehended.
1418,KSP/2023/3157,2023-12-31,49,1,4,12.993658,77.613949,cyber crime reported near Electronic City. CCTV footage under review.
1419,KSP/2022/3926,2022-12-10,21,10,2,12.968633,77.646025,Patrol unit responded to eve teasing call. One suspect apprehended.
1420,KSP/2024/5569,2024-12-29,41,12,4,13.028791,77.617494,FIR lodged following communal offences incident. Victim sustained minor injuries.
1421,KSP/2024/9724,2024-09-14,51,12,4,13.01007,77.531382,Patrol unit responded to communal offences call. One suspect apprehended.
1422,KSP/2025/7554,2025-10-28,37,4,4,12.970328,77.737592,FIR lodged following assault & violence incident. Victim sustained minor injuries.
1423,KSP/2022/7850,2022-11-02,54,1,4,12.961779,77.618153,cyber crime reported near HSR Layout. CCTV footage under review.
1424,KSP/2026/7697,2026-04-13,3,7,5,13.015788,77.545434,Complainant reported robbery & dacoity at HSR Layout. Suspect fled the scene.
1425,KSP/2022/7378,2022-10-10,71,6,5,12.960431,77.60005,Anonymous tip received regarding murder. Investigation initiated.
1426,KSP/2024/4273,2024-01-14,42,9,2,12.989989,77.598592,FIR lodged following unlawful assembly incident. Victim sustained minor injuries.
1427,KSP/2025/8268,2025-11-27,31,3,3,12.990923,77.598398,FIR lodged following vehicle theft incident. Victim sustained minor injuries.
1428,KSP/2024/8572,2024-10-26,93,13,2,13.002718,77.61999,FIR lodged following missing persons incident. Victim sustained minor injuries.
1429,KSP/2026/2152,2026-06-03,54,15,5,12.993684,77.599148,child offences reported near Malleshwaram. CCTV footage under review.
1430,KSP/2022/1979,2022-03-15,38,15,5,12.886858,77.644469,child offences reported near Yelahanka. CCTV footage under review.
1431,KSP/2025/8209,2025-05-25,55,13,2,12.959334,77.635771,Patrol unit responded to missing persons call. One suspect apprehended.
1432,KSP/2022/7764,2022-12-14,85,12,4,12.986072,77.57389,FIR lodged following communal offences incident. Victim sustained minor injuries.
1433,KSP/2022/2213,2022-10-29,59,6,5,12.912908,77.640117,Anonymous tip received regarding murder. Investigation initiated.
1434,KSP/2024/8378,2024-07-06,90,14,3,12.935585,77.636134,domestic violence reported near Jayanagar. CCTV footage under review.
1435,KSP/2026/4621,2026-06-10,48,4,4,12.983832,77.609035,Anonymous tip received regarding assault & violence. Investigation initiated.
1436,KSP/2024/8206,2024-08-04,87,9,2,12.981706,77.602303,unlawful assembly reported near Bannerghatta Road. CCTV footage under review.
1437,KSP/2024/4734,2024-06-27,4,5,5,12.987144,77.572054,narcotics reported near Hebbal. CCTV footage under review.
1438,KSP/2025/9467,2025-02-05,52,13,2,12.841293,77.678877,Patrol unit responded to missing persons call. One suspect apprehended.
1439,KSP/2026/7133,2026-04-06,49,8,3,12.931231,77.646281,Anonymous tip received regarding fraud & cheating. Investigation initiated.
1440,KSP/2023/1233,2023-06-29,86,13,2,12.944109,77.640495,missing persons reported near Malleshwaram. CCTV footage under review.
1441,KSP/2024/2959,2024-05-14,84,14,3,12.965908,77.75,Patrol unit responded to domestic violence call. One suspect apprehended.
1442,KSP/2022/4318,2022-02-07,47,3,3,12.915801,77.61546,Patrol unit responded to vehicle theft call. One suspect apprehended.
1443,KSP/2022/9761,2022-07-28,95,11,3,12.980708,77.75,Anonymous tip received regarding land disputes. Investigation initiated.
1444,KSP/2026/5195,2026-06-13,95,9,2,12.976439,77.579016,FIR lodged following unlawful assembly incident. Victim sustained minor injuries.
1445,KSP/2025/5354,2025-11-17,71,3,3,13.016754,77.611572,FIR lodged following vehicle theft incident. Victim sustained minor injuries.
1446,KSP/2023/1997,2023-02-16,27,5,5,12.986499,77.546679,Patrol unit responded to narcotics call. One suspect apprehended.
1447,KSP/2022/2196,2022-06-08,26,4,4,12.825279,77.668809,Anonymous tip received regarding assault & violence. Investigation initiated.
1448,KSP/2023/5914,2023-10-30,73,8,3,12.928397,77.625532,Patrol unit responded to fraud & cheating call. One suspect apprehended.
1449,KSP/2025/8475,2025-10-07,1,1,4,12.989594,77.736446,FIR lodged following cyber crime incident. Victim sustained minor injuries.
1450,KSP/2024/9424,2024-10-18,37,4,4,12.967047,77.75,Patrol unit responded to assault & violence call. One suspect apprehended.
1451,KSP/2024/6059,2024-05-05,81,15,5,12.983427,77.598792,Patrol unit responded to child offences call. One suspect apprehended.
1452,KSP/2024/9122,2024-09-18,21,8,3,13.026346,77.614196,Patrol unit responded to fraud & cheating call. One suspect apprehended.
1453,KSP/2025/9824,2025-10-08,24,3,3,12.986889,77.574082,Anonymous tip received regarding vehicle theft. Investigation initiated.
1454,KSP/2024/9690,2024-08-06,61,3,3,12.973066,77.607367,Anonymous tip received regarding vehicle theft. Investigation initiated.
1455,KSP/2023/4144,2023-04-26,99,2,3,12.954726,77.737505,Anonymous tip received regarding property theft. Investigation initiated.
1456,KSP/2024/7830,2024-10-08,100,7,5,12.983688,77.613114,Patrol unit responded to robbery & dacoity call. One suspect apprehended.
1457,KSP/2024/6017,2024-08-01,43,11,3,12.972976,77.642092,Anonymous tip received regarding land disputes. Investigation initiated.
1458,KSP/2025/7620,2025-05-07,8,11,3,12.954862,77.651802,land disputes reported near KR Market. CCTV footage under review.
1459,KSP/2024/4313,2024-05-01,27,15,5,12.983689,77.711601,Complainant reported child offences at Bannerghatta Road. Suspect fled the scene.
1460,KSP/2025/4267,2025-08-21,28,11,3,12.977428,77.604348,land disputes reported near Jayanagar. CCTV footage under review.
1461,KSP/2023/8859,2023-05-14,93,10,2,12.934315,77.630333,Anonymous tip received regarding eve teasing. Investigation initiated.
1462,KSP/2025/5589,2025-04-26,78,10,2,13.034699,77.611406,eve teasing reported near Koramangala. CCTV footage under review.
1463,KSP/2025/2819,2025-02-21,61,10,2,12.984496,77.599345,eve teasing reported near Hebbal. CCTV footage under review.
1464,KSP/2025/5896,2025-07-09,74,3,3,12.9783,77.603126,FIR lodged following vehicle theft incident. Victim sustained minor injuries.
1465,KSP/2024/5774,2024-03-21,89,3,3,12.972187,77.614153,Patrol unit responded to vehicle theft call. One suspect apprehended.
1466,KSP/2024/8304,2024-09-02,96,1,4,13.013968,77.590914,Anonymous tip received regarding cyber crime. Investigation initiated.
1467,KSP/2024/5243,2024-10-31,33,14,3,12.959457,77.610496,FIR lodged following domestic violence incident. Victim sustained minor injuries.
1468,KSP/2025/8968,2025-08-20,7,10,2,13.023681,77.636595,eve teasing reported near Mysuru Road. CCTV footage under review.
1469,KSP/2025/6358,2025-09-20,69,13,2,12.986075,77.593657,Complainant reported missing persons at Electronic City. Suspect fled the scene.
1470,KSP/2022/2840,2022-10-14,69,9,2,12.823675,77.658741,Patrol unit responded to unlawful assembly call. One suspect apprehended.
1471,KSP/2025/4127,2025-12-26,97,3,3,12.946864,77.608757,Patrol unit responded to vehicle theft call. One suspect apprehended.
1472,KSP/2023/3976,2023-04-18,83,2,3,13.028736,77.535704,Anonymous tip received regarding property theft. Investigation initiated.
1473,KSP/2025/5813,2025-09-05,1,10,2,12.939979,77.600367,Complainant reported eve teasing at Malleshwaram. Suspect fled the scene.
1474,KSP/2023/6351,2023-04-13,69,10,2,12.983015,77.75,Anonymous tip received regarding eve teasing. Investigation initiated.
1475,KSP/2025/4094,2025-01-06,99,8,3,13.024249,77.531546,Patrol unit responded to fraud & cheating call. One suspect apprehended.
1476,KSP/2022/6710,2022-05-03,9,3,3,12.984723,77.75,FIR lodged following vehicle theft incident. Victim sustained minor injuries.
1477,KSP/2024/5441,2024-07-30,30,6,5,12.97108,77.75,FIR lodged following murder incident. Victim sustained minor injuries.
1478,KSP/2025/1416,2025-09-27,57,14,3,12.970789,77.613631,Complainant reported domestic violence at Malleshwaram. Suspect fled the scene.
1479,KSP/2025/4369,2025-09-24,99,13,2,12.961226,77.644605,missing persons reported near Koramangala. CCTV footage under review.
1480,KSP/2026/4434,2026-05-24,16,7,5,12.967768,77.645127,Complainant reported robbery & dacoity at Whitefield. Suspect fled the scene.
1481,KSP/2025/2487,2025-07-13,65,14,3,12.959043,77.618201,FIR lodged following domestic violence incident. Victim sustained minor injuries.
1482,KSP/2022/7881,2022-01-23,52,6,5,12.988438,77.617925,murder reported near Mysuru Road. CCTV footage under review.
1483,KSP/2022/5926,2022-07-22,30,15,5,12.963339,77.604536,child offences reported near BTM Layout. CCTV footage under review.
1484,KSP/2026/6296,2026-01-04,6,15,5,12.962359,77.582903,Complainant reported child offences at Hebbal. Suspect fled the scene.
1485,KSP/2023/8697,2023-04-29,98,3,3,12.968588,77.604102,FIR lodged following vehicle theft incident. Victim sustained minor injuries.
1486,KSP/2024/7797,2024-06-29,21,1,4,12.846048,77.700835,Anonymous tip received regarding cyber crime. Investigation initiated.
1487,KSP/2023/3660,2023-07-19,4,8,3,12.963064,77.593598,Anonymous tip received regarding fraud & cheating. Investigation initiated.
1488,KSP/2024/1466,2024-04-03,4,9,2,12.946624,77.726633,Patrol unit responded to unlawful assembly call. One suspect apprehended.
1489,KSP/2025/7177,2025-06-20,98,6,5,12.939716,77.65649,Complainant reported murder at Electronic City. Suspect fled the scene.
1490,KSP/2023/2086,2023-11-23,15,10,2,12.93662,77.626681,Complainant reported eve teasing at Malleshwaram. Suspect fled the scene.
1491,KSP/2025/1011,2025-09-30,40,15,5,12.907596,77.640807,FIR lodged following child offences incident. Victim sustained minor injuries.
1492,KSP/2025/2579,2025-02-09,62,8,3,12.909429,77.663234,Patrol unit responded to fraud & cheating call. One suspect apprehended.
1493,KSP/2026/3336,2026-05-19,29,9,2,12.952987,77.636633,FIR lodged following unlawful assembly incident. Victim sustained minor injuries.
1494,KSP/2022/5106,2022-11-23,24,10,2,12.987505,77.56804,FIR lodged following eve teasing incident. Victim sustained minor injuries.
1495,KSP/2026/5370,2026-06-04,98,11,3,12.965692,77.733707,Patrol unit responded to land disputes call. One suspect apprehended.
1496,KSP/2022/1786,2022-04-17,26,14,3,12.963867,77.75,domestic violence reported near BTM Layout. CCTV footage under review.
1497,KSP/2024/6284,2024-01-09,2,15,5,12.952708,77.573271,FIR lodged following child offences incident. Victim sustained minor injuries.
1498,KSP/2025/8425,2025-06-14,80,10,2,12.923452,77.642045,eve teasing reported near Koramangala. CCTV footage under review.
1499,KSP/2026/4052,2026-05-18,33,5,5,12.969107,77.728014,Anonymous tip received regarding narcotics. Investigation initiated.
1500,KSP/2022/9504,2022-10-27,34,6,5,12.912283,77.633598,Anonymous tip received regarding murder. Investigation initiated.
1501,KSP/2023/8494,2023-01-28,15,2,3,12.945501,77.719651,Complainant reported property theft at Koramangala. Suspect fled the scene.
1502,KSP/2025/2359,2025-11-07,65,2,3,12.999723,77.589883,property theft reported near Electronic City. CCTV footage under review.
1503,KSP/2023/1273,2023-03-17,26,3,3,12.973503,77.628189,FIR lodged following vehicle theft incident. Victim sustained minor injuries.
1504,KSP/2026/9735,2026-06-20,47,12,4,12.962867,77.7448,Complainant reported communal offences at Mysuru Road. Suspect fled the scene.
1505,KSP/2023/3713,2023-05-09,82,9,2,12.999059,77.579839,Complainant reported unlawful assembly at BTM Layout. Suspect fled the scene.
1506,KSP/2023/7947,2023-04-18,26,10,2,12.853732,77.656155,Patrol unit responded to eve teasing call. One suspect apprehended.
1507,KSP/2026/8667,2026-06-10,42,5,5,13.021937,77.61603,narcotics reported near Yelahanka. CCTV footage under review.
1508,KSP/2024/2094,2024-08-26,8,3,3,13.021413,77.620025,FIR lodged following vehicle theft incident. Victim sustained minor injuries.
1509,KSP/2024/3612,2024-01-24,83,12,4,12.962798,77.59566,communal offences reported near Mysuru Road. CCTV footage under review.
1510,KSP/2023/7577,2023-12-05,16,8,3,12.840025,77.690933,Anonymous tip received regarding fraud & cheating. Investigation initiated.
1511,KSP/2023/6365,2023-03-19,2,11,3,12.835124,77.668006,Anonymous tip received regarding land disputes. Investigation initiated.
1512,KSP/2026/8180,2026-01-03,39,10,2,12.909718,77.620589,FIR lodged following eve teasing incident. Victim sustained minor injuries.
1513,KSP/2024/7250,2024-11-26,33,13,2,12.833225,77.671475,Anonymous tip received regarding missing persons. Investigation initiated.
1514,KSP/2026/9566,2026-02-23,14,2,3,12.908805,77.608895,Anonymous tip received regarding property theft. Investigation initiated.
1515,KSP/2024/8085,2024-01-20,54,2,3,13.019068,77.572485,property theft reported near Bannerghatta Road. CCTV footage under review.
1516,KSP/2024/9320,2024-05-07,43,1,4,12.975204,77.565995,Anonymous tip received regarding cyber crime. Investigation initiated.
1517,KSP/2022/9109,2022-11-11,29,8,3,12.966213,77.639337,fraud & cheating reported near Koramangala. CCTV footage under review.
1518,KSP/2026/7157,2026-02-24,78,10,2,13.042558,77.566886,Patrol unit responded to eve teasing call. One suspect apprehended.
1519,KSP/2022/2924,2022-11-03,98,9,2,12.89494,77.663689,Patrol unit responded to unlawful assembly call. One suspect apprehended.
1520,KSP/2025/8212,2025-05-08,59,4,4,12.834738,77.657252,Complainant reported assault & violence at Jayanagar. Suspect fled the scene.
1521,KSP/2025/3961,2025-09-03,4,10,2,12.960758,77.614417,Complainant reported eve teasing at Koramangala. Suspect fled the scene.
1522,KSP/2022/6875,2022-03-30,88,10,2,12.965741,77.75,eve teasing reported near Hebbal. CCTV footage under review.
1523,KSP/2022/5311,2022-05-29,99,6,5,13.010133,77.636302,Anonymous tip received regarding murder. Investigation initiated.
1524,KSP/2024/6710,2024-09-27,100,13,2,12.978262,77.588477,missing persons reported near Mysuru Road. CCTV footage under review.
1525,KSP/2023/2659,2023-12-09,93,13,2,12.968396,77.629405,Anonymous tip received regarding missing persons. Investigation initiated.
1526,KSP/2025/8953,2025-04-03,45,2,3,12.954348,77.735057,FIR lodged following property theft incident. Victim sustained minor injuries.
1527,KSP/2023/2826,2023-06-08,25,6,5,12.964107,77.75,Anonymous tip received regarding murder. Investigation initiated.
1528,KSP/2023/2244,2023-07-07,26,10,2,12.904083,77.631699,eve teasing reported near HSR Layout. CCTV footage under review.
1529,KSP/2024/6573,2024-03-29,69,2,3,13.009026,77.568699,FIR lodged following property theft incident. Victim sustained minor injuries.
1530,KSP/2024/2346,2024-07-02,42,6,5,12.949844,77.613722,Patrol unit responded to murder call. One suspect apprehended.
1531,KSP/2024/4677,2024-04-30,89,15,5,12.953486,77.62929,Complainant reported child offences at Yelahanka. Suspect fled the scene.
1532,KSP/2023/5862,2023-11-02,32,15,5,12.979078,77.628624,FIR lodged following child offences incident. Victim sustained minor injuries.
1533,KSP/2023/9496,2023-08-21,75,15,5,12.943962,77.641692,child offences reported near Whitefield. CCTV footage under review.
1534,KSP/2024/5318,2024-03-23,56,7,5,12.852035,77.668453,Anonymous tip received regarding robbery & dacoity. Investigation initiated.
1535,KSP/2025/3203,2025-01-14,42,7,5,12.922156,77.644913,Complainant reported robbery & dacoity at Bannerghatta Road. Suspect fled the scene.
1536,KSP/2023/9314,2023-02-05,91,13,2,13.010364,77.638645,Complainant reported missing persons at Mysuru Road. Suspect fled the scene.
1537,KSP/2024/8623,2024-12-18,35,8,3,12.976988,77.730788,Patrol unit responded to fraud & cheating call. One suspect apprehended.
1538,KSP/2025/1362,2025-09-17,72,10,2,12.958689,77.582657,Complainant reported eve teasing at Whitefield. Suspect fled the scene.
1539,KSP/2023/6806,2023-04-05,9,8,3,13.035342,77.54061,Complainant reported fraud & cheating at BTM Layout. Suspect fled the scene.
1540,KSP/2022/8058,2022-03-27,91,15,5,12.975396,77.639148,Patrol unit responded to child offences call. One suspect apprehended.
1541,KSP/2024/5991,2024-08-20,43,12,4,12.954042,77.608,Patrol unit responded to communal offences call. One suspect apprehended.
1542,KSP/2024/1867,2024-09-03,92,4,4,12.944681,77.639234,Complainant reported assault & violence at HSR Layout. Suspect fled the scene.
1543,KSP/2022/3641,2022-07-17,94,12,4,12.840787,77.671311,Patrol unit responded to communal offences call. One suspect apprehended.
1544,KSP/2023/9109,2023-07-18,94,3,3,13.016734,77.575179,Complainant reported vehicle theft at BTM Layout. Suspect fled the scene.
1545,KSP/2025/8772,2025-04-18,18,2,3,12.990085,77.588095,property theft reported near Malleshwaram. CCTV footage under review.
1546,KSP/2025/2486,2025-08-30,24,13,2,12.972284,77.61589,Anonymous tip received regarding missing persons. Investigation initiated.
1547,KSP/2022/2540,2022-09-11,68,5,5,12.962941,77.624621,Anonymous tip received regarding narcotics. Investigation initiated.
1548,KSP/2025/1028,2025-03-05,68,4,4,12.92776,77.657148,Complainant reported assault & violence at Whitefield. Suspect fled the scene.
1549,KSP/2025/4088,2025-03-10,82,1,4,12.960483,77.75,Complainant reported cyber crime at Whitefield. Suspect fled the scene.
1550,KSP/2023/3898,2023-04-26,57,10,2,12.978525,77.620733,Patrol unit responded to eve teasing call. One suspect apprehended.
1551,KSP/2025/1635,2025-10-14,69,11,3,12.913747,77.657648,Complainant reported land disputes at HSR Layout. Suspect fled the scene.
1552,KSP/2024/3955,2024-06-24,76,14,3,12.98547,77.664003,Complainant reported domestic violence at Jayanagar. Suspect fled the scene.
1553,KSP/2024/9978,2024-11-14,50,9,2,12.889599,77.650301,unlawful assembly reported near BTM Layout. CCTV footage under review.
1554,KSP/2024/4923,2024-02-04,63,12,4,13.007302,77.615185,Anonymous tip received regarding communal offences. Investigation initiated.
1555,KSP/2026/9517,2026-02-01,12,3,3,12.948761,77.75,Patrol unit responded to vehicle theft call. One suspect apprehended.
1556,KSP/2026/9951,2026-06-09,83,11,3,12.950464,77.746546,land disputes reported near Mysuru Road. CCTV footage under review.
1557,KSP/2025/7177,2025-08-17,11,4,4,12.960363,77.75,assault & violence reported near Malleshwaram. CCTV footage under review.
1558,KSP/2025/5705,2025-04-22,99,9,2,12.927704,77.640045,Anonymous tip received regarding unlawful assembly. Investigation initiated.
1559,KSP/2022/9893,2022-10-05,23,11,3,12.976332,77.586152,Anonymous tip received regarding land disputes. Investigation initiated.
1560,KSP/2024/6763,2024-07-30,69,10,2,12.985443,77.579003,eve teasing reported near Koramangala. CCTV footage under review.
1561,KSP/2026/7075,2026-06-16,88,1,4,12.977231,77.622486,FIR lodged following cyber crime incident. Victim sustained minor injuries.
1562,KSP/2023/4335,2023-11-20,64,11,3,12.939882,77.671326,Anonymous tip received regarding land disputes. Investigation initiated.
1563,KSP/2023/1077,2023-10-03,31,4,4,13.055527,77.554315,Complainant reported assault & violence at Hebbal. Suspect fled the scene.
1564,KSP/2025/7585,2025-04-26,6,10,2,12.90545,77.658185,FIR lodged following eve teasing incident. Victim sustained minor injuries.
1565,KSP/2025/6074,2025-08-06,27,3,3,12.831538,77.668971,Patrol unit responded to vehicle theft call. One suspect apprehended.
1566,KSP/2022/7178,2022-02-01,36,14,3,13.034984,77.543061,domestic violence reported near Malleshwaram. CCTV footage under review.
1567,KSP/2022/8358,2022-02-02,17,13,2,12.977894,77.595925,missing persons reported near KR Market. CCTV footage under review.
1568,KSP/2026/9797,2026-02-26,42,11,3,12.970982,77.601552,Complainant reported land disputes at Whitefield. Suspect fled the scene.
1569,KSP/2025/5693,2025-05-22,37,3,3,13.012837,77.573415,Anonymous tip received regarding vehicle theft. Investigation initiated.
1570,KSP/2023/9158,2023-09-20,26,13,2,12.976837,77.5922,Complainant reported missing persons at Electronic City. Suspect fled the scene.
1571,KSP/2023/4022,2023-12-12,11,2,3,13.002918,77.621399,Complainant reported property theft at Malleshwaram. Suspect fled the scene.
1572,KSP/2025/1672,2025-09-23,85,12,4,12.961074,77.660706,FIR lodged following communal offences incident. Victim sustained minor injuries.
1573,KSP/2024/1232,2024-09-14,20,14,3,12.993858,77.589562,Complainant reported domestic violence at HSR Layout. Suspect fled the scene.
1574,KSP/2023/7226,2023-09-16,20,6,5,13.02228,77.613433,Complainant reported murder at Malleshwaram. Suspect fled the scene.
1575,KSP/2024/8217,2024-11-09,9,14,3,12.938466,77.645318,domestic violence reported near KR Market. CCTV footage under review.
1576,KSP/2024/2067,2024-09-13,53,13,2,12.837808,77.685641,Complainant reported missing persons at MG Road. Suspect fled the scene.
1577,KSP/2024/3350,2024-09-26,14,9,2,12.967161,77.570941,Anonymous tip received regarding unlawful assembly. Investigation initiated.
1578,KSP/2025/4678,2025-04-19,98,11,3,12.976803,77.594712,Patrol unit responded to land disputes call. One suspect apprehended.
1579,KSP/2026/7325,2026-01-20,37,10,2,12.859302,77.686721,Patrol unit responded to eve teasing call. One suspect apprehended.
1580,KSP/2026/6654,2026-03-05,82,11,3,12.979139,77.743993,Patrol unit responded to land disputes call. One suspect apprehended.
1581,KSP/2025/5699,2025-01-23,82,8,3,12.920634,77.665261,FIR lodged following fraud & cheating incident. Victim sustained minor injuries.
1582,KSP/2023/1343,2023-05-14,56,12,4,13.001159,77.62746,Anonymous tip received regarding communal offences. Investigation initiated.
1583,KSP/2023/6782,2023-12-07,27,13,2,12.94872,77.600485,missing persons reported near Whitefield. CCTV footage under review.
1584,KSP/2025/6956,2025-10-11,44,14,3,12.948595,77.75,domestic violence reported near Yelahanka. CCTV footage under review.
1585,KSP/2023/4188,2023-11-06,94,6,5,12.9681,77.739857,FIR lodged following murder incident. Victim sustained minor injuries.
1586,KSP/2025/6028,2025-06-22,28,10,2,12.855222,77.66592,Anonymous tip received regarding eve teasing. Investigation initiated.
1587,KSP/2025/4558,2025-07-04,44,7,5,12.919332,77.620124,Complainant reported robbery & dacoity at Koramangala. Suspect fled the scene.
1588,KSP/2023/4382,2023-07-15,50,9,2,12.958069,77.606636,unlawful assembly reported near KR Market. CCTV footage under review.
1589,KSP/2023/4240,2023-04-30,20,9,2,12.994144,77.592273,unlawful assembly reported near HSR Layout. CCTV footage under review.
1590,KSP/2026/9693,2026-02-21,95,7,5,12.940559,77.618649,Anonymous tip received regarding robbery & dacoity. Investigation initiated.
1591,KSP/2022/6431,2022-03-08,12,10,2,12.976121,77.597759,Complainant reported eve teasing at KR Market. Suspect fled the scene.
1592,KSP/2023/6946,2023-10-24,80,6,5,12.912494,77.6582,Anonymous tip received regarding murder. Investigation initiated.
1593,KSP/2023/2662,2023-06-29,72,14,3,12.84794,77.661987,Anonymous tip received regarding domestic violence. Investigation initiated.
1594,KSP/2025/8693,2025-06-26,90,3,3,12.913905,77.656441,FIR lodged following vehicle theft incident. Victim sustained minor injuries.
1595,KSP/2023/1645,2023-04-01,18,15,5,13.055511,77.52767,child offences reported near MG Road. CCTV footage under review.
1596,KSP/2025/3979,2025-01-30,58,14,3,12.909861,77.628207,domestic violence reported near HSR Layout. CCTV footage under review.
1597,KSP/2024/2128,2024-11-21,23,14,3,13.02832,77.613612,Complainant reported domestic violence at Jayanagar. Suspect fled the scene.
1598,KSP/2023/2361,2023-09-05,46,3,3,12.963101,77.75,Anonymous tip received regarding vehicle theft. Investigation initiated.
1599,KSP/2025/5140,2025-07-21,25,10,2,12.991426,77.643161,FIR lodged following eve teasing incident. Victim sustained minor injuries.
1600,KSP/2024/4912,2024-09-16,90,9,2,13.012694,77.618151,FIR lodged following unlawful assembly incident. Victim sustained minor injuries.
1601,KSP/2025/1514,2025-11-24,17,5,5,12.931266,77.626263,Complainant reported narcotics at Jayanagar. Suspect fled the scene.
1602,KSP/2024/8702,2024-07-29,49,13,2,12.929542,77.651313,missing persons reported near Koramangala. CCTV footage under review.
1603,KSP/2025/7955,2025-02-13,53,7,5,12.988151,77.594429,Patrol unit responded to robbery & dacoity call. One suspect apprehended.
1604,KSP/2023/5369,2023-08-23,11,11,3,12.964959,77.60421,land disputes reported near Hebbal. CCTV footage under review.
1605,KSP/2024/1376,2024-09-16,17,14,3,12.929141,77.661287,Patrol unit responded to domestic violence call. One suspect apprehended.
1606,KSP/2023/4882,2023-04-24,100,13,2,12.984547,77.601137,Patrol unit responded to missing persons call. One suspect apprehended.
1607,KSP/2024/3559,2024-11-25,75,2,3,12.96748,77.570451,Patrol unit responded to property theft call. One suspect apprehended.
1608,KSP/2022/1920,2022-11-25,91,10,2,12.880426,77.657442,Patrol unit responded to eve teasing call. One suspect apprehended.
1609,KSP/2022/4818,2022-10-12,27,3,3,12.918606,77.645721,Complainant reported vehicle theft at Malleshwaram. Suspect fled the scene.
1610,KSP/2026/9115,2026-01-19,78,1,4,12.963717,77.611243,FIR lodged following cyber crime incident. Victim sustained minor injuries.
1611,KSP/2022/9316,2022-07-10,1,11,3,12.932879,77.604554,land disputes reported near Whitefield. CCTV footage under review.
1612,KSP/2023/2241,2023-08-12,25,2,3,13.007438,77.650672,Complainant reported property theft at Bannerghatta Road. Suspect fled the scene.
1613,KSP/2024/9301,2024-07-10,82,3,3,12.978719,77.74945,Patrol unit responded to vehicle theft call. One suspect apprehended.
1614,KSP/2022/3642,2022-01-22,9,5,5,12.980832,77.728068,Anonymous tip received regarding narcotics. Investigation initiated.
1615,KSP/2025/8306,2025-08-29,2,2,3,12.939536,77.621461,Complainant reported property theft at BTM Layout. Suspect fled the scene.
1616,KSP/2025/2079,2025-01-28,73,15,5,13.011063,77.574426,Patrol unit responded to child offences call. One suspect apprehended.
1617,KSP/2026/5919,2026-02-01,98,5,5,12.936473,77.647516,Anonymous tip received regarding narcotics. Investigation initiated.
1618,KSP/2023/6781,2023-06-14,53,9,2,12.839559,77.666211,Complainant reported unlawful assembly at Bannerghatta Road. Suspect fled the scene.
1619,KSP/2025/8408,2025-06-06,20,8,3,12.960944,77.611065,fraud & cheating reported near Yelahanka. CCTV footage under review.
1620,KSP/2023/3447,2023-03-10,52,3,3,12.987078,77.581616,Anonymous tip received regarding vehicle theft. Investigation initiated.
1621,KSP/2023/4555,2023-04-15,13,7,5,12.983186,77.720205,Patrol unit responded to robbery & dacoity call. One suspect apprehended.
1622,KSP/2026/5972,2026-03-26,71,1,4,12.933897,77.634372,cyber crime reported near Whitefield. CCTV footage under review.
1623,KSP/2025/1979,2025-09-13,46,5,5,12.961987,77.59623,FIR lodged following narcotics incident. Victim sustained minor injuries.
1624,KSP/2024/9499,2024-06-17,64,15,5,12.964014,77.609893,FIR lodged following child offences incident. Victim sustained minor injuries.
1625,KSP/2023/6089,2023-05-08,88,13,2,12.982629,77.75,Anonymous tip received regarding missing persons. Investigation initiated.
1626,KSP/2024/3099,2024-11-25,48,10,2,12.824935,77.666254,Anonymous tip received regarding eve teasing. Investigation initiated.
1627,KSP/2024/4824,2024-02-04,41,9,2,12.94953,77.626101,FIR lodged following unlawful assembly incident. Victim sustained minor injuries.
1628,KSP/2024/6424,2024-11-24,90,10,2,12.897964,77.651814,Patrol unit responded to eve teasing call. One suspect apprehended.
1629,KSP/2023/4883,2023-12-13,32,3,3,12.96234,77.613704,Patrol unit responded to vehicle theft call. One suspect apprehended.
1630,KSP/2022/3430,2022-10-24,80,9,2,12.953008,77.626681,unlawful assembly reported near Mysuru Road. CCTV footage under review.
1631,KSP/2024/7382,2024-04-06,100,6,5,12.903862,77.631984,Complainant reported murder at Yelahanka. Suspect fled the scene.
1632,KSP/2022/4659,2022-07-03,82,3,3,12.986618,77.566141,vehicle theft reported near Koramangala. CCTV footage under review.
1633,KSP/2024/6147,2024-04-27,78,1,4,12.955806,77.736651,Anonymous tip received regarding cyber crime. Investigation initiated.
1634,KSP/2023/1992,2023-01-09,95,14,3,12.979407,77.59821,Anonymous tip received regarding domestic violence. Investigation initiated.
1635,KSP/2025/1178,2025-03-14,39,14,3,12.923873,77.624206,domestic violence reported near Bannerghatta Road. CCTV footage under review.
1636,KSP/2025/8617,2025-08-02,100,5,5,12.993109,77.598046,Complainant reported narcotics at Jayanagar. Suspect fled the scene.
1637,KSP/2025/5481,2025-10-11,59,14,3,12.958173,77.581022,Anonymous tip received regarding domestic violence. Investigation initiated.
1638,KSP/2023/3030,2023-02-04,7,5,5,12.981437,77.582585,Anonymous tip received regarding narcotics. Investigation initiated.
1639,KSP/2025/8114,2025-03-11,83,13,2,12.831034,77.686582,Patrol unit responded to missing persons call. One suspect apprehended.
1640,KSP/2024/1645,2024-05-28,66,6,5,12.952375,77.578059,Anonymous tip received regarding murder. Investigation initiated.
1641,KSP/2022/2675,2022-07-30,67,1,4,12.993684,77.584016,FIR lodged following cyber crime incident. Victim sustained minor injuries.
1642,KSP/2025/7760,2025-01-14,44,3,3,13.001882,77.587737,Anonymous tip received regarding vehicle theft. Investigation initiated.
1643,KSP/2025/2465,2025-05-15,27,12,4,12.917635,77.619384,FIR lodged following communal offences incident. Victim sustained minor injuries.
1644,KSP/2024/1396,2024-01-14,7,8,3,12.9815,77.588441,Complainant reported fraud & cheating at BTM Layout. Suspect fled the scene.
1645,KSP/2023/9201,2023-12-24,41,10,2,12.985636,77.580588,FIR lodged following eve teasing incident. Victim sustained minor injuries.
1646,KSP/2024/7798,2024-06-18,71,6,5,12.988579,77.577406,murder reported near KR Market. CCTV footage under review.
1647,KSP/2026/2320,2026-03-07,75,2,3,12.986356,77.60963,Complainant reported property theft at Jayanagar. Suspect fled the scene.
1648,KSP/2023/5610,2023-04-19,35,14,3,12.94239,77.611231,Patrol unit responded to domestic violence call. One suspect apprehended.
1649,KSP/2024/6358,2024-03-07,34,9,2,12.9406,77.632994,Anonymous tip received regarding unlawful assembly. Investigation initiated.
1650,KSP/2026/4028,2026-05-10,15,7,5,13.006255,77.555873,robbery & dacoity reported near Koramangala. CCTV footage under review.
1651,KSP/2023/5892,2023-09-14,89,1,4,12.958621,77.609486,Patrol unit responded to cyber crime call. One suspect apprehended.
1652,KSP/2022/5134,2022-06-18,28,11,3,12.915871,77.637076,FIR lodged following land disputes incident. Victim sustained minor injuries.
1653,KSP/2024/7366,2024-11-03,93,9,2,12.971784,77.75,FIR lodged following unlawful assembly incident. Victim sustained minor injuries.
1654,KSP/2026/5675,2026-03-08,86,6,5,13.002767,77.614618,murder reported near Electronic City. CCTV footage under review.
1655,KSP/2022/1183,2022-04-07,36,13,2,12.952604,77.586393,Patrol unit responded to missing persons call. One suspect apprehended.
1656,KSP/2023/7030,2023-05-11,28,14,3,12.955512,77.75,Complainant reported domestic violence at KR Market. Suspect fled the scene.
1657,KSP/2024/1366,2024-05-19,39,10,2,13.009258,77.60553,eve teasing reported near BTM Layout. CCTV footage under review.
1658,KSP/2023/1497,2023-09-28,61,12,4,12.906238,77.661091,Complainant reported communal offences at BTM Layout. Suspect fled the scene.
1659,KSP/2024/8859,2024-04-28,9,3,3,12.968994,77.578274,Anonymous tip received regarding vehicle theft. Investigation initiated.
1660,KSP/2022/8085,2022-04-03,60,12,4,12.992316,77.603589,Complainant reported communal offences at Yelahanka. Suspect fled the scene.
1661,KSP/2022/5613,2022-07-15,93,8,3,13.006012,77.617912,Anonymous tip received regarding fraud & cheating. Investigation initiated.
1662,KSP/2023/8339,2023-08-08,1,8,3,12.971811,77.641826,FIR lodged following fraud & cheating incident. Victim sustained minor injuries.
1663,KSP/2026/1774,2026-02-26,37,15,5,12.944319,77.583157,FIR lodged following child offences incident. Victim sustained minor injuries.
1664,KSP/2023/7082,2023-05-25,93,7,5,12.823572,77.681604,Anonymous tip received regarding robbery & dacoity. Investigation initiated.
1665,KSP/2023/7096,2023-06-25,60,9,2,12.970314,77.580817,Patrol unit responded to unlawful assembly call. One suspect apprehended.
1666,KSP/2026/6903,2026-03-17,56,15,5,13.003445,77.597938,Patrol unit responded to child offences call. One suspect apprehended.
1667,KSP/2025/9834,2025-12-20,88,2,3,12.997934,77.633162,property theft reported near Mysuru Road. CCTV footage under review.
1668,KSP/2023/9850,2023-03-27,81,3,3,12.941894,77.593414,Patrol unit responded to vehicle theft call. One suspect apprehended.
1669,KSP/2023/7864,2023-10-02,15,13,2,12.974079,77.586759,missing persons reported near MG Road. CCTV footage under review.
1670,KSP/2024/3698,2024-03-02,95,15,5,12.820413,77.674592,Patrol unit responded to child offences call. One suspect apprehended.
1671,KSP/2025/9570,2025-03-05,85,4,4,12.986196,77.586441,Patrol unit responded to assault & violence call. One suspect apprehended.
1672,KSP/2022/8432,2022-11-27,20,13,2,12.966684,77.619561,FIR lodged following missing persons incident. Victim sustained minor injuries.
1673,KSP/2026/3365,2026-04-17,10,13,2,12.910196,77.65048,Complainant reported missing persons at Yelahanka. Suspect fled the scene.
1674,KSP/2023/2582,2023-10-13,25,11,3,12.970264,77.737167,Patrol unit responded to land disputes call. One suspect apprehended.
1675,KSP/2022/8415,2022-08-10,16,1,4,12.978564,77.601229,Complainant reported cyber crime at Hebbal. Suspect fled the scene.
1676,KSP/2024/7142,2024-07-21,27,8,3,12.950772,77.75,Anonymous tip received regarding fraud & cheating. Investigation initiated.
1677,KSP/2022/9191,2022-05-11,41,5,5,12.858539,77.666685,narcotics reported near KR Market. CCTV footage under review.
1678,KSP/2022/6751,2022-11-01,88,6,5,12.949347,77.611629,murder reported near Bannerghatta Road. CCTV footage under review.
1679,KSP/2022/9908,2022-09-27,12,9,2,12.988433,77.598773,unlawful assembly reported near Hebbal. CCTV footage under review.
1680,KSP/2025/6527,2025-11-13,31,2,3,12.98273,77.54688,property theft reported near Bannerghatta Road. CCTV footage under review.
1681,KSP/2025/7727,2025-11-02,13,10,2,12.92679,77.641566,FIR lodged following eve teasing incident. Victim sustained minor injuries.
1682,KSP/2026/9225,2026-04-23,24,1,4,12.988601,77.574749,cyber crime reported near MG Road. CCTV footage under review.
1683,KSP/2022/2927,2022-06-01,90,8,3,12.963946,77.602061,Anonymous tip received regarding fraud & cheating. Investigation initiated.
1684,KSP/2022/6429,2022-05-04,55,9,2,12.94354,77.603382,Anonymous tip received regarding unlawful assembly. Investigation initiated.
1685,KSP/2026/7345,2026-02-19,100,2,3,12.976816,77.586073,FIR lodged following property theft incident. Victim sustained minor injuries.
1686,KSP/2024/6571,2024-07-28,88,12,4,13.028288,77.564063,FIR lodged following communal offences incident. Victim sustained minor injuries.
1687,KSP/2022/3280,2022-12-27,17,10,2,12.929056,77.597932,Complainant reported eve teasing at Whitefield. Suspect fled the scene.
1688,KSP/2025/9604,2025-02-13,89,12,4,12.995131,77.613811,communal offences reported near KR Market. CCTV footage under review.
1689,KSP/2025/7918,2025-09-17,9,7,5,12.836483,77.678917,Patrol unit responded to robbery & dacoity call. One suspect apprehended.
1690,KSP/2025/3253,2025-05-31,16,2,3,12.989185,77.602726,Patrol unit responded to property theft call. One suspect apprehended.
1691,KSP/2025/8829,2025-03-05,9,1,4,12.975438,77.60375,Patrol unit responded to cyber crime call. One suspect apprehended.
1692,KSP/2022/3414,2022-05-04,39,15,5,13.015325,77.547327,FIR lodged following child offences incident. Victim sustained minor injuries.
1693,KSP/2022/5356,2022-02-07,75,3,3,12.995263,77.580371,Complainant reported vehicle theft at Electronic City. Suspect fled the scene.
1694,KSP/2024/4498,2024-01-28,25,9,2,12.974757,77.737707,unlawful assembly reported near Mysuru Road. CCTV footage under review.
1695,KSP/2022/3080,2022-08-09,66,11,3,12.937263,77.633495,FIR lodged following land disputes incident. Victim sustained minor injuries.
1696,KSP/2022/5047,2022-08-14,81,3,3,12.944989,77.586352,Patrol unit responded to vehicle theft call. One suspect apprehended.
1697,KSP/2024/8075,2024-03-26,6,12,4,12.953078,77.648185,communal offences reported near KR Market. CCTV footage under review.
1698,KSP/2025/4681,2025-03-06,96,13,2,12.982049,77.643872,missing persons reported near Yelahanka. CCTV footage under review.
1699,KSP/2025/9540,2025-06-17,37,14,3,12.952207,77.618902,FIR lodged following domestic violence incident. Victim sustained minor injuries.
1700,KSP/2022/1654,2022-09-21,48,9,2,12.958977,77.585451,FIR lodged following unlawful assembly incident. Victim sustained minor injuries.
1701,KSP/2024/6359,2024-11-26,40,5,5,12.949926,77.571509,Anonymous tip received regarding narcotics. Investigation initiated.
1702,KSP/2023/2490,2023-03-03,89,13,2,12.910028,77.626435,missing persons reported near Jayanagar. CCTV footage under review.
1703,KSP/2024/5734,2024-02-21,77,9,2,12.948729,77.747641,Anonymous tip received regarding unlawful assembly. Investigation initiated.
1704,KSP/2023/4143,2023-08-18,43,9,2,12.996946,77.731653,Anonymous tip received regarding unlawful assembly. Investigation initiated.
1705,KSP/2023/3281,2023-08-09,99,9,2,12.968425,77.75,Patrol unit responded to unlawful assembly call. One suspect apprehended.
1706,KSP/2024/8580,2024-09-24,75,11,3,12.966526,77.585403,FIR lodged following land disputes incident. Victim sustained minor injuries.
1707,KSP/2024/6527,2024-02-07,24,9,2,12.969478,77.58233,FIR lodged following unlawful assembly incident. Victim sustained minor injuries.
1708,KSP/2024/9804,2024-04-21,44,14,3,12.949426,77.650575,Patrol unit responded to domestic violence call. One suspect apprehended.
1709,KSP/2025/4095,2025-05-06,33,3,3,12.839277,77.716091,Complainant reported vehicle theft at MG Road. Suspect fled the scene.
1710,KSP/2024/7889,2024-05-10,26,14,3,12.955022,77.62336,Patrol unit responded to domestic violence call. One suspect apprehended.
1711,KSP/2022/7338,2022-12-02,41,5,5,12.997942,77.607461,narcotics reported near Malleshwaram. CCTV footage under review.
1712,KSP/2022/5544,2022-06-19,14,2,3,12.958437,77.627833,Complainant reported property theft at MG Road. Suspect fled the scene.
1713,KSP/2025/1981,2025-08-08,2,9,2,12.983025,77.573765,FIR lodged following unlawful assembly incident. Victim sustained minor injuries.
1714,KSP/2024/5370,2024-01-18,71,2,3,13.007669,77.607958,FIR lodged following property theft incident. Victim sustained minor injuries.
1715,KSP/2023/7279,2023-11-15,27,6,5,12.995464,77.610056,FIR lodged following murder incident. Victim sustained minor injuries.
1716,KSP/2024/2567,2024-04-18,32,9,2,12.982019,77.611108,unlawful assembly reported near MG Road. CCTV footage under review.
1717,KSP/2023/2759,2023-06-24,1,13,2,12.967063,77.609472,FIR lodged following missing persons incident. Victim sustained minor injuries.
1718,KSP/2025/4804,2025-04-16,13,4,4,12.95199,77.740162,assault & violence reported near Koramangala. CCTV footage under review.
1719,KSP/2025/7228,2025-04-09,3,13,2,12.961758,77.75,Patrol unit responded to missing persons call. One suspect apprehended.
1720,KSP/2026/1339,2026-06-16,64,9,2,12.988652,77.595403,Anonymous tip received regarding unlawful assembly. Investigation initiated.
1721,KSP/2023/7187,2023-03-25,22,9,2,12.96029,77.75,Complainant reported unlawful assembly at HSR Layout. Suspect fled the scene.
1722,KSP/2024/7216,2024-02-12,77,12,4,12.969798,77.62126,Anonymous tip received regarding communal offences. Investigation initiated.
1723,KSP/2022/1358,2022-07-21,50,13,2,13.002498,77.602208,missing persons reported near Bannerghatta Road. CCTV footage under review.
1724,KSP/2025/8165,2025-10-15,33,10,2,12.985728,77.75,eve teasing reported near MG Road. CCTV footage under review.
1725,KSP/2023/9473,2023-05-07,77,6,5,12.985687,77.601064,FIR lodged following murder incident. Victim sustained minor injuries.
1726,KSP/2022/3601,2022-05-30,12,9,2,12.990122,77.610524,FIR lodged following unlawful assembly incident. Victim sustained minor injuries.
1727,KSP/2024/5803,2024-03-03,19,10,2,12.839855,77.695309,eve teasing reported near Whitefield. CCTV footage under review.
1728,KSP/2024/2094,2024-08-26,30,13,2,12.985147,77.601748,FIR lodged following missing persons incident. Victim sustained minor injuries.
1729,KSP/2023/8704,2023-07-01,55,13,2,12.998257,77.539447,Anonymous tip received regarding missing persons. Investigation initiated.
1730,KSP/2022/2663,2022-08-28,35,14,3,12.979309,77.597953,Complainant reported domestic violence at Mysuru Road. Suspect fled the scene.
1731,KSP/2025/9743,2025-02-20,24,13,2,12.983483,77.606355,FIR lodged following missing persons incident. Victim sustained minor injuries.
1732,KSP/2026/9265,2026-05-14,8,4,4,12.987329,77.574429,Complainant reported assault & violence at Electronic City. Suspect fled the scene.
1733,KSP/2024/5575,2024-01-22,60,7,5,12.943105,77.600209,Patrol unit responded to robbery & dacoity call. One suspect apprehended.
1734,KSP/2022/3226,2022-05-12,1,4,4,12.980336,77.601816,Complainant reported assault & violence at Malleshwaram. Suspect fled the scene.
1735,KSP/2025/9514,2025-06-08,46,5,5,12.910119,77.626085,Patrol unit responded to narcotics call. One suspect apprehended.
1736,KSP/2024/3734,2024-02-21,65,12,4,12.8479,77.663969,Patrol unit responded to communal offences call. One suspect apprehended.
1737,KSP/2025/7756,2025-02-15,49,13,2,12.977305,77.595929,Anonymous tip received regarding missing persons. Investigation initiated.
1738,KSP/2022/3411,2022-02-19,58,7,5,12.965861,77.75,FIR lodged following robbery & dacoity incident. Victim sustained minor injuries.
1739,KSP/2024/3331,2024-07-27,3,13,2,12.959894,77.618292,missing persons reported near Koramangala. CCTV footage under review.
1740,KSP/2025/8590,2025-12-16,17,14,3,12.909722,77.66514,Anonymous tip received regarding domestic violence. Investigation initiated.
1741,KSP/2022/1870,2022-11-11,45,8,3,13.001875,77.584282,Anonymous tip received regarding fraud & cheating. Investigation initiated.
1742,KSP/2024/8816,2024-07-02,6,8,3,12.960683,77.736765,Anonymous tip received regarding fraud & cheating. Investigation initiated.
1743,KSP/2023/3718,2023-08-25,2,14,3,12.896132,77.6518,Anonymous tip received regarding domestic violence. Investigation initiated.
1744,KSP/2022/9537,2022-03-18,48,15,5,12.968723,77.583063,Patrol unit responded to child offences call. One suspect apprehended.
1745,KSP/2024/1834,2024-10-11,67,1,4,12.9748,77.734009,Anonymous tip received regarding cyber crime. Investigation initiated.
1746,KSP/2026/9978,2026-05-16,94,10,2,12.910853,77.634034,Complainant reported eve teasing at BTM Layout. Suspect fled the scene.
1747,KSP/2025/8206,2025-03-20,94,12,4,12.943854,77.624426,Anonymous tip received regarding communal offences. Investigation initiated.
1748,KSP/2022/5518,2022-10-17,51,11,3,12.996671,77.633155,Patrol unit responded to land disputes call. One suspect apprehended.
1749,KSP/2025/7841,2025-07-23,20,4,4,12.979589,77.595209,Patrol unit responded to assault & violence call. One suspect apprehended.
1750,KSP/2022/5350,2022-07-25,94,8,3,12.850198,77.67638,FIR lodged following fraud & cheating incident. Victim sustained minor injuries.
1751,KSP/2026/8530,2026-03-14,44,8,3,12.930149,77.602965,Complainant reported fraud & cheating at MG Road. Suspect fled the scene.
1752,KSP/2024/9977,2024-03-12,95,10,2,13.032123,77.589788,Patrol unit responded to eve teasing call. One suspect apprehended.
1753,KSP/2026/5018,2026-06-04,29,6,5,12.999845,77.547281,Anonymous tip received regarding murder. Investigation initiated.
1754,KSP/2024/7630,2024-07-22,7,13,2,12.964856,77.75,missing persons reported near Bannerghatta Road. CCTV footage under review.
1755,KSP/2023/4587,2023-04-05,32,15,5,12.974444,77.744505,Patrol unit responded to child offences call. One suspect apprehended.
1756,KSP/2025/7551,2025-02-01,54,8,3,12.986867,77.605487,fraud & cheating reported near Bannerghatta Road. CCTV footage under review.
1757,KSP/2022/8137,2022-07-26,52,9,2,12.976788,77.62813,Anonymous tip received regarding unlawful assembly. Investigation initiated.
1758,KSP/2025/4861,2025-02-24,63,13,2,12.967914,77.595227,Complainant reported missing persons at Hebbal. Suspect fled the scene.
1759,KSP/2025/5693,2025-06-13,32,14,3,12.954504,77.61932,domestic violence reported near Koramangala. CCTV footage under review.
1760,KSP/2025/2345,2025-03-16,11,10,2,12.978812,77.605838,Complainant reported eve teasing at MG Road. Suspect fled the scene.
1761,KSP/2022/1034,2022-10-14,61,13,2,12.954685,77.590215,FIR lodged following missing persons incident. Victim sustained minor injuries.
1762,KSP/2025/1662,2025-01-14,22,3,3,12.985864,77.593134,Patrol unit responded to vehicle theft call. One suspect apprehended.
1763,KSP/2022/4149,2022-05-03,22,14,3,12.989045,77.75,Patrol unit responded to domestic violence call. One suspect apprehended.
1764,KSP/2024/2174,2024-06-24,79,14,3,12.948191,77.640716,Patrol unit responded to domestic violence call. One suspect apprehended.
1765,KSP/2026/4666,2026-05-19,89,5,5,12.962455,77.587399,Complainant reported narcotics at Yelahanka. Suspect fled the scene.
1766,KSP/2026/9337,2026-01-08,40,5,5,12.965072,77.75,narcotics reported near Jayanagar. CCTV footage under review.
1767,KSP/2024/6351,2024-01-01,27,5,5,12.96788,77.59584,Anonymous tip received regarding narcotics. Investigation initiated.
1768,KSP/2023/8355,2023-01-01,17,4,4,12.975024,77.599653,FIR lodged following assault & violence incident. Victim sustained minor injuries.
1769,KSP/2024/7715,2024-01-14,16,3,3,12.974521,77.571902,vehicle theft reported near Malleshwaram. CCTV footage under review.
1770,KSP/2024/1554,2024-07-28,47,14,3,13.010336,77.529628,FIR lodged following domestic violence incident. Victim sustained minor injuries.
1771,KSP/2024/9152,2024-02-23,60,3,3,12.979266,77.608727,vehicle theft reported near Whitefield. CCTV footage under review.
1772,KSP/2023/7919,2023-02-17,85,10,2,12.966432,77.737071,Anonymous tip received regarding eve teasing. Investigation initiated.
1773,KSP/2022/7812,2022-01-24,12,6,5,12.888734,77.640548,FIR lodged following murder incident. Victim sustained minor injuries.
1774,KSP/2024/9115,2024-01-16,36,9,2,13.028597,77.644987,Patrol unit responded to unlawful assembly call. One suspect apprehended.
1775,KSP/2025/7111,2025-01-25,44,14,3,12.967604,77.592706,Anonymous tip received regarding domestic violence. Investigation initiated.
1776,KSP/2023/9273,2023-10-18,36,1,4,12.943163,77.608705,FIR lodged following cyber crime incident. Victim sustained minor injuries.
1777,KSP/2023/1645,2023-09-04,59,9,2,12.930637,77.649174,unlawful assembly reported near Mysuru Road. CCTV footage under review.
1778,KSP/2025/6449,2025-11-19,3,15,5,12.827199,77.726218,Complainant reported child offences at Hebbal. Suspect fled the scene.
1779,KSP/2025/4783,2025-07-20,41,7,5,13.026222,77.534568,robbery & dacoity reported near HSR Layout. CCTV footage under review.
1780,KSP/2022/5163,2022-05-01,51,13,2,12.972884,77.63868,FIR lodged following missing persons incident. Victim sustained minor injuries.
1781,KSP/2025/1036,2025-10-27,56,5,5,12.970974,77.633816,FIR lodged following narcotics incident. Victim sustained minor injuries.
1782,KSP/2025/6016,2025-07-18,99,1,4,12.977701,77.577062,Complainant reported cyber crime at Electronic City. Suspect fled the scene.
1783,KSP/2024/7373,2024-06-12,72,10,2,12.981968,77.593874,Complainant reported eve teasing at Koramangala. Suspect fled the scene.
1784,KSP/2025/5023,2025-08-27,62,11,3,12.970188,77.592491,Complainant reported land disputes at Jayanagar. Suspect fled the scene.
1785,KSP/2024/3651,2024-06-27,55,1,4,12.971557,77.583007,Anonymous tip received regarding cyber crime. Investigation initiated.
1786,KSP/2024/9989,2024-08-19,82,4,4,13.000023,77.614604,Patrol unit responded to assault & violence call. One suspect apprehended.
1787,KSP/2022/5424,2022-01-11,23,2,3,13.030538,77.598998,FIR lodged following property theft incident. Victim sustained minor injuries.
1788,KSP/2025/8884,2025-12-16,86,2,3,12.953677,77.642169,Patrol unit responded to property theft call. One suspect apprehended.
1789,KSP/2023/4101,2023-07-03,70,10,2,12.955919,77.645176,eve teasing reported near Mysuru Road. CCTV footage under review.
1790,KSP/2022/3388,2022-09-26,44,14,3,13.007691,77.568916,Complainant reported domestic violence at Whitefield. Suspect fled the scene.
1791,KSP/2024/7377,2024-12-27,97,3,3,12.943287,77.636285,Complainant reported vehicle theft at Jayanagar. Suspect fled the scene.
1792,KSP/2023/8920,2023-06-05,100,8,3,12.962463,77.624978,FIR lodged following fraud & cheating incident. Victim sustained minor injuries.
1793,KSP/2026/8501,2026-03-16,50,10,2,13.014507,77.576298,Patrol unit responded to eve teasing call. One suspect apprehended.
1794,KSP/2023/6823,2023-08-08,3,6,5,12.973103,77.747499,Complainant reported murder at HSR Layout. Suspect fled the scene.
1795,KSP/2022/2396,2022-01-24,18,15,5,13.000761,77.607497,Anonymous tip received regarding child offences. Investigation initiated.
1796,KSP/2023/6582,2023-02-26,16,13,2,12.832983,77.67419,missing persons reported near Yelahanka. CCTV footage under review.
1797,KSP/2024/5807,2024-08-27,5,10,2,12.978285,77.583334,Patrol unit responded to eve teasing call. One suspect apprehended.
1798,KSP/2023/3507,2023-03-02,36,13,2,12.959597,77.631381,Anonymous tip received regarding missing persons. Investigation initiated.
1799,KSP/2022/5912,2022-08-22,53,6,5,12.986277,77.75,murder reported near Hebbal. CCTV footage under review.
1800,KSP/2023/2640,2023-03-03,47,1,4,12.998895,77.640893,Patrol unit responded to cyber crime call. One suspect apprehended.
1801,KSP/2023/4478,2023-01-20,75,2,3,13.011482,77.606953,FIR lodged following property theft incident. Victim sustained minor injuries.
1802,KSP/2022/9946,2022-09-05,39,13,2,12.971026,77.63559,Patrol unit responded to missing persons call. One suspect apprehended.
1803,KSP/2022/2523,2022-05-07,85,14,3,13.034114,77.559999,Anonymous tip received regarding domestic violence. Investigation initiated.
1804,KSP/2022/1696,2022-01-13,61,6,5,12.994356,77.58506,Complainant reported murder at Yelahanka. Suspect fled the scene.
1805,KSP/2024/3758,2024-02-09,24,13,2,12.976706,77.75,Complainant reported missing persons at Jayanagar. Suspect fled the scene.
1806,KSP/2022/3075,2022-02-22,22,10,2,12.854072,77.661265,eve teasing reported near Koramangala. CCTV footage under review.
1807,KSP/2025/9568,2025-06-21,35,12,4,12.955439,77.629907,Complainant reported communal offences at BTM Layout. Suspect fled the scene.
1808,KSP/2024/4457,2024-01-10,79,10,2,12.999533,77.565355,Complainant reported eve teasing at Malleshwaram. Suspect fled the scene.
1809,KSP/2025/5713,2025-06-10,35,11,3,12.962229,77.604807,Patrol unit responded to land disputes call. One suspect apprehended.
1810,KSP/2026/7644,2026-03-27,76,4,4,12.971099,77.65105,Complainant reported assault & violence at MG Road. Suspect fled the scene.
1811,KSP/2023/1658,2023-01-08,30,3,3,12.982434,77.614106,FIR lodged following vehicle theft incident. Victim sustained minor injuries.
1812,KSP/2023/2845,2023-02-18,74,15,5,12.987324,77.557387,FIR lodged following child offences incident. Victim sustained minor injuries.
1813,KSP/2025/4380,2025-07-08,58,1,4,12.993569,77.622046,Complainant reported cyber crime at Jayanagar. Suspect fled the scene.
1814,KSP/2024/9501,2024-10-07,88,3,3,12.996706,77.550521,vehicle theft reported near Malleshwaram. CCTV footage under review.
1815,KSP/2025/4977,2025-04-24,63,5,5,13.027078,77.544434,Anonymous tip received regarding narcotics. Investigation initiated.
1816,KSP/2025/1976,2025-12-11,96,9,2,12.976919,77.607555,FIR lodged following unlawful assembly incident. Victim sustained minor injuries.
1817,KSP/2023/3900,2023-03-14,55,8,3,12.949304,77.623231,Anonymous tip received regarding fraud & cheating. Investigation initiated.
1818,KSP/2025/4675,2025-11-12,58,12,4,12.935637,77.619005,Anonymous tip received regarding communal offences. Investigation initiated.
1819,KSP/2024/4613,2024-04-17,57,4,4,12.930573,77.617342,FIR lodged following assault & violence incident. Victim sustained minor injuries.
1820,KSP/2023/3370,2023-11-12,15,14,3,12.973291,77.61182,Patrol unit responded to domestic violence call. One suspect apprehended.
1821,KSP/2026/7614,2026-05-24,3,5,5,12.969593,77.75,Anonymous tip received regarding narcotics. Investigation initiated.
1822,KSP/2024/9682,2024-02-23,24,2,3,13.035103,77.640013,FIR lodged following property theft incident. Victim sustained minor injuries.
1823,KSP/2024/6591,2024-10-14,1,10,2,13.04785,77.620802,Patrol unit responded to eve teasing call. One suspect apprehended.
1824,KSP/2025/5455,2025-08-12,76,8,3,12.973188,77.583379,Anonymous tip received regarding fraud & cheating. Investigation initiated.
1825,KSP/2025/8730,2025-01-13,80,3,3,12.980909,77.73285,Complainant reported vehicle theft at Malleshwaram. Suspect fled the scene.
1826,KSP/2026/6462,2026-01-04,64,3,3,12.98882,77.611054,FIR lodged following vehicle theft incident. Victim sustained minor injuries.
1827,KSP/2023/1718,2023-03-02,27,4,4,13.015943,77.620616,FIR lodged following assault & violence incident. Victim sustained minor injuries.
1828,KSP/2025/4514,2025-10-03,28,8,3,12.934701,77.617538,FIR lodged following fraud & cheating incident. Victim sustained minor injuries.
1829,KSP/2023/8370,2023-01-09,27,7,5,12.991508,77.596066,Anonymous tip received regarding robbery & dacoity. Investigation initiated.
1830,KSP/2024/4951,2024-02-17,6,2,3,12.904926,77.645706,Patrol unit responded to property theft call. One suspect apprehended.
1831,KSP/2022/7747,2022-01-20,43,8,3,12.988371,77.629091,fraud & cheating reported near Koramangala. CCTV footage under review.
1832,KSP/2022/6717,2022-01-01,46,2,3,12.937744,77.643975,property theft reported near Bannerghatta Road. CCTV footage under review.
1833,KSP/2022/3819,2022-03-08,21,12,4,12.852507,77.698103,Anonymous tip received regarding communal offences. Investigation initiated.
1834,KSP/2023/8550,2023-09-07,8,4,4,12.983666,77.61999,FIR lodged following assault & violence incident. Victim sustained minor injuries.
1835,KSP/2023/5908,2023-09-27,88,11,3,12.980785,77.61282,Anonymous tip received regarding land disputes. Investigation initiated.
1836,KSP/2025/7136,2025-03-20,5,8,3,13.026229,77.543361,Complainant reported fraud & cheating at Whitefield. Suspect fled the scene.
1837,KSP/2023/3518,2023-05-05,54,9,2,13.027423,77.546519,FIR lodged following unlawful assembly incident. Victim sustained minor injuries.
1838,KSP/2026/9697,2026-06-05,76,2,3,12.980323,77.596301,Patrol unit responded to property theft call. One suspect apprehended.
1839,KSP/2023/4532,2023-05-05,58,14,3,12.941135,77.64694,Patrol unit responded to domestic violence call. One suspect apprehended.
1840,KSP/2024/1328,2024-03-19,26,8,3,12.843265,77.665339,Patrol unit responded to fraud & cheating call. One suspect apprehended.
1841,KSP/2022/4764,2022-12-25,95,7,5,12.936307,77.742314,FIR lodged following robbery & dacoity incident. Victim sustained minor injuries.
1842,KSP/2023/3945,2023-02-25,69,11,3,13.022985,77.631184,Complainant reported land disputes at Electronic City. Suspect fled the scene.
1843,KSP/2022/2369,2022-08-19,44,13,2,12.960289,77.644833,FIR lodged following missing persons incident. Victim sustained minor injuries.
1844,KSP/2023/9036,2023-07-08,27,9,2,12.970276,77.613481,Complainant reported unlawful assembly at Malleshwaram. Suspect fled the scene.
1845,KSP/2023/2170,2023-04-05,55,3,3,12.957947,77.633842,Patrol unit responded to vehicle theft call. One suspect apprehended.
1846,KSP/2023/1490,2023-05-27,5,11,3,12.838883,77.663819,Anonymous tip received regarding land disputes. Investigation initiated.
1847,KSP/2022/3702,2022-04-05,97,12,4,12.963639,77.617305,Complainant reported communal offences at Jayanagar. Suspect fled the scene.
1848,KSP/2026/9831,2026-02-02,83,12,4,13.041787,77.562162,Complainant reported communal offences at Yelahanka. Suspect fled the scene.
1849,KSP/2023/7210,2023-04-11,87,7,5,12.959804,77.61956,Anonymous tip received regarding robbery & dacoity. Investigation initiated.
1850,KSP/2024/9941,2024-03-21,19,2,3,12.894711,77.630134,FIR lodged following property theft incident. Victim sustained minor injuries.
1851,KSP/2022/5734,2022-08-26,65,10,2,12.822649,77.679535,FIR lodged following eve teasing incident. Victim sustained minor injuries.
1852,KSP/2025/1723,2025-09-12,77,10,2,12.968471,77.597559,eve teasing reported near KR Market. CCTV footage under review.
1853,KSP/2024/9452,2024-11-26,36,1,4,13.032811,77.54139,Complainant reported cyber crime at Jayanagar. Suspect fled the scene.
1854,KSP/2023/4733,2023-04-09,42,9,2,12.95965,77.745658,Anonymous tip received regarding unlawful assembly. Investigation initiated.
1855,KSP/2025/1645,2025-03-12,81,7,5,12.96822,77.603118,Complainant reported robbery & dacoity at Electronic City. Suspect fled the scene.
1856,KSP/2025/1278,2025-11-30,99,8,3,12.971029,77.75,Patrol unit responded to fraud & cheating call. One suspect apprehended.
1857,KSP/2023/1994,2023-07-29,35,10,2,13.053403,77.538164,FIR lodged following eve teasing incident. Victim sustained minor injuries.
1858,KSP/2023/1081,2023-01-22,34,13,2,12.917587,77.641422,Patrol unit responded to missing persons call. One suspect apprehended.
1859,KSP/2026/9448,2026-01-11,25,10,2,12.981637,77.599863,eve teasing reported near Koramangala. CCTV footage under review.
1860,KSP/2024/2073,2024-04-12,19,7,5,12.984623,77.579033,FIR lodged following robbery & dacoity incident. Victim sustained minor injuries.
1861,KSP/2024/3598,2024-08-13,3,11,3,12.83733,77.685816,land disputes reported near Hebbal. CCTV footage under review.
1862,KSP/2025/6072,2025-08-31,100,4,4,12.96684,77.735832,FIR lodged following assault & violence incident. Victim sustained minor injuries.
1863,KSP/2025/7122,2025-04-26,97,4,4,12.949632,77.628281,FIR lodged following assault & violence incident. Victim sustained minor injuries.
1864,KSP/2025/4063,2025-02-20,38,5,5,12.92026,77.674375,Anonymous tip received regarding narcotics. Investigation initiated.
1865,KSP/2025/7736,2025-12-30,36,3,3,12.907101,77.627894,vehicle theft reported near Hebbal. CCTV footage under review.
1866,KSP/2022/2785,2022-03-11,48,13,2,12.953062,77.619911,FIR lodged following missing persons incident. Victim sustained minor injuries.
1867,KSP/2024/3199,2024-05-05,60,4,4,12.961938,77.576679,Anonymous tip received regarding assault & violence. Investigation initiated.
1868,KSP/2024/4912,2024-06-19,27,10,2,12.983692,77.56787,Complainant reported eve teasing at Hebbal. Suspect fled the scene.
1869,KSP/2026/6162,2026-06-23,91,14,3,12.977126,77.593214,Anonymous tip received regarding domestic violence. Investigation initiated.
1870,KSP/2022/8450,2022-10-07,68,2,3,12.999474,77.554543,Complainant reported property theft at Bannerghatta Road. Suspect fled the scene.
1871,KSP/2023/2497,2023-09-10,81,8,3,12.913364,77.653313,FIR lodged following fraud & cheating incident. Victim sustained minor injuries.
1872,KSP/2023/1569,2023-12-03,93,11,3,12.949487,77.640646,Complainant reported land disputes at Malleshwaram. Suspect fled the scene.
1873,KSP/2026/2561,2026-03-24,60,2,3,12.971607,77.569208,Anonymous tip received regarding property theft. Investigation initiated.
1874,KSP/2026/4028,2026-06-18,27,15,5,12.964326,77.61645,Complainant reported child offences at KR Market. Suspect fled the scene.
1875,KSP/2025/3095,2025-07-13,77,13,2,13.017006,77.621309,Complainant reported missing persons at Electronic City. Suspect fled the scene.
1876,KSP/2026/5647,2026-03-26,77,9,2,12.966496,77.58208,Anonymous tip received regarding unlawful assembly. Investigation initiated.
1877,KSP/2023/6665,2023-10-26,18,2,3,12.988985,77.580596,property theft reported near Jayanagar. CCTV footage under review.
1878,KSP/2026/2783,2026-06-23,70,14,3,12.949913,77.578062,Patrol unit responded to domestic violence call. One suspect apprehended.
1879,KSP/2022/7672,2022-03-23,25,5,5,12.962294,77.604633,Patrol unit responded to narcotics call. One suspect apprehended.
1880,KSP/2026/4934,2026-04-21,58,3,3,13.009125,77.57265,FIR lodged following vehicle theft incident. Victim sustained minor injuries.
1881,KSP/2022/9514,2022-04-24,69,5,5,12.980001,77.75,Anonymous tip received regarding narcotics. Investigation initiated.
1882,KSP/2024/7479,2024-11-14,55,7,5,13.000148,77.561426,FIR lodged following robbery & dacoity incident. Victim sustained minor injuries.
1883,KSP/2022/1294,2022-12-28,6,8,3,12.982102,77.646626,FIR lodged following fraud & cheating incident. Victim sustained minor injuries.
1884,KSP/2025/2448,2025-01-27,98,14,3,12.939323,77.660638,domestic violence reported near Malleshwaram. CCTV footage under review.
1885,KSP/2023/4581,2023-10-24,33,1,4,12.958926,77.598228,Complainant reported cyber crime at Whitefield. Suspect fled the scene.
1886,KSP/2023/2782,2023-07-24,63,14,3,12.977153,77.733588,domestic violence reported near HSR Layout. CCTV footage under review.
1887,KSP/2023/9593,2023-03-20,34,10,2,12.936966,77.603009,Patrol unit responded to eve teasing call. One suspect apprehended.
1888,KSP/2022/4179,2022-01-16,44,5,5,13.019535,77.628495,Patrol unit responded to narcotics call. One suspect apprehended.
1889,KSP/2023/4472,2023-03-01,30,5,5,12.925764,77.608051,narcotics reported near KR Market. CCTV footage under review.
1890,KSP/2025/1295,2025-02-25,78,10,2,12.844859,77.681905,eve teasing reported near Bannerghatta Road. CCTV footage under review.
1891,KSP/2022/3978,2022-07-21,3,13,2,12.954963,77.623654,Anonymous tip received regarding missing persons. Investigation initiated.
1892,KSP/2025/7893,2025-06-05,99,11,3,12.934303,77.651707,Patrol unit responded to land disputes call. One suspect apprehended.
1893,KSP/2025/5842,2025-11-18,19,10,2,12.974974,77.623969,Complainant reported eve teasing at Electronic City. Suspect fled the scene.
1894,KSP/2024/2686,2024-02-11,38,9,2,12.942217,77.75,FIR lodged following unlawful assembly incident. Victim sustained minor injuries.
1895,KSP/2023/2775,2023-08-28,24,1,4,12.927581,77.643889,FIR lodged following cyber crime incident. Victim sustained minor injuries.
1896,KSP/2025/1897,2025-08-28,53,13,2,12.964406,77.665749,missing persons reported near HSR Layout. CCTV footage under review.
1897,KSP/2023/7843,2023-01-01,4,10,2,12.963464,77.591502,eve teasing reported near Mysuru Road. CCTV footage under review.
1898,KSP/2023/4610,2023-12-10,42,10,2,12.975695,77.613425,Patrol unit responded to eve teasing call. One suspect apprehended.
1899,KSP/2026/1286,2026-06-05,37,11,3,12.832652,77.685562,FIR lodged following land disputes incident. Victim sustained minor injuries.
1900,KSP/2023/8113,2023-01-02,44,13,2,12.940358,77.64221,FIR lodged following missing persons incident. Victim sustained minor injuries.
1901,KSP/2025/3402,2025-01-19,56,1,4,12.963254,77.625034,Patrol unit responded to cyber crime call. One suspect apprehended.
1902,KSP/2024/2192,2024-12-06,28,11,3,12.953015,77.588482,land disputes reported near BTM Layout. CCTV footage under review.
1903,KSP/2023/9659,2023-03-29,41,1,4,12.915183,77.634548,FIR lodged following cyber crime incident. Victim sustained minor injuries.
1904,KSP/2023/9871,2023-08-20,20,10,2,13.01003,77.608571,Anonymous tip received regarding eve teasing. Investigation initiated.
1905,KSP/2022/8838,2022-05-07,97,4,4,12.953336,77.656605,Complainant reported assault & violence at Whitefield. Suspect fled the scene.
1906,KSP/2025/1903,2025-04-28,15,4,4,12.981189,77.581779,assault & violence reported near MG Road. CCTV footage under review.
1907,KSP/2023/1417,2023-08-24,7,13,2,12.984076,77.579855,Patrol unit responded to missing persons call. One suspect apprehended.
1908,KSP/2022/2198,2022-09-06,95,14,3,12.990157,77.75,Anonymous tip received regarding domestic violence. Investigation initiated.
1909,KSP/2026/8263,2026-06-10,83,6,5,12.939628,77.594927,FIR lodged following murder incident. Victim sustained minor injuries.
1910,KSP/2024/9114,2024-05-19,57,7,5,12.970271,77.584096,Anonymous tip received regarding robbery & dacoity. Investigation initiated.
1911,KSP/2025/7606,2025-10-27,98,8,3,12.98823,77.627431,FIR lodged following fraud & cheating incident. Victim sustained minor injuries.
1912,KSP/2022/8768,2022-10-14,50,13,2,13.010461,77.543157,missing persons reported near Bannerghatta Road. CCTV footage under review.
1913,KSP/2022/7509,2022-07-27,68,14,3,12.978074,77.606084,Anonymous tip received regarding domestic violence. Investigation initiated.
1914,KSP/2025/3173,2025-11-11,41,11,3,12.985604,77.605349,FIR lodged following land disputes incident. Victim sustained minor injuries.
1915,KSP/2025/9924,2025-05-31,11,6,5,13.019789,77.651904,Complainant reported murder at Yelahanka. Suspect fled the scene.
1916,KSP/2022/3676,2022-11-12,1,8,3,13.00853,77.6064,Complainant reported fraud & cheating at HSR Layout. Suspect fled the scene.
1917,KSP/2024/9122,2024-09-14,70,7,5,12.951092,77.620402,FIR lodged following robbery & dacoity incident. Victim sustained minor injuries.
1918,KSP/2022/6031,2022-08-19,34,10,2,12.977416,77.75,Patrol unit responded to eve teasing call. One suspect apprehended.
1919,KSP/2022/5817,2022-05-29,66,10,2,12.999644,77.597207,FIR lodged following eve teasing incident. Victim sustained minor injuries.
1920,KSP/2022/4356,2022-06-14,88,1,4,12.94885,77.645148,FIR lodged following cyber crime incident. Victim sustained minor injuries.
1921,KSP/2023/9186,2023-03-17,86,4,4,12.964542,77.595928,assault & violence reported near Bannerghatta Road. CCTV footage under review.
1922,KSP/2022/9785,2022-10-14,24,9,2,12.935312,77.662933,unlawful assembly reported near HSR Layout. CCTV footage under review.
1923,KSP/2023/6572,2023-06-18,95,2,3,12.935643,77.602274,Patrol unit responded to property theft call. One suspect apprehended.
1924,KSP/2025/4981,2025-08-16,15,13,2,12.953771,77.625152,FIR lodged following missing persons incident. Victim sustained minor injuries.
1925,KSP/2022/8366,2022-04-01,95,13,2,12.966122,77.582662,Anonymous tip received regarding missing persons. Investigation initiated.
1926,KSP/2025/2949,2025-08-24,59,1,4,12.939704,77.627367,cyber crime reported near BTM Layout. CCTV footage under review.
1927,KSP/2025/3400,2025-06-12,2,8,3,12.982877,77.581125,Patrol unit responded to fraud & cheating call. One suspect apprehended.
1928,KSP/2023/6722,2023-06-16,42,7,5,12.965507,77.59301,FIR lodged following robbery & dacoity incident. Victim sustained minor injuries.
1929,KSP/2025/6489,2025-02-11,70,11,3,12.947695,77.613541,Complainant reported land disputes at Mysuru Road. Suspect fled the scene.
1930,KSP/2023/3854,2023-04-13,10,15,5,13.004085,77.605908,Complainant reported child offences at Electronic City. Suspect fled the scene.
1931,KSP/2022/9753,2022-05-03,99,15,5,12.935617,77.578253,Patrol unit responded to child offences call. One suspect apprehended.
1932,KSP/2022/1619,2022-02-20,43,11,3,12.962418,77.594078,FIR lodged following land disputes incident. Victim sustained minor injuries.
1933,KSP/2025/5108,2025-09-07,65,13,2,13.006123,77.609877,Patrol unit responded to missing persons call. One suspect apprehended.
1934,KSP/2026/2081,2026-05-11,83,15,5,13.015705,77.570533,Patrol unit responded to child offences call. One suspect apprehended.
1935,KSP/2022/6848,2022-04-22,23,2,3,12.95726,77.737191,property theft reported near MG Road. CCTV footage under review.
1936,KSP/2023/8405,2023-08-04,36,4,4,12.823725,77.682529,Complainant reported assault & violence at HSR Layout. Suspect fled the scene.
1937,KSP/2025/9719,2025-12-04,64,7,5,12.953565,77.578896,robbery & dacoity reported near HSR Layout. CCTV footage under review.
1938,KSP/2026/3521,2026-04-21,17,7,5,12.947831,77.571233,robbery & dacoity reported near Bannerghatta Road. CCTV footage under review.
1939,KSP/2024/7530,2024-09-15,83,6,5,12.81495,77.677956,Patrol unit responded to murder call. One suspect apprehended.
1940,KSP/2024/6904,2024-04-16,97,3,3,13.022185,77.555881,Complainant reported vehicle theft at BTM Layout. Suspect fled the scene.
1941,KSP/2022/3045,2022-04-30,22,15,5,12.95312,77.734328,Complainant reported child offences at BTM Layout. Suspect fled the scene.
1942,KSP/2025/3990,2025-03-09,68,5,5,12.842337,77.663478,Anonymous tip received regarding narcotics. Investigation initiated.
1943,KSP/2024/5040,2024-07-02,82,7,5,12.84455,77.690203,FIR lodged following robbery & dacoity incident. Victim sustained minor injuries.
1944,KSP/2025/9948,2025-04-30,74,15,5,13.019859,77.522013,FIR lodged following child offences incident. Victim sustained minor injuries.
1945,KSP/2024/6535,2024-10-15,93,14,3,12.972929,77.75,FIR lodged following domestic violence incident. Victim sustained minor injuries.
1946,KSP/2023/7613,2023-06-05,76,15,5,12.946995,77.617419,Patrol unit responded to child offences call. One suspect apprehended.
1947,KSP/2025/9265,2025-02-23,14,4,4,12.978642,77.597098,Complainant reported assault & violence at Koramangala. Suspect fled the scene.
1948,KSP/2026/7328,2026-03-02,72,9,2,12.945246,77.75,Patrol unit responded to unlawful assembly call. One suspect apprehended.
1949,KSP/2024/1124,2024-06-11,25,6,5,12.840872,77.651187,Anonymous tip received regarding murder. Investigation initiated.
1950,KSP/2022/8933,2022-08-20,22,5,5,13.04465,77.528926,Complainant reported narcotics at Yelahanka. Suspect fled the scene.
1951,KSP/2024/6967,2024-04-16,27,1,4,12.929635,77.605486,Complainant reported cyber crime at MG Road. Suspect fled the scene.
1952,KSP/2024/4548,2024-10-15,94,7,5,12.969662,77.601487,FIR lodged following robbery & dacoity incident. Victim sustained minor injuries.
1953,KSP/2026/7983,2026-06-18,58,3,3,12.843364,77.692255,Complainant reported vehicle theft at Koramangala. Suspect fled the scene.
1954,KSP/2023/2427,2023-04-11,5,13,2,12.983016,77.591654,Complainant reported missing persons at Hebbal. Suspect fled the scene.
1955,KSP/2023/8747,2023-01-15,72,12,4,12.957948,77.606955,Patrol unit responded to communal offences call. One suspect apprehended.
1956,KSP/2024/4850,2024-04-24,66,2,3,13.00158,77.592588,Anonymous tip received regarding property theft. Investigation initiated.
1957,KSP/2023/8014,2023-03-02,54,9,2,12.954821,77.647289,Anonymous tip received regarding unlawful assembly. Investigation initiated.
1958,KSP/2025/5579,2025-10-29,39,1,4,12.972359,77.732259,Patrol unit responded to cyber crime call. One suspect apprehended.
1959,KSP/2024/6562,2024-05-18,94,13,2,12.966719,77.577355,Patrol unit responded to missing persons call. One suspect apprehended.
1960,KSP/2024/3111,2024-06-13,39,10,2,13.013783,77.607451,FIR lodged following eve teasing incident. Victim sustained minor injuries.
1961,KSP/2025/3230,2025-08-23,1,15,5,12.936877,77.644458,Anonymous tip received regarding child offences. Investigation initiated.
1962,KSP/2023/4802,2023-12-15,10,14,3,12.976215,77.580874,Patrol unit responded to domestic violence call. One suspect apprehended.
1963,KSP/2022/2134,2022-12-26,27,15,5,12.9939,77.572955,Anonymous tip received regarding child offences. Investigation initiated.
1964,KSP/2025/3984,2025-08-15,88,1,4,12.979708,77.75,Patrol unit responded to cyber crime call. One suspect apprehended.
1965,KSP/2025/9038,2025-04-05,19,2,3,12.980659,77.735173,property theft reported near HSR Layout. CCTV footage under review.
1966,KSP/2025/5795,2025-10-27,83,9,2,12.970612,77.639363,unlawful assembly reported near Bannerghatta Road. CCTV footage under review.
1967,KSP/2023/4426,2023-06-06,9,8,3,13.009896,77.601117,Anonymous tip received regarding fraud & cheating. Investigation initiated.
1968,KSP/2022/2030,2022-11-25,17,9,2,12.968749,77.656619,FIR lodged following unlawful assembly incident. Victim sustained minor injuries.
1969,KSP/2024/1966,2024-08-05,49,3,3,12.972569,77.593097,Patrol unit responded to vehicle theft call. One suspect apprehended.
1970,KSP/2026/8588,2026-03-01,45,12,4,12.894576,77.648092,FIR lodged following communal offences incident. Victim sustained minor injuries.
1971,KSP/2022/3960,2022-09-28,45,1,4,12.953747,77.597813,cyber crime reported near Whitefield. CCTV footage under review.
1972,KSP/2024/7208,2024-04-05,20,8,3,12.969516,77.735652,fraud & cheating reported near Whitefield. CCTV footage under review.
1973,KSP/2026/4950,2026-05-07,94,13,2,13.000494,77.638531,missing persons reported near Malleshwaram. CCTV footage under review.
1974,KSP/2023/2037,2023-01-11,59,2,3,12.987838,77.577095,property theft reported near Whitefield. CCTV footage under review.
1975,KSP/2023/3978,2023-08-02,23,11,3,12.98141,77.583644,Complainant reported land disputes at Jayanagar. Suspect fled the scene.
1976,KSP/2025/7997,2025-07-03,42,3,3,13.018779,77.614401,FIR lodged following vehicle theft incident. Victim sustained minor injuries.
1977,KSP/2023/6326,2023-03-23,84,10,2,12.832899,77.668498,FIR lodged following eve teasing incident. Victim sustained minor injuries.
1978,KSP/2023/6047,2023-09-24,35,7,5,13.017224,77.591383,Anonymous tip received regarding robbery & dacoity. Investigation initiated.
1979,KSP/2026/7440,2026-03-13,38,8,3,12.920124,77.605163,FIR lodged following fraud & cheating incident. Victim sustained minor injuries.
1980,KSP/2026/2908,2026-03-28,24,4,4,12.956695,77.620684,Patrol unit responded to assault & violence call. One suspect apprehended.
1981,KSP/2022/3856,2022-01-09,57,14,3,12.851341,77.660817,FIR lodged following domestic violence incident. Victim sustained minor injuries.
1982,KSP/2025/2843,2025-12-26,28,2,3,12.972312,77.626857,Patrol unit responded to property theft call. One suspect apprehended.
1983,KSP/2026/3445,2026-06-01,4,9,2,12.900828,77.667487,FIR lodged following unlawful assembly incident. Victim sustained minor injuries.
1984,KSP/2025/4087,2025-05-18,23,13,2,13.011687,77.595458,Complainant reported missing persons at Electronic City. Suspect fled the scene.
1985,KSP/2025/9288,2025-12-17,73,1,4,12.9728,77.577261,Patrol unit responded to cyber crime call. One suspect apprehended.
1986,KSP/2025/4025,2025-03-02,31,8,3,13.013431,77.528503,Patrol unit responded to fraud & cheating call. One suspect apprehended.
1987,KSP/2022/5556,2022-05-06,39,10,2,12.996344,77.75,FIR lodged following eve teasing incident. Victim sustained minor injuries.
1988,KSP/2024/2088,2024-09-23,45,4,4,12.98682,77.75,Complainant reported assault & violence at Yelahanka. Suspect fled the scene.
1989,KSP/2022/3444,2022-10-18,83,13,2,12.977612,77.618045,Complainant reported missing persons at Mysuru Road. Suspect fled the scene.
1990,KSP/2024/5960,2024-12-17,26,10,2,12.987471,77.560216,Complainant reported eve teasing at MG Road. Suspect fled the scene.
1991,KSP/2023/7808,2023-09-02,61,8,3,13.020871,77.541225,Complainant reported fraud & cheating at HSR Layout. Suspect fled the scene.
1992,KSP/2022/1793,2022-12-24,82,2,3,13.001252,77.551017,FIR lodged following property theft incident. Victim sustained minor injuries.
1993,KSP/2025/3287,2025-12-01,7,3,3,12.973596,77.60185,vehicle theft reported near Yelahanka. CCTV footage under review.
1994,KSP/2025/3121,2025-04-03,24,2,3,12.986554,77.573399,property theft reported near MG Road. CCTV footage under review.
1995,KSP/2024/8170,2024-12-01,32,1,4,12.847848,77.678616,Patrol unit responded to cyber crime call. One suspect apprehended.
1996,KSP/2023/6526,2023-08-21,27,3,3,13.021275,77.546913,vehicle theft reported near Malleshwaram. CCTV footage under review.
1997,KSP/2024/3451,2024-07-25,98,9,2,12.9923,77.559502,Patrol unit responded to unlawful assembly call. One suspect apprehended.
1998,KSP/2025/6523,2025-05-11,2,12,4,12.974314,77.596324,Patrol unit responded to communal offences call. One suspect apprehended.
1999,KSP/2025/4172,2025-03-12,90,10,2,12.983196,77.75,FIR lodged following eve teasing incident. Victim sustained minor injuries.
2000,KSP/2022/4516,2022-07-25,92,13,2,13.001374,77.631877,Complainant reported missing persons at Mysuru Road. Suspect fled the scene.
2001,KSP/2026/2592,2026-03-23,30,11,3,12.855903,77.693661,Complainant reported land disputes at Mysuru Road. Suspect fled the scene.
2002,KSP/2025/9841,2025-01-20,47,15,5,12.969091,77.610151,Patrol unit responded to child offences call. One suspect apprehended.
2003,KSP/2024/3558,2024-03-16,4,7,5,13.009829,77.601205,Complainant reported robbery & dacoity at Bannerghatta Road. Suspect fled the scene.
2004,KSP/2023/9107,2023-05-19,36,3,3,12.942454,77.627051,vehicle theft reported near Koramangala. CCTV footage under review.
2005,KSP/2022/1366,2022-09-23,53,2,3,12.862032,77.686008,property theft reported near Malleshwaram. CCTV footage under review.
2006,KSP/2022/5277,2022-11-29,21,4,4,12.967339,77.615916,Anonymous tip received regarding assault & violence. Investigation initiated.
2007,KSP/2024/1960,2024-06-05,16,13,2,13.015134,77.542728,Complainant reported missing persons at Koramangala. Suspect fled the scene.
2008,KSP/2025/6050,2025-11-03,80,1,4,13.000888,77.7288,Anonymous tip received regarding cyber crime. Investigation initiated.
2009,KSP/2025/3825,2025-03-01,32,2,3,12.911769,77.576997,Anonymous tip received regarding property theft. Investigation initiated.
2010,KSP/2025/2811,2025-12-05,6,4,4,12.97784,77.660719,assault & violence reported near KR Market. CCTV footage under review.
2011,KSP/2022/7759,2022-05-01,71,9,2,12.995274,77.562765,FIR lodged following unlawful assembly incident. Victim sustained minor injuries.
2012,KSP/2026/9458,2026-02-28,6,4,4,12.929319,77.659943,FIR lodged following assault & violence incident. Victim sustained minor injuries.
2013,KSP/2025/1499,2025-10-23,93,9,2,12.943729,77.60385,Complainant reported unlawful assembly at Whitefield. Suspect fled the scene.
2014,KSP/2026/8421,2026-04-29,14,2,3,12.975646,77.75,Complainant reported property theft at Malleshwaram. Suspect fled the scene.
2015,KSP/2022/9694,2022-05-29,36,4,4,12.935997,77.630562,Anonymous tip received regarding assault & violence. Investigation initiated.
2016,KSP/2023/8128,2023-09-03,24,9,2,12.969807,77.611519,Complainant reported unlawful assembly at KR Market. Suspect fled the scene.
2017,KSP/2025/9129,2025-08-27,4,6,5,12.952715,77.625393,Patrol unit responded to murder call. One suspect apprehended.
2018,KSP/2023/3565,2023-09-15,57,4,4,12.809145,77.729938,Patrol unit responded to assault & violence call. One suspect apprehended.
2019,KSP/2023/2049,2023-04-08,68,14,3,12.972362,77.629726,Complainant reported domestic violence at Jayanagar. Suspect fled the scene.
2020,KSP/2022/7796,2022-06-28,55,4,4,12.973382,77.592266,Anonymous tip received regarding assault & violence. Investigation initiated.
2021,KSP/2022/8322,2022-07-30,76,2,3,13.007644,77.617589,Complainant reported property theft at KR Market. Suspect fled the scene.
2022,KSP/2024/9910,2024-03-27,99,9,2,12.938748,77.622369,Patrol unit responded to unlawful assembly call. One suspect apprehended.
2023,KSP/2024/6161,2024-04-17,32,14,3,12.966079,77.56997,Patrol unit responded to domestic violence call. One suspect apprehended.
2024,KSP/2024/9222,2024-03-04,5,11,3,12.98625,77.588422,Patrol unit responded to land disputes call. One suspect apprehended.
2025,KSP/2025/9074,2025-05-12,82,13,2,12.98924,77.582801,Patrol unit responded to missing persons call. One suspect apprehended.
2026,KSP/2023/5794,2023-01-09,14,4,4,12.9559,77.598291,assault & violence reported near Malleshwaram. CCTV footage under review.
2027,KSP/2024/8862,2024-06-09,74,7,5,12.978289,77.75,Complainant reported robbery & dacoity at Yelahanka. Suspect fled the scene.
2028,KSP/2023/9444,2023-07-23,86,5,5,12.981867,77.618959,FIR lodged following narcotics incident. Victim sustained minor injuries.
2029,KSP/2025/5327,2025-10-17,22,10,2,12.969094,77.604123,Complainant reported eve teasing at MG Road. Suspect fled the scene.
2030,KSP/2023/9447,2023-10-28,59,14,3,12.967909,77.637743,domestic violence reported near KR Market. CCTV footage under review.
2031,KSP/2022/1449,2022-06-20,81,13,2,12.842966,77.682706,FIR lodged following missing persons incident. Victim sustained minor injuries.
2032,KSP/2022/9404,2022-09-18,77,13,2,13.05047,77.570505,FIR lodged following missing persons incident. Victim sustained minor injuries.
2033,KSP/2022/1367,2022-12-14,94,9,2,12.982213,77.603635,Complainant reported unlawful assembly at Yelahanka. Suspect fled the scene.
2034,KSP/2026/9955,2026-04-28,52,13,2,12.924626,77.618007,Complainant reported missing persons at MG Road. Suspect fled the scene.
2035,KSP/2025/9407,2025-11-03,95,14,3,12.986117,77.75,Anonymous tip received regarding domestic violence. Investigation initiated.
2036,KSP/2025/3827,2025-09-21,8,14,3,12.823302,77.683529,Complainant reported domestic violence at Electronic City. Suspect fled the scene.
2037,KSP/2026/4095,2026-01-10,49,13,2,12.99208,77.612133,Complainant reported missing persons at Whitefield. Suspect fled the scene.
2038,KSP/2022/9186,2022-09-19,87,9,2,12.954859,77.621774,FIR lodged following unlawful assembly incident. Victim sustained minor injuries.
2039,KSP/2026/7424,2026-04-18,75,13,2,12.987134,77.626461,FIR lodged following missing persons incident. Victim sustained minor injuries.
2040,KSP/2022/6810,2022-06-05,30,14,3,13.034598,77.532895,Anonymous tip received regarding domestic violence. Investigation initiated.
2041,KSP/2025/7998,2025-08-08,6,11,3,12.982468,77.581547,Complainant reported land disputes at Jayanagar. Suspect fled the scene.
2042,KSP/2023/7183,2023-11-28,46,9,2,12.840106,77.694343,Anonymous tip received regarding unlawful assembly. Investigation initiated.
2043,KSP/2025/1740,2025-05-22,78,2,3,12.984075,77.605528,FIR lodged following property theft incident. Victim sustained minor injuries.
2044,KSP/2025/5338,2025-04-07,79,14,3,12.985758,77.600138,Patrol unit responded to domestic violence call. One suspect apprehended.
2045,KSP/2025/6538,2025-10-11,14,8,3,12.967219,77.606568,Complainant reported fraud & cheating at Whitefield. Suspect fled the scene.
2046,KSP/2024/9890,2024-01-26,70,7,5,12.989654,77.586573,robbery & dacoity reported near Hebbal. CCTV footage under review.
2047,KSP/2023/7555,2023-11-21,69,2,3,12.911527,77.612649,Anonymous tip received regarding property theft. Investigation initiated.
2048,KSP/2024/3479,2024-03-14,97,11,3,12.991319,77.611298,land disputes reported near Yelahanka. CCTV footage under review.
2049,KSP/2022/2210,2022-07-17,28,9,2,12.842782,77.678315,Complainant reported unlawful assembly at Hebbal. Suspect fled the scene.
2050,KSP/2024/3674,2024-02-11,27,15,5,13.009847,77.565338,Anonymous tip received regarding child offences. Investigation initiated.
2051,KSP/2022/5073,2022-01-02,6,11,3,12.977062,77.617893,Anonymous tip received regarding land disputes. Investigation initiated.
2052,KSP/2022/5561,2022-03-10,97,14,3,12.95466,77.748848,FIR lodged following domestic violence incident. Victim sustained minor injuries.
2053,KSP/2024/5737,2024-09-14,36,5,5,12.976414,77.599388,Complainant reported narcotics at Koramangala. Suspect fled the scene.
2054,KSP/2026/9450,2026-02-13,17,1,4,12.835475,77.680128,Complainant reported cyber crime at Mysuru Road. Suspect fled the scene.
2055,KSP/2022/1046,2022-05-10,52,11,3,12.822995,77.668622,Patrol unit responded to land disputes call. One suspect apprehended.
2056,KSP/2024/2713,2024-04-21,29,8,3,12.844912,77.680495,fraud & cheating reported near Electronic City. CCTV footage under review.
2057,KSP/2024/9821,2024-04-03,80,13,2,13.040193,77.540755,Patrol unit responded to missing persons call. One suspect apprehended.
2058,KSP/2025/7244,2025-09-30,73,13,2,12.990677,77.604868,Anonymous tip received regarding missing persons. Investigation initiated.
2059,KSP/2024/1807,2024-03-22,15,6,5,12.921538,77.657352,Anonymous tip received regarding murder. Investigation initiated.
2060,KSP/2026/7250,2026-01-24,89,2,3,12.96391,77.589079,Anonymous tip received regarding property theft. Investigation initiated.
2061,KSP/2022/9811,2022-07-12,97,1,4,12.956084,77.597109,FIR lodged following cyber crime incident. Victim sustained minor injuries.
2062,KSP/2025/9432,2025-06-30,75,12,4,12.963467,77.652563,FIR lodged following communal offences incident. Victim sustained minor injuries.
2063,KSP/2022/5933,2022-06-02,18,4,4,12.986041,77.75,Complainant reported assault & violence at HSR Layout. Suspect fled the scene.
2064,KSP/2025/5488,2025-03-15,95,5,5,13.009994,77.624652,narcotics reported near BTM Layout. CCTV footage under review.
2065,KSP/2024/3651,2024-10-12,2,13,2,12.825893,77.683448,missing persons reported near Hebbal. CCTV footage under review.
2066,KSP/2026/9806,2026-03-03,4,13,2,12.998118,77.647578,missing persons reported near Jayanagar. CCTV footage under review.
2067,KSP/2023/9297,2023-11-17,78,9,2,12.955274,77.652268,FIR lodged following unlawful assembly incident. Victim sustained minor injuries.
2068,KSP/2025/3143,2025-06-10,82,1,4,12.980576,77.58333,cyber crime reported near Mysuru Road. CCTV footage under review.
2069,KSP/2025/6685,2025-05-16,30,3,3,12.968271,77.745132,Anonymous tip received regarding vehicle theft. Investigation initiated.
2070,KSP/2023/3492,2023-08-04,38,14,3,12.98597,77.588048,Complainant reported domestic violence at Whitefield. Suspect fled the scene.
2071,KSP/2026/7573,2026-01-26,18,3,3,12.953022,77.591522,vehicle theft reported near Hebbal. CCTV footage under review.
2072,KSP/2023/2637,2023-07-04,12,12,4,12.834489,77.681468,Anonymous tip received regarding communal offences. Investigation initiated.
2073,KSP/2026/1100,2026-05-26,98,7,5,12.972442,77.619207,robbery & dacoity reported near KR Market. CCTV footage under review.
2074,KSP/2025/9102,2025-05-15,72,14,3,12.95074,77.637086,domestic violence reported near Bannerghatta Road. CCTV footage under review.
2075,KSP/2025/1223,2025-01-18,35,2,3,12.9194,77.667859,property theft reported near Mysuru Road. CCTV footage under review.
2076,KSP/2023/3412,2023-05-25,94,8,3,13.000161,77.626371,fraud & cheating reported near MG Road. CCTV footage under review.
2077,KSP/2026/8046,2026-01-27,45,2,3,12.97486,77.605535,Anonymous tip received regarding property theft. Investigation initiated.
2078,KSP/2025/3765,2025-12-03,48,11,3,13.00235,77.566237,Patrol unit responded to land disputes call. One suspect apprehended.
2079,KSP/2023/5148,2023-12-24,47,15,5,13.01357,77.626989,Patrol unit responded to child offences call. One suspect apprehended.
2080,KSP/2025/7019,2025-08-26,37,13,2,13.009564,77.623766,Anonymous tip received regarding missing persons. Investigation initiated.
2081,KSP/2022/4171,2022-08-27,20,10,2,12.975855,77.75,Complainant reported eve teasing at Whitefield. Suspect fled the scene.
2082,KSP/2026/2390,2026-03-07,58,14,3,13.005885,77.638161,Patrol unit responded to domestic violence call. One suspect apprehended.
2083,KSP/2024/3780,2024-06-30,4,8,3,12.990994,77.568854,FIR lodged following fraud & cheating incident. Victim sustained minor injuries.
2084,KSP/2022/1206,2022-08-15,84,3,3,12.937875,77.634483,vehicle theft reported near Jayanagar. CCTV footage under review.
2085,KSP/2024/6389,2024-02-07,92,9,2,12.983951,77.650773,Complainant reported unlawful assembly at Hebbal. Suspect fled the scene.
2086,KSP/2023/9934,2023-12-15,65,10,2,12.950974,77.577779,Anonymous tip received regarding eve teasing. Investigation initiated.
2087,KSP/2023/1585,2023-12-15,90,13,2,12.986365,77.598876,Anonymous tip received regarding missing persons. Investigation initiated.
2088,KSP/2025/9276,2025-05-16,37,12,4,12.966329,77.577807,communal offences reported near Yelahanka. CCTV footage under review.
2089,KSP/2024/6889,2024-05-16,34,9,2,12.931504,77.615035,Anonymous tip received regarding unlawful assembly. Investigation initiated.
2090,KSP/2025/4562,2025-01-28,58,5,5,12.944396,77.589102,Complainant reported narcotics at Yelahanka. Suspect fled the scene.
2091,KSP/2024/3020,2024-09-22,19,11,3,12.86263,77.679231,FIR lodged following land disputes incident. Victim sustained minor injuries.
2092,KSP/2025/7972,2025-04-14,76,9,2,12.998514,77.619097,Patrol unit responded to unlawful assembly call. One suspect apprehended.
2093,KSP/2022/8884,2022-07-09,75,9,2,13.009109,77.56311,Anonymous tip received regarding unlawful assembly. Investigation initiated.
2094,KSP/2023/4810,2023-03-04,5,11,3,12.982719,77.657544,Anonymous tip received regarding land disputes. Investigation initiated.
2095,KSP/2025/5387,2025-03-30,17,13,2,12.928638,77.648415,Anonymous tip received regarding missing persons. Investigation initiated.
2096,KSP/2023/4903,2023-05-21,73,14,3,12.948055,77.623839,Patrol unit responded to domestic violence call. One suspect apprehended.
2097,KSP/2026/3574,2026-04-03,73,13,2,12.988019,77.608664,Complainant reported missing persons at Malleshwaram. Suspect fled the scene.
2098,KSP/2023/2984,2023-10-21,6,4,4,12.994438,77.569322,FIR lodged following assault & violence incident. Victim sustained minor injuries.
2099,KSP/2022/9552,2022-02-20,50,13,2,12.975538,77.625802,Complainant reported missing persons at Bannerghatta Road. Suspect fled the scene.
2100,KSP/2026/1183,2026-02-02,71,8,3,12.973341,77.75,fraud & cheating reported near MG Road. CCTV footage under review.
2101,KSP/2024/4854,2024-06-16,71,2,3,12.957142,77.626412,Complainant reported property theft at Bannerghatta Road. Suspect fled the scene.
2102,KSP/2026/8906,2026-05-05,36,5,5,12.971162,77.75,Complainant reported narcotics at Mysuru Road. Suspect fled the scene.
2103,KSP/2023/7695,2023-08-29,76,8,3,13.003298,77.563124,Anonymous tip received regarding fraud & cheating. Investigation initiated.
2104,KSP/2022/7623,2022-02-22,24,6,5,13.022849,77.551739,murder reported near Mysuru Road. CCTV footage under review.
2105,KSP/2025/6429,2025-03-24,3,1,4,12.957574,77.653189,cyber crime reported near MG Road. CCTV footage under review.
2106,KSP/2025/2507,2025-04-26,10,14,3,12.942429,77.607694,domestic violence reported near Hebbal. CCTV footage under review.
2107,KSP/2022/4683,2022-09-26,37,1,4,13.032731,77.544641,Complainant reported cyber crime at Bannerghatta Road. Suspect fled the scene.
2108,KSP/2024/1687,2024-04-15,67,1,4,12.928421,77.638029,Patrol unit responded to cyber crime call. One suspect apprehended.
2109,KSP/2025/5820,2025-07-27,71,10,2,12.960663,77.746169,Patrol unit responded to eve teasing call. One suspect apprehended.
2110,KSP/2023/8522,2023-05-10,2,3,3,12.916133,77.615896,vehicle theft reported near HSR Layout. CCTV footage under review.
2111,KSP/2023/8951,2023-01-03,79,9,2,12.91822,77.618019,unlawful assembly reported near Electronic City. CCTV footage under review.
2112,KSP/2025/8446,2025-02-01,49,2,3,12.976775,77.579594,property theft reported near MG Road. CCTV footage under review.
2113,KSP/2023/6873,2023-02-17,59,1,4,12.865068,77.702648,cyber crime reported near Bannerghatta Road. CCTV footage under review.
2114,KSP/2023/5959,2023-08-04,11,13,2,12.996786,77.537793,missing persons reported near KR Market. CCTV footage under review.
2115,KSP/2025/8552,2025-02-19,47,9,2,13.001616,77.583496,FIR lodged following unlawful assembly incident. Victim sustained minor injuries.
2116,KSP/2025/2478,2025-11-20,86,6,5,12.985871,77.745486,Anonymous tip received regarding murder. Investigation initiated.
2117,KSP/2022/3370,2022-08-20,36,12,4,12.928002,77.630838,Complainant reported communal offences at Electronic City. Suspect fled the scene.
2118,KSP/2024/3308,2024-04-07,78,2,3,12.983309,77.584683,FIR lodged following property theft incident. Victim sustained minor injuries.
2119,KSP/2024/3160,2024-04-01,14,14,3,12.955838,77.741328,Anonymous tip received regarding domestic violence. Investigation initiated.
2120,KSP/2022/9286,2022-05-21,17,13,2,12.965112,77.75,Anonymous tip received regarding missing persons. Investigation initiated.
2121,KSP/2026/1295,2026-03-24,94,1,4,12.861132,77.698589,Complainant reported cyber crime at Bannerghatta Road. Suspect fled the scene.
2122,KSP/2024/1865,2024-11-29,59,1,4,13.026251,77.573983,cyber crime reported near Hebbal. CCTV footage under review.
2123,KSP/2023/6375,2023-07-06,93,3,3,12.954668,77.669514,Patrol unit responded to vehicle theft call. One suspect apprehended.
2124,KSP/2026/5289,2026-05-25,92,14,3,12.991941,77.613405,FIR lodged following domestic violence incident. Victim sustained minor injuries.
2125,KSP/2025/2079,2025-03-05,8,8,3,12.977415,77.594369,Complainant reported fraud & cheating at Yelahanka. Suspect fled the scene.
2126,KSP/2022/7091,2022-07-03,1,12,4,12.994189,77.600522,Complainant reported communal offences at MG Road. Suspect fled the scene.
2127,KSP/2022/8002,2022-09-25,11,10,2,12.965438,77.63526,Anonymous tip received regarding eve teasing. Investigation initiated.
2128,KSP/2025/3230,2025-09-30,26,12,4,12.947948,77.622213,Complainant reported communal offences at HSR Layout. Suspect fled the scene.
2129,KSP/2022/5201,2022-02-15,90,1,4,12.942571,77.605767,Complainant reported cyber crime at Yelahanka. Suspect fled the scene.
2130,KSP/2024/6361,2024-08-28,90,13,2,13.035851,77.537342,Patrol unit responded to missing persons call. One suspect apprehended.
2131,KSP/2025/4495,2025-12-26,53,5,5,12.972299,77.65503,narcotics reported near HSR Layout. CCTV footage under review.
2132,KSP/2022/2443,2022-12-26,80,6,5,12.836824,77.693677,murder reported near Bannerghatta Road. CCTV footage under review.
2133,KSP/2024/4493,2024-08-23,99,13,2,12.945937,77.637688,Patrol unit responded to missing persons call. One suspect apprehended.
2134,KSP/2024/7607,2024-12-28,29,11,3,12.971375,77.599167,Patrol unit responded to land disputes call. One suspect apprehended.
2135,KSP/2025/9585,2025-01-23,98,11,3,12.979706,77.588098,land disputes reported near Hebbal. CCTV footage under review.
2136,KSP/2022/9940,2022-07-07,56,14,3,12.981737,77.600985,domestic violence reported near Hebbal. CCTV footage under review.
2137,KSP/2024/9247,2024-02-20,25,1,4,12.976342,77.75,Anonymous tip received regarding cyber crime. Investigation initiated.
2138,KSP/2024/9850,2024-07-14,7,9,2,13.005535,77.62982,unlawful assembly reported near Whitefield. CCTV footage under review.
2139,KSP/2022/8356,2022-06-05,80,6,5,12.985488,77.563215,murder reported near Jayanagar. CCTV footage under review.
2140,KSP/2023/1557,2023-07-22,70,6,5,12.980176,77.592451,Complainant reported murder at HSR Layout. Suspect fled the scene.
2141,KSP/2024/2666,2024-08-19,30,14,3,12.908004,77.653945,Complainant reported domestic violence at BTM Layout. Suspect fled the scene.
2142,KSP/2025/1312,2025-04-20,19,2,3,12.992672,77.609933,Complainant reported property theft at HSR Layout. Suspect fled the scene.
2143,KSP/2022/1389,2022-06-17,52,6,5,12.997036,77.599165,FIR lodged following murder incident. Victim sustained minor injuries.
2144,KSP/2024/3902,2024-04-12,1,11,3,12.97261,77.75,Complainant reported land disputes at BTM Layout. Suspect fled the scene.
2145,KSP/2025/3587,2025-01-15,54,14,3,13.035127,77.580387,Complainant reported domestic violence at KR Market. Suspect fled the scene.
2146,KSP/2024/3999,2024-11-13,45,12,4,13.002497,77.584128,FIR lodged following communal offences incident. Victim sustained minor injuries.
2147,KSP/2024/5628,2024-11-21,6,15,5,13.017275,77.540286,Complainant reported child offences at Yelahanka. Suspect fled the scene.
2148,KSP/2023/1811,2023-02-06,46,15,5,12.937401,77.601192,child offences reported near HSR Layout. CCTV footage under review.
2149,KSP/2023/1159,2023-12-18,51,11,3,12.837514,77.679667,Complainant reported land disputes at KR Market. Suspect fled the scene.
2150,KSP/2022/2941,2022-02-07,1,5,5,13.02449,77.563486,FIR lodged following narcotics incident. Victim sustained minor injuries.
2151,KSP/2022/5656,2022-05-22,9,5,5,12.981821,77.596645,Patrol unit responded to narcotics call. One suspect apprehended.
2152,KSP/2023/3855,2023-11-19,70,2,3,12.970763,77.602847,Anonymous tip received regarding property theft. Investigation initiated.
2153,KSP/2024/6920,2024-11-23,50,6,5,12.990581,77.594502,FIR lodged following murder incident. Victim sustained minor injuries.
2154,KSP/2022/8020,2022-02-10,71,2,3,12.990569,77.590204,Complainant reported property theft at Malleshwaram. Suspect fled the scene.
2155,KSP/2022/9207,2022-05-17,35,1,4,12.836395,77.660272,FIR lodged following cyber crime incident. Victim sustained minor injuries.
2156,KSP/2023/6025,2023-08-26,75,11,3,12.979691,77.587886,Patrol unit responded to land disputes call. One suspect apprehended.
2157,KSP/2025/7176,2025-05-04,98,11,3,13.011974,77.61767,land disputes reported near Yelahanka. CCTV footage under review.
2158,KSP/2024/9081,2024-12-17,28,13,2,12.966644,77.603877,Complainant reported missing persons at MG Road. Suspect fled the scene.
2159,KSP/2024/9802,2024-06-07,33,15,5,12.980029,77.75,Complainant reported child offences at Yelahanka. Suspect fled the scene.
2160,KSP/2023/4626,2023-04-10,40,3,3,12.985668,77.628128,FIR lodged following vehicle theft incident. Victim sustained minor injuries.
2161,KSP/2022/1760,2022-05-04,46,6,5,12.997877,77.597123,murder reported near BTM Layout. CCTV footage under review.
2162,KSP/2025/4980,2025-07-10,2,4,4,13.040281,77.54614,Patrol unit responded to assault & violence call. One suspect apprehended.
2163,KSP/2023/1106,2023-11-15,37,3,3,12.922727,77.657897,FIR lodged following vehicle theft incident. Victim sustained minor injuries.
2164,KSP/2024/9897,2024-11-03,58,14,3,13.00248,77.744782,Patrol unit responded to domestic violence call. One suspect apprehended.
2165,KSP/2025/7475,2025-08-08,6,6,5,12.843492,77.685455,Anonymous tip received regarding murder. Investigation initiated.
2166,KSP/2023/3317,2023-07-11,59,4,4,12.936341,77.653185,Complainant reported assault & violence at Bannerghatta Road. Suspect fled the scene.
2167,KSP/2025/3065,2025-12-10,1,7,5,12.949948,77.632337,Complainant reported robbery & dacoity at Bannerghatta Road. Suspect fled the scene.
2168,KSP/2023/3964,2023-12-03,25,14,3,12.9807,77.567267,Patrol unit responded to domestic violence call. One suspect apprehended.
2169,KSP/2023/9592,2023-06-16,16,8,3,13.031714,77.635563,Complainant reported fraud & cheating at Jayanagar. Suspect fled the scene.
2170,KSP/2022/2836,2022-10-21,65,9,2,12.906113,77.627489,unlawful assembly reported near MG Road. CCTV footage under review.
2171,KSP/2024/8598,2024-08-30,89,8,3,12.925819,77.64099,Patrol unit responded to fraud & cheating call. One suspect apprehended.
2172,KSP/2026/1824,2026-05-25,97,15,5,12.966248,77.580899,Complainant reported child offences at Bannerghatta Road. Suspect fled the scene.
2173,KSP/2023/7151,2023-11-02,78,15,5,12.971392,77.75,Complainant reported child offences at Electronic City. Suspect fled the scene.
2174,KSP/2026/6095,2026-05-01,7,14,3,12.907225,77.608687,Anonymous tip received regarding domestic violence. Investigation initiated.
2175,KSP/2026/1884,2026-01-21,23,10,2,13.025527,77.638319,FIR lodged following eve teasing incident. Victim sustained minor injuries.
2176,KSP/2023/3547,2023-12-12,8,9,2,12.819438,77.672202,FIR lodged following unlawful assembly incident. Victim sustained minor injuries.
2177,KSP/2023/9599,2023-10-19,96,4,4,12.963712,77.608169,FIR lodged following assault & violence incident. Victim sustained minor injuries.
2178,KSP/2023/3073,2023-09-02,95,2,3,12.983368,77.745818,Complainant reported property theft at BTM Layout. Suspect fled the scene.
2179,KSP/2022/3445,2022-06-07,29,10,2,12.981577,77.596904,Anonymous tip received regarding eve teasing. Investigation initiated.
2180,KSP/2023/7110,2023-01-31,92,13,2,12.958479,77.5999,Complainant reported missing persons at Koramangala. Suspect fled the scene.
2181,KSP/2025/7670,2025-07-22,33,3,3,12.911037,77.632284,Anonymous tip received regarding vehicle theft. Investigation initiated.
2182,KSP/2023/8530,2023-12-19,46,7,5,12.976735,77.594094,robbery & dacoity reported near Yelahanka. CCTV footage under review.
2183,KSP/2022/3652,2022-08-09,77,7,5,12.831711,77.670129,Complainant reported robbery & dacoity at BTM Layout. Suspect fled the scene.
2184,KSP/2022/7195,2022-08-18,78,2,3,13.037796,77.512693,property theft reported near Hebbal. CCTV footage under review.
2185,KSP/2023/1477,2023-11-09,34,1,4,12.977406,77.601533,Complainant reported cyber crime at Mysuru Road. Suspect fled the scene.
2186,KSP/2025/3471,2025-04-17,73,4,4,12.998349,77.616914,assault & violence reported near Whitefield. CCTV footage under review.
2187,KSP/2022/7011,2022-02-13,52,2,3,12.924512,77.644137,Patrol unit responded to property theft call. One suspect apprehended.
2188,KSP/2025/1664,2025-05-06,50,9,2,12.985414,77.725715,unlawful assembly reported near Mysuru Road. CCTV footage under review.
2189,KSP/2025/1990,2025-05-08,39,4,4,12.980964,77.75,Anonymous tip received regarding assault & violence. Investigation initiated.
2190,KSP/2022/7414,2022-04-23,26,10,2,12.992628,77.567594,eve teasing reported near Malleshwaram. CCTV footage under review.
2191,KSP/2025/5952,2025-07-19,83,11,3,12.843929,77.686915,Anonymous tip received regarding land disputes. Investigation initiated.
2192,KSP/2025/2924,2025-04-12,12,10,2,12.982329,77.621586,FIR lodged following eve teasing incident. Victim sustained minor injuries.
2193,KSP/2023/6252,2023-03-04,35,5,5,12.97483,77.60969,Anonymous tip received regarding narcotics. Investigation initiated.
2194,KSP/2022/9077,2022-05-03,77,11,3,12.953677,77.592941,Patrol unit responded to land disputes call. One suspect apprehended.
2195,KSP/2023/6097,2023-04-04,92,15,5,12.837706,77.642448,FIR lodged following child offences incident. Victim sustained minor injuries.
2196,KSP/2023/4922,2023-09-17,18,2,3,12.835084,77.666298,Patrol unit responded to property theft call. One suspect apprehended.
2197,KSP/2023/1943,2023-08-03,47,11,3,13.006697,77.636345,Anonymous tip received regarding land disputes. Investigation initiated.
2198,KSP/2022/2289,2022-04-18,91,9,2,12.97512,77.617262,FIR lodged following unlawful assembly incident. Victim sustained minor injuries.
2199,KSP/2025/8649,2025-03-07,100,13,2,12.944952,77.637227,Anonymous tip received regarding missing persons. Investigation initiated.
2200,KSP/2024/5395,2024-10-24,93,11,3,12.899075,77.645377,land disputes reported near Malleshwaram. CCTV footage under review.
2201,KSP/2025/7073,2025-01-25,73,12,4,12.886082,77.622619,FIR lodged following communal offences incident. Victim sustained minor injuries.
2202,KSP/2026/2041,2026-04-12,56,8,3,12.932844,77.661609,fraud & cheating reported near Mysuru Road. CCTV footage under review.
2203,KSP/2025/1129,2025-02-23,74,4,4,12.987892,77.613757,Complainant reported assault & violence at Electronic City. Suspect fled the scene.
2204,KSP/2026/4037,2026-04-28,98,6,5,12.933815,77.615925,Complainant reported murder at Jayanagar. Suspect fled the scene.
2205,KSP/2025/8318,2025-03-30,24,7,5,12.974887,77.580529,robbery & dacoity reported near Hebbal. CCTV footage under review.
2206,KSP/2024/7028,2024-05-08,100,2,3,12.940197,77.652576,FIR lodged following property theft incident. Victim sustained minor injuries.
2207,KSP/2024/5338,2024-06-07,84,11,3,13.008544,77.634714,Complainant reported land disputes at BTM Layout. Suspect fled the scene.
2208,KSP/2025/6189,2025-07-14,40,9,2,12.978124,77.598734,Complainant reported unlawful assembly at Hebbal. Suspect fled the scene.
2209,KSP/2025/1296,2025-11-23,4,4,4,12.945201,77.644522,FIR lodged following assault & violence incident. Victim sustained minor injuries.
2210,KSP/2025/2970,2025-01-11,11,9,2,13.047444,77.575689,FIR lodged following unlawful assembly incident. Victim sustained minor injuries.
2211,KSP/2024/4426,2024-05-22,47,7,5,12.869027,77.696101,Anonymous tip received regarding robbery & dacoity. Investigation initiated.
2212,KSP/2026/5375,2026-04-20,88,13,2,13.021162,77.541682,missing persons reported near Hebbal. CCTV footage under review.
2213,KSP/2023/9667,2023-05-24,53,10,2,13.038576,77.556289,Complainant reported eve teasing at Bannerghatta Road. Suspect fled the scene.
2214,KSP/2025/3163,2025-10-13,74,13,2,12.914553,77.640379,missing persons reported near Yelahanka. CCTV footage under review.
2215,KSP/2022/2014,2022-01-11,83,8,3,13.013569,77.556463,Complainant reported fraud & cheating at Hebbal. Suspect fled the scene.
2216,KSP/2023/2030,2023-04-19,4,13,2,12.900303,77.639764,missing persons reported near Electronic City. CCTV footage under review.
2217,KSP/2022/3490,2022-05-22,62,14,3,12.956777,77.732192,Complainant reported domestic violence at KR Market. Suspect fled the scene.
2218,KSP/2024/4192,2024-09-20,16,13,2,12.980548,77.603894,missing persons reported near BTM Layout. CCTV footage under review.
2219,KSP/2023/7520,2023-01-19,68,8,3,12.842756,77.696377,FIR lodged following fraud & cheating incident. Victim sustained minor injuries.
2220,KSP/2022/4245,2022-04-19,49,13,2,12.981013,77.580318,FIR lodged following missing persons incident. Victim sustained minor injuries.
2221,KSP/2023/4055,2023-07-01,74,10,2,12.984486,77.75,Complainant reported eve teasing at HSR Layout. Suspect fled the scene.
2222,KSP/2025/4493,2025-03-06,31,11,3,12.962928,77.626542,Patrol unit responded to land disputes call. One suspect apprehended.
2223,KSP/2023/9555,2023-12-06,78,3,3,12.961982,77.568792,Patrol unit responded to vehicle theft call. One suspect apprehended.
2224,KSP/2023/3116,2023-11-21,30,10,2,12.960474,77.607447,Anonymous tip received regarding eve teasing. Investigation initiated.
2225,KSP/2025/8522,2025-05-18,6,8,3,12.969255,77.597828,Complainant reported fraud & cheating at KR Market. Suspect fled the scene.
2226,KSP/2026/7244,2026-04-21,5,9,2,12.931802,77.75,FIR lodged following unlawful assembly incident. Victim sustained minor injuries.
2227,KSP/2023/3996,2023-11-22,91,2,3,12.939031,77.630212,Patrol unit responded to property theft call. One suspect apprehended.
2228,KSP/2025/5231,2025-09-12,100,2,3,12.945527,77.615094,Anonymous tip received regarding property theft. Investigation initiated.
2229,KSP/2023/3502,2023-03-27,19,7,5,12.964843,77.611331,FIR lodged following robbery & dacoity incident. Victim sustained minor injuries.
2230,KSP/2024/6670,2024-06-26,72,15,5,12.88874,77.648882,Anonymous tip received regarding child offences. Investigation initiated.
2231,KSP/2023/6795,2023-07-27,52,15,5,12.93818,77.630382,FIR lodged following child offences incident. Victim sustained minor injuries.
2232,KSP/2024/1807,2024-11-14,50,1,4,13.011859,77.576764,FIR lodged following cyber crime incident. Victim sustained minor injuries.
2233,KSP/2024/2879,2024-01-31,69,4,4,12.914296,77.633424,Complainant reported assault & violence at BTM Layout. Suspect fled the scene.
2234,KSP/2024/6165,2024-01-05,30,1,4,12.973015,77.738287,Complainant reported cyber crime at Yelahanka. Suspect fled the scene.
2235,KSP/2024/2175,2024-10-03,29,13,2,13.013031,77.598381,FIR lodged following missing persons incident. Victim sustained minor injuries.
2236,KSP/2024/8758,2024-06-10,85,12,4,12.962122,77.579434,communal offences reported near Koramangala. CCTV footage under review.
2237,KSP/2022/5119,2022-05-20,73,7,5,12.968357,77.568268,Anonymous tip received regarding robbery & dacoity. Investigation initiated.
2238,KSP/2022/5385,2022-09-26,10,2,3,12.967671,77.590611,property theft reported near Bannerghatta Road. CCTV footage under review.
2239,KSP/2024/2496,2024-04-23,74,2,3,12.983773,77.568108,Complainant reported property theft at HSR Layout. Suspect fled the scene.
2240,KSP/2026/4028,2026-03-24,8,11,3,12.84306,77.689816,Anonymous tip received regarding land disputes. Investigation initiated.
2241,KSP/2025/1244,2025-09-12,10,8,3,12.979074,77.603305,FIR lodged following fraud & cheating incident. Victim sustained minor injuries.
2242,KSP/2022/2200,2022-10-07,26,10,2,13.041753,77.564761,FIR lodged following eve teasing incident. Victim sustained minor injuries.
2243,KSP/2025/8436,2025-06-07,52,10,2,12.957142,77.595463,eve teasing reported near Electronic City. CCTV footage under review.
2244,KSP/2025/4790,2025-08-17,11,1,4,13.004185,77.620937,cyber crime reported near Yelahanka. CCTV footage under review.
2245,KSP/2025/6556,2025-04-24,90,13,2,13.016359,77.63479,Complainant reported missing persons at Yelahanka. Suspect fled the scene.
2246,KSP/2025/4407,2025-07-30,81,10,2,12.919536,77.609485,Anonymous tip received regarding eve teasing. Investigation initiated.
2247,KSP/2022/7262,2022-12-25,43,11,3,12.905885,77.637784,Patrol unit responded to land disputes call. One suspect apprehended.
2248,KSP/2024/3042,2024-11-06,19,5,5,12.947569,77.59271,FIR lodged following narcotics incident. Victim sustained minor injuries.
2249,KSP/2024/7195,2024-12-20,35,1,4,12.997738,77.60675,cyber crime reported near Mysuru Road. CCTV footage under review.
2250,KSP/2026/1818,2026-01-31,1,15,5,12.807327,77.686221,Complainant reported child offences at Bannerghatta Road. Suspect fled the scene.
2251,KSP/2025/5878,2025-09-14,74,3,3,12.997497,77.622855,vehicle theft reported near Malleshwaram. CCTV footage under review.
2252,KSP/2025/6694,2025-07-28,55,8,3,12.922165,77.657721,FIR lodged following fraud & cheating incident. Victim sustained minor injuries.
2253,KSP/2025/6156,2025-06-17,90,11,3,12.974038,77.591572,FIR lodged following land disputes incident. Victim sustained minor injuries.
2254,KSP/2024/4055,2024-04-26,60,4,4,12.963232,77.59935,Patrol unit responded to assault & violence call. One suspect apprehended.
2255,KSP/2023/7228,2023-03-03,29,8,3,12.957224,77.578295,Patrol unit responded to fraud & cheating call. One suspect apprehended.
2256,KSP/2022/6730,2022-01-25,15,6,5,12.960025,77.606778,FIR lodged following murder incident. Victim sustained minor injuries.
2257,KSP/2024/6144,2024-07-20,79,3,3,12.96287,77.599873,FIR lodged following vehicle theft incident. Victim sustained minor injuries.
2258,KSP/2024/6712,2024-11-08,37,5,5,12.952085,77.601241,Patrol unit responded to narcotics call. One suspect apprehended.
2259,KSP/2024/4627,2024-03-24,40,8,3,12.965766,77.75,Anonymous tip received regarding fraud & cheating. Investigation initiated.
2260,KSP/2023/5007,2023-01-12,97,11,3,12.963317,77.627633,land disputes reported near HSR Layout. CCTV footage under review.
2261,KSP/2025/5417,2025-11-01,53,10,2,12.970909,77.636053,Anonymous tip received regarding eve teasing. Investigation initiated.
2262,KSP/2023/1782,2023-06-17,76,5,5,12.925359,77.604875,FIR lodged following narcotics incident. Victim sustained minor injuries.
2263,KSP/2023/9735,2023-11-10,83,6,5,12.956334,77.739395,Patrol unit responded to murder call. One suspect apprehended.
2264,KSP/2024/1130,2024-02-14,98,12,4,12.942671,77.61525,FIR lodged following communal offences incident. Victim sustained minor injuries.
2265,KSP/2026/6354,2026-01-27,39,9,2,12.968924,77.58768,Complainant reported unlawful assembly at Yelahanka. Suspect fled the scene.
2266,KSP/2025/8743,2025-07-06,75,14,3,12.942653,77.644305,Anonymous tip received regarding domestic violence. Investigation initiated.
2267,KSP/2024/8091,2024-07-26,39,3,3,12.992085,77.580498,Anonymous tip received regarding vehicle theft. Investigation initiated.
2268,KSP/2022/6828,2022-06-19,14,7,5,12.969834,77.584079,Complainant reported robbery & dacoity at Whitefield. Suspect fled the scene.
2269,KSP/2025/7416,2025-05-07,25,3,3,12.969908,77.577997,Anonymous tip received regarding vehicle theft. Investigation initiated.
2270,KSP/2022/2292,2022-01-08,74,6,5,12.962353,77.734689,Patrol unit responded to murder call. One suspect apprehended.
2271,KSP/2024/6361,2024-07-15,51,10,2,13.009012,77.634149,FIR lodged following eve teasing incident. Victim sustained minor injuries.
2272,KSP/2025/5859,2025-02-26,24,7,5,12.974786,77.613074,Complainant reported robbery & dacoity at Koramangala. Suspect fled the scene.
2273,KSP/2022/6079,2022-04-15,59,3,3,12.992285,77.739796,FIR lodged following vehicle theft incident. Victim sustained minor injuries.
2274,KSP/2024/8385,2024-07-24,92,5,5,12.977672,77.614115,FIR lodged following narcotics incident. Victim sustained minor injuries.
2275,KSP/2025/1535,2025-05-16,71,10,2,12.925775,77.599248,Patrol unit responded to eve teasing call. One suspect apprehended.
2276,KSP/2023/7249,2023-03-14,97,13,2,12.996248,77.600788,Patrol unit responded to missing persons call. One suspect apprehended.
2277,KSP/2026/2055,2026-02-22,60,10,2,12.98809,77.580267,eve teasing reported near Hebbal. CCTV footage under review.
2278,KSP/2022/9791,2022-07-01,47,5,5,13.000743,77.647261,FIR lodged following narcotics incident. Victim sustained minor injuries.
2279,KSP/2024/6543,2024-05-20,24,14,3,12.979777,77.575725,domestic violence reported near Malleshwaram. CCTV footage under review.
2280,KSP/2023/3186,2023-05-11,67,8,3,12.99334,77.725498,FIR lodged following fraud & cheating incident. Victim sustained minor injuries.
2281,KSP/2023/2766,2023-02-22,28,15,5,13.022626,77.559078,Anonymous tip received regarding child offences. Investigation initiated.
2282,KSP/2025/2109,2025-06-22,94,4,4,12.981449,77.595968,assault & violence reported near Yelahanka. CCTV footage under review.
2283,KSP/2022/3326,2022-02-03,100,11,3,13.006917,77.558259,land disputes reported near Malleshwaram. CCTV footage under review.
2284,KSP/2022/7065,2022-06-26,27,8,3,12.839974,77.663947,FIR lodged following fraud & cheating incident. Victim sustained minor injuries.
2285,KSP/2024/4850,2024-03-13,4,1,4,13.015052,77.629621,cyber crime reported near Whitefield. CCTV footage under review.
2286,KSP/2023/8511,2023-01-30,9,4,4,12.997597,77.577572,Patrol unit responded to assault & violence call. One suspect apprehended.
2287,KSP/2022/3671,2022-02-20,21,14,3,12.969785,77.615057,Complainant reported domestic violence at Yelahanka. Suspect fled the scene.
2288,KSP/2025/9953,2025-09-27,60,11,3,12.98533,77.599264,land disputes reported near Hebbal. CCTV footage under review.
2289,KSP/2026/7781,2026-03-19,14,11,3,13.018378,77.605138,Anonymous tip received regarding land disputes. Investigation initiated.
2290,KSP/2024/6894,2024-03-30,82,10,2,12.968766,77.636253,Complainant reported eve teasing at Malleshwaram. Suspect fled the scene.
2291,KSP/2025/9286,2025-12-28,9,9,2,12.942817,77.620343,FIR lodged following unlawful assembly incident. Victim sustained minor injuries.
2292,KSP/2024/9745,2024-12-02,37,3,3,13.006079,77.75,vehicle theft reported near Malleshwaram. CCTV footage under review.
2293,KSP/2024/4074,2024-02-08,58,11,3,12.908659,77.641635,land disputes reported near Koramangala. CCTV footage under review.
2294,KSP/2022/2953,2022-09-20,68,10,2,13.011895,77.61339,Complainant reported eve teasing at KR Market. Suspect fled the scene.
2295,KSP/2025/2211,2025-07-16,59,8,3,12.936441,77.638284,Patrol unit responded to fraud & cheating call. One suspect apprehended.
2296,KSP/2023/6775,2023-12-02,14,13,2,12.887035,77.65221,Patrol unit responded to missing persons call. One suspect apprehended.
2297,KSP/2024/2671,2024-09-16,23,10,2,12.839739,77.691045,Complainant reported eve teasing at Yelahanka. Suspect fled the scene.
2298,KSP/2024/8444,2024-02-16,24,3,3,12.933466,77.64161,FIR lodged following vehicle theft incident. Victim sustained minor injuries.
2299,KSP/2025/6251,2025-03-13,88,3,3,12.967755,77.75,FIR lodged following vehicle theft incident. Victim sustained minor injuries.
2300,KSP/2023/1024,2023-08-21,89,13,2,12.822145,77.653796,FIR lodged following missing persons incident. Victim sustained minor injuries.
2301,KSP/2025/9228,2025-10-07,67,9,2,12.988187,77.605331,Complainant reported unlawful assembly at Hebbal. Suspect fled the scene.
2302,KSP/2025/3723,2025-12-14,2,9,2,12.841937,77.67592,Complainant reported unlawful assembly at Mysuru Road. Suspect fled the scene.
2303,KSP/2024/6131,2024-12-21,25,13,2,12.827078,77.689422,Complainant reported missing persons at HSR Layout. Suspect fled the scene.
2304,KSP/2023/4427,2023-07-19,21,12,4,12.934118,77.647816,communal offences reported near Malleshwaram. CCTV footage under review.
2305,KSP/2023/8768,2023-07-29,41,14,3,12.835463,77.686989,domestic violence reported near Yelahanka. CCTV footage under review.
2306,KSP/2025/6722,2025-07-23,70,13,2,12.966133,77.60132,Complainant reported missing persons at Malleshwaram. Suspect fled the scene.
2307,KSP/2023/5683,2023-05-05,15,2,3,12.974576,77.656288,FIR lodged following property theft incident. Victim sustained minor injuries.
2308,KSP/2023/6205,2023-11-10,41,2,3,12.934647,77.642848,Complainant reported property theft at Whitefield. Suspect fled the scene.
2309,KSP/2025/7694,2025-12-10,23,12,4,12.976884,77.589252,FIR lodged following communal offences incident. Victim sustained minor injuries.
2310,KSP/2022/2245,2022-05-13,43,13,2,12.97087,77.548075,missing persons reported near Malleshwaram. CCTV footage under review.
2311,KSP/2024/4354,2024-11-21,93,11,3,13.043778,77.554774,Complainant reported land disputes at Koramangala. Suspect fled the scene.
2312,KSP/2024/4677,2024-04-26,91,2,3,13.022078,77.546699,Patrol unit responded to property theft call. One suspect apprehended.
2313,KSP/2023/2249,2023-04-17,48,13,2,12.965744,77.587303,Complainant reported missing persons at Whitefield. Suspect fled the scene.
2314,KSP/2025/8134,2025-03-03,70,12,4,12.941434,77.620637,Patrol unit responded to communal offences call. One suspect apprehended.
2315,KSP/2022/9697,2022-11-20,42,8,3,12.909339,77.642928,Patrol unit responded to fraud & cheating call. One suspect apprehended.
2316,KSP/2023/7361,2023-02-19,23,5,5,12.900648,77.653281,Complainant reported narcotics at KR Market. Suspect fled the scene.
2317,KSP/2026/6139,2026-06-18,67,9,2,12.94997,77.617824,unlawful assembly reported near Koramangala. CCTV footage under review.
2318,KSP/2025/2945,2025-05-25,77,6,5,12.978425,77.589859,Anonymous tip received regarding murder. Investigation initiated.
2319,KSP/2023/3372,2023-03-14,23,8,3,12.968893,77.603663,fraud & cheating reported near Mysuru Road. CCTV footage under review.
2320,KSP/2024/5144,2024-06-02,69,2,3,12.973932,77.612324,FIR lodged following property theft incident. Victim sustained minor injuries.
2321,KSP/2026/2833,2026-05-07,12,4,4,13.006609,77.63696,Patrol unit responded to assault & violence call. One suspect apprehended.
2322,KSP/2024/9631,2024-05-12,13,8,3,12.854358,77.697828,Patrol unit responded to fraud & cheating call. One suspect apprehended.
2323,KSP/2022/8077,2022-03-03,55,10,2,12.94288,77.647721,Complainant reported eve teasing at Koramangala. Suspect fled the scene.
2324,KSP/2022/4222,2022-07-13,96,7,5,12.989281,77.556533,Complainant reported robbery & dacoity at Jayanagar. Suspect fled the scene.
2325,KSP/2022/1760,2022-10-27,42,3,3,12.960471,77.747255,Complainant reported vehicle theft at Jayanagar. Suspect fled the scene.
2326,KSP/2022/3651,2022-01-06,54,13,2,13.000073,77.586149,Anonymous tip received regarding missing persons. Investigation initiated.
2327,KSP/2022/7522,2022-07-14,69,13,2,12.829534,77.66067,Complainant reported missing persons at Yelahanka. Suspect fled the scene.
2328,KSP/2024/4388,2024-01-29,65,11,3,12.956115,77.598848,FIR lodged following land disputes incident. Victim sustained minor injuries.
2329,KSP/2023/2364,2023-10-29,65,10,2,12.979164,77.713051,eve teasing reported near Malleshwaram. CCTV footage under review.
2330,KSP/2025/8452,2025-06-04,14,6,5,12.958857,77.58084,FIR lodged following murder incident. Victim sustained minor injuries.
2331,KSP/2022/9287,2022-08-20,21,4,4,12.846923,77.675436,FIR lodged following assault & violence incident. Victim sustained minor injuries.
2332,KSP/2026/4061,2026-04-28,60,4,4,12.970485,77.602871,FIR lodged following assault & violence incident. Victim sustained minor injuries.
2333,KSP/2022/9077,2022-03-03,50,12,4,13.005742,77.586614,communal offences reported near Yelahanka. CCTV footage under review.
2334,KSP/2023/9818,2023-06-04,67,2,3,12.972434,77.570568,Complainant reported property theft at BTM Layout. Suspect fled the scene.
2335,KSP/2023/8284,2023-01-31,53,2,3,13.019153,77.576593,property theft reported near HSR Layout. CCTV footage under review.
2336,KSP/2025/5046,2025-07-25,70,2,3,12.905247,77.636851,Patrol unit responded to property theft call. One suspect apprehended.
2337,KSP/2022/7402,2022-02-21,49,11,3,12.945377,77.75,FIR lodged following land disputes incident. Victim sustained minor injuries.
2338,KSP/2023/2543,2023-06-15,18,7,5,12.998086,77.628742,Patrol unit responded to robbery & dacoity call. One suspect apprehended.
2339,KSP/2023/4662,2023-05-20,78,6,5,12.960856,77.593732,Anonymous tip received regarding murder. Investigation initiated.
2340,KSP/2024/1368,2024-07-14,57,5,5,12.953119,77.730625,FIR lodged following narcotics incident. Victim sustained minor injuries.
2341,KSP/2024/8174,2024-08-04,74,5,5,12.936639,77.609109,Complainant reported narcotics at Mysuru Road. Suspect fled the scene.
2342,KSP/2025/9159,2025-11-21,33,10,2,12.917605,77.61722,Anonymous tip received regarding eve teasing. Investigation initiated.
2343,KSP/2024/4170,2024-05-06,78,9,2,13.029048,77.541104,Complainant reported unlawful assembly at Electronic City. Suspect fled the scene.
2344,KSP/2024/6625,2024-06-16,27,13,2,12.972698,77.650851,missing persons reported near Electronic City. CCTV footage under review.
2345,KSP/2025/9744,2025-03-29,4,7,5,12.842459,77.670345,Anonymous tip received regarding robbery & dacoity. Investigation initiated.
2346,KSP/2026/6352,2026-05-19,22,5,5,12.972181,77.741161,narcotics reported near KR Market. CCTV footage under review.
2347,KSP/2025/7557,2025-11-26,38,2,3,12.92483,77.652964,Complainant reported property theft at Malleshwaram. Suspect fled the scene.
2348,KSP/2024/6874,2024-04-20,67,9,2,12.928686,77.652132,Patrol unit responded to unlawful assembly call. One suspect apprehended.
2349,KSP/2023/8904,2023-08-14,40,2,3,12.958273,77.60073,Complainant reported property theft at Jayanagar. Suspect fled the scene.
2350,KSP/2026/2736,2026-01-11,71,11,3,12.84155,77.6971,Anonymous tip received regarding land disputes. Investigation initiated.
2351,KSP/2025/1774,2025-10-21,1,6,5,13.01072,77.628502,Anonymous tip received regarding murder. Investigation initiated.
2352,KSP/2025/6830,2025-06-07,83,4,4,13.017085,77.526109,Complainant reported assault & violence at HSR Layout. Suspect fled the scene.
2353,KSP/2022/4138,2022-10-29,57,4,4,12.924132,77.645439,Patrol unit responded to assault & violence call. One suspect apprehended.
2354,KSP/2025/9235,2025-10-26,98,15,5,13.031799,77.543463,Patrol unit responded to child offences call. One suspect apprehended.
2355,KSP/2026/1572,2026-01-06,4,8,3,12.997471,77.58092,FIR lodged following fraud & cheating incident. Victim sustained minor injuries.
2356,KSP/2023/5446,2023-01-17,38,2,3,12.961762,77.593784,Complainant reported property theft at Koramangala. Suspect fled the scene.
2357,KSP/2022/5493,2022-05-15,86,5,5,13.02367,77.63484,narcotics reported near Yelahanka. CCTV footage under review.
2358,KSP/2025/1632,2025-03-08,49,6,5,12.982216,77.741161,FIR lodged following murder incident. Victim sustained minor injuries.
2359,KSP/2025/6167,2025-09-17,55,3,3,13.014449,77.602059,vehicle theft reported near Whitefield. CCTV footage under review.
2360,KSP/2022/4530,2022-01-25,82,12,4,12.980553,77.601081,Anonymous tip received regarding communal offences. Investigation initiated.
2361,KSP/2024/5973,2024-08-12,70,10,2,12.978906,77.596019,eve teasing reported near Malleshwaram. CCTV footage under review.
2362,KSP/2025/2579,2025-09-19,30,5,5,12.952594,77.647655,Anonymous tip received regarding narcotics. Investigation initiated.
2363,KSP/2023/6696,2023-03-03,28,9,2,12.963616,77.75,Anonymous tip received regarding unlawful assembly. Investigation initiated.
2364,KSP/2022/3092,2022-01-11,85,2,3,13.003052,77.564592,FIR lodged following property theft incident. Victim sustained minor injuries.
2365,KSP/2026/3345,2026-01-07,82,3,3,12.995065,77.569271,FIR lodged following vehicle theft incident. Victim sustained minor injuries.
2366,KSP/2024/6259,2024-02-05,92,15,5,12.92456,77.629871,Patrol unit responded to child offences call. One suspect apprehended.
2367,KSP/2024/6673,2024-08-06,18,11,3,12.849371,77.694478,FIR lodged following land disputes incident. Victim sustained minor injuries.
2368,KSP/2024/2376,2024-10-15,58,11,3,12.935468,77.75,land disputes reported near Jayanagar. CCTV footage under review.
2369,KSP/2022/2519,2022-05-27,34,2,3,12.997541,77.75,Anonymous tip received regarding property theft. Investigation initiated.
2370,KSP/2023/3312,2023-10-30,39,8,3,12.944689,77.75,Anonymous tip received regarding fraud & cheating. Investigation initiated.
2371,KSP/2022/6839,2022-12-15,75,8,3,12.934183,77.60017,fraud & cheating reported near MG Road. CCTV footage under review.
2372,KSP/2024/1600,2024-06-18,43,5,5,12.950976,77.635679,Patrol unit responded to narcotics call. One suspect apprehended.
2373,KSP/2023/2124,2023-11-08,89,4,4,12.944908,77.62637,assault & violence reported near MG Road. CCTV footage under review.
2374,KSP/2023/9404,2023-07-21,61,4,4,12.939849,77.637304,assault & violence reported near KR Market. CCTV footage under review.
2375,KSP/2024/9901,2024-12-31,61,9,2,12.917277,77.632301,FIR lodged following unlawful assembly incident. Victim sustained minor injuries.
2376,KSP/2022/3002,2022-07-14,57,3,3,12.966798,77.603969,Anonymous tip received regarding vehicle theft. Investigation initiated.
2377,KSP/2024/9386,2024-10-14,7,11,3,12.974896,77.740864,FIR lodged following land disputes incident. Victim sustained minor injuries.
2378,KSP/2026/5574,2026-01-26,49,2,3,12.85222,77.686855,FIR lodged following property theft incident. Victim sustained minor injuries.
2379,KSP/2023/7512,2023-05-21,76,9,2,12.976299,77.585158,Patrol unit responded to unlawful assembly call. One suspect apprehended.
2380,KSP/2023/5209,2023-03-01,49,14,3,13.014389,77.647143,Patrol unit responded to domestic violence call. One suspect apprehended.
2381,KSP/2022/1790,2022-04-01,69,10,2,12.983294,77.747472,Complainant reported eve teasing at MG Road. Suspect fled the scene.
2382,KSP/2023/2559,2023-12-28,91,10,2,12.970184,77.75,Anonymous tip received regarding eve teasing. Investigation initiated.
2383,KSP/2024/5830,2024-06-12,50,2,3,12.833478,77.66636,FIR lodged following property theft incident. Victim sustained minor injuries.
2384,KSP/2025/8176,2025-11-23,22,5,5,13.012088,77.607568,Patrol unit responded to narcotics call. One suspect apprehended.
2385,KSP/2024/9518,2024-10-17,17,9,2,12.924106,77.621829,Patrol unit responded to unlawful assembly call. One suspect apprehended.
2386,KSP/2023/8581,2023-03-22,94,14,3,12.992676,77.575931,Complainant reported domestic violence at Yelahanka. Suspect fled the scene.
2387,KSP/2022/9664,2022-08-18,70,9,2,13.010738,77.53293,FIR lodged following unlawful assembly incident. Victim sustained minor injuries.
2388,KSP/2025/9669,2025-12-06,39,3,3,12.860343,77.652251,Complainant reported vehicle theft at Jayanagar. Suspect fled the scene.
2389,KSP/2024/9132,2024-04-06,98,14,3,12.97255,77.613224,FIR lodged following domestic violence incident. Victim sustained minor injuries.
2390,KSP/2022/4565,2022-09-15,82,13,2,12.921041,77.636032,FIR lodged following missing persons incident. Victim sustained minor injuries.
2391,KSP/2022/5026,2022-12-21,79,1,4,12.926474,77.637928,Complainant reported cyber crime at HSR Layout. Suspect fled the scene.
2392,KSP/2024/1371,2024-11-11,95,15,5,12.923523,77.621598,Patrol unit responded to child offences call. One suspect apprehended.
2393,KSP/2023/8667,2023-06-03,74,13,2,13.041111,77.529499,Complainant reported missing persons at Yelahanka. Suspect fled the scene.
2394,KSP/2025/4621,2025-08-07,48,1,4,12.955133,77.744064,Patrol unit responded to cyber crime call. One suspect apprehended.
2395,KSP/2022/1194,2022-03-06,99,2,3,12.953137,77.6564,property theft reported near Bannerghatta Road. CCTV footage under review.
2396,KSP/2023/4950,2023-01-13,75,13,2,12.980323,77.75,Complainant reported missing persons at HSR Layout. Suspect fled the scene.
2397,KSP/2026/6163,2026-01-13,45,2,3,12.980666,77.601138,Anonymous tip received regarding property theft. Investigation initiated.
2398,KSP/2024/2655,2024-10-16,65,2,3,12.995051,77.581374,Patrol unit responded to property theft call. One suspect apprehended.
2399,KSP/2024/8553,2024-07-19,27,11,3,12.957124,77.62184,FIR lodged following land disputes incident. Victim sustained minor injuries.
2400,KSP/2026/7587,2026-03-22,18,7,5,12.934353,77.639035,FIR lodged following robbery & dacoity incident. Victim sustained minor injuries.
2401,KSP/2025/4424,2025-05-30,46,14,3,12.965029,77.577941,Patrol unit responded to domestic violence call. One suspect apprehended.
2402,KSP/2024/7008,2024-09-26,82,4,4,12.833939,77.656806,assault & violence reported near MG Road. CCTV footage under review.
2403,KSP/2025/8984,2025-04-13,73,15,5,12.935704,77.646249,child offences reported near Koramangala. CCTV footage under review.
2404,KSP/2024/1697,2024-06-20,85,3,3,12.974769,77.745068,FIR lodged following vehicle theft incident. Victim sustained minor injuries.
2405,KSP/2025/9924,2025-11-20,77,3,3,12.936289,77.641776,Complainant reported vehicle theft at Whitefield. Suspect fled the scene.
2406,KSP/2024/9539,2024-02-14,11,8,3,12.988951,77.581007,Anonymous tip received regarding fraud & cheating. Investigation initiated.
2407,KSP/2025/2717,2025-07-04,80,7,5,12.997083,77.617002,Complainant reported robbery & dacoity at KR Market. Suspect fled the scene.
2408,KSP/2023/5908,2023-09-29,53,15,5,12.955393,77.617769,Anonymous tip received regarding child offences. Investigation initiated.
2409,KSP/2023/1020,2023-08-10,18,13,2,12.96619,77.600126,Patrol unit responded to missing persons call. One suspect apprehended.
2410,KSP/2023/9341,2023-10-10,14,9,2,12.974272,77.624454,unlawful assembly reported near Whitefield. CCTV footage under review.
2411,KSP/2023/4463,2023-12-16,3,5,5,12.974839,77.614589,Patrol unit responded to narcotics call. One suspect apprehended.
2412,KSP/2024/1058,2024-03-19,73,10,2,12.856748,77.681884,Patrol unit responded to eve teasing call. One suspect apprehended.
2413,KSP/2026/5417,2026-05-01,41,3,3,12.936229,77.612431,vehicle theft reported near Mysuru Road. CCTV footage under review.
2414,KSP/2024/8433,2024-10-18,18,12,4,12.976601,77.741209,Patrol unit responded to communal offences call. One suspect apprehended.
2415,KSP/2025/2963,2025-08-12,14,13,2,12.970611,77.604474,Patrol unit responded to missing persons call. One suspect apprehended.
2416,KSP/2022/4412,2022-04-20,76,12,4,12.971154,77.616587,FIR lodged following communal offences incident. Victim sustained minor injuries.
2417,KSP/2025/6884,2025-12-30,66,9,2,12.951255,77.631448,unlawful assembly reported near BTM Layout. CCTV footage under review.
2418,KSP/2025/2544,2025-10-28,30,4,4,12.954837,77.621504,Complainant reported assault & violence at Hebbal. Suspect fled the scene.
2419,KSP/2024/7867,2024-12-20,3,11,3,12.834638,77.671889,FIR lodged following land disputes incident. Victim sustained minor injuries.
2420,KSP/2023/2111,2023-06-03,84,3,3,12.979473,77.603333,Complainant reported vehicle theft at Hebbal. Suspect fled the scene.
2421,KSP/2022/8566,2022-04-19,18,13,2,12.910688,77.656285,Anonymous tip received regarding missing persons. Investigation initiated.
2422,KSP/2026/5458,2026-03-18,13,1,4,12.994683,77.582071,Patrol unit responded to cyber crime call. One suspect apprehended.
2423,KSP/2022/8908,2022-08-22,92,9,2,12.953563,77.613512,Complainant reported unlawful assembly at HSR Layout. Suspect fled the scene.
2424,KSP/2024/1461,2024-05-10,76,10,2,12.966031,77.58834,Patrol unit responded to eve teasing call. One suspect apprehended.
2425,KSP/2024/4353,2024-03-05,24,11,3,12.848585,77.689117,Patrol unit responded to land disputes call. One suspect apprehended.
2426,KSP/2023/1229,2023-03-24,34,3,3,12.958972,77.594917,FIR lodged following vehicle theft incident. Victim sustained minor injuries.
2427,KSP/2022/1845,2022-11-06,5,13,2,12.985731,77.571819,Complainant reported missing persons at Electronic City. Suspect fled the scene.
2428,KSP/2023/1196,2023-10-31,20,3,3,12.949,77.75,Complainant reported vehicle theft at Yelahanka. Suspect fled the scene.
2429,KSP/2023/6492,2023-04-16,100,9,2,12.932277,77.620325,Complainant reported unlawful assembly at KR Market. Suspect fled the scene.
2430,KSP/2022/4220,2022-08-06,53,13,2,12.977581,77.727215,Patrol unit responded to missing persons call. One suspect apprehended.
2431,KSP/2024/2569,2024-08-30,64,15,5,12.85664,77.678051,Complainant reported child offences at KR Market. Suspect fled the scene.
2432,KSP/2022/8560,2022-03-22,12,4,4,12.981358,77.712697,assault & violence reported near Koramangala. CCTV footage under review.
2433,KSP/2022/9856,2022-10-18,49,3,3,12.984794,77.572407,Complainant reported vehicle theft at Koramangala. Suspect fled the scene.
2434,KSP/2025/4041,2025-04-26,16,9,2,12.984141,77.581018,unlawful assembly reported near Whitefield. CCTV footage under review.
2435,KSP/2024/2832,2024-05-17,64,1,4,12.946306,77.670995,cyber crime reported near Mysuru Road. CCTV footage under review.
2436,KSP/2026/5207,2026-01-12,40,2,3,12.98535,77.558378,Complainant reported property theft at Yelahanka. Suspect fled the scene.
2437,KSP/2024/3158,2024-07-25,24,4,4,12.99935,77.590805,Anonymous tip received regarding assault & violence. Investigation initiated.
2438,KSP/2023/5421,2023-07-17,97,6,5,12.964915,77.599632,FIR lodged following murder incident. Victim sustained minor injuries.
2439,KSP/2022/5998,2022-02-22,95,2,3,13.028996,77.608582,Patrol unit responded to property theft call. One suspect apprehended.
2440,KSP/2022/3992,2022-03-12,54,13,2,12.950663,77.641511,FIR lodged following missing persons incident. Victim sustained minor injuries.
2441,KSP/2026/8628,2026-01-01,78,10,2,12.997965,77.75,eve teasing reported near MG Road. CCTV footage under review.
2442,KSP/2023/6883,2023-02-21,75,13,2,13.029396,77.586013,Anonymous tip received regarding missing persons. Investigation initiated.
2443,KSP/2022/2489,2022-12-10,22,9,2,12.978501,77.596236,Anonymous tip received regarding unlawful assembly. Investigation initiated.
2444,KSP/2024/9779,2024-06-06,53,13,2,12.819054,77.691243,Patrol unit responded to missing persons call. One suspect apprehended.
2445,KSP/2026/4504,2026-05-15,60,4,4,12.848286,77.645301,assault & violence reported near Whitefield. CCTV footage under review.
2446,KSP/2024/1387,2024-08-27,66,7,5,12.989883,77.595712,robbery & dacoity reported near Hebbal. CCTV footage under review.
2447,KSP/2022/9039,2022-12-07,38,12,4,12.947222,77.715599,Patrol unit responded to communal offences call. One suspect apprehended.
2448,KSP/2022/9668,2022-06-06,99,10,2,12.850791,77.683511,eve teasing reported near HSR Layout. CCTV footage under review.
2449,KSP/2023/6341,2023-02-02,30,14,3,12.979987,77.643879,FIR lodged following domestic violence incident. Victim sustained minor injuries.
2450,KSP/2022/2921,2022-05-02,29,5,5,12.960686,77.613511,Patrol unit responded to narcotics call. One suspect apprehended.
2451,KSP/2023/2080,2023-04-05,22,10,2,12.928541,77.63899,Complainant reported eve teasing at Whitefield. Suspect fled the scene.
2452,KSP/2022/1024,2022-02-15,27,3,3,12.980375,77.557241,Anonymous tip received regarding vehicle theft. Investigation initiated.
2453,KSP/2025/5779,2025-03-16,96,12,4,12.990359,77.597044,FIR lodged following communal offences incident. Victim sustained minor injuries.
2454,KSP/2022/9537,2022-01-16,74,11,3,12.970291,77.75,Complainant reported land disputes at Electronic City. Suspect fled the scene.
2455,KSP/2025/2512,2025-06-16,50,12,4,12.849555,77.683125,Complainant reported communal offences at KR Market. Suspect fled the scene.
2456,KSP/2026/9715,2026-03-17,99,9,2,12.996328,77.588976,FIR lodged following unlawful assembly incident. Victim sustained minor injuries.
2457,KSP/2022/6518,2022-01-28,39,10,2,12.934248,77.620063,Patrol unit responded to eve teasing call. One suspect apprehended.
2458,KSP/2025/7365,2025-08-14,32,9,2,12.985613,77.654546,unlawful assembly reported near Hebbal. CCTV footage under review.
2459,KSP/2026/4590,2026-05-20,32,1,4,12.947978,77.57817,Anonymous tip received regarding cyber crime. Investigation initiated.
2460,KSP/2025/9575,2025-10-16,11,8,3,12.908105,77.638933,Complainant reported fraud & cheating at MG Road. Suspect fled the scene.
2461,KSP/2024/3318,2024-03-16,98,6,5,13.008257,77.546096,Anonymous tip received regarding murder. Investigation initiated.
2462,KSP/2024/6947,2024-03-18,27,10,2,12.961687,77.642325,Complainant reported eve teasing at MG Road. Suspect fled the scene.
2463,KSP/2024/5102,2024-09-26,37,6,5,12.97264,77.609126,murder reported near HSR Layout. CCTV footage under review.
2464,KSP/2023/1959,2023-04-06,71,10,2,13.000416,77.567917,Complainant reported eve teasing at MG Road. Suspect fled the scene.
2465,KSP/2022/3257,2022-10-12,84,3,3,12.905048,77.62311,Patrol unit responded to vehicle theft call. One suspect apprehended.
2466,KSP/2022/3305,2022-01-04,5,4,4,12.946147,77.618699,FIR lodged following assault & violence incident. Victim sustained minor injuries.
2467,KSP/2024/4725,2024-10-05,46,9,2,12.945781,77.629481,FIR lodged following unlawful assembly incident. Victim sustained minor injuries.
2468,KSP/2023/1285,2023-11-22,2,10,2,12.961899,77.641321,Anonymous tip received regarding eve teasing. Investigation initiated.
2469,KSP/2023/6439,2023-03-10,14,5,5,12.992947,77.609049,Patrol unit responded to narcotics call. One suspect apprehended.
2470,KSP/2024/1293,2024-10-14,37,9,2,13.041337,77.543018,Anonymous tip received regarding unlawful assembly. Investigation initiated.
2471,KSP/2025/4589,2025-12-14,8,11,3,12.912865,77.652508,Patrol unit responded to land disputes call. One suspect apprehended.
2472,KSP/2024/8508,2024-01-23,12,5,5,12.9772,77.75,Patrol unit responded to narcotics call. One suspect apprehended.
2473,KSP/2023/7999,2023-01-31,9,1,4,12.989744,77.570676,Patrol unit responded to cyber crime call. One suspect apprehended.
2474,KSP/2025/8035,2025-03-08,56,6,5,12.964983,77.584881,Complainant reported murder at Yelahanka. Suspect fled the scene.
2475,KSP/2024/1753,2024-03-14,40,12,4,12.988329,77.578196,Anonymous tip received regarding communal offences. Investigation initiated.
2476,KSP/2023/1412,2023-11-11,14,10,2,12.925488,77.647892,Anonymous tip received regarding eve teasing. Investigation initiated.
2477,KSP/2023/3439,2023-09-29,34,10,2,12.987425,77.75,Anonymous tip received regarding eve teasing. Investigation initiated.
2478,KSP/2025/3673,2025-06-27,41,4,4,12.824523,77.685221,Patrol unit responded to assault & violence call. One suspect apprehended.
2479,KSP/2023/1062,2023-07-24,66,12,4,13.001664,77.591844,communal offences reported near Yelahanka. CCTV footage under review.
2480,KSP/2025/5522,2025-05-28,10,7,5,12.982553,77.717235,FIR lodged following robbery & dacoity incident. Victim sustained minor injuries.
2481,KSP/2025/5807,2025-10-05,61,15,5,12.972797,77.569717,Patrol unit responded to child offences call. One suspect apprehended.
2482,KSP/2023/1598,2023-10-08,53,8,3,12.97444,77.599052,Anonymous tip received regarding fraud & cheating. Investigation initiated.
2483,KSP/2026/3057,2026-02-10,31,15,5,12.95396,77.593461,Anonymous tip received regarding child offences. Investigation initiated.
2484,KSP/2025/3496,2025-07-26,15,6,5,12.977055,77.612021,murder reported near Electronic City. CCTV footage under review.
2485,KSP/2025/5207,2025-01-11,74,3,3,12.950997,77.727969,FIR lodged following vehicle theft incident. Victim sustained minor injuries.
2486,KSP/2024/3027,2024-05-29,13,12,4,12.953031,77.60815,Complainant reported communal offences at Mysuru Road. Suspect fled the scene.
2487,KSP/2022/8595,2022-09-07,32,11,3,12.842748,77.658347,Patrol unit responded to land disputes call. One suspect apprehended.
2488,KSP/2024/3928,2024-06-12,93,1,4,13.022909,77.561662,Patrol unit responded to cyber crime call. One suspect apprehended.
2489,KSP/2022/5254,2022-03-14,100,2,3,12.921814,77.616391,property theft reported near Malleshwaram. CCTV footage under review.
2490,KSP/2023/7079,2023-07-19,40,1,4,12.97918,77.596842,Complainant reported cyber crime at Whitefield. Suspect fled the scene.
2491,KSP/2024/7577,2024-02-07,7,3,3,13.01099,77.591931,Complainant reported vehicle theft at MG Road. Suspect fled the scene.
2492,KSP/2024/2646,2024-01-15,92,6,5,12.988646,77.57976,murder reported near Whitefield. CCTV footage under review.
2493,KSP/2023/4303,2023-09-22,14,11,3,12.876695,77.679344,FIR lodged following land disputes incident. Victim sustained minor injuries.
2494,KSP/2022/5522,2022-06-03,5,10,2,12.822807,77.665814,Complainant reported eve teasing at MG Road. Suspect fled the scene.
2495,KSP/2022/9132,2022-12-29,96,14,3,12.990666,77.598903,FIR lodged following domestic violence incident. Victim sustained minor injuries.
2496,KSP/2022/7356,2022-05-22,20,2,3,12.961429,77.620971,Complainant reported property theft at BTM Layout. Suspect fled the scene.
2497,KSP/2022/2614,2022-06-08,75,12,4,13.001598,77.600998,Patrol unit responded to communal offences call. One suspect apprehended.
2498,KSP/2024/2973,2024-10-18,10,10,2,12.941735,77.618982,Anonymous tip received regarding eve teasing. Investigation initiated.
2499,KSP/2023/3727,2023-01-06,72,4,4,12.97286,77.75,Complainant reported assault & violence at Yelahanka. Suspect fled the scene.
2500,KSP/2026/8667,2026-01-05,77,9,2,12.886752,77.658595,FIR lodged following unlawful assembly incident. Victim sustained minor injuries.
2501,KSP/2022/9388,2022-11-25,15,12,4,12.954548,77.587238,communal offences reported near KR Market. CCTV footage under review.
2502,KSP/2023/7294,2023-09-23,33,12,4,12.939217,77.617687,Patrol unit responded to communal offences call. One suspect apprehended.
2503,KSP/2023/7868,2023-12-06,72,8,3,12.973143,77.576179,Complainant reported fraud & cheating at Yelahanka. Suspect fled the scene.
2504,KSP/2022/6765,2022-02-16,60,13,2,12.936814,77.651176,Patrol unit responded to missing persons call. One suspect apprehended.
2505,KSP/2024/3211,2024-06-29,28,13,2,12.956881,77.626512,FIR lodged following missing persons incident. Victim sustained minor injuries.
2506,KSP/2025/7298,2025-04-28,78,13,2,13.024649,77.643828,Patrol unit responded to missing persons call. One suspect apprehended.
2507,KSP/2025/7372,2025-05-22,57,11,3,12.959871,77.75,land disputes reported near KR Market. CCTV footage under review.
2508,KSP/2024/3327,2024-02-04,12,11,3,12.948619,77.75,Patrol unit responded to land disputes call. One suspect apprehended.
2509,KSP/2023/1072,2023-03-28,62,6,5,13.006837,77.552996,murder reported near MG Road. CCTV footage under review.
2510,KSP/2026/3564,2026-06-12,37,14,3,12.94839,77.638696,Anonymous tip received regarding domestic violence. Investigation initiated.
2511,KSP/2023/5727,2023-11-22,70,13,2,12.982912,77.560374,Patrol unit responded to missing persons call. One suspect apprehended.
2512,KSP/2022/2222,2022-11-29,2,13,2,12.935598,77.626613,missing persons reported near HSR Layout. CCTV footage under review.
2513,KSP/2022/6975,2022-08-10,98,6,5,12.984442,77.61869,murder reported near Yelahanka. CCTV footage under review.
2514,KSP/2024/6406,2024-02-01,30,13,2,12.830412,77.685038,FIR lodged following missing persons incident. Victim sustained minor injuries.
2515,KSP/2023/7891,2023-01-04,34,5,5,12.974383,77.594655,Anonymous tip received regarding narcotics. Investigation initiated.
2516,KSP/2025/8740,2025-08-11,32,12,4,12.944349,77.593647,Complainant reported communal offences at Jayanagar. Suspect fled the scene.
2517,KSP/2023/2251,2023-03-02,58,9,2,12.972606,77.720056,Patrol unit responded to unlawful assembly call. One suspect apprehended.
2518,KSP/2025/9301,2025-03-02,13,14,3,12.978726,77.75,Patrol unit responded to domestic violence call. One suspect apprehended.
2519,KSP/2022/3634,2022-05-22,30,6,5,12.950506,77.632059,Patrol unit responded to murder call. One suspect apprehended.
2520,KSP/2025/8578,2025-02-22,60,12,4,12.968069,77.606574,Anonymous tip received regarding communal offences. Investigation initiated.
2521,KSP/2023/8599,2023-09-25,16,3,3,12.966505,77.75,Complainant reported vehicle theft at Electronic City. Suspect fled the scene.
2522,KSP/2023/2002,2023-12-16,28,7,5,12.960507,77.622836,robbery & dacoity reported near BTM Layout. CCTV footage under review.
2523,KSP/2023/2194,2023-07-31,39,2,3,12.98807,77.74744,property theft reported near Hebbal. CCTV footage under review.
2524,KSP/2022/3830,2022-06-04,43,9,2,12.960632,77.75,FIR lodged following unlawful assembly incident. Victim sustained minor injuries.
2525,KSP/2023/9457,2023-04-04,39,4,4,12.983973,77.566012,assault & violence reported near Whitefield. CCTV footage under review.
2526,KSP/2025/4389,2025-10-15,19,15,5,12.927889,77.628019,child offences reported near BTM Layout. CCTV footage under review.
2527,KSP/2024/9986,2024-11-16,52,8,3,12.976785,77.585812,FIR lodged following fraud & cheating incident. Victim sustained minor injuries.
2528,KSP/2025/1853,2025-09-01,53,8,3,12.985121,77.58604,Patrol unit responded to fraud & cheating call. One suspect apprehended.
2529,KSP/2026/4829,2026-06-14,23,14,3,12.995303,77.562698,domestic violence reported near HSR Layout. CCTV footage under review.
2530,KSP/2022/1416,2022-01-19,88,1,4,12.962252,77.75,Anonymous tip received regarding cyber crime. Investigation initiated.
2531,KSP/2025/8362,2025-07-23,55,9,2,12.962344,77.623153,Complainant reported unlawful assembly at Jayanagar. Suspect fled the scene.
2532,KSP/2024/1946,2024-09-26,95,15,5,12.98108,77.600874,child offences reported near Yelahanka. CCTV footage under review.
2533,KSP/2024/8148,2024-12-05,10,8,3,12.816899,77.682389,Anonymous tip received regarding fraud & cheating. Investigation initiated.
2534,KSP/2024/8812,2024-03-17,27,10,2,12.911439,77.676113,FIR lodged following eve teasing incident. Victim sustained minor injuries.
2535,KSP/2023/3884,2023-07-15,23,13,2,13.006558,77.597685,Complainant reported missing persons at Bannerghatta Road. Suspect fled the scene.
2536,KSP/2025/9029,2025-12-15,55,14,3,12.991836,77.609951,Anonymous tip received regarding domestic violence. Investigation initiated.
2537,KSP/2024/9899,2024-07-04,48,10,2,13.017047,77.625581,FIR lodged following eve teasing incident. Victim sustained minor injuries.
2538,KSP/2023/3879,2023-12-24,14,2,3,12.95718,77.600827,Complainant reported property theft at Jayanagar. Suspect fled the scene.
2539,KSP/2023/3952,2023-07-11,96,13,2,13.029856,77.620982,FIR lodged following missing persons incident. Victim sustained minor injuries.
2540,KSP/2022/7512,2022-10-25,35,8,3,12.992789,77.61208,Anonymous tip received regarding fraud & cheating. Investigation initiated.
2541,KSP/2022/1316,2022-08-10,28,9,2,12.968602,77.596192,unlawful assembly reported near Yelahanka. CCTV footage under review.
2542,KSP/2022/1176,2022-05-03,5,13,2,12.986064,77.587098,Anonymous tip received regarding missing persons. Investigation initiated.
2543,KSP/2023/7172,2023-07-25,74,5,5,12.987152,77.633321,Anonymous tip received regarding narcotics. Investigation initiated.
2544,KSP/2024/4959,2024-05-15,72,4,4,12.974774,77.586333,assault & violence reported near Malleshwaram. CCTV footage under review.
2545,KSP/2024/3560,2024-10-07,45,1,4,12.953026,77.597713,Anonymous tip received regarding cyber crime. Investigation initiated.
2546,KSP/2023/3084,2023-11-12,60,10,2,12.853154,77.675885,Patrol unit responded to eve teasing call. One suspect apprehended.
2547,KSP/2022/2931,2022-09-28,50,11,3,12.9913,77.620793,FIR lodged following land disputes incident. Victim sustained minor injuries.
2548,KSP/2025/8052,2025-08-26,92,4,4,13.014062,77.575621,Complainant reported assault & violence at Whitefield. Suspect fled the scene.
2549,KSP/2023/5976,2023-06-01,46,8,3,12.965308,77.75,Patrol unit responded to fraud & cheating call. One suspect apprehended.
2550,KSP/2025/1009,2025-03-06,65,15,5,12.837588,77.70183,Complainant reported child offences at Yelahanka. Suspect fled the scene.
2551,KSP/2026/7763,2026-03-19,3,13,2,12.976101,77.735603,Anonymous tip received regarding missing persons. Investigation initiated.
2552,KSP/2023/3718,2023-06-18,24,3,3,12.822657,77.647798,Patrol unit responded to vehicle theft call. One suspect apprehended.
2553,KSP/2024/5579,2024-01-11,34,12,4,12.916007,77.614433,Patrol unit responded to communal offences call. One suspect apprehended.
2554,KSP/2023/5051,2023-05-03,27,9,2,12.902027,77.645299,Anonymous tip received regarding unlawful assembly. Investigation initiated.
2555,KSP/2023/6429,2023-04-24,45,3,3,13.010187,77.625593,Anonymous tip received regarding vehicle theft. Investigation initiated.
2556,KSP/2024/1547,2024-11-15,29,13,2,12.953733,77.5782,Anonymous tip received regarding missing persons. Investigation initiated.
2557,KSP/2024/4172,2024-06-03,97,13,2,12.850442,77.651845,FIR lodged following missing persons incident. Victim sustained minor injuries.
2558,KSP/2025/7991,2025-05-09,17,12,4,12.991108,77.632075,FIR lodged following communal offences incident. Victim sustained minor injuries.
2559,KSP/2023/5414,2023-12-18,97,1,4,12.920995,77.644896,Complainant reported cyber crime at Whitefield. Suspect fled the scene.
2560,KSP/2024/6129,2024-11-01,79,5,5,12.95734,77.586785,Patrol unit responded to narcotics call. One suspect apprehended.
2561,KSP/2026/2232,2026-03-23,62,10,2,12.979404,77.59749,eve teasing reported near Koramangala. CCTV footage under review.
2562,KSP/2022/5394,2022-02-16,83,8,3,12.838938,77.68244,fraud & cheating reported near Whitefield. CCTV footage under review.
2563,KSP/2022/3962,2022-10-31,51,2,3,12.955974,77.613899,Patrol unit responded to property theft call. One suspect apprehended.
2564,KSP/2025/5490,2025-05-30,61,8,3,13.00172,77.588501,FIR lodged following fraud & cheating incident. Victim sustained minor injuries.
2565,KSP/2024/3324,2024-02-22,90,6,5,12.988318,77.549169,murder reported near MG Road. CCTV footage under review.
2566,KSP/2023/3594,2023-12-12,85,1,4,13.041631,77.569732,Complainant reported cyber crime at KR Market. Suspect fled the scene.
2567,KSP/2024/3723,2024-04-20,91,12,4,12.93164,77.654856,Complainant reported communal offences at Koramangala. Suspect fled the scene.
2568,KSP/2022/5438,2022-01-31,27,2,3,12.971466,77.75,Anonymous tip received regarding property theft. Investigation initiated.
2569,KSP/2024/8235,2024-01-09,63,11,3,12.965447,77.591122,Complainant reported land disputes at Electronic City. Suspect fled the scene.
2570,KSP/2023/5117,2023-01-30,17,14,3,12.94594,77.637426,Anonymous tip received regarding domestic violence. Investigation initiated.
2571,KSP/2024/9842,2024-03-01,15,3,3,12.949003,77.587995,Anonymous tip received regarding vehicle theft. Investigation initiated.
2572,KSP/2026/8068,2026-02-09,64,10,2,13.002494,77.577546,eve teasing reported near KR Market. CCTV footage under review.
2573,KSP/2023/8045,2023-12-30,46,10,2,12.96328,77.649733,FIR lodged following eve teasing incident. Victim sustained minor injuries.
2574,KSP/2025/5748,2025-12-22,56,2,3,12.918458,77.64682,Patrol unit responded to property theft call. One suspect apprehended.
2575,KSP/2025/4147,2025-01-21,95,5,5,12.901105,77.66536,Patrol unit responded to narcotics call. One suspect apprehended.
2576,KSP/2026/3816,2026-01-24,3,9,2,13.003093,77.634526,FIR lodged following unlawful assembly incident. Victim sustained minor injuries.
2577,KSP/2023/4550,2023-06-07,100,12,4,12.953949,77.609646,Anonymous tip received regarding communal offences. Investigation initiated.
2578,KSP/2025/3605,2025-05-02,23,10,2,12.95139,77.75,FIR lodged following eve teasing incident. Victim sustained minor injuries.
2579,KSP/2024/5913,2024-12-31,58,3,3,12.97038,77.731391,vehicle theft reported near Whitefield. CCTV footage under review.
2580,KSP/2023/3777,2023-07-15,21,3,3,12.960111,77.743838,Complainant reported vehicle theft at MG Road. Suspect fled the scene.
2581,KSP/2022/7840,2022-02-05,51,4,4,12.971232,77.626239,Complainant reported assault & violence at HSR Layout. Suspect fled the scene.
2582,KSP/2022/1862,2022-01-01,75,3,3,13.004928,77.583809,Anonymous tip received regarding vehicle theft. Investigation initiated.
2583,KSP/2022/4794,2022-05-03,79,7,5,13.001849,77.618815,Complainant reported robbery & dacoity at Bannerghatta Road. Suspect fled the scene.
2584,KSP/2025/3910,2025-02-25,18,2,3,12.999112,77.585343,FIR lodged following property theft incident. Victim sustained minor injuries.
2585,KSP/2023/1766,2023-11-22,54,3,3,12.990505,77.660354,vehicle theft reported near KR Market. CCTV footage under review.
2586,KSP/2022/5603,2022-04-26,52,15,5,13.020727,77.633575,Anonymous tip received regarding child offences. Investigation initiated.
2587,KSP/2026/7404,2026-01-12,37,2,3,12.996789,77.565165,property theft reported near Whitefield. CCTV footage under review.
2588,KSP/2024/3842,2024-10-08,26,4,4,12.937206,77.623697,FIR lodged following assault & violence incident. Victim sustained minor injuries.
2589,KSP/2023/4247,2023-11-24,53,5,5,12.981733,77.575068,Complainant reported narcotics at Koramangala. Suspect fled the scene.
2590,KSP/2022/3248,2022-10-17,26,2,3,13.024869,77.539799,property theft reported near Hebbal. CCTV footage under review.
2591,KSP/2022/3927,2022-12-28,60,11,3,12.965299,77.75,FIR lodged following land disputes incident. Victim sustained minor injuries.
2592,KSP/2025/4414,2025-07-29,33,8,3,12.893115,77.647504,Complainant reported fraud & cheating at Malleshwaram. Suspect fled the scene.
2593,KSP/2025/6370,2025-08-24,44,10,2,13.003174,77.602808,Complainant reported eve teasing at Yelahanka. Suspect fled the scene.
2594,KSP/2026/4093,2026-03-17,23,2,3,12.846233,77.677791,Patrol unit responded to property theft call. One suspect apprehended.
2595,KSP/2023/5368,2023-11-13,99,5,5,12.984911,77.598879,narcotics reported near Hebbal. CCTV footage under review.
2596,KSP/2025/4217,2025-08-23,65,5,5,12.995832,77.590334,Anonymous tip received regarding narcotics. Investigation initiated.
2597,KSP/2022/5807,2022-02-03,99,13,2,12.815837,77.685047,FIR lodged following missing persons incident. Victim sustained minor injuries.
2598,KSP/2025/1679,2025-07-22,36,9,2,12.971662,77.597548,Patrol unit responded to unlawful assembly call. One suspect apprehended.
2599,KSP/2024/1198,2024-04-07,1,11,3,12.94731,77.592193,Complainant reported land disputes at BTM Layout. Suspect fled the scene.
2600,KSP/2024/5389,2024-08-30,23,10,2,12.990616,77.592272,eve teasing reported near Bannerghatta Road. CCTV footage under review.
2601,KSP/2022/4610,2022-02-19,62,2,3,12.992546,77.605987,Complainant reported property theft at HSR Layout. Suspect fled the scene.
2602,KSP/2025/4639,2025-06-29,59,9,2,12.964321,77.612838,Complainant reported unlawful assembly at Hebbal. Suspect fled the scene.
2603,KSP/2022/7146,2022-06-09,11,9,2,12.909224,77.660333,unlawful assembly reported near Bannerghatta Road. CCTV footage under review.
2604,KSP/2025/8657,2025-07-15,17,9,2,12.918113,77.600406,Anonymous tip received regarding unlawful assembly. Investigation initiated.
2605,KSP/2022/5864,2022-07-28,89,11,3,12.971731,77.75,Anonymous tip received regarding land disputes. Investigation initiated.
2606,KSP/2022/8418,2022-04-15,61,2,3,12.94937,77.747641,Complainant reported property theft at Whitefield. Suspect fled the scene.
2607,KSP/2026/1671,2026-05-26,90,14,3,12.972837,77.592732,Anonymous tip received regarding domestic violence. Investigation initiated.
2608,KSP/2024/8018,2024-01-04,5,8,3,12.957181,77.638841,Anonymous tip received regarding fraud & cheating. Investigation initiated.
2609,KSP/2025/5024,2025-08-12,28,6,5,12.967151,77.578963,Patrol unit responded to murder call. One suspect apprehended.
2610,KSP/2025/2970,2025-06-10,71,1,4,12.925598,77.6283,cyber crime reported near Bannerghatta Road. CCTV footage under review.
2611,KSP/2026/5607,2026-01-16,100,14,3,12.982064,77.621287,Patrol unit responded to domestic violence call. One suspect apprehended.
2612,KSP/2026/4572,2026-04-25,65,2,3,12.953782,77.593265,property theft reported near Jayanagar. CCTV footage under review.
2613,KSP/2026/7794,2026-01-02,27,12,4,13.023462,77.546669,FIR lodged following communal offences incident. Victim sustained minor injuries.
2614,KSP/2026/1394,2026-04-14,95,5,5,12.952373,77.618226,narcotics reported near Malleshwaram. CCTV footage under review.
2615,KSP/2024/3277,2024-07-29,16,13,2,12.94111,77.617832,Patrol unit responded to missing persons call. One suspect apprehended.
2616,KSP/2022/8254,2022-08-30,4,11,3,12.960083,77.579178,Patrol unit responded to land disputes call. One suspect apprehended.
2617,KSP/2025/1242,2025-06-03,61,7,5,12.989285,77.585633,FIR lodged following robbery & dacoity incident. Victim sustained minor injuries.
2618,KSP/2026/9790,2026-05-01,21,3,3,12.937678,77.62748,Patrol unit responded to vehicle theft call. One suspect apprehended.
2619,KSP/2023/2481,2023-09-27,59,9,2,12.828346,77.683477,FIR lodged following unlawful assembly incident. Victim sustained minor injuries.
2620,KSP/2024/3811,2024-08-14,52,12,4,12.882745,77.644106,Patrol unit responded to communal offences call. One suspect apprehended.
2621,KSP/2023/4889,2023-12-30,42,10,2,12.977879,77.616862,Complainant reported eve teasing at BTM Layout. Suspect fled the scene.
2622,KSP/2024/7857,2024-05-27,58,5,5,13.007622,77.618238,Anonymous tip received regarding narcotics. Investigation initiated.
2623,KSP/2025/7027,2025-09-26,34,1,4,12.978691,77.75,FIR lodged following cyber crime incident. Victim sustained minor injuries.
2624,KSP/2026/5019,2026-05-12,7,15,5,12.946739,77.621428,Anonymous tip received regarding child offences. Investigation initiated.
2625,KSP/2022/9827,2022-08-23,15,11,3,12.950352,77.613853,land disputes reported near Bannerghatta Road. CCTV footage under review.
2626,KSP/2025/4633,2025-03-17,87,8,3,12.948509,77.617972,Anonymous tip received regarding fraud & cheating. Investigation initiated.
2627,KSP/2022/5138,2022-06-10,99,2,3,12.880506,77.644814,Complainant reported property theft at Malleshwaram. Suspect fled the scene.
2628,KSP/2026/1024,2026-05-07,26,10,2,13.008349,77.602733,Complainant reported eve teasing at Jayanagar. Suspect fled the scene.
2629,KSP/2023/5888,2023-04-30,6,14,3,12.993775,77.583305,domestic violence reported near BTM Layout. CCTV footage under review.
2630,KSP/2022/2074,2022-04-08,59,8,3,12.992325,77.5987,Patrol unit responded to fraud & cheating call. One suspect apprehended.
2631,KSP/2023/9627,2023-06-25,42,3,3,12.989922,77.625851,Anonymous tip received regarding vehicle theft. Investigation initiated.
2632,KSP/2026/6552,2026-05-24,73,12,4,12.981409,77.581217,Patrol unit responded to communal offences call. One suspect apprehended.
2633,KSP/2025/7930,2025-07-25,76,3,3,13.017411,77.546247,Patrol unit responded to vehicle theft call. One suspect apprehended.
2634,KSP/2022/8737,2022-12-09,52,11,3,13.001065,77.57019,FIR lodged following land disputes incident. Victim sustained minor injuries.
2635,KSP/2022/2966,2022-02-22,59,7,5,12.979456,77.596258,FIR lodged following robbery & dacoity incident. Victim sustained minor injuries.
2636,KSP/2023/5412,2023-08-28,28,1,4,13.00537,77.610274,Anonymous tip received regarding cyber crime. Investigation initiated.
2637,KSP/2024/8938,2024-02-26,1,6,5,12.833364,77.670021,Anonymous tip received regarding murder. Investigation initiated.
2638,KSP/2023/7126,2023-03-20,28,2,3,12.970978,77.567248,Anonymous tip received regarding property theft. Investigation initiated.
2639,KSP/2023/5073,2023-11-24,2,7,5,13.000501,77.612947,robbery & dacoity reported near Jayanagar. CCTV footage under review.
2640,KSP/2022/7172,2022-07-02,84,3,3,12.896163,77.643502,FIR lodged following vehicle theft incident. Victim sustained minor injuries.
2641,KSP/2025/6051,2025-03-12,6,12,4,12.982495,77.588457,Anonymous tip received regarding communal offences. Investigation initiated.
2642,KSP/2022/7016,2022-09-03,100,6,5,12.97682,77.595714,Patrol unit responded to murder call. One suspect apprehended.
2643,KSP/2024/3406,2024-04-25,16,14,3,13.051805,77.545451,Patrol unit responded to domestic violence call. One suspect apprehended.
2644,KSP/2026/7554,2026-05-28,53,6,5,12.973182,77.585258,Anonymous tip received regarding murder. Investigation initiated.
2645,KSP/2025/8595,2025-03-30,78,3,3,12.986855,77.618561,vehicle theft reported near Mysuru Road. CCTV footage under review.
2646,KSP/2023/6085,2023-02-06,73,12,4,12.993348,77.6309,Anonymous tip received regarding communal offences. Investigation initiated.
2647,KSP/2023/1827,2023-06-26,33,13,2,13.023661,77.602461,FIR lodged following missing persons incident. Victim sustained minor injuries.
2648,KSP/2023/7831,2023-02-05,51,3,3,12.950495,77.659554,Complainant reported vehicle theft at Malleshwaram. Suspect fled the scene.
2649,KSP/2023/7176,2023-07-04,79,2,3,12.953236,77.616208,FIR lodged following property theft incident. Victim sustained minor injuries.
2650,KSP/2023/9981,2023-04-25,32,15,5,12.93079,77.642952,Patrol unit responded to child offences call. One suspect apprehended.
2651,KSP/2025/8602,2025-05-27,91,4,4,12.987137,77.550109,Patrol unit responded to assault & violence call. One suspect apprehended.
2652,KSP/2022/5047,2022-02-08,33,9,2,12.821747,77.695811,Anonymous tip received regarding unlawful assembly. Investigation initiated.
2653,KSP/2024/4279,2024-02-07,78,9,2,12.997362,77.585785,Complainant reported unlawful assembly at Jayanagar. Suspect fled the scene.
2654,KSP/2023/1480,2023-01-27,1,9,2,12.976371,77.600918,unlawful assembly reported near KR Market. CCTV footage under review.
2655,KSP/2025/2103,2025-12-20,40,14,3,13.015454,77.619993,domestic violence reported near Whitefield. CCTV footage under review.
2656,KSP/2022/2936,2022-08-08,3,12,4,13.040079,77.526783,FIR lodged following communal offences incident. Victim sustained minor injuries.
2657,KSP/2025/9849,2025-12-31,56,4,4,12.95138,77.640233,FIR lodged following assault & violence incident. Victim sustained minor injuries.
2658,KSP/2023/6398,2023-02-25,80,10,2,12.953407,77.645905,Anonymous tip received regarding eve teasing. Investigation initiated.
2659,KSP/2024/8937,2024-11-12,55,15,5,13.030751,77.554261,FIR lodged following child offences incident. Victim sustained minor injuries.
2660,KSP/2025/9932,2025-05-29,5,8,3,13.038763,77.641541,FIR lodged following fraud & cheating incident. Victim sustained minor injuries.
2661,KSP/2022/6971,2022-01-14,32,10,2,12.953484,77.644592,Complainant reported eve teasing at Yelahanka. Suspect fled the scene.
2662,KSP/2026/6459,2026-06-23,62,10,2,12.960103,77.584376,eve teasing reported near HSR Layout. CCTV footage under review.
2663,KSP/2024/5061,2024-06-21,40,3,3,13.008529,77.569097,Complainant reported vehicle theft at Hebbal. Suspect fled the scene.
2664,KSP/2022/6173,2022-08-14,52,9,2,12.977154,77.603774,FIR lodged following unlawful assembly incident. Victim sustained minor injuries.
2665,KSP/2023/6728,2023-06-11,8,2,3,12.961698,77.595211,Complainant reported property theft at Yelahanka. Suspect fled the scene.
2666,KSP/2022/6464,2022-05-20,80,4,4,12.951919,77.584479,FIR lodged following assault & violence incident. Victim sustained minor injuries.
2667,KSP/2026/4440,2026-05-22,59,12,4,12.836419,77.657252,communal offences reported near Koramangala. CCTV footage under review.
2668,KSP/2024/5695,2024-08-22,71,1,4,12.980853,77.618649,Anonymous tip received regarding cyber crime. Investigation initiated.
2669,KSP/2025/4694,2025-07-16,41,10,2,12.986582,77.580142,FIR lodged following eve teasing incident. Victim sustained minor injuries.
2670,KSP/2026/2248,2026-01-01,100,15,5,12.92725,77.634764,child offences reported near Jayanagar. CCTV footage under review.
2671,KSP/2025/4914,2025-01-15,85,12,4,12.967712,77.595311,Complainant reported communal offences at Yelahanka. Suspect fled the scene.
2672,KSP/2025/1606,2025-04-06,78,3,3,12.928411,77.63421,FIR lodged following vehicle theft incident. Victim sustained minor injuries.
2673,KSP/2024/2295,2024-12-11,94,13,2,12.839408,77.677643,Patrol unit responded to missing persons call. One suspect apprehended.
2674,KSP/2024/6992,2024-04-22,32,12,4,12.98461,77.584534,Patrol unit responded to communal offences call. One suspect apprehended.
2675,KSP/2026/5670,2026-01-08,2,10,2,12.954228,77.607495,Complainant reported eve teasing at KR Market. Suspect fled the scene.
2676,KSP/2024/9840,2024-09-17,36,10,2,12.917528,77.627393,Anonymous tip received regarding eve teasing. Investigation initiated.
2677,KSP/2023/9841,2023-04-10,4,15,5,13.010289,77.653976,FIR lodged following child offences incident. Victim sustained minor injuries.
2678,KSP/2022/7090,2022-05-04,70,11,3,12.83294,77.682494,FIR lodged following land disputes incident. Victim sustained minor injuries.
2679,KSP/2022/9855,2022-03-07,2,9,2,13.014602,77.590482,unlawful assembly reported near Electronic City. CCTV footage under review.
2680,KSP/2025/8165,2025-04-02,91,3,3,12.959199,77.741344,Anonymous tip received regarding vehicle theft. Investigation initiated.
2681,KSP/2025/1909,2025-07-21,25,10,2,12.907627,77.636469,FIR lodged following eve teasing incident. Victim sustained minor injuries.
2682,KSP/2026/8077,2026-04-25,63,10,2,12.934937,77.627554,Complainant reported eve teasing at Mysuru Road. Suspect fled the scene.
2683,KSP/2022/1672,2022-05-13,87,1,4,12.976394,77.56943,Patrol unit responded to cyber crime call. One suspect apprehended.
2684,KSP/2024/2505,2024-05-26,26,11,3,12.825872,77.664611,FIR lodged following land disputes incident. Victim sustained minor injuries.
2685,KSP/2022/5516,2022-10-27,71,11,3,12.915451,77.636422,Anonymous tip received regarding land disputes. Investigation initiated.
2686,KSP/2023/7607,2023-08-03,5,6,5,12.979472,77.607539,Complainant reported murder at MG Road. Suspect fled the scene.
2687,KSP/2023/4700,2023-04-01,77,5,5,12.917195,77.583778,Complainant reported narcotics at Jayanagar. Suspect fled the scene.
2688,KSP/2025/8868,2025-02-02,93,14,3,12.985256,77.556541,Anonymous tip received regarding domestic violence. Investigation initiated.
2689,KSP/2023/8271,2023-03-04,97,11,3,12.974796,77.622904,FIR lodged following land disputes incident. Victim sustained minor injuries.
2690,KSP/2024/5461,2024-11-19,54,2,3,12.988424,77.75,FIR lodged following property theft incident. Victim sustained minor injuries.
2691,KSP/2025/6352,2025-06-19,90,13,2,12.923518,77.634479,FIR lodged following missing persons incident. Victim sustained minor injuries.
2692,KSP/2022/7297,2022-02-12,10,12,4,12.9807,77.75,FIR lodged following communal offences incident. Victim sustained minor injuries.
2693,KSP/2025/7361,2025-10-25,67,12,4,12.98167,77.75,Complainant reported communal offences at Koramangala. Suspect fled the scene.
2694,KSP/2022/4910,2022-05-10,56,7,5,12.975548,77.736048,robbery & dacoity reported near Malleshwaram. CCTV footage under review.
2695,KSP/2022/1131,2022-09-30,80,13,2,12.982496,77.75,missing persons reported near Hebbal. CCTV footage under review.
2696,KSP/2023/4887,2023-01-03,82,9,2,12.984269,77.579204,FIR lodged following unlawful assembly incident. Victim sustained minor injuries.
2697,KSP/2023/8537,2023-05-07,97,1,4,12.981375,77.75,FIR lodged following cyber crime incident. Victim sustained minor injuries.
2698,KSP/2022/4058,2022-12-15,51,7,5,12.926298,77.618247,Patrol unit responded to robbery & dacoity call. One suspect apprehended.
2699,KSP/2025/5837,2025-12-10,85,1,4,13.017451,77.550072,Anonymous tip received regarding cyber crime. Investigation initiated.
2700,KSP/2023/5683,2023-03-02,96,6,5,12.97991,77.637673,Complainant reported murder at Jayanagar. Suspect fled the scene.
2701,KSP/2023/3037,2023-12-01,72,9,2,12.828008,77.644928,Patrol unit responded to unlawful assembly call. One suspect apprehended.
2702,KSP/2024/4462,2024-12-16,37,1,4,12.835916,77.657223,Anonymous tip received regarding cyber crime. Investigation initiated.
2703,KSP/2025/7078,2025-06-15,20,14,3,12.961147,77.624928,FIR lodged following domestic violence incident. Victim sustained minor injuries.
2704,KSP/2025/7691,2025-03-26,14,2,3,12.861911,77.68451,Complainant reported property theft at Koramangala. Suspect fled the scene.
2705,KSP/2025/8354,2025-10-22,82,13,2,12.954246,77.654642,Complainant reported missing persons at Hebbal. Suspect fled the scene.
2706,KSP/2023/2030,2023-09-04,47,3,3,12.972176,77.748623,Anonymous tip received regarding vehicle theft. Investigation initiated.
2707,KSP/2022/4774,2022-01-14,87,9,2,12.964557,77.601691,Complainant reported unlawful assembly at Yelahanka. Suspect fled the scene.
2708,KSP/2024/6682,2024-09-08,68,11,3,12.985827,77.632671,land disputes reported near KR Market. CCTV footage under review.
2709,KSP/2022/6347,2022-08-22,40,8,3,12.979546,77.60295,FIR lodged following fraud & cheating incident. Victim sustained minor injuries.
2710,KSP/2025/6240,2025-02-09,89,8,3,12.965902,77.568992,FIR lodged following fraud & cheating incident. Victim sustained minor injuries.
2711,KSP/2025/2309,2025-11-30,98,14,3,12.898614,77.643408,Complainant reported domestic violence at HSR Layout. Suspect fled the scene.
2712,KSP/2024/4519,2024-07-22,55,10,2,12.921763,77.617592,eve teasing reported near HSR Layout. CCTV footage under review.
2713,KSP/2024/5322,2024-09-28,81,6,5,12.900683,77.646729,Patrol unit responded to murder call. One suspect apprehended.
2714,KSP/2025/4043,2025-12-27,32,11,3,12.933509,77.623986,Complainant reported land disputes at Mysuru Road. Suspect fled the scene.
2715,KSP/2022/5003,2022-10-03,1,15,5,13.005515,77.557944,Patrol unit responded to child offences call. One suspect apprehended.
2716,KSP/2025/4963,2025-01-23,28,13,2,12.972943,77.597736,missing persons reported near Yelahanka. CCTV footage under review.
2717,KSP/2026/3183,2026-01-28,27,3,3,12.952511,77.621015,FIR lodged following vehicle theft incident. Victim sustained minor injuries.
2718,KSP/2023/3684,2023-02-19,51,9,2,12.908959,77.654153,Anonymous tip received regarding unlawful assembly. Investigation initiated.
2719,KSP/2023/8197,2023-08-04,61,14,3,12.889857,77.655146,Anonymous tip received regarding domestic violence. Investigation initiated.
2720,KSP/2024/3239,2024-11-16,31,14,3,13.019087,77.540672,FIR lodged following domestic violence incident. Victim sustained minor injuries.
2721,KSP/2022/4094,2022-01-01,30,11,3,12.990641,77.607353,Complainant reported land disputes at Malleshwaram. Suspect fled the scene.
2722,KSP/2024/2156,2024-07-11,78,12,4,12.970122,77.60265,communal offences reported near BTM Layout. CCTV footage under review.
2723,KSP/2026/2377,2026-02-10,43,10,2,12.950672,77.577701,Anonymous tip received regarding eve teasing. Investigation initiated.
2724,KSP/2025/2137,2025-10-07,26,13,2,13.000406,77.590649,Anonymous tip received regarding missing persons. Investigation initiated.
2725,KSP/2025/4497,2025-05-07,87,9,2,12.999214,77.611583,Anonymous tip received regarding unlawful assembly. Investigation initiated.
2726,KSP/2023/8362,2023-04-13,60,3,3,12.970842,77.588651,FIR lodged following vehicle theft incident. Victim sustained minor injuries.
2727,KSP/2026/7583,2026-04-22,39,8,3,13.003654,77.621488,Complainant reported fraud & cheating at Malleshwaram. Suspect fled the scene.
2728,KSP/2025/7200,2025-01-28,5,11,3,12.972005,77.593421,Complainant reported land disputes at Koramangala. Suspect fled the scene.
2729,KSP/2023/1615,2023-02-25,82,6,5,12.950754,77.731114,Anonymous tip received regarding murder. Investigation initiated.
2730,KSP/2026/8116,2026-03-22,61,8,3,12.988895,77.572086,Anonymous tip received regarding fraud & cheating. Investigation initiated.
2731,KSP/2023/1039,2023-03-04,56,12,4,12.978014,77.75,Anonymous tip received regarding communal offences. Investigation initiated.
2732,KSP/2023/6846,2023-08-17,82,13,2,12.994352,77.600443,Patrol unit responded to missing persons call. One suspect apprehended.
2733,KSP/2024/2162,2024-03-26,37,13,2,12.929275,77.661295,missing persons reported near Bannerghatta Road. CCTV footage under review.
2734,KSP/2023/4564,2023-10-11,76,10,2,12.957929,77.595053,Complainant reported eve teasing at Electronic City. Suspect fled the scene.
2735,KSP/2024/2267,2024-05-13,33,11,3,12.82039,77.678918,Patrol unit responded to land disputes call. One suspect apprehended.
2736,KSP/2024/5621,2024-09-05,77,10,2,12.972044,77.588832,Anonymous tip received regarding eve teasing. Investigation initiated.
2737,KSP/2025/3089,2025-09-18,17,11,3,13.03151,77.563186,Anonymous tip received regarding land disputes. Investigation initiated.
2738,KSP/2023/9979,2023-02-11,75,12,4,13.00933,77.634676,Complainant reported communal offences at Whitefield. Suspect fled the scene.
2739,KSP/2022/5723,2022-11-21,72,11,3,12.912022,77.644449,Anonymous tip received regarding land disputes. Investigation initiated.
2740,KSP/2023/3676,2023-07-21,18,14,3,12.998948,77.609577,domestic violence reported near Malleshwaram. CCTV footage under review.
2741,KSP/2024/3828,2024-08-03,82,14,3,12.983023,77.635932,domestic violence reported near Hebbal. CCTV footage under review.
2742,KSP/2026/9211,2026-03-08,68,3,3,12.952564,77.75,Complainant reported vehicle theft at Electronic City. Suspect fled the scene.
2743,KSP/2026/9956,2026-02-09,38,3,3,13.015109,77.637599,Complainant reported vehicle theft at Jayanagar. Suspect fled the scene.
2744,KSP/2023/7063,2023-09-14,52,2,3,12.930709,77.628488,Anonymous tip received regarding property theft. Investigation initiated.
2745,KSP/2024/6317,2024-04-22,66,5,5,12.973424,77.57156,narcotics reported near KR Market. CCTV footage under review.
2746,KSP/2025/9873,2025-04-16,31,8,3,12.932059,77.650219,FIR lodged following fraud & cheating incident. Victim sustained minor injuries.
2747,KSP/2023/2955,2023-09-18,7,15,5,12.97022,77.627338,child offences reported near Mysuru Road. CCTV footage under review.
2748,KSP/2025/1121,2025-04-08,13,13,2,12.982966,77.583934,missing persons reported near Whitefield. CCTV footage under review.
2749,KSP/2026/6415,2026-04-23,64,8,3,12.962946,77.75,fraud & cheating reported near Hebbal. CCTV footage under review.
2750,KSP/2025/2636,2025-01-18,23,11,3,12.924454,77.632453,land disputes reported near Jayanagar. CCTV footage under review.
2751,KSP/2026/9536,2026-06-16,54,4,4,12.974714,77.75,assault & violence reported near Jayanagar. CCTV footage under review.
2752,KSP/2022/6781,2022-08-10,33,13,2,12.95868,77.64499,missing persons reported near Malleshwaram. CCTV footage under review.
2753,KSP/2024/9393,2024-03-18,76,6,5,12.994795,77.575843,Complainant reported murder at Mysuru Road. Suspect fled the scene.
2754,KSP/2023/7660,2023-09-19,69,10,2,13.036969,77.620837,FIR lodged following eve teasing incident. Victim sustained minor injuries.
2755,KSP/2025/2040,2025-12-31,58,15,5,12.97616,77.56642,Complainant reported child offences at Bannerghatta Road. Suspect fled the scene.
2756,KSP/2024/4476,2024-07-15,66,1,4,12.986488,77.636304,Anonymous tip received regarding cyber crime. Investigation initiated.
2757,KSP/2022/9760,2022-05-31,29,10,2,12.993749,77.601068,Patrol unit responded to eve teasing call. One suspect apprehended.
2758,KSP/2023/1198,2023-10-23,75,1,4,12.857216,77.659165,Anonymous tip received regarding cyber crime. Investigation initiated.
2759,KSP/2026/3210,2026-02-15,35,12,4,13.029411,77.53575,Patrol unit responded to communal offences call. One suspect apprehended.
2760,KSP/2025/9628,2025-04-24,2,6,5,12.970392,77.604821,Patrol unit responded to murder call. One suspect apprehended.
2761,KSP/2025/9346,2025-03-19,2,5,5,12.896335,77.653141,narcotics reported near Hebbal. CCTV footage under review.
2762,KSP/2024/9986,2024-02-20,6,10,2,12.928369,77.616331,Complainant reported eve teasing at Jayanagar. Suspect fled the scene.
2763,KSP/2024/1725,2024-02-19,30,3,3,13.033841,77.620163,Anonymous tip received regarding vehicle theft. Investigation initiated.
2764,KSP/2023/5593,2023-03-11,79,15,5,12.929809,77.742155,Anonymous tip received regarding child offences. Investigation initiated.
2765,KSP/2022/8209,2022-05-07,86,13,2,12.976285,77.606702,FIR lodged following missing persons incident. Victim sustained minor injuries.
2766,KSP/2025/6058,2025-02-08,9,8,3,12.962673,77.612707,Complainant reported fraud & cheating at BTM Layout. Suspect fled the scene.
2767,KSP/2026/1060,2026-06-12,65,9,2,12.966236,77.75,FIR lodged following unlawful assembly incident. Victim sustained minor injuries.
2768,KSP/2026/9426,2026-06-04,36,9,2,12.996996,77.568837,unlawful assembly reported near Bannerghatta Road. CCTV footage under review.
2769,KSP/2023/6907,2023-06-07,93,2,3,12.970653,77.75,property theft reported near KR Market. CCTV footage under review.
2770,KSP/2025/9459,2025-07-28,27,9,2,12.990383,77.570978,unlawful assembly reported near Hebbal. CCTV footage under review.
2771,KSP/2025/4500,2025-06-05,85,2,3,13.010374,77.62099,FIR lodged following property theft incident. Victim sustained minor injuries.
2772,KSP/2022/9202,2022-10-08,20,15,5,12.91565,77.653412,child offences reported near Electronic City. CCTV footage under review.
2773,KSP/2024/7788,2024-11-21,80,5,5,12.961146,77.604235,Patrol unit responded to narcotics call. One suspect apprehended.
2774,KSP/2024/3366,2024-01-02,29,9,2,12.991442,77.626056,FIR lodged following unlawful assembly incident. Victim sustained minor injuries.
2775,KSP/2022/4735,2022-03-25,61,10,2,12.945934,77.569039,FIR lodged following eve teasing incident. Victim sustained minor injuries.
2776,KSP/2025/9882,2025-08-24,81,11,3,12.866653,77.683141,Anonymous tip received regarding land disputes. Investigation initiated.
2777,KSP/2025/6291,2025-12-18,91,10,2,12.980909,77.586757,eve teasing reported near HSR Layout. CCTV footage under review.
2778,KSP/2024/9598,2024-09-02,10,4,4,13.005263,77.556934,FIR lodged following assault & violence incident. Victim sustained minor injuries.
2779,KSP/2022/4442,2022-05-04,60,15,5,12.889831,77.644189,child offences reported near Bannerghatta Road. CCTV footage under review.
2780,KSP/2022/5956,2022-06-30,48,9,2,12.98588,77.75,Patrol unit responded to unlawful assembly call. One suspect apprehended.
2781,KSP/2025/9282,2025-06-12,34,9,2,12.836388,77.66249,Patrol unit responded to unlawful assembly call. One suspect apprehended.
2782,KSP/2023/8847,2023-04-29,52,9,2,12.936093,77.627599,Complainant reported unlawful assembly at BTM Layout. Suspect fled the scene.
2783,KSP/2022/6467,2022-12-22,95,2,3,12.969999,77.611462,Patrol unit responded to property theft call. One suspect apprehended.
2784,KSP/2026/2610,2026-06-13,66,2,3,12.901678,77.647478,property theft reported near BTM Layout. CCTV footage under review.
2785,KSP/2022/1600,2022-01-22,16,12,4,12.987732,77.64467,communal offences reported near Malleshwaram. CCTV footage under review.
2786,KSP/2023/4784,2023-03-24,29,1,4,12.844875,77.702598,cyber crime reported near Electronic City. CCTV footage under review.
2787,KSP/2024/1757,2024-08-01,32,5,5,12.974786,77.555083,Patrol unit responded to narcotics call. One suspect apprehended.
2788,KSP/2025/4691,2025-07-09,25,11,3,12.95497,77.595559,Patrol unit responded to land disputes call. One suspect apprehended.
2789,KSP/2024/3798,2024-01-04,85,6,5,13.007267,77.581443,Complainant reported murder at Mysuru Road. Suspect fled the scene.
2790,KSP/2022/1536,2022-05-13,46,14,3,12.96975,77.61947,Anonymous tip received regarding domestic violence. Investigation initiated.
2791,KSP/2023/5590,2023-11-23,34,2,3,12.951384,77.597355,Patrol unit responded to property theft call. One suspect apprehended.
2792,KSP/2022/6055,2022-08-26,62,1,4,12.959539,77.749313,Anonymous tip received regarding cyber crime. Investigation initiated.
2793,KSP/2023/4251,2023-12-06,52,15,5,13.014288,77.527084,Anonymous tip received regarding child offences. Investigation initiated.
2794,KSP/2022/8174,2022-08-20,58,9,2,12.923958,77.646806,Complainant reported unlawful assembly at HSR Layout. Suspect fled the scene.
2795,KSP/2024/7985,2024-07-28,66,10,2,12.941025,77.61858,Anonymous tip received regarding eve teasing. Investigation initiated.
2796,KSP/2022/7934,2022-03-18,93,5,5,12.942846,77.75,FIR lodged following narcotics incident. Victim sustained minor injuries.
2797,KSP/2023/6231,2023-11-09,62,13,2,13.012189,77.614889,FIR lodged following missing persons incident. Victim sustained minor injuries.
2798,KSP/2025/6997,2025-01-08,58,4,4,12.919314,77.598792,Patrol unit responded to assault & violence call. One suspect apprehended.
2799,KSP/2025/9340,2025-09-26,51,11,3,12.990443,77.582644,FIR lodged following land disputes incident. Victim sustained minor injuries.
2800,KSP/2022/7034,2022-10-03,91,15,5,12.991076,77.58402,Anonymous tip received regarding child offences. Investigation initiated.
2801,KSP/2023/7158,2023-06-28,95,11,3,13.032554,77.550725,Anonymous tip received regarding land disputes. Investigation initiated.
2802,KSP/2024/7374,2024-02-08,4,7,5,12.831869,77.668782,Patrol unit responded to robbery & dacoity call. One suspect apprehended.
2803,KSP/2026/3894,2026-01-03,94,14,3,12.901769,77.675392,Anonymous tip received regarding domestic violence. Investigation initiated.
2804,KSP/2022/2882,2022-09-13,55,2,3,12.97309,77.571742,property theft reported near Hebbal. CCTV footage under review.
2805,KSP/2023/2540,2023-05-30,52,2,3,12.980475,77.595334,Complainant reported property theft at Electronic City. Suspect fled the scene.
2806,KSP/2022/5912,2022-11-04,36,9,2,12.977818,77.583953,FIR lodged following unlawful assembly incident. Victim sustained minor injuries.
2807,KSP/2024/8976,2024-03-03,58,11,3,12.987805,77.734882,Patrol unit responded to land disputes call. One suspect apprehended.
2808,KSP/2023/5728,2023-01-25,86,5,5,13.008916,77.599758,Patrol unit responded to narcotics call. One suspect apprehended.
2809,KSP/2023/6699,2023-04-16,96,10,2,12.986346,77.64057,eve teasing reported near BTM Layout. CCTV footage under review.
2810,KSP/2023/4090,2023-08-05,54,1,4,12.969778,77.568016,Complainant reported cyber crime at Electronic City. Suspect fled the scene.
2811,KSP/2025/2277,2025-07-14,1,7,5,12.923372,77.615931,robbery & dacoity reported near Malleshwaram. CCTV footage under review.
2812,KSP/2023/3097,2023-06-25,18,3,3,12.961045,77.75,Complainant reported vehicle theft at Whitefield. Suspect fled the scene.
2813,KSP/2022/8171,2022-05-04,55,11,3,13.007661,77.639849,Complainant reported land disputes at Koramangala. Suspect fled the scene.
2814,KSP/2022/8411,2022-02-20,79,9,2,12.88927,77.651537,Complainant reported unlawful assembly at Yelahanka. Suspect fled the scene.
2815,KSP/2023/1440,2023-01-09,79,2,3,12.96237,77.620529,Anonymous tip received regarding property theft. Investigation initiated.
2816,KSP/2024/8115,2024-08-02,40,3,3,12.979197,77.603006,vehicle theft reported near Jayanagar. CCTV footage under review.
2817,KSP/2025/3101,2025-04-07,49,3,3,12.962816,77.633327,FIR lodged following vehicle theft incident. Victim sustained minor injuries.
2818,KSP/2025/6486,2025-03-30,46,4,4,12.842739,77.663199,Patrol unit responded to assault & violence call. One suspect apprehended.
2819,KSP/2025/2518,2025-03-13,39,10,2,12.980959,77.615401,Anonymous tip received regarding eve teasing. Investigation initiated.
2820,KSP/2024/6480,2024-10-01,44,10,2,13.007041,77.577181,Complainant reported eve teasing at Whitefield. Suspect fled the scene.
2821,KSP/2024/5191,2024-04-22,71,2,3,12.999134,77.614047,Anonymous tip received regarding property theft. Investigation initiated.
2822,KSP/2022/4951,2022-01-03,30,7,5,12.953422,77.590723,Anonymous tip received regarding robbery & dacoity. Investigation initiated.
2823,KSP/2022/8900,2022-09-18,38,2,3,12.906046,77.673992,Anonymous tip received regarding property theft. Investigation initiated.
2824,KSP/2025/8644,2025-11-23,76,10,2,12.971172,77.612969,Patrol unit responded to eve teasing call. One suspect apprehended.
2825,KSP/2024/6279,2024-06-18,37,13,2,12.991051,77.624284,Complainant reported missing persons at HSR Layout. Suspect fled the scene.
2826,KSP/2023/9656,2023-08-27,48,4,4,12.92905,77.627141,Complainant reported assault & violence at Bannerghatta Road. Suspect fled the scene.
2827,KSP/2024/4377,2024-01-26,75,9,2,12.968472,77.576279,Complainant reported unlawful assembly at Hebbal. Suspect fled the scene.
2828,KSP/2026/3798,2026-02-04,81,2,3,12.981526,77.59889,Patrol unit responded to property theft call. One suspect apprehended.
2829,KSP/2025/7641,2025-11-18,81,2,3,12.941158,77.641675,Complainant reported property theft at KR Market. Suspect fled the scene.
2830,KSP/2022/9977,2022-06-14,84,9,2,12.987303,77.75,unlawful assembly reported near BTM Layout. CCTV footage under review.
2831,KSP/2023/2181,2023-09-07,48,13,2,12.953884,77.603236,FIR lodged following missing persons incident. Victim sustained minor injuries.
2832,KSP/2022/4198,2022-04-14,7,14,3,12.971497,77.592248,Complainant reported domestic violence at Whitefield. Suspect fled the scene.
2833,KSP/2024/6348,2024-11-07,18,3,3,12.964169,77.595267,Complainant reported vehicle theft at BTM Layout. Suspect fled the scene.
2834,KSP/2022/8870,2022-03-26,5,3,3,13.011782,77.594971,vehicle theft reported near Malleshwaram. CCTV footage under review.
2835,KSP/2023/7583,2023-03-17,55,2,3,12.963113,77.612708,Complainant reported property theft at MG Road. Suspect fled the scene.
2836,KSP/2023/1612,2023-02-26,5,14,3,12.975291,77.598957,FIR lodged following domestic violence incident. Victim sustained minor injuries.
2837,KSP/2023/7189,2023-07-02,18,15,5,12.983652,77.606073,Complainant reported child offences at Jayanagar. Suspect fled the scene.
2838,KSP/2022/4403,2022-05-25,33,10,2,12.96087,77.576903,Complainant reported eve teasing at MG Road. Suspect fled the scene.
2839,KSP/2023/9470,2023-06-26,49,9,2,12.967086,77.6027,Anonymous tip received regarding unlawful assembly. Investigation initiated.
2840,KSP/2024/5641,2024-02-29,43,15,5,12.974065,77.605525,Anonymous tip received regarding child offences. Investigation initiated.
2841,KSP/2024/8015,2024-07-14,1,2,3,12.957172,77.749853,Patrol unit responded to property theft call. One suspect apprehended.
2842,KSP/2023/6842,2023-06-25,32,3,3,12.831002,77.681184,Complainant reported vehicle theft at Bannerghatta Road. Suspect fled the scene.
2843,KSP/2024/6906,2024-01-24,23,8,3,12.92508,77.606086,Anonymous tip received regarding fraud & cheating. Investigation initiated.
2844,KSP/2022/3909,2022-10-14,50,10,2,12.942382,77.66236,Anonymous tip received regarding eve teasing. Investigation initiated.
2845,KSP/2022/7391,2022-07-26,21,15,5,12.977359,77.732149,Anonymous tip received regarding child offences. Investigation initiated.
2846,KSP/2025/2724,2025-07-18,35,7,5,12.972409,77.603123,robbery & dacoity reported near Hebbal. CCTV footage under review.
2847,KSP/2025/8234,2025-02-26,100,8,3,13.012939,77.634983,FIR lodged following fraud & cheating incident. Victim sustained minor injuries.
2848,KSP/2024/4414,2024-09-14,72,15,5,12.977275,77.591257,FIR lodged following child offences incident. Victim sustained minor injuries.
2849,KSP/2024/5745,2024-11-19,26,10,2,13.028795,77.547488,FIR lodged following eve teasing incident. Victim sustained minor injuries.
2850,KSP/2023/6550,2023-04-14,61,13,2,13.007469,77.578888,Anonymous tip received regarding missing persons. Investigation initiated.
2851,KSP/2025/9962,2025-07-23,29,2,3,13.036973,77.53344,FIR lodged following property theft incident. Victim sustained minor injuries.
2852,KSP/2024/8031,2024-10-17,32,6,5,12.967479,77.594207,Patrol unit responded to murder call. One suspect apprehended.
2853,KSP/2023/8706,2023-04-03,76,11,3,12.974852,77.579961,Anonymous tip received regarding land disputes. Investigation initiated.
2854,KSP/2022/6807,2022-08-28,29,10,2,12.840226,77.6517,eve teasing reported near MG Road. CCTV footage under review.
2855,KSP/2026/8567,2026-05-20,12,11,3,12.960892,77.64354,FIR lodged following land disputes incident. Victim sustained minor injuries.
2856,KSP/2025/3720,2025-03-25,100,1,4,12.9775,77.578654,Complainant reported cyber crime at Yelahanka. Suspect fled the scene.
2857,KSP/2025/1312,2025-08-09,72,13,2,12.986953,77.605093,missing persons reported near Electronic City. CCTV footage under review.
2858,KSP/2023/7524,2023-02-14,26,14,3,12.968191,77.75,Complainant reported domestic violence at Hebbal. Suspect fled the scene.
2859,KSP/2024/3694,2024-10-01,50,10,2,12.977997,77.592277,Anonymous tip received regarding eve teasing. Investigation initiated.
2860,KSP/2023/8536,2023-08-18,18,13,2,12.975842,77.597036,Patrol unit responded to missing persons call. One suspect apprehended.
2861,KSP/2024/7478,2024-07-22,74,12,4,12.847262,77.657152,Complainant reported communal offences at Koramangala. Suspect fled the scene.
2862,KSP/2023/7279,2023-07-18,92,5,5,12.979519,77.650718,narcotics reported near Bannerghatta Road. CCTV footage under review.
2863,KSP/2022/4673,2022-03-21,28,5,5,12.923246,77.613215,narcotics reported near BTM Layout. CCTV footage under review.
2864,KSP/2022/1451,2022-11-30,15,6,5,12.876586,77.684684,FIR lodged following murder incident. Victim sustained minor injuries.
2865,KSP/2022/4709,2022-04-16,30,7,5,12.97911,77.575068,Complainant reported robbery & dacoity at Koramangala. Suspect fled the scene.
2866,KSP/2026/5483,2026-02-06,69,5,5,12.953836,77.610504,FIR lodged following narcotics incident. Victim sustained minor injuries.
2867,KSP/2024/2017,2024-04-04,10,13,2,12.984407,77.590444,Complainant reported missing persons at Bannerghatta Road. Suspect fled the scene.
2868,KSP/2024/2699,2024-02-19,52,13,2,12.936428,77.630249,Patrol unit responded to missing persons call. One suspect apprehended.
2869,KSP/2022/6104,2022-09-15,84,1,4,12.964479,77.590665,Complainant reported cyber crime at KR Market. Suspect fled the scene.
2870,KSP/2025/7622,2025-07-20,70,14,3,12.978887,77.590094,domestic violence reported near MG Road. CCTV footage under review.
2871,KSP/2022/3365,2022-05-03,16,15,5,13.008769,77.589173,FIR lodged following child offences incident. Victim sustained minor injuries.
2872,KSP/2024/5278,2024-10-19,20,15,5,12.988435,77.61183,Anonymous tip received regarding child offences. Investigation initiated.
2873,KSP/2026/2575,2026-01-25,63,15,5,12.980917,77.62214,Patrol unit responded to child offences call. One suspect apprehended.
2874,KSP/2025/6307,2025-04-02,62,13,2,12.937366,77.669801,Complainant reported missing persons at MG Road. Suspect fled the scene.
2875,KSP/2023/2601,2023-09-24,75,2,3,13.005024,77.589066,FIR lodged following property theft incident. Victim sustained minor injuries.
2876,KSP/2024/1070,2024-07-31,21,11,3,12.930517,77.604109,land disputes reported near BTM Layout. CCTV footage under review.
2877,KSP/2022/9742,2022-10-13,59,15,5,12.937308,77.618406,Complainant reported child offences at Whitefield. Suspect fled the scene.
2878,KSP/2022/8145,2022-08-22,61,13,2,12.98708,77.620277,Patrol unit responded to missing persons call. One suspect apprehended.
2879,KSP/2023/4913,2023-08-06,71,13,2,12.948038,77.75,Patrol unit responded to missing persons call. One suspect apprehended.
2880,KSP/2022/5690,2022-12-12,22,12,4,12.986952,77.585904,communal offences reported near MG Road. CCTV footage under review.
2881,KSP/2022/6497,2022-08-25,28,4,4,12.953809,77.619628,FIR lodged following assault & violence incident. Victim sustained minor injuries.
2882,KSP/2023/7660,2023-07-31,71,6,5,12.949636,77.716545,murder reported near MG Road. CCTV footage under review.
2883,KSP/2026/1033,2026-03-24,18,4,4,12.976387,77.75,Anonymous tip received regarding assault & violence. Investigation initiated.
2884,KSP/2025/5520,2025-12-20,67,10,2,12.974792,77.601794,Patrol unit responded to eve teasing call. One suspect apprehended.
2885,KSP/2026/4619,2026-04-24,8,9,2,12.891742,77.65917,Patrol unit responded to unlawful assembly call. One suspect apprehended.
2886,KSP/2024/6699,2024-11-24,85,1,4,12.994858,77.593197,cyber crime reported near Yelahanka. CCTV footage under review.
2887,KSP/2023/2415,2023-03-29,59,14,3,12.964117,77.62061,FIR lodged following domestic violence incident. Victim sustained minor injuries.
2888,KSP/2025/7271,2025-02-14,2,3,3,12.97073,77.735719,Complainant reported vehicle theft at Hebbal. Suspect fled the scene.
2889,KSP/2024/1083,2024-05-02,49,8,3,13.047545,77.565793,Complainant reported fraud & cheating at Koramangala. Suspect fled the scene.
2890,KSP/2022/2681,2022-05-06,1,9,2,13.00169,77.624502,Patrol unit responded to unlawful assembly call. One suspect apprehended.
2891,KSP/2022/2643,2022-07-03,63,1,4,13.02771,77.536791,Anonymous tip received regarding cyber crime. Investigation initiated.
2892,KSP/2026/6753,2026-04-08,85,3,3,12.962631,77.596211,Complainant reported vehicle theft at MG Road. Suspect fled the scene.
2893,KSP/2023/9782,2023-04-27,36,3,3,12.966827,77.604146,Anonymous tip received regarding vehicle theft. Investigation initiated.
2894,KSP/2024/5471,2024-07-12,12,8,3,12.896068,77.647703,Complainant reported fraud & cheating at KR Market. Suspect fled the scene.
2895,KSP/2022/2667,2022-12-26,91,1,4,12.987695,77.600324,FIR lodged following cyber crime incident. Victim sustained minor injuries.
2896,KSP/2024/8258,2024-09-03,19,2,3,12.961826,77.582874,FIR lodged following property theft incident. Victim sustained minor injuries.
2897,KSP/2022/2927,2022-01-24,82,3,3,12.993318,77.532406,vehicle theft reported near Hebbal. CCTV footage under review.
2898,KSP/2022/8608,2022-05-08,68,11,3,13.040219,77.545837,Patrol unit responded to land disputes call. One suspect apprehended.
2899,KSP/2022/5713,2022-03-15,92,4,4,12.943246,77.587235,Anonymous tip received regarding assault & violence. Investigation initiated.
2900,KSP/2023/2566,2023-01-28,84,14,3,12.98774,77.613493,Patrol unit responded to domestic violence call. One suspect apprehended.
2901,KSP/2023/3871,2023-02-05,11,5,5,12.921265,77.633345,Patrol unit responded to narcotics call. One suspect apprehended.
2902,KSP/2025/6641,2025-04-12,64,10,2,13.031341,77.546239,FIR lodged following eve teasing incident. Victim sustained minor injuries.
2903,KSP/2023/2890,2023-12-08,86,15,5,12.839069,77.673733,child offences reported near Electronic City. CCTV footage under review.
2904,KSP/2025/7594,2025-10-13,77,3,3,12.962962,77.586785,Anonymous tip received regarding vehicle theft. Investigation initiated.
2905,KSP/2024/7096,2024-12-06,76,10,2,12.963275,77.75,eve teasing reported near Mysuru Road. CCTV footage under review.
2906,KSP/2023/1010,2023-08-03,54,10,2,13.015108,77.583309,Patrol unit responded to eve teasing call. One suspect apprehended.
2907,KSP/2025/9900,2025-01-21,55,10,2,12.954916,77.732444,FIR lodged following eve teasing incident. Victim sustained minor injuries.
2908,KSP/2025/8411,2025-11-29,97,1,4,12.984444,77.598637,FIR lodged following cyber crime incident. Victim sustained minor injuries.
2909,KSP/2023/2527,2023-03-24,29,5,5,12.949784,77.628562,narcotics reported near Malleshwaram. CCTV footage under review.
2910,KSP/2022/4603,2022-07-02,82,8,3,12.830199,77.707614,FIR lodged following fraud & cheating incident. Victim sustained minor injuries.
2911,KSP/2023/5845,2023-05-15,35,1,4,12.960809,77.609198,Patrol unit responded to cyber crime call. One suspect apprehended.
2912,KSP/2024/5620,2024-09-30,87,5,5,12.957129,77.580228,Complainant reported narcotics at Electronic City. Suspect fled the scene.
2913,KSP/2024/1522,2024-07-25,36,3,3,12.997539,77.574592,Patrol unit responded to vehicle theft call. One suspect apprehended.
2914,KSP/2024/2769,2024-11-28,42,2,3,12.981494,77.602377,FIR lodged following property theft incident. Victim sustained minor injuries.
2915,KSP/2022/9175,2022-03-31,73,9,2,12.962343,77.75,unlawful assembly reported near Whitefield. CCTV footage under review.
2916,KSP/2022/4488,2022-07-10,29,13,2,12.969121,77.608778,FIR lodged following missing persons incident. Victim sustained minor injuries.
2917,KSP/2025/2352,2025-01-19,42,10,2,13.011146,77.568279,FIR lodged following eve teasing incident. Victim sustained minor injuries.
2918,KSP/2022/3290,2022-05-24,78,10,2,12.919508,77.66139,Anonymous tip received regarding eve teasing. Investigation initiated.
2919,KSP/2022/2625,2022-10-09,63,8,3,12.991109,77.593137,fraud & cheating reported near Whitefield. CCTV footage under review.
2920,KSP/2024/8602,2024-07-27,70,5,5,12.976712,77.600688,Complainant reported narcotics at Malleshwaram. Suspect fled the scene.
2921,KSP/2023/4439,2023-07-02,61,14,3,12.988285,77.610116,domestic violence reported near Malleshwaram. CCTV footage under review.
2922,KSP/2025/2984,2025-01-07,30,13,2,12.925105,77.666643,Complainant reported missing persons at Koramangala. Suspect fled the scene.
2923,KSP/2025/3477,2025-01-18,6,10,2,12.926809,77.649227,Complainant reported eve teasing at Whitefield. Suspect fled the scene.
2924,KSP/2024/4697,2024-01-27,63,8,3,13.040547,77.556929,FIR lodged following fraud & cheating incident. Victim sustained minor injuries.
2925,KSP/2022/6596,2022-03-09,56,10,2,12.976405,77.596565,FIR lodged following eve teasing incident. Victim sustained minor injuries.
2926,KSP/2024/9423,2024-05-22,95,2,3,12.979543,77.582371,property theft reported near MG Road. CCTV footage under review.
2927,KSP/2023/5680,2023-03-20,100,7,5,13.001228,77.642526,FIR lodged following robbery & dacoity incident. Victim sustained minor injuries.
2928,KSP/2022/8679,2022-09-15,60,6,5,12.96506,77.6642,murder reported near BTM Layout. CCTV footage under review.
2929,KSP/2024/5717,2024-06-18,32,14,3,12.947177,77.630647,domestic violence reported near Bannerghatta Road. CCTV footage under review.
2930,KSP/2024/2710,2024-12-31,11,8,3,12.969249,77.648498,FIR lodged following fraud & cheating incident. Victim sustained minor injuries.
2931,KSP/2025/6645,2025-08-22,23,11,3,12.995906,77.62686,Anonymous tip received regarding land disputes. Investigation initiated.
2932,KSP/2022/2417,2022-03-24,90,10,2,13.022139,77.545428,Patrol unit responded to eve teasing call. One suspect apprehended.
2933,KSP/2022/5028,2022-07-06,9,10,2,12.955995,77.631978,FIR lodged following eve teasing incident. Victim sustained minor injuries.
2934,KSP/2025/8828,2025-10-04,81,11,3,12.953901,77.733787,Complainant reported land disputes at Malleshwaram. Suspect fled the scene.
2935,KSP/2026/6828,2026-02-19,75,8,3,12.976375,77.75,Complainant reported fraud & cheating at Electronic City. Suspect fled the scene.
2936,KSP/2024/7784,2024-06-02,29,3,3,12.894593,77.664734,Patrol unit responded to vehicle theft call. One suspect apprehended.
2937,KSP/2024/1656,2024-08-26,4,14,3,12.969663,77.603,FIR lodged following domestic violence incident. Victim sustained minor injuries.
2938,KSP/2024/9812,2024-02-03,73,14,3,12.988268,77.584581,Patrol unit responded to domestic violence call. One suspect apprehended.
2939,KSP/2023/8165,2023-10-06,45,14,3,12.972577,77.617769,FIR lodged following domestic violence incident. Victim sustained minor injuries.
2940,KSP/2023/9771,2023-10-11,92,10,2,13.030529,77.539214,FIR lodged following eve teasing incident. Victim sustained minor injuries.
2941,KSP/2026/2172,2026-03-24,44,4,4,12.909751,77.615564,assault & violence reported near Jayanagar. CCTV footage under review.
2942,KSP/2024/6785,2024-05-03,21,14,3,12.914272,77.655128,Complainant reported domestic violence at Malleshwaram. Suspect fled the scene.
2943,KSP/2023/3367,2023-11-16,63,11,3,12.97636,77.75,Anonymous tip received regarding land disputes. Investigation initiated.
2944,KSP/2024/7426,2024-02-13,41,3,3,12.98572,77.603492,vehicle theft reported near Jayanagar. CCTV footage under review.
2945,KSP/2025/7977,2025-10-03,21,14,3,12.95466,77.75,Patrol unit responded to domestic violence call. One suspect apprehended.
2946,KSP/2023/7664,2023-01-09,81,3,3,12.939213,77.628951,Complainant reported vehicle theft at Hebbal. Suspect fled the scene.
2947,KSP/2025/9746,2025-07-25,43,3,3,12.964841,77.598697,Anonymous tip received regarding vehicle theft. Investigation initiated.
2948,KSP/2023/9064,2023-01-28,23,13,2,12.957462,77.568033,missing persons reported near Malleshwaram. CCTV footage under review.
2949,KSP/2025/4530,2025-10-01,33,10,2,12.974467,77.610052,Patrol unit responded to eve teasing call. One suspect apprehended.
2950,KSP/2022/7082,2022-12-09,1,11,3,12.980925,77.613276,Anonymous tip received regarding land disputes. Investigation initiated.
2951,KSP/2022/9073,2022-01-20,93,3,3,12.955362,77.656868,Anonymous tip received regarding vehicle theft. Investigation initiated.
2952,KSP/2026/1850,2026-06-03,59,9,2,12.964862,77.645653,Anonymous tip received regarding unlawful assembly. Investigation initiated.
2953,KSP/2024/3359,2024-06-28,100,1,4,12.969633,77.602035,cyber crime reported near Electronic City. CCTV footage under review.
2954,KSP/2022/5419,2022-06-24,41,4,4,12.934167,77.615823,Patrol unit responded to assault & violence call. One suspect apprehended.
2955,KSP/2025/4229,2025-10-15,53,2,3,12.884507,77.651888,Complainant reported property theft at Malleshwaram. Suspect fled the scene.
2956,KSP/2026/1071,2026-06-05,15,10,2,13.037058,77.529635,eve teasing reported near Koramangala. CCTV footage under review.
2957,KSP/2022/9247,2022-06-02,35,2,3,12.973936,77.586324,Patrol unit responded to property theft call. One suspect apprehended.
2958,KSP/2023/4481,2023-09-25,55,2,3,12.964405,77.61004,FIR lodged following property theft incident. Victim sustained minor injuries.
2959,KSP/2026/9851,2026-05-02,78,13,2,12.995137,77.575717,FIR lodged following missing persons incident. Victim sustained minor injuries.
2960,KSP/2025/5148,2025-03-30,78,7,5,12.97501,77.562306,Complainant reported robbery & dacoity at Jayanagar. Suspect fled the scene.
2961,KSP/2022/7869,2022-03-16,36,14,3,12.9245,77.635808,Patrol unit responded to domestic violence call. One suspect apprehended.
2962,KSP/2024/2533,2024-03-23,73,9,2,12.967308,77.64634,Patrol unit responded to unlawful assembly call. One suspect apprehended.
2963,KSP/2022/6436,2022-01-03,38,14,3,12.987731,77.714637,Complainant reported domestic violence at MG Road. Suspect fled the scene.
2964,KSP/2022/4551,2022-07-06,68,7,5,12.93946,77.60655,Patrol unit responded to robbery & dacoity call. One suspect apprehended.
2965,KSP/2024/2116,2024-06-07,8,12,4,12.841026,77.65257,Anonymous tip received regarding communal offences. Investigation initiated.
2966,KSP/2026/4499,2026-05-01,43,5,5,12.989886,77.613178,Anonymous tip received regarding narcotics. Investigation initiated.
2967,KSP/2023/8505,2023-11-06,41,3,3,13.036195,77.561883,vehicle theft reported near Hebbal. CCTV footage under review.
2968,KSP/2022/6206,2022-11-17,49,6,5,12.992274,77.600195,murder reported near Electronic City. CCTV footage under review.
2969,KSP/2024/1609,2024-03-25,20,5,5,12.980469,77.580779,Complainant reported narcotics at MG Road. Suspect fled the scene.
2970,KSP/2026/4345,2026-06-26,62,14,3,12.951575,77.627252,Patrol unit responded to domestic violence call. One suspect apprehended.
2971,KSP/2025/9476,2025-04-24,55,11,3,12.983958,77.75,land disputes reported near Mysuru Road. CCTV footage under review.
2972,KSP/2025/9541,2025-09-24,26,2,3,12.812087,77.682301,Anonymous tip received regarding property theft. Investigation initiated.
2973,KSP/2024/9786,2024-09-23,27,11,3,12.999346,77.606746,Complainant reported land disputes at Jayanagar. Suspect fled the scene.
2974,KSP/2024/8204,2024-12-16,91,7,5,12.972339,77.602817,robbery & dacoity reported near Jayanagar. CCTV footage under review.
2975,KSP/2024/9342,2024-02-08,21,3,3,12.962475,77.75,Patrol unit responded to vehicle theft call. One suspect apprehended.
2976,KSP/2026/1709,2026-02-06,9,5,5,12.966204,77.744276,Anonymous tip received regarding narcotics. Investigation initiated.
2977,KSP/2026/1070,2026-02-15,100,11,3,12.933449,77.640191,Patrol unit responded to land disputes call. One suspect apprehended.
2978,KSP/2025/7295,2025-12-06,56,4,4,12.961501,77.593617,FIR lodged following assault & violence incident. Victim sustained minor injuries.
2979,KSP/2025/6241,2025-02-26,17,10,2,12.962293,77.652887,Complainant reported eve teasing at Whitefield. Suspect fled the scene.
2980,KSP/2024/9918,2024-01-12,60,13,2,12.967608,77.75,Complainant reported missing persons at Mysuru Road. Suspect fled the scene.
2981,KSP/2026/1130,2026-01-06,82,13,2,13.043355,77.621605,FIR lodged following missing persons incident. Victim sustained minor injuries.
2982,KSP/2023/8784,2023-06-03,61,8,3,12.937666,77.631869,fraud & cheating reported near Mysuru Road. CCTV footage under review.
2983,KSP/2026/6227,2026-04-07,17,8,3,12.990271,77.572391,Anonymous tip received regarding fraud & cheating. Investigation initiated.
2984,KSP/2022/1141,2022-01-04,57,11,3,12.920292,77.62413,Patrol unit responded to land disputes call. One suspect apprehended.
2985,KSP/2024/5836,2024-05-15,87,14,3,12.979513,77.597064,FIR lodged following domestic violence incident. Victim sustained minor injuries.
2986,KSP/2026/2539,2026-02-10,97,5,5,12.973656,77.602801,narcotics reported near Yelahanka. CCTV footage under review.
2987,KSP/2023/8778,2023-01-09,14,10,2,12.906237,77.634619,Patrol unit responded to eve teasing call. One suspect apprehended.
2988,KSP/2025/5849,2025-06-04,6,7,5,12.966365,77.590316,robbery & dacoity reported near Malleshwaram. CCTV footage under review.
2989,KSP/2023/5358,2023-08-29,3,10,2,12.968826,77.600486,Anonymous tip received regarding eve teasing. Investigation initiated.
2990,KSP/2024/7223,2024-05-24,88,1,4,13.010262,77.608768,FIR lodged following cyber crime incident. Victim sustained minor injuries.
2991,KSP/2023/2244,2023-07-21,98,11,3,12.966104,77.609762,FIR lodged following land disputes incident. Victim sustained minor injuries.
2992,KSP/2025/4985,2025-01-29,54,4,4,13.005206,77.604088,Anonymous tip received regarding assault & violence. Investigation initiated.
2993,KSP/2022/1608,2022-12-22,96,1,4,12.950164,77.595565,Complainant reported cyber crime at Jayanagar. Suspect fled the scene.
2994,KSP/2023/1503,2023-04-16,65,11,3,12.94912,77.611597,land disputes reported near KR Market. CCTV footage under review.
2995,KSP/2024/8466,2024-03-23,72,1,4,12.947645,77.741044,cyber crime reported near Jayanagar. CCTV footage under review.
2996,KSP/2023/2462,2023-10-06,77,14,3,12.968335,77.62342,Anonymous tip received regarding domestic violence. Investigation initiated.
2997,KSP/2024/9279,2024-02-23,53,3,3,12.959823,77.618366,vehicle theft reported near Koramangala. CCTV footage under review.
2998,KSP/2023/2501,2023-04-29,64,15,5,12.96386,77.75,Complainant reported child offences at Koramangala. Suspect fled the scene.
2999,KSP/2026/7436,2026-05-30,69,11,3,12.948046,77.647834,FIR lodged following land disputes incident. Victim sustained minor injuries.
3000,KSP/2026/1042,2026-03-28,6,6,5,12.952427,77.635043,FIR lodged following murder incident. Victim sustained minor injuries.
3001,KSP/2022/1813,2022-03-06,12,13,2,13.019683,77.529134,Patrol unit responded to missing persons call. One suspect apprehended.
3002,KSP/2022/6536,2022-03-16,36,5,5,12.993267,77.567247,Patrol unit responded to narcotics call. One suspect apprehended.
3003,KSP/2023/4246,2023-09-23,31,4,4,12.982493,77.584032,Complainant reported assault & violence at BTM Layout. Suspect fled the scene.
3004,KSP/2023/1953,2023-09-16,8,6,5,12.963926,77.741204,Complainant reported murder at MG Road. Suspect fled the scene.
3005,KSP/2023/8264,2023-12-31,67,11,3,12.820002,77.673679,Complainant reported land disputes at Electronic City. Suspect fled the scene.
3006,KSP/2022/4778,2022-05-20,43,2,3,12.998975,77.583863,FIR lodged following property theft incident. Victim sustained minor injuries.
3007,KSP/2023/1828,2023-07-13,80,11,3,12.960035,77.633818,Patrol unit responded to land disputes call. One suspect apprehended.
3008,KSP/2025/2450,2025-10-09,32,12,4,12.970768,77.605158,communal offences reported near Malleshwaram. CCTV footage under review.
3009,KSP/2026/3246,2026-05-10,87,12,4,12.948763,77.745365,Complainant reported communal offences at Whitefield. Suspect fled the scene.
3010,KSP/2024/5201,2024-07-30,99,10,2,12.910084,77.659628,eve teasing reported near Bannerghatta Road. CCTV footage under review.
3011,KSP/2022/6715,2022-08-17,88,8,3,12.957882,77.614123,Complainant reported fraud & cheating at KR Market. Suspect fled the scene.
3012,KSP/2025/8337,2025-09-06,80,9,2,12.977888,77.596163,unlawful assembly reported near Koramangala. CCTV footage under review.
3013,KSP/2023/7917,2023-01-23,78,9,2,13.026467,77.63114,Anonymous tip received regarding unlawful assembly. Investigation initiated.
3014,KSP/2022/8959,2022-03-31,55,4,4,13.008539,77.606004,Complainant reported assault & violence at Malleshwaram. Suspect fled the scene.
3015,KSP/2023/4551,2023-01-25,53,8,3,12.892906,77.649023,Patrol unit responded to fraud & cheating call. One suspect apprehended.
3016,KSP/2025/7496,2025-01-15,100,14,3,12.947916,77.746298,Complainant reported domestic violence at MG Road. Suspect fled the scene.
3017,KSP/2023/8082,2023-05-09,56,12,4,12.979791,77.590382,FIR lodged following communal offences incident. Victim sustained minor injuries.
3018,KSP/2023/7505,2023-08-28,11,8,3,12.9406,77.638181,fraud & cheating reported near BTM Layout. CCTV footage under review.
3019,KSP/2022/4962,2022-01-03,41,15,5,13.005622,77.62861,child offences reported near Hebbal. CCTV footage under review.
3020,KSP/2026/8107,2026-02-01,42,9,2,12.962276,77.613346,unlawful assembly reported near Whitefield. CCTV footage under review.
3021,KSP/2023/9719,2023-08-07,4,15,5,12.95754,77.642305,Patrol unit responded to child offences call. One suspect apprehended.
3022,KSP/2024/8222,2024-06-22,14,6,5,12.941123,77.632495,Complainant reported murder at Mysuru Road. Suspect fled the scene.
3023,KSP/2023/3278,2023-08-09,76,14,3,12.950885,77.656664,Patrol unit responded to domestic violence call. One suspect apprehended.
3024,KSP/2022/8231,2022-10-16,11,15,5,12.919379,77.639679,Patrol unit responded to child offences call. One suspect apprehended.
3025,KSP/2022/1714,2022-06-24,1,10,2,12.95431,77.654813,Anonymous tip received regarding eve teasing. Investigation initiated.
3026,KSP/2023/9049,2023-07-17,45,11,3,12.9729,77.630426,Patrol unit responded to land disputes call. One suspect apprehended.
3027,KSP/2023/1295,2023-03-15,16,10,2,12.994926,77.604647,Patrol unit responded to eve teasing call. One suspect apprehended.
3028,KSP/2026/1591,2026-04-25,64,2,3,12.908691,77.652065,property theft reported near BTM Layout. CCTV footage under review.
3029,KSP/2024/3655,2024-12-06,30,5,5,12.854812,77.674062,FIR lodged following narcotics incident. Victim sustained minor injuries.
3030,KSP/2022/1685,2022-02-18,2,13,2,12.971641,77.75,missing persons reported near Whitefield. CCTV footage under review.
3031,KSP/2024/7938,2024-03-24,18,12,4,12.947149,77.658062,FIR lodged following communal offences incident. Victim sustained minor injuries.
3032,KSP/2024/6351,2024-06-14,64,4,4,12.949425,77.643346,Complainant reported assault & violence at Bannerghatta Road. Suspect fled the scene.
3033,KSP/2024/7020,2024-08-05,53,14,3,12.998882,77.556161,domestic violence reported near BTM Layout. CCTV footage under review.
3034,KSP/2026/5979,2026-03-12,33,11,3,12.909141,77.673931,FIR lodged following land disputes incident. Victim sustained minor injuries.
3035,KSP/2025/9789,2025-03-29,85,14,3,12.973129,77.612036,domestic violence reported near Electronic City. CCTV footage under review.
3036,KSP/2024/5860,2024-04-11,72,13,2,12.976814,77.742797,Patrol unit responded to missing persons call. One suspect apprehended.
3037,KSP/2025/9102,2025-08-25,28,12,4,12.988812,77.602027,FIR lodged following communal offences incident. Victim sustained minor injuries.
3038,KSP/2023/8548,2023-04-25,61,8,3,12.965804,77.75,Complainant reported fraud & cheating at BTM Layout. Suspect fled the scene.
3039,KSP/2024/7693,2024-06-22,99,7,5,12.963886,77.609727,FIR lodged following robbery & dacoity incident. Victim sustained minor injuries.
3040,KSP/2024/8055,2024-07-23,77,13,2,12.827916,77.658908,FIR lodged following missing persons incident. Victim sustained minor injuries.
3041,KSP/2024/1976,2024-08-07,47,11,3,12.913226,77.650651,Anonymous tip received regarding land disputes. Investigation initiated.
3042,KSP/2025/1134,2025-12-10,7,15,5,12.977001,77.605179,FIR lodged following child offences incident. Victim sustained minor injuries.
3043,KSP/2023/8658,2023-09-02,58,8,3,12.997774,77.594715,Patrol unit responded to fraud & cheating call. One suspect apprehended.
3044,KSP/2024/6658,2024-09-04,86,4,4,13.014138,77.564032,Anonymous tip received regarding assault & violence. Investigation initiated.
3045,KSP/2022/6489,2022-07-17,72,10,2,13.023584,77.585128,eve teasing reported near Whitefield. CCTV footage under review.
3046,KSP/2022/1379,2022-01-16,85,15,5,12.97937,77.596515,Anonymous tip received regarding child offences. Investigation initiated.
3047,KSP/2022/5338,2022-07-21,99,3,3,12.834702,77.68974,FIR lodged following vehicle theft incident. Victim sustained minor injuries.
3048,KSP/2026/6416,2026-03-07,25,11,3,13.022969,77.561613,Patrol unit responded to land disputes call. One suspect apprehended.
3049,KSP/2024/1478,2024-01-13,36,2,3,12.996054,77.575921,Anonymous tip received regarding property theft. Investigation initiated.
3050,KSP/2024/8112,2024-03-31,87,15,5,12.952026,77.618886,FIR lodged following child offences incident. Victim sustained minor injuries.
3051,KSP/2022/9124,2022-06-08,29,7,5,12.972208,77.600872,Patrol unit responded to robbery & dacoity call. One suspect apprehended.
3052,KSP/2024/8067,2024-11-29,6,9,2,12.833743,77.664552,Complainant reported unlawful assembly at Hebbal. Suspect fled the scene.
3053,KSP/2024/8809,2024-10-04,86,13,2,12.946012,77.625869,Complainant reported missing persons at MG Road. Suspect fled the scene.
3054,KSP/2023/1512,2023-11-15,98,14,3,12.975971,77.738471,domestic violence reported near Bannerghatta Road. CCTV footage under review.
3055,KSP/2025/8246,2025-11-16,33,8,3,12.92831,77.622554,FIR lodged following fraud & cheating incident. Victim sustained minor injuries.
3056,KSP/2024/7933,2024-09-13,93,7,5,13.014064,77.624937,robbery & dacoity reported near Jayanagar. CCTV footage under review.
3057,KSP/2022/7951,2022-11-12,4,11,3,12.917885,77.663681,FIR lodged following land disputes incident. Victim sustained minor injuries.
3058,KSP/2025/1231,2025-10-05,76,9,2,12.909022,77.622661,unlawful assembly reported near Whitefield. CCTV footage under review.
3059,KSP/2025/4848,2025-09-02,80,10,2,12.965938,77.591891,FIR lodged following eve teasing incident. Victim sustained minor injuries.
3060,KSP/2022/1532,2022-07-04,92,10,2,12.993894,77.626871,Anonymous tip received regarding eve teasing. Investigation initiated.
3061,KSP/2023/4728,2023-01-24,87,6,5,12.832873,77.67253,murder reported near Yelahanka. CCTV footage under review.
3062,KSP/2023/9693,2023-12-13,5,13,2,13.019979,77.616914,Patrol unit responded to missing persons call. One suspect apprehended.
3063,KSP/2023/7050,2023-04-19,78,5,5,12.989996,77.741275,Complainant reported narcotics at Whitefield. Suspect fled the scene.
3064,KSP/2023/4891,2023-03-26,14,13,2,12.949988,77.75,Patrol unit responded to missing persons call. One suspect apprehended.
3065,KSP/2025/2047,2025-03-22,15,4,4,12.962266,77.605625,assault & violence reported near Whitefield. CCTV footage under review.
3066,KSP/2024/9541,2024-03-14,91,11,3,12.98795,77.609068,FIR lodged following land disputes incident. Victim sustained minor injuries.
3067,KSP/2023/3568,2023-12-01,86,4,4,12.956733,77.615326,Complainant reported assault & violence at KR Market. Suspect fled the scene.
3068,KSP/2024/3409,2024-09-23,88,15,5,12.951003,77.6391,Complainant reported child offences at Malleshwaram. Suspect fled the scene.
3069,KSP/2025/2052,2025-04-26,58,10,2,13.028819,77.612014,Anonymous tip received regarding eve teasing. Investigation initiated.
3070,KSP/2022/9248,2022-09-17,63,4,4,12.983706,77.604814,Complainant reported assault & violence at Bannerghatta Road. Suspect fled the scene.
3071,KSP/2024/2237,2024-02-04,42,4,4,12.851034,77.693773,assault & violence reported near HSR Layout. CCTV footage under review.
3072,KSP/2022/9418,2022-03-25,88,8,3,13.005956,77.557838,Anonymous tip received regarding fraud & cheating. Investigation initiated.
3073,KSP/2022/1925,2022-09-09,33,8,3,12.963019,77.583754,Anonymous tip received regarding fraud & cheating. Investigation initiated.
3074,KSP/2023/9531,2023-02-11,32,5,5,12.974991,77.585855,narcotics reported near Bannerghatta Road. CCTV footage under review.
3075,KSP/2024/3786,2024-08-20,77,9,2,12.850044,77.679215,Anonymous tip received regarding unlawful assembly. Investigation initiated.
3076,KSP/2022/4370,2022-05-28,35,6,5,12.970129,77.745246,Anonymous tip received regarding murder. Investigation initiated.
3077,KSP/2022/3395,2022-08-02,31,7,5,13.01639,77.539612,Patrol unit responded to robbery & dacoity call. One suspect apprehended.
3078,KSP/2024/3165,2024-01-27,58,12,4,12.84479,77.68038,Patrol unit responded to communal offences call. One suspect apprehended.
3079,KSP/2024/1984,2024-01-30,13,3,3,12.971615,77.58771,Anonymous tip received regarding vehicle theft. Investigation initiated.
3080,KSP/2023/4867,2023-06-10,23,9,2,12.982578,77.594802,Anonymous tip received regarding unlawful assembly. Investigation initiated.
3081,KSP/2025/7735,2025-04-16,29,1,4,12.84785,77.699978,Patrol unit responded to cyber crime call. One suspect apprehended.
3082,KSP/2022/7232,2022-09-25,77,8,3,12.949679,77.589341,fraud & cheating reported near Koramangala. CCTV footage under review.
3083,KSP/2026/4017,2026-02-19,6,1,4,12.979279,77.572957,cyber crime reported near Yelahanka. CCTV footage under review.
3084,KSP/2022/1144,2022-11-06,59,1,4,12.990106,77.75,Complainant reported cyber crime at Yelahanka. Suspect fled the scene.
3085,KSP/2022/6253,2022-03-27,14,2,3,12.947599,77.595906,Patrol unit responded to property theft call. One suspect apprehended.
3086,KSP/2022/2318,2022-12-09,80,3,3,12.92914,77.62338,Patrol unit responded to vehicle theft call. One suspect apprehended.
3087,KSP/2025/3322,2025-07-29,79,5,5,12.999156,77.577748,Patrol unit responded to narcotics call. One suspect apprehended.
3088,KSP/2025/2282,2025-11-10,31,7,5,12.978757,77.731675,robbery & dacoity reported near Yelahanka. CCTV footage under review.
3089,KSP/2026/3316,2026-04-06,55,8,3,12.998547,77.558758,Patrol unit responded to fraud & cheating call. One suspect apprehended.
3090,KSP/2025/4584,2025-03-31,4,4,4,12.989167,77.75,assault & violence reported near Electronic City. CCTV footage under review.
3091,KSP/2026/5693,2026-06-19,6,7,5,12.925634,77.627035,robbery & dacoity reported near Bannerghatta Road. CCTV footage under review.
3092,KSP/2024/5946,2024-06-15,39,3,3,12.958423,77.56285,vehicle theft reported near MG Road. CCTV footage under review.
3093,KSP/2023/2809,2023-11-10,10,12,4,12.917076,77.664085,Complainant reported communal offences at Hebbal. Suspect fled the scene.
3094,KSP/2022/5841,2022-11-14,66,13,2,12.980161,77.75,Anonymous tip received regarding missing persons. Investigation initiated.
3095,KSP/2023/8851,2023-10-06,4,4,4,12.864375,77.675514,assault & violence reported near Hebbal. CCTV footage under review.
3096,KSP/2025/8914,2025-04-18,3,13,2,12.940291,77.75,Patrol unit responded to missing persons call. One suspect apprehended.
3097,KSP/2022/4602,2022-03-29,63,4,4,12.841899,77.666305,Anonymous tip received regarding assault & violence. Investigation initiated.
3098,KSP/2022/3967,2022-09-02,96,11,3,12.913364,77.674002,Anonymous tip received regarding land disputes. Investigation initiated.
3099,KSP/2022/1944,2022-12-19,50,15,5,12.980252,77.544847,FIR lodged following child offences incident. Victim sustained minor injuries.
3100,KSP/2022/3378,2022-06-04,75,6,5,13.005909,77.620098,murder reported near Bannerghatta Road. CCTV footage under review.
3101,KSP/2024/9496,2024-05-22,25,2,3,12.848542,77.692799,property theft reported near MG Road. CCTV footage under review.
3102,KSP/2025/6483,2025-05-29,87,1,4,12.916467,77.631065,Complainant reported cyber crime at Yelahanka. Suspect fled the scene.
3103,KSP/2024/5667,2024-02-23,75,8,3,12.845921,77.653585,Patrol unit responded to fraud & cheating call. One suspect apprehended.
3104,KSP/2023/3035,2023-02-23,15,10,2,13.030133,77.554112,Complainant reported eve teasing at Yelahanka. Suspect fled the scene.
3105,KSP/2025/2555,2025-01-10,71,5,5,12.971221,77.596889,Patrol unit responded to narcotics call. One suspect apprehended.
3106,KSP/2022/9069,2022-01-30,28,10,2,13.05339,77.549988,eve teasing reported near MG Road. CCTV footage under review.
3107,KSP/2025/7683,2025-06-16,26,10,2,13.044459,77.544812,FIR lodged following eve teasing incident. Victim sustained minor injuries.
3108,KSP/2024/7789,2024-12-30,14,13,2,12.935349,77.603666,missing persons reported near Whitefield. CCTV footage under review.
3109,KSP/2026/4461,2026-04-25,68,8,3,12.955115,77.75,Complainant reported fraud & cheating at MG Road. Suspect fled the scene.
3110,KSP/2022/3731,2022-06-16,90,13,2,12.971312,77.554857,missing persons reported near Electronic City. CCTV footage under review.
3111,KSP/2022/6702,2022-08-27,25,1,4,12.988491,77.578104,cyber crime reported near Yelahanka. CCTV footage under review.
3112,KSP/2023/4966,2023-08-28,10,13,2,12.997972,77.587021,missing persons reported near MG Road. CCTV footage under review.
3113,KSP/2022/1922,2022-05-22,32,8,3,12.900565,77.66731,Anonymous tip received regarding fraud & cheating. Investigation initiated.
3114,KSP/2026/4684,2026-05-22,44,8,3,12.96376,77.604417,Anonymous tip received regarding fraud & cheating. Investigation initiated.
3115,KSP/2023/5562,2023-01-20,94,11,3,12.914689,77.640089,FIR lodged following land disputes incident. Victim sustained minor injuries.
3116,KSP/2024/5461,2024-11-28,9,4,4,13.029875,77.561478,Complainant reported assault & violence at Yelahanka. Suspect fled the scene.
3117,KSP/2022/7897,2022-07-27,23,13,2,12.997691,77.597547,Anonymous tip received regarding missing persons. Investigation initiated.
3118,KSP/2023/1611,2023-08-07,16,14,3,12.968843,77.585494,domestic violence reported near Mysuru Road. CCTV footage under review.
3119,KSP/2024/5123,2024-03-13,41,11,3,12.959287,77.744835,Complainant reported land disputes at Koramangala. Suspect fled the scene.
3120,KSP/2024/8705,2024-01-23,77,4,4,12.970797,77.75,Complainant reported assault & violence at Mysuru Road. Suspect fled the scene.
3121,KSP/2022/6011,2022-05-24,47,7,5,13.002035,77.583174,Patrol unit responded to robbery & dacoity call. One suspect apprehended.
3122,KSP/2022/3880,2022-04-10,90,14,3,12.819273,77.681636,Patrol unit responded to domestic violence call. One suspect apprehended.
3123,KSP/2022/9326,2022-10-16,9,2,3,12.936799,77.614947,property theft reported near Malleshwaram. CCTV footage under review.
3124,KSP/2025/8835,2025-08-25,89,2,3,12.992259,77.603302,property theft reported near KR Market. CCTV footage under review.
3125,KSP/2022/3172,2022-02-04,84,3,3,12.937051,77.636872,FIR lodged following vehicle theft incident. Victim sustained minor injuries.
3126,KSP/2026/2004,2026-06-20,53,3,3,12.97866,77.585008,FIR lodged following vehicle theft incident. Victim sustained minor injuries.
3127,KSP/2024/9917,2024-08-16,13,11,3,12.974146,77.591285,Complainant reported land disputes at MG Road. Suspect fled the scene.
3128,KSP/2024/1504,2024-04-21,21,10,2,12.968344,77.75,FIR lodged following eve teasing incident. Victim sustained minor injuries.
3129,KSP/2024/6751,2024-08-13,90,11,3,12.983251,77.594917,land disputes reported near Malleshwaram. CCTV footage under review.
3130,KSP/2022/5488,2022-07-22,2,14,3,12.962742,77.578886,Anonymous tip received regarding domestic violence. Investigation initiated.
3131,KSP/2023/2064,2023-08-21,25,10,2,12.853885,77.687576,Patrol unit responded to eve teasing call. One suspect apprehended.
3132,KSP/2024/1914,2024-10-06,66,8,3,12.973716,77.742862,Complainant reported fraud & cheating at BTM Layout. Suspect fled the scene.
3133,KSP/2022/4270,2022-08-08,41,14,3,12.985795,77.577458,Complainant reported domestic violence at BTM Layout. Suspect fled the scene.
3134,KSP/2023/3859,2023-06-30,31,7,5,12.848149,77.694891,Complainant reported robbery & dacoity at BTM Layout. Suspect fled the scene.
3135,KSP/2025/3750,2025-08-08,73,8,3,12.969794,77.58908,Patrol unit responded to fraud & cheating call. One suspect apprehended.
3136,KSP/2022/9876,2022-10-16,97,6,5,12.961312,77.620181,Complainant reported murder at BTM Layout. Suspect fled the scene.
3137,KSP/2024/3437,2024-08-07,38,3,3,13.035464,77.528149,FIR lodged following vehicle theft incident. Victim sustained minor injuries.
3138,KSP/2024/4302,2024-04-19,39,1,4,12.98068,77.75,cyber crime reported near Koramangala. CCTV footage under review.
3139,KSP/2023/2679,2023-10-11,95,11,3,12.936582,77.635476,land disputes reported near Jayanagar. CCTV footage under review.
3140,KSP/2026/6930,2026-04-27,37,9,2,12.951279,77.734123,unlawful assembly reported near Mysuru Road. CCTV footage under review.
3141,KSP/2023/6628,2023-02-19,3,3,3,12.962148,77.601593,Patrol unit responded to vehicle theft call. One suspect apprehended.
3142,KSP/2024/9569,2024-12-15,80,8,3,12.977159,77.604367,FIR lodged following fraud & cheating incident. Victim sustained minor injuries.
3143,KSP/2022/7994,2022-01-26,78,15,5,12.864421,77.653722,FIR lodged following child offences incident. Victim sustained minor injuries.
3144,KSP/2022/6376,2022-10-26,6,13,2,12.963658,77.75,missing persons reported near Malleshwaram. CCTV footage under review.
3145,KSP/2022/6574,2022-04-27,36,4,4,12.962021,77.591524,Patrol unit responded to assault & violence call. One suspect apprehended.
3146,KSP/2024/7585,2024-06-03,86,3,3,12.901542,77.634203,Patrol unit responded to vehicle theft call. One suspect apprehended.
3147,KSP/2024/7694,2024-03-13,90,7,5,12.991916,77.628552,robbery & dacoity reported near KR Market. CCTV footage under review.
3148,KSP/2025/2392,2025-09-07,34,2,3,12.991952,77.577487,Patrol unit responded to property theft call. One suspect apprehended.
3149,KSP/2023/8340,2023-10-30,14,10,2,12.943712,77.668753,Patrol unit responded to eve teasing call. One suspect apprehended.
3150,KSP/2024/6549,2024-10-09,10,6,5,12.925145,77.636891,Complainant reported murder at BTM Layout. Suspect fled the scene.
3151,KSP/2025/5792,2025-04-09,34,9,2,12.956623,77.616586,unlawful assembly reported near BTM Layout. CCTV footage under review.
3152,KSP/2023/8126,2023-10-07,74,9,2,12.995172,77.591119,Anonymous tip received regarding unlawful assembly. Investigation initiated.
3153,KSP/2024/6490,2024-10-04,53,9,2,13.005485,77.589539,Complainant reported unlawful assembly at BTM Layout. Suspect fled the scene.
3154,KSP/2024/3223,2024-12-02,92,7,5,12.992758,77.56953,Anonymous tip received regarding robbery & dacoity. Investigation initiated.
3155,KSP/2022/9799,2022-08-13,76,12,4,12.984219,77.624508,communal offences reported near Bannerghatta Road. CCTV footage under review.
3156,KSP/2022/1912,2022-04-14,88,3,3,12.957845,77.75,FIR lodged following vehicle theft incident. Victim sustained minor injuries.
3157,KSP/2025/7166,2025-08-22,39,13,2,12.973673,77.584192,FIR lodged following missing persons incident. Victim sustained minor injuries.
3158,KSP/2024/5710,2024-02-14,74,9,2,12.942543,77.6216,Patrol unit responded to unlawful assembly call. One suspect apprehended.
3159,KSP/2025/9391,2025-04-12,45,4,4,13.009168,77.556667,FIR lodged following assault & violence incident. Victim sustained minor injuries.
3160,KSP/2023/7182,2023-03-16,77,4,4,13.012163,77.593028,assault & violence reported near Electronic City. CCTV footage under review.
3161,KSP/2024/3415,2024-07-02,91,6,5,13.002115,77.613444,Patrol unit responded to murder call. One suspect apprehended.
3162,KSP/2023/7798,2023-11-03,19,9,2,12.957683,77.75,unlawful assembly reported near Jayanagar. CCTV footage under review.
3163,KSP/2024/5229,2024-05-23,52,1,4,12.965659,77.612572,FIR lodged following cyber crime incident. Victim sustained minor injuries.
3164,KSP/2023/2178,2023-12-24,87,9,2,12.839481,77.653112,Complainant reported unlawful assembly at Electronic City. Suspect fled the scene.
3165,KSP/2022/1783,2022-10-03,58,15,5,12.960226,77.623622,child offences reported near Bannerghatta Road. CCTV footage under review.
3166,KSP/2025/8012,2025-01-15,23,14,3,12.969579,77.631652,domestic violence reported near Yelahanka. CCTV footage under review.
3167,KSP/2025/1674,2025-10-13,66,11,3,12.88259,77.673225,Patrol unit responded to land disputes call. One suspect apprehended.
3168,KSP/2026/9123,2026-03-21,99,10,2,12.927597,77.639568,Anonymous tip received regarding eve teasing. Investigation initiated.
3169,KSP/2024/6476,2024-06-05,18,13,2,12.831159,77.657098,Patrol unit responded to missing persons call. One suspect apprehended.
3170,KSP/2024/4932,2024-02-28,61,10,2,12.9443,77.645527,Complainant reported eve teasing at Mysuru Road. Suspect fled the scene.
3171,KSP/2023/7901,2023-04-12,60,7,5,12.966464,77.75,Complainant reported robbery & dacoity at Yelahanka. Suspect fled the scene.
3172,KSP/2022/8719,2022-10-02,99,6,5,12.960376,77.75,Complainant reported murder at Jayanagar. Suspect fled the scene.
3173,KSP/2022/5550,2022-04-11,95,4,4,13.00861,77.587286,Complainant reported assault & violence at HSR Layout. Suspect fled the scene.
3174,KSP/2023/5759,2023-04-12,93,1,4,12.950415,77.75,FIR lodged following cyber crime incident. Victim sustained minor injuries.
3175,KSP/2025/6602,2025-08-06,24,5,5,13.002582,77.604361,Anonymous tip received regarding narcotics. Investigation initiated.
3176,KSP/2022/5263,2022-04-10,60,14,3,12.920566,77.661271,Complainant reported domestic violence at KR Market. Suspect fled the scene.
3177,KSP/2024/6925,2024-02-02,54,1,4,13.009528,77.614299,Anonymous tip received regarding cyber crime. Investigation initiated.
3178,KSP/2025/2421,2025-05-24,71,2,3,12.841609,77.659374,Anonymous tip received regarding property theft. Investigation initiated.
3179,KSP/2025/7985,2025-10-23,10,2,3,12.885067,77.649627,Anonymous tip received regarding property theft. Investigation initiated.
3180,KSP/2026/8976,2026-05-06,86,6,5,12.937558,77.75,murder reported near Electronic City. CCTV footage under review.
3181,KSP/2025/1259,2025-04-06,95,1,4,12.98836,77.564639,Patrol unit responded to cyber crime call. One suspect apprehended.
3182,KSP/2025/2110,2025-03-10,36,7,5,12.937463,77.618078,Complainant reported robbery & dacoity at Electronic City. Suspect fled the scene.
3183,KSP/2023/4046,2023-07-15,64,11,3,12.989543,77.578809,Patrol unit responded to land disputes call. One suspect apprehended.
3184,KSP/2026/9765,2026-02-03,55,8,3,12.987841,77.608518,FIR lodged following fraud & cheating incident. Victim sustained minor injuries.
3185,KSP/2023/7365,2023-11-03,49,3,3,12.971302,77.608633,Complainant reported vehicle theft at Electronic City. Suspect fled the scene.
3186,KSP/2022/9197,2022-10-08,44,1,4,12.924516,77.627892,Anonymous tip received regarding cyber crime. Investigation initiated.
3187,KSP/2022/5300,2022-01-09,37,3,3,12.953767,77.603372,FIR lodged following vehicle theft incident. Victim sustained minor injuries.
3188,KSP/2023/4697,2023-12-03,46,2,3,13.00948,77.597603,Patrol unit responded to property theft call. One suspect apprehended.
3189,KSP/2025/9141,2025-06-16,62,15,5,12.934867,77.601236,child offences reported near Hebbal. CCTV footage under review.
3190,KSP/2022/4078,2022-08-26,2,5,5,13.008783,77.600774,Patrol unit responded to narcotics call. One suspect apprehended.
3191,KSP/2025/2286,2025-07-23,45,3,3,12.946007,77.654873,Anonymous tip received regarding vehicle theft. Investigation initiated.
3192,KSP/2023/6371,2023-06-06,44,4,4,13.003432,77.547827,Complainant reported assault & violence at Yelahanka. Suspect fled the scene.
3193,KSP/2024/7145,2024-08-01,43,13,2,12.978398,77.647003,Complainant reported missing persons at Whitefield. Suspect fled the scene.
3194,KSP/2025/3913,2025-03-16,28,6,5,12.957992,77.604934,murder reported near Jayanagar. CCTV footage under review.
3195,KSP/2022/1672,2022-10-12,94,9,2,13.018674,77.626064,Patrol unit responded to unlawful assembly call. One suspect apprehended.
3196,KSP/2025/3082,2025-04-11,91,1,4,12.94865,77.601512,FIR lodged following cyber crime incident. Victim sustained minor injuries.
3197,KSP/2025/4967,2025-02-23,98,10,2,12.956683,77.648115,Patrol unit responded to eve teasing call. One suspect apprehended.
3198,KSP/2022/3535,2022-07-16,61,13,2,12.959368,77.633085,Patrol unit responded to missing persons call. One suspect apprehended.
3199,KSP/2025/5087,2025-06-01,11,14,3,12.988336,77.606423,Complainant reported domestic violence at Koramangala. Suspect fled the scene.
3200,KSP/2022/1638,2022-07-15,25,6,5,13.002866,77.573185,Anonymous tip received regarding murder. Investigation initiated.
3201,KSP/2022/7672,2022-10-01,47,1,4,12.985943,77.75,Complainant reported cyber crime at KR Market. Suspect fled the scene.
3202,KSP/2025/6004,2025-06-17,42,10,2,12.971291,77.736817,eve teasing reported near Koramangala. CCTV footage under review.
3203,KSP/2023/2610,2023-07-25,19,15,5,12.974896,77.725741,Patrol unit responded to child offences call. One suspect apprehended.
3204,KSP/2023/6026,2023-04-20,88,7,5,12.849669,77.670346,Complainant reported robbery & dacoity at Malleshwaram. Suspect fled the scene.
3205,KSP/2025/7265,2025-07-26,83,2,3,12.839187,77.670043,Complainant reported property theft at Bannerghatta Road. Suspect fled the scene.
3206,KSP/2026/5096,2026-06-24,18,7,5,12.871571,77.68045,FIR lodged following robbery & dacoity incident. Victim sustained minor injuries.
3207,KSP/2026/2371,2026-04-14,82,13,2,12.956395,77.591146,FIR lodged following missing persons incident. Victim sustained minor injuries.
3208,KSP/2025/7249,2025-03-29,19,13,2,12.963867,77.742906,Patrol unit responded to missing persons call. One suspect apprehended.
3209,KSP/2022/6656,2022-09-26,73,1,4,12.973227,77.626597,Complainant reported cyber crime at KR Market. Suspect fled the scene.
3210,KSP/2024/3173,2024-12-28,71,4,4,12.99923,77.525675,assault & violence reported near Whitefield. CCTV footage under review.
3211,KSP/2022/6564,2022-05-25,79,10,2,12.97414,77.602628,eve teasing reported near Hebbal. CCTV footage under review.
3212,KSP/2023/6728,2023-01-15,12,9,2,12.978086,77.576605,FIR lodged following unlawful assembly incident. Victim sustained minor injuries.
3213,KSP/2026/3415,2026-05-09,81,5,5,12.974872,77.60276,Complainant reported narcotics at Bannerghatta Road. Suspect fled the scene.
3214,KSP/2022/3980,2022-03-31,34,14,3,12.97135,77.74568,FIR lodged following domestic violence incident. Victim sustained minor injuries.
3215,KSP/2024/7539,2024-03-29,89,1,4,12.977941,77.614369,cyber crime reported near Mysuru Road. CCTV footage under review.
3216,KSP/2024/9235,2024-03-10,94,15,5,13.029074,77.62511,Complainant reported child offences at BTM Layout. Suspect fled the scene.
3217,KSP/2023/7372,2023-09-27,43,10,2,12.95197,77.75,Complainant reported eve teasing at MG Road. Suspect fled the scene.
3218,KSP/2026/9363,2026-03-10,57,10,2,12.973403,77.739943,Patrol unit responded to eve teasing call. One suspect apprehended.
3219,KSP/2024/7379,2024-01-09,85,11,3,12.931705,77.75,Complainant reported land disputes at Koramangala. Suspect fled the scene.
3220,KSP/2022/4170,2022-03-13,72,15,5,12.993639,77.75,Complainant reported child offences at MG Road. Suspect fled the scene.
3221,KSP/2025/1252,2025-10-21,28,7,5,12.890121,77.652259,Complainant reported robbery & dacoity at Mysuru Road. Suspect fled the scene.
3222,KSP/2024/6286,2024-03-07,94,9,2,12.993143,77.623745,Patrol unit responded to unlawful assembly call. One suspect apprehended.
3223,KSP/2022/2999,2022-08-17,34,4,4,12.969141,77.582435,Patrol unit responded to assault & violence call. One suspect apprehended.
3224,KSP/2024/4921,2024-08-13,76,8,3,12.853478,77.681203,fraud & cheating reported near Whitefield. CCTV footage under review.
3225,KSP/2022/4621,2022-06-24,17,6,5,12.970044,77.577662,Patrol unit responded to murder call. One suspect apprehended.
3226,KSP/2026/9662,2026-05-06,96,10,2,12.988907,77.75,Patrol unit responded to eve teasing call. One suspect apprehended.
3227,KSP/2023/7022,2023-04-09,100,12,4,12.948742,77.659962,Patrol unit responded to communal offences call. One suspect apprehended.
3228,KSP/2023/9790,2023-05-09,1,11,3,13.00606,77.524931,Patrol unit responded to land disputes call. One suspect apprehended.
3229,KSP/2023/9355,2023-10-14,66,12,4,12.973825,77.605636,Complainant reported communal offences at Malleshwaram. Suspect fled the scene.
3230,KSP/2025/9113,2025-08-05,65,6,5,12.924558,77.65869,murder reported near Malleshwaram. CCTV footage under review.
3231,KSP/2023/5599,2023-11-11,74,1,4,13.005187,77.646551,cyber crime reported near Hebbal. CCTV footage under review.
3232,KSP/2025/8824,2025-01-15,42,6,5,12.836804,77.682255,FIR lodged following murder incident. Victim sustained minor injuries.
3233,KSP/2023/9004,2023-05-08,36,14,3,13.016643,77.531368,Patrol unit responded to domestic violence call. One suspect apprehended.
3234,KSP/2022/7320,2022-07-19,88,9,2,12.928723,77.663135,Anonymous tip received regarding unlawful assembly. Investigation initiated.
3235,KSP/2023/9077,2023-01-09,55,14,3,12.898059,77.655753,Complainant reported domestic violence at Mysuru Road. Suspect fled the scene.
3236,KSP/2024/6868,2024-09-15,100,4,4,12.965143,77.598025,Complainant reported assault & violence at Mysuru Road. Suspect fled the scene.
3237,KSP/2025/1130,2025-08-18,7,10,2,12.981447,77.75,FIR lodged following eve teasing incident. Victim sustained minor injuries.
3238,KSP/2022/4140,2022-07-09,5,9,2,12.973436,77.579604,Complainant reported unlawful assembly at Malleshwaram. Suspect fled the scene.
3239,KSP/2023/3368,2023-04-28,17,2,3,12.970613,77.570029,FIR lodged following property theft incident. Victim sustained minor injuries.
3240,KSP/2023/7720,2023-06-05,71,9,2,12.992715,77.569923,unlawful assembly reported near Malleshwaram. CCTV footage under review.
3241,KSP/2022/9292,2022-06-03,5,1,4,13.02344,77.535033,Complainant reported cyber crime at Mysuru Road. Suspect fled the scene.
3242,KSP/2022/4590,2022-01-16,57,5,5,12.964176,77.651961,Complainant reported narcotics at Jayanagar. Suspect fled the scene.
3243,KSP/2026/6346,2026-02-18,34,12,4,12.980911,77.739616,Complainant reported communal offences at Jayanagar. Suspect fled the scene.
3244,KSP/2025/8166,2025-05-05,63,5,5,12.898801,77.666468,Complainant reported narcotics at HSR Layout. Suspect fled the scene.
3245,KSP/2023/1787,2023-03-05,81,13,2,13.01689,77.606414,missing persons reported near Whitefield. CCTV footage under review.
3246,KSP/2024/2031,2024-07-17,14,6,5,13.001967,77.593904,Patrol unit responded to murder call. One suspect apprehended.
3247,KSP/2025/3515,2025-06-23,65,10,2,12.930022,77.586475,eve teasing reported near Bannerghatta Road. CCTV footage under review.
3248,KSP/2025/4563,2025-01-15,72,7,5,13.00224,77.590947,Anonymous tip received regarding robbery & dacoity. Investigation initiated.
3249,KSP/2024/2463,2024-09-21,21,4,4,12.957924,77.594847,Patrol unit responded to assault & violence call. One suspect apprehended.
3250,KSP/2025/9388,2025-05-20,35,7,5,12.973954,77.75,robbery & dacoity reported near BTM Layout. CCTV footage under review.
3251,KSP/2022/2346,2022-03-11,86,5,5,12.95041,77.75,narcotics reported near Jayanagar. CCTV footage under review.
3252,KSP/2026/8917,2026-04-18,48,12,4,12.833659,77.674086,Complainant reported communal offences at Yelahanka. Suspect fled the scene.
3253,KSP/2022/3706,2022-10-26,44,7,5,12.966287,77.58374,Anonymous tip received regarding robbery & dacoity. Investigation initiated.
3254,KSP/2023/5006,2023-07-07,67,4,4,12.989733,77.58428,Patrol unit responded to assault & violence call. One suspect apprehended.
3255,KSP/2025/7213,2025-10-14,100,12,4,12.958994,77.744785,communal offences reported near Jayanagar. CCTV footage under review.
3256,KSP/2024/4444,2024-07-30,82,6,5,12.895885,77.651656,Patrol unit responded to murder call. One suspect apprehended.
3257,KSP/2026/7726,2026-03-11,73,13,2,12.977649,77.588676,Complainant reported missing persons at Jayanagar. Suspect fled the scene.
3258,KSP/2022/4948,2022-06-17,39,3,3,12.991417,77.594933,vehicle theft reported near Malleshwaram. CCTV footage under review.
3259,KSP/2023/1782,2023-01-24,15,13,2,12.95913,77.75,Complainant reported missing persons at BTM Layout. Suspect fled the scene.
3260,KSP/2023/5306,2023-12-12,31,2,3,12.969565,77.75,Anonymous tip received regarding property theft. Investigation initiated.
3261,KSP/2026/6773,2026-02-11,47,11,3,12.947537,77.620561,FIR lodged following land disputes incident. Victim sustained minor injuries.
3262,KSP/2024/8992,2024-11-30,40,8,3,12.929484,77.628583,Anonymous tip received regarding fraud & cheating. Investigation initiated.
3263,KSP/2023/6145,2023-10-27,20,2,3,12.945502,77.614267,Patrol unit responded to property theft call. One suspect apprehended.
3264,KSP/2022/6636,2022-02-24,63,4,4,12.9619,77.605365,Patrol unit responded to assault & violence call. One suspect apprehended.
3265,KSP/2022/1725,2022-10-31,20,12,4,12.935495,77.75,communal offences reported near Malleshwaram. CCTV footage under review.
3266,KSP/2023/3746,2023-01-01,31,12,4,12.911716,77.638421,FIR lodged following communal offences incident. Victim sustained minor injuries.
3267,KSP/2025/1298,2025-10-11,60,4,4,12.99494,77.559193,Complainant reported assault & violence at Hebbal. Suspect fled the scene.
3268,KSP/2022/9072,2022-10-26,86,2,3,12.935653,77.727346,Anonymous tip received regarding property theft. Investigation initiated.
3269,KSP/2024/6722,2024-06-22,92,10,2,12.998037,77.558376,Complainant reported eve teasing at Electronic City. Suspect fled the scene.
3270,KSP/2026/7593,2026-04-01,5,6,5,12.992686,77.75,Anonymous tip received regarding murder. Investigation initiated.
3271,KSP/2022/6700,2022-03-01,79,2,3,12.960051,77.58523,Complainant reported property theft at Yelahanka. Suspect fled the scene.
3272,KSP/2022/5418,2022-04-20,74,11,3,13.028646,77.552726,land disputes reported near Yelahanka. CCTV footage under review.
3273,KSP/2024/2603,2024-08-29,51,1,4,12.837038,77.668052,Anonymous tip received regarding cyber crime. Investigation initiated.
3274,KSP/2024/7950,2024-01-05,57,14,3,12.971534,77.580301,Patrol unit responded to domestic violence call. One suspect apprehended.
3275,KSP/2026/6833,2026-02-21,91,7,5,13.002323,77.606902,FIR lodged following robbery & dacoity incident. Victim sustained minor injuries.
3276,KSP/2023/4512,2023-02-17,35,9,2,12.953326,77.75,Patrol unit responded to unlawful assembly call. One suspect apprehended.
3277,KSP/2022/1119,2022-11-27,10,12,4,13.011689,77.633705,FIR lodged following communal offences incident. Victim sustained minor injuries.
3278,KSP/2023/6075,2023-05-28,79,5,5,12.942594,77.600494,narcotics reported near BTM Layout. CCTV footage under review.
3279,KSP/2026/8235,2026-01-30,99,4,4,12.964781,77.740439,Patrol unit responded to assault & violence call. One suspect apprehended.
3280,KSP/2022/1180,2022-03-11,86,13,2,12.965389,77.577516,FIR lodged following missing persons incident. Victim sustained minor injuries.
3281,KSP/2025/3512,2025-09-19,50,1,4,12.930274,77.597846,Anonymous tip received regarding cyber crime. Investigation initiated.
3282,KSP/2025/8714,2025-07-13,76,13,2,12.948763,77.622291,FIR lodged following missing persons incident. Victim sustained minor injuries.
3283,KSP/2026/8031,2026-04-23,75,14,3,12.992556,77.572119,Patrol unit responded to domestic violence call. One suspect apprehended.
3284,KSP/2023/3726,2023-06-01,42,2,3,12.942339,77.606786,Complainant reported property theft at Hebbal. Suspect fled the scene.
3285,KSP/2026/3404,2026-02-28,43,13,2,12.966233,77.643561,Patrol unit responded to missing persons call. One suspect apprehended.
3286,KSP/2024/5470,2024-09-16,49,13,2,12.890095,77.665578,missing persons reported near Hebbal. CCTV footage under review.
3287,KSP/2024/2251,2024-09-11,15,14,3,12.999615,77.600723,Anonymous tip received regarding domestic violence. Investigation initiated.
3288,KSP/2024/7259,2024-11-30,58,9,2,12.951506,77.619482,Complainant reported unlawful assembly at Koramangala. Suspect fled the scene.
3289,KSP/2023/9845,2023-10-03,13,3,3,13.006777,77.612268,Patrol unit responded to vehicle theft call. One suspect apprehended.
3290,KSP/2026/2633,2026-05-13,69,11,3,12.988346,77.586728,Anonymous tip received regarding land disputes. Investigation initiated.
3291,KSP/2025/1457,2025-04-01,10,12,4,12.969665,77.607329,FIR lodged following communal offences incident. Victim sustained minor injuries.
3292,KSP/2022/4024,2022-07-05,57,5,5,12.939432,77.637072,Complainant reported narcotics at MG Road. Suspect fled the scene.
3293,KSP/2026/7469,2026-04-28,38,3,3,12.968208,77.613548,vehicle theft reported near Mysuru Road. CCTV footage under review.
3294,KSP/2025/2776,2025-08-03,70,8,3,12.934958,77.622327,fraud & cheating reported near Malleshwaram. CCTV footage under review.
3295,KSP/2022/8909,2022-01-09,89,4,4,12.947771,77.640577,assault & violence reported near Malleshwaram. CCTV footage under review.
3296,KSP/2023/9939,2023-04-03,68,13,2,13.024423,77.557119,Complainant reported missing persons at Hebbal. Suspect fled the scene.
3297,KSP/2026/4643,2026-04-06,6,13,2,12.981861,77.75,missing persons reported near HSR Layout. CCTV footage under review.
3298,KSP/2024/8035,2024-10-17,60,4,4,12.975236,77.664631,assault & violence reported near Hebbal. CCTV footage under review.
3299,KSP/2023/1334,2023-12-18,50,5,5,12.843468,77.679059,Patrol unit responded to narcotics call. One suspect apprehended.
3300,KSP/2026/5888,2026-02-20,17,12,4,12.976948,77.603476,Complainant reported communal offences at Koramangala. Suspect fled the scene.
3301,KSP/2025/2132,2025-11-01,95,6,5,13.050578,77.576209,Complainant reported murder at MG Road. Suspect fled the scene.
3302,KSP/2023/8611,2023-03-18,2,13,2,12.852117,77.685857,Patrol unit responded to missing persons call. One suspect apprehended.
3303,KSP/2022/7520,2022-07-28,94,8,3,13.004478,77.586318,Patrol unit responded to fraud & cheating call. One suspect apprehended.
3304,KSP/2022/2852,2022-01-11,55,3,3,12.92453,77.64554,FIR lodged following vehicle theft incident. Victim sustained minor injuries.
3305,KSP/2025/5527,2025-11-16,66,10,2,12.933239,77.653693,Anonymous tip received regarding eve teasing. Investigation initiated.
3306,KSP/2025/9249,2025-02-17,39,1,4,12.919802,77.645241,Patrol unit responded to cyber crime call. One suspect apprehended.
3307,KSP/2025/6345,2025-01-29,11,3,3,12.959108,77.638939,vehicle theft reported near Koramangala. CCTV footage under review.
3308,KSP/2024/3669,2024-12-08,95,8,3,12.969342,77.75,Complainant reported fraud & cheating at KR Market. Suspect fled the scene.
3309,KSP/2024/6413,2024-01-30,48,2,3,12.973893,77.588566,FIR lodged following property theft incident. Victim sustained minor injuries.
3310,KSP/2022/8434,2022-02-07,13,9,2,13.016571,77.532331,FIR lodged following unlawful assembly incident. Victim sustained minor injuries.
3311,KSP/2023/7730,2023-08-21,65,9,2,12.949684,77.606309,Complainant reported unlawful assembly at Jayanagar. Suspect fled the scene.
3312,KSP/2024/6406,2024-02-28,12,8,3,12.966339,77.591997,fraud & cheating reported near KR Market. CCTV footage under review.
3313,KSP/2024/8343,2024-09-23,50,15,5,12.985013,77.583562,FIR lodged following child offences incident. Victim sustained minor injuries.
3314,KSP/2025/8136,2025-06-08,8,9,2,12.947748,77.585612,unlawful assembly reported near Yelahanka. CCTV footage under review.
3315,KSP/2025/8740,2025-11-14,98,1,4,12.962599,77.640442,FIR lodged following cyber crime incident. Victim sustained minor injuries.
3316,KSP/2025/9189,2025-07-29,34,4,4,12.984544,77.624922,assault & violence reported near Jayanagar. CCTV footage under review.
3317,KSP/2024/5972,2024-05-22,90,15,5,12.972144,77.737393,Patrol unit responded to child offences call. One suspect apprehended.
3318,KSP/2022/1320,2022-10-16,44,13,2,12.979074,77.722529,Anonymous tip received regarding missing persons. Investigation initiated.
3319,KSP/2025/5897,2025-01-23,62,13,2,12.990706,77.601003,Patrol unit responded to missing persons call. One suspect apprehended.
3320,KSP/2026/8365,2026-01-08,47,8,3,12.985069,77.605391,fraud & cheating reported near Hebbal. CCTV footage under review.
3321,KSP/2026/8469,2026-05-09,20,5,5,12.975464,77.588191,Patrol unit responded to narcotics call. One suspect apprehended.
3322,KSP/2024/4329,2024-04-13,75,3,3,13.026226,77.56828,Complainant reported vehicle theft at Mysuru Road. Suspect fled the scene.
3323,KSP/2024/8108,2024-12-19,49,1,4,12.949331,77.620552,cyber crime reported near KR Market. CCTV footage under review.
3324,KSP/2025/9509,2025-06-20,17,11,3,13.002451,77.607345,Complainant reported land disputes at Koramangala. Suspect fled the scene.
3325,KSP/2025/8193,2025-10-07,77,14,3,12.939228,77.643109,domestic violence reported near Yelahanka. CCTV footage under review.
3326,KSP/2025/4650,2025-06-16,64,7,5,12.960578,77.578544,FIR lodged following robbery & dacoity incident. Victim sustained minor injuries.
3327,KSP/2025/2399,2025-10-11,8,8,3,12.975074,77.581913,Complainant reported fraud & cheating at BTM Layout. Suspect fled the scene.
3328,KSP/2025/1532,2025-07-27,53,14,3,12.997671,77.579438,FIR lodged following domestic violence incident. Victim sustained minor injuries.
3329,KSP/2023/4962,2023-05-25,7,9,2,12.920679,77.6438,FIR lodged following unlawful assembly incident. Victim sustained minor injuries.
3330,KSP/2024/7572,2024-05-19,91,12,4,12.966626,77.601427,communal offences reported near KR Market. CCTV footage under review.
3331,KSP/2024/1037,2024-03-14,52,14,3,12.973952,77.635653,FIR lodged following domestic violence incident. Victim sustained minor injuries.
3332,KSP/2025/3303,2025-05-02,77,10,2,13.027656,77.565991,Anonymous tip received regarding eve teasing. Investigation initiated.
3333,KSP/2022/7267,2022-05-31,34,5,5,12.962046,77.60892,Complainant reported narcotics at Mysuru Road. Suspect fled the scene.
3334,KSP/2026/2747,2026-01-27,15,4,4,12.898403,77.645768,Anonymous tip received regarding assault & violence. Investigation initiated.
3335,KSP/2022/6932,2022-01-31,45,15,5,13.023473,77.532896,Anonymous tip received regarding child offences. Investigation initiated.
3336,KSP/2024/5959,2024-02-09,17,15,5,12.908321,77.649686,child offences reported near Malleshwaram. CCTV footage under review.
3337,KSP/2025/8317,2025-08-11,70,7,5,12.930517,77.643786,Patrol unit responded to robbery & dacoity call. One suspect apprehended.
3338,KSP/2023/5081,2023-02-09,10,7,5,13.044972,77.557268,FIR lodged following robbery & dacoity incident. Victim sustained minor injuries.
3339,KSP/2024/7794,2024-10-09,27,14,3,12.988463,77.58224,Patrol unit responded to domestic violence call. One suspect apprehended.
3340,KSP/2026/8930,2026-01-06,21,15,5,12.980167,77.564104,Patrol unit responded to child offences call. One suspect apprehended.
3341,KSP/2022/3580,2022-08-26,40,14,3,12.943006,77.65015,Anonymous tip received regarding domestic violence. Investigation initiated.
3342,KSP/2026/6074,2026-01-12,39,9,2,12.972763,77.664544,Patrol unit responded to unlawful assembly call. One suspect apprehended.
3343,KSP/2026/1073,2026-04-23,3,2,3,12.974845,77.60356,Complainant reported property theft at Yelahanka. Suspect fled the scene.
3344,KSP/2024/1347,2024-11-17,19,6,5,12.997505,77.595641,Complainant reported murder at Whitefield. Suspect fled the scene.
3345,KSP/2026/7005,2026-02-28,35,11,3,12.989289,77.578938,Anonymous tip received regarding land disputes. Investigation initiated.
3346,KSP/2022/7648,2022-07-31,54,2,3,12.967642,77.607288,Complainant reported property theft at Hebbal. Suspect fled the scene.
3347,KSP/2022/7647,2022-10-31,88,3,3,12.933527,77.622191,Anonymous tip received regarding vehicle theft. Investigation initiated.
3348,KSP/2023/8885,2023-12-16,69,11,3,12.930683,77.65215,land disputes reported near KR Market. CCTV footage under review.
3349,KSP/2023/7102,2023-08-10,65,14,3,12.966515,77.715274,FIR lodged following domestic violence incident. Victim sustained minor injuries.
3350,KSP/2025/1171,2025-05-21,55,15,5,12.97305,77.613643,Patrol unit responded to child offences call. One suspect apprehended.
3351,KSP/2023/7575,2023-04-22,63,1,4,12.970617,77.610859,FIR lodged following cyber crime incident. Victim sustained minor injuries.
3352,KSP/2022/8541,2022-11-06,1,2,3,12.97268,77.576524,Patrol unit responded to property theft call. One suspect apprehended.
3353,KSP/2026/3115,2026-02-10,45,2,3,12.984097,77.604529,FIR lodged following property theft incident. Victim sustained minor injuries.
3354,KSP/2025/4716,2025-01-01,91,2,3,12.985727,77.607726,FIR lodged following property theft incident. Victim sustained minor injuries.
3355,KSP/2023/6578,2023-09-07,65,3,3,12.85533,77.653276,vehicle theft reported near HSR Layout. CCTV footage under review.
3356,KSP/2025/3046,2025-03-01,10,3,3,12.888468,77.68226,Anonymous tip received regarding vehicle theft. Investigation initiated.
3357,KSP/2024/1317,2024-05-27,60,8,3,12.962925,77.597296,Patrol unit responded to fraud & cheating call. One suspect apprehended.
3358,KSP/2024/8663,2024-08-20,31,6,5,13.000343,77.648089,FIR lodged following murder incident. Victim sustained minor injuries.
3359,KSP/2026/2148,2026-05-26,23,10,2,12.985498,77.609453,Patrol unit responded to eve teasing call. One suspect apprehended.
3360,KSP/2025/8114,2025-12-30,91,5,5,12.866187,77.673129,narcotics reported near Koramangala. CCTV footage under review.
3361,KSP/2023/6613,2023-08-18,39,12,4,12.943738,77.616669,Anonymous tip received regarding communal offences. Investigation initiated.
3362,KSP/2025/2807,2025-03-15,44,10,2,12.914803,77.625089,Anonymous tip received regarding eve teasing. Investigation initiated.
3363,KSP/2026/1768,2026-05-31,98,14,3,12.996336,77.57144,Complainant reported domestic violence at Whitefield. Suspect fled the scene.
3364,KSP/2024/8715,2024-07-11,75,13,2,12.972947,77.606582,FIR lodged following missing persons incident. Victim sustained minor injuries.
3365,KSP/2024/2078,2024-06-10,54,13,2,12.993211,77.602895,Complainant reported missing persons at HSR Layout. Suspect fled the scene.
3366,KSP/2023/3267,2023-06-06,17,11,3,12.927443,77.625585,land disputes reported near Malleshwaram. CCTV footage under review.
3367,KSP/2023/2384,2023-12-19,92,7,5,12.849275,77.672062,Complainant reported robbery & dacoity at HSR Layout. Suspect fled the scene.
3368,KSP/2022/8647,2022-11-08,31,15,5,12.906419,77.646209,Anonymous tip received regarding child offences. Investigation initiated.
3369,KSP/2023/2078,2023-07-21,34,2,3,12.990129,77.570425,property theft reported near Hebbal. CCTV footage under review.
3370,KSP/2022/2077,2022-02-09,67,9,2,12.875115,77.668864,Complainant reported unlawful assembly at BTM Layout. Suspect fled the scene.
3371,KSP/2024/5471,2024-10-22,58,5,5,12.913069,77.639955,Patrol unit responded to narcotics call. One suspect apprehended.
3372,KSP/2024/7806,2024-09-30,89,13,2,12.952576,77.584875,Patrol unit responded to missing persons call. One suspect apprehended.
3373,KSP/2024/3765,2024-02-14,22,8,3,12.974399,77.607314,Patrol unit responded to fraud & cheating call. One suspect apprehended.
3374,KSP/2024/1173,2024-01-05,6,8,3,12.909131,77.633246,fraud & cheating reported near Jayanagar. CCTV footage under review.
3375,KSP/2022/8426,2022-06-22,53,11,3,12.953492,77.587064,land disputes reported near Hebbal. CCTV footage under review.
3376,KSP/2026/6322,2026-04-13,41,2,3,12.956815,77.647791,property theft reported near Koramangala. CCTV footage under review.
3377,KSP/2024/9072,2024-02-12,77,4,4,13.007279,77.608041,Complainant reported assault & violence at Malleshwaram. Suspect fled the scene.
3378,KSP/2025/4680,2025-02-03,80,3,3,13.00481,77.58599,Anonymous tip received regarding vehicle theft. Investigation initiated.
3379,KSP/2022/4473,2022-03-01,95,3,3,13.003881,77.606121,Anonymous tip received regarding vehicle theft. Investigation initiated.
3380,KSP/2024/8680,2024-12-13,72,12,4,12.858732,77.71922,FIR lodged following communal offences incident. Victim sustained minor injuries.
3381,KSP/2026/5034,2026-05-07,3,11,3,12.9788,77.75,Complainant reported land disputes at Koramangala. Suspect fled the scene.
3382,KSP/2023/4768,2023-10-09,55,14,3,12.964437,77.625009,Complainant reported domestic violence at Whitefield. Suspect fled the scene.
3383,KSP/2024/9826,2024-02-27,48,5,5,12.974529,77.66068,Complainant reported narcotics at BTM Layout. Suspect fled the scene.
3384,KSP/2024/2189,2024-12-13,52,3,3,12.966139,77.649318,Complainant reported vehicle theft at Jayanagar. Suspect fled the scene.
3385,KSP/2022/2470,2022-03-30,47,1,4,12.980345,77.612168,cyber crime reported near Bannerghatta Road. CCTV footage under review.
3386,KSP/2024/3488,2024-04-08,20,14,3,12.972971,77.746028,Complainant reported domestic violence at Hebbal. Suspect fled the scene.
3387,KSP/2025/2289,2025-05-06,76,14,3,12.943552,77.607667,Anonymous tip received regarding domestic violence. Investigation initiated.
3388,KSP/2024/1583,2024-09-23,63,10,2,12.965337,77.75,FIR lodged following eve teasing incident. Victim sustained minor injuries.
3389,KSP/2024/4657,2024-12-08,94,12,4,12.981151,77.600757,Complainant reported communal offences at Jayanagar. Suspect fled the scene.
3390,KSP/2022/8707,2022-08-01,15,11,3,12.839273,77.702412,Patrol unit responded to land disputes call. One suspect apprehended.
3391,KSP/2023/4778,2023-01-12,23,6,5,12.935772,77.610391,murder reported near Malleshwaram. CCTV footage under review.
3392,KSP/2024/8054,2024-02-04,16,15,5,13.030001,77.559895,Complainant reported child offences at Mysuru Road. Suspect fled the scene.
3393,KSP/2025/6176,2025-02-07,17,12,4,12.984988,77.576669,communal offences reported near Koramangala. CCTV footage under review.
3394,KSP/2024/3520,2024-08-29,8,1,4,12.955685,77.589225,Complainant reported cyber crime at Hebbal. Suspect fled the scene.
3395,KSP/2025/8546,2025-07-28,10,6,5,12.81939,77.694988,Patrol unit responded to murder call. One suspect apprehended.
3396,KSP/2026/1621,2026-04-19,14,5,5,13.016266,77.536289,Complainant reported narcotics at Bannerghatta Road. Suspect fled the scene.
3397,KSP/2022/4547,2022-10-26,77,1,4,12.911496,77.634475,Complainant reported cyber crime at Bannerghatta Road. Suspect fled the scene.
3398,KSP/2023/7401,2023-10-06,85,3,3,12.941077,77.637071,Complainant reported vehicle theft at Hebbal. Suspect fled the scene.
3399,KSP/2026/9776,2026-04-29,94,2,3,13.003058,77.617507,property theft reported near Bannerghatta Road. CCTV footage under review.
3400,KSP/2022/1576,2022-05-23,85,6,5,12.921375,77.592523,Anonymous tip received regarding murder. Investigation initiated.
3401,KSP/2023/3885,2023-05-14,68,10,2,12.9543,77.75,eve teasing reported near Yelahanka. CCTV footage under review.
3402,KSP/2022/5757,2022-01-06,58,1,4,12.944862,77.638927,Patrol unit responded to cyber crime call. One suspect apprehended.
3403,KSP/2022/4658,2022-02-25,94,3,3,12.979619,77.622383,vehicle theft reported near Electronic City. CCTV footage under review.
3404,KSP/2025/9526,2025-05-28,98,11,3,12.970283,77.63732,Patrol unit responded to land disputes call. One suspect apprehended.
3405,KSP/2024/9988,2024-03-04,27,10,2,13.015458,77.548031,Anonymous tip received regarding eve teasing. Investigation initiated.
3406,KSP/2022/9631,2022-04-20,66,7,5,12.908899,77.667139,robbery & dacoity reported near Malleshwaram. CCTV footage under review.
3407,KSP/2026/7962,2026-03-07,39,11,3,12.952703,77.632519,Complainant reported land disputes at MG Road. Suspect fled the scene.
3408,KSP/2025/5078,2025-06-03,97,6,5,12.958552,77.571272,FIR lodged following murder incident. Victim sustained minor injuries.
3409,KSP/2023/1530,2023-04-01,18,2,3,12.960256,77.583139,Complainant reported property theft at Bannerghatta Road. Suspect fled the scene.
3410,KSP/2023/8695,2023-10-27,91,6,5,12.95236,77.651077,FIR lodged following murder incident. Victim sustained minor injuries.
3411,KSP/2025/8881,2025-03-22,14,8,3,12.969955,77.641158,fraud & cheating reported near Bannerghatta Road. CCTV footage under review.
3412,KSP/2026/2695,2026-02-01,19,10,2,12.959132,77.601901,FIR lodged following eve teasing incident. Victim sustained minor injuries.
3413,KSP/2024/1389,2024-06-20,85,5,5,13.007442,77.583927,Anonymous tip received regarding narcotics. Investigation initiated.
3414,KSP/2022/4420,2022-04-24,73,1,4,12.966602,77.747874,Patrol unit responded to cyber crime call. One suspect apprehended.
3415,KSP/2026/7185,2026-01-26,13,13,2,12.952237,77.75,FIR lodged following missing persons incident. Victim sustained minor injuries.
3416,KSP/2024/1973,2024-02-12,4,7,5,12.979313,77.569989,Patrol unit responded to robbery & dacoity call. One suspect apprehended.
3417,KSP/2024/1290,2024-08-12,63,1,4,12.97306,77.603256,Patrol unit responded to cyber crime call. One suspect apprehended.
3418,KSP/2025/7771,2025-07-06,97,11,3,13.026396,77.608732,Anonymous tip received regarding land disputes. Investigation initiated.
3419,KSP/2022/7186,2022-11-06,21,7,5,12.925332,77.624715,Patrol unit responded to robbery & dacoity call. One suspect apprehended.
3420,KSP/2022/3087,2022-06-23,32,3,3,12.97531,77.573722,Complainant reported vehicle theft at Whitefield. Suspect fled the scene.
3421,KSP/2025/2672,2025-04-02,24,1,4,12.979852,77.605993,cyber crime reported near Yelahanka. CCTV footage under review.
3422,KSP/2024/3719,2024-03-26,99,6,5,12.997467,77.548134,Complainant reported murder at Electronic City. Suspect fled the scene.
3423,KSP/2025/9884,2025-06-04,15,13,2,12.915675,77.650428,missing persons reported near KR Market. CCTV footage under review.
3424,KSP/2024/1551,2024-07-02,75,13,2,12.988611,77.620352,Anonymous tip received regarding missing persons. Investigation initiated.
3425,KSP/2026/6291,2026-01-11,71,9,2,12.948469,77.646695,unlawful assembly reported near HSR Layout. CCTV footage under review.
3426,KSP/2022/5252,2022-02-16,89,13,2,12.957467,77.652489,FIR lodged following missing persons incident. Victim sustained minor injuries.
3427,KSP/2022/4845,2022-08-08,60,9,2,12.961389,77.60309,FIR lodged following unlawful assembly incident. Victim sustained minor injuries.
3428,KSP/2022/3498,2022-12-08,49,2,3,12.970668,77.75,Patrol unit responded to property theft call. One suspect apprehended.
3429,KSP/2023/5072,2023-01-13,86,11,3,13.03464,77.51982,Patrol unit responded to land disputes call. One suspect apprehended.
3430,KSP/2022/3033,2022-10-15,14,10,2,12.981692,77.600592,Patrol unit responded to eve teasing call. One suspect apprehended.
3431,KSP/2025/5977,2025-03-21,93,13,2,12.941763,77.623791,Patrol unit responded to missing persons call. One suspect apprehended.
3432,KSP/2022/5289,2022-07-16,11,9,2,12.834867,77.667969,Complainant reported unlawful assembly at Koramangala. Suspect fled the scene.
3433,KSP/2022/6600,2022-11-18,11,5,5,12.982154,77.610178,Anonymous tip received regarding narcotics. Investigation initiated.
3434,KSP/2022/8379,2022-01-07,5,11,3,12.97285,77.614034,Anonymous tip received regarding land disputes. Investigation initiated.
3435,KSP/2022/2639,2022-05-29,38,9,2,12.959,77.744607,unlawful assembly reported near Yelahanka. CCTV footage under review.
3436,KSP/2023/6794,2023-09-07,98,11,3,12.929598,77.623556,Complainant reported land disputes at Hebbal. Suspect fled the scene.
3437,KSP/2023/8739,2023-04-19,77,14,3,12.940007,77.613146,domestic violence reported near Jayanagar. CCTV footage under review.
3438,KSP/2023/5231,2023-10-30,80,5,5,12.971062,77.591111,narcotics reported near Hebbal. CCTV footage under review.
3439,KSP/2023/2745,2023-12-15,91,10,2,12.855998,77.673885,FIR lodged following eve teasing incident. Victim sustained minor injuries.
3440,KSP/2023/2160,2023-08-01,1,4,4,13.002387,77.579913,assault & violence reported near Hebbal. CCTV footage under review.
3441,KSP/2025/2070,2025-11-01,90,13,2,12.984093,77.616609,Anonymous tip received regarding missing persons. Investigation initiated.
3442,KSP/2024/1593,2024-01-21,11,10,2,12.935219,77.597139,Complainant reported eve teasing at BTM Layout. Suspect fled the scene.
3443,KSP/2025/6277,2025-06-18,29,1,4,12.924,77.632004,Complainant reported cyber crime at Whitefield. Suspect fled the scene.
3444,KSP/2025/7553,2025-10-01,60,7,5,12.968517,77.75,Anonymous tip received regarding robbery & dacoity. Investigation initiated.
3445,KSP/2026/9335,2026-05-31,33,10,2,12.894595,77.664729,Patrol unit responded to eve teasing call. One suspect apprehended.
3446,KSP/2022/8471,2022-11-27,60,9,2,12.944253,77.617763,Complainant reported unlawful assembly at KR Market. Suspect fled the scene.
3447,KSP/2023/6078,2023-11-21,77,1,4,12.934281,77.597824,cyber crime reported near Jayanagar. CCTV footage under review.
3448,KSP/2026/2210,2026-06-28,57,3,3,12.97991,77.606947,Complainant reported vehicle theft at MG Road. Suspect fled the scene.
3449,KSP/2022/1387,2022-04-24,22,2,3,12.985656,77.582278,Anonymous tip received regarding property theft. Investigation initiated.
3450,KSP/2025/7928,2025-01-13,58,14,3,12.966005,77.641952,Anonymous tip received regarding domestic violence. Investigation initiated.
3451,KSP/2025/3650,2025-06-18,30,5,5,12.966619,77.591546,Anonymous tip received regarding narcotics. Investigation initiated.
3452,KSP/2023/4994,2023-10-18,1,9,2,12.972169,77.591169,FIR lodged following unlawful assembly incident. Victim sustained minor injuries.
3453,KSP/2023/7622,2023-07-14,45,13,2,12.981343,77.601425,missing persons reported near BTM Layout. CCTV footage under review.
3454,KSP/2026/2700,2026-01-23,59,4,4,12.988597,77.75,assault & violence reported near Koramangala. CCTV footage under review.
3455,KSP/2023/9115,2023-04-26,92,4,4,12.834679,77.691959,Anonymous tip received regarding assault & violence. Investigation initiated.
3456,KSP/2024/6399,2024-12-20,85,11,3,12.918257,77.67343,Patrol unit responded to land disputes call. One suspect apprehended.
3457,KSP/2025/2515,2025-04-20,34,4,4,13.036426,77.534568,Patrol unit responded to assault & violence call. One suspect apprehended.
3458,KSP/2023/8890,2023-09-16,78,11,3,13.021594,77.616942,Complainant reported land disputes at Mysuru Road. Suspect fled the scene.
3459,KSP/2022/6233,2022-11-11,60,7,5,12.997043,77.626056,robbery & dacoity reported near Koramangala. CCTV footage under review.
3460,KSP/2024/4079,2024-11-19,48,10,2,12.968546,77.580038,Complainant reported eve teasing at Malleshwaram. Suspect fled the scene.
3461,KSP/2025/5849,2025-10-23,85,12,4,12.947275,77.75,Complainant reported communal offences at MG Road. Suspect fled the scene.
3462,KSP/2023/4888,2023-12-18,33,15,5,13.020848,77.552142,Patrol unit responded to child offences call. One suspect apprehended.
3463,KSP/2025/3472,2025-05-12,47,11,3,12.938869,77.618714,land disputes reported near Bannerghatta Road. CCTV footage under review.
3464,KSP/2022/7380,2022-03-16,7,6,5,12.842916,77.672969,Patrol unit responded to murder call. One suspect apprehended.
3465,KSP/2022/6352,2022-12-12,55,1,4,13.027435,77.524843,Complainant reported cyber crime at MG Road. Suspect fled the scene.
3466,KSP/2024/9425,2024-03-12,11,2,3,12.96317,77.589584,Anonymous tip received regarding property theft. Investigation initiated.
3467,KSP/2026/4165,2026-05-10,68,3,3,12.972154,77.599215,FIR lodged following vehicle theft incident. Victim sustained minor injuries.
3468,KSP/2022/8832,2022-06-09,17,13,2,13.007923,77.564796,Patrol unit responded to missing persons call. One suspect apprehended.
3469,KSP/2024/9090,2024-03-26,87,3,3,13.020505,77.625235,Patrol unit responded to vehicle theft call. One suspect apprehended.
3470,KSP/2025/7864,2025-07-06,9,14,3,13.020667,77.616437,Anonymous tip received regarding domestic violence. Investigation initiated.
3471,KSP/2023/7728,2023-02-28,28,10,2,13.013188,77.614754,FIR lodged following eve teasing incident. Victim sustained minor injuries.
3472,KSP/2023/2034,2023-01-13,82,12,4,12.962927,77.621712,communal offences reported near Malleshwaram. CCTV footage under review.
3473,KSP/2023/2906,2023-08-13,89,10,2,13.010607,77.623592,eve teasing reported near Hebbal. CCTV footage under review.
3474,KSP/2022/8119,2022-07-25,36,10,2,12.831282,77.68149,eve teasing reported near Yelahanka. CCTV footage under review.
3475,KSP/2022/4737,2022-07-30,85,1,4,12.97884,77.626652,Patrol unit responded to cyber crime call. One suspect apprehended.
3476,KSP/2025/3864,2025-06-03,49,3,3,12.974226,77.731909,vehicle theft reported near MG Road. CCTV footage under review.
3477,KSP/2024/6128,2024-09-23,24,14,3,12.958084,77.596995,FIR lodged following domestic violence incident. Victim sustained minor injuries.
3478,KSP/2026/5068,2026-06-05,96,14,3,12.969221,77.75,Anonymous tip received regarding domestic violence. Investigation initiated.
3479,KSP/2022/6064,2022-12-17,29,10,2,12.987956,77.564102,Complainant reported eve teasing at MG Road. Suspect fled the scene.
3480,KSP/2022/9186,2022-03-18,62,4,4,12.993047,77.75,Anonymous tip received regarding assault & violence. Investigation initiated.
3481,KSP/2022/3734,2022-06-23,100,2,3,12.963877,77.730655,property theft reported near Bannerghatta Road. CCTV footage under review.
3482,KSP/2025/3489,2025-01-12,3,8,3,12.928096,77.618642,Patrol unit responded to fraud & cheating call. One suspect apprehended.
3483,KSP/2023/3925,2023-06-07,93,11,3,12.967325,77.614196,Complainant reported land disputes at Malleshwaram. Suspect fled the scene.
3484,KSP/2024/2187,2024-10-03,69,15,5,12.978136,77.75,Patrol unit responded to child offences call. One suspect apprehended.
3485,KSP/2026/4725,2026-03-02,93,13,2,12.962311,77.61451,missing persons reported near Mysuru Road. CCTV footage under review.
3486,KSP/2025/6174,2025-01-20,98,8,3,12.891654,77.64119,fraud & cheating reported near HSR Layout. CCTV footage under review.
3487,KSP/2025/2398,2025-11-03,10,6,5,12.834671,77.670389,Anonymous tip received regarding murder. Investigation initiated.
3488,KSP/2025/9645,2025-11-17,55,2,3,13.060229,77.548009,Complainant reported property theft at Koramangala. Suspect fled the scene.
3489,KSP/2025/3626,2025-09-01,47,3,3,12.985944,77.745521,Complainant reported vehicle theft at MG Road. Suspect fled the scene.
3490,KSP/2022/1703,2022-04-06,47,14,3,12.981785,77.59898,Complainant reported domestic violence at Electronic City. Suspect fled the scene.
3491,KSP/2023/5140,2023-03-31,82,7,5,12.975027,77.589347,Patrol unit responded to robbery & dacoity call. One suspect apprehended.
3492,KSP/2023/8728,2023-06-17,88,9,2,12.940711,77.656885,Complainant reported unlawful assembly at KR Market. Suspect fled the scene.
3493,KSP/2023/5761,2023-12-15,70,11,3,12.953693,77.63516,land disputes reported near Jayanagar. CCTV footage under review.
3494,KSP/2025/5832,2025-10-27,18,6,5,12.974103,77.607502,Complainant reported murder at Electronic City. Suspect fled the scene.
3495,KSP/2023/8043,2023-05-13,98,9,2,12.96836,77.592951,unlawful assembly reported near HSR Layout. CCTV footage under review.
3496,KSP/2024/2497,2024-10-13,88,14,3,13.017759,77.55878,Anonymous tip received regarding domestic violence. Investigation initiated.
3497,KSP/2026/5973,2026-05-14,89,11,3,12.967575,77.599258,Complainant reported land disputes at HSR Layout. Suspect fled the scene.
3498,KSP/2023/1780,2023-06-22,2,9,2,12.986755,77.618705,FIR lodged following unlawful assembly incident. Victim sustained minor injuries.
3499,KSP/2024/9666,2024-09-28,30,4,4,12.964075,77.596951,Complainant reported assault & violence at Whitefield. Suspect fled the scene.
3500,KSP/2024/6421,2024-05-03,27,1,4,12.899007,77.630104,FIR lodged following cyber crime incident. Victim sustained minor injuries.
3501,KSP/2022/7808,2022-04-04,91,10,2,13.01091,77.611763,Patrol unit responded to eve teasing call. One suspect apprehended.
3502,KSP/2025/6006,2025-04-12,2,7,5,12.985716,77.572429,Patrol unit responded to robbery & dacoity call. One suspect apprehended.
3503,KSP/2024/7382,2024-02-25,13,4,4,12.959677,77.652114,Complainant reported assault & violence at KR Market. Suspect fled the scene.
3504,KSP/2024/6427,2024-06-11,71,8,3,12.972152,77.608032,Anonymous tip received regarding fraud & cheating. Investigation initiated.
3505,KSP/2024/7764,2024-07-18,89,1,4,12.960099,77.735453,FIR lodged following cyber crime incident. Victim sustained minor injuries.
3506,KSP/2025/1297,2025-01-19,84,3,3,12.976223,77.599498,Complainant reported vehicle theft at Jayanagar. Suspect fled the scene.
3507,KSP/2025/4197,2025-07-15,16,10,2,12.928919,77.612503,Complainant reported eve teasing at Bannerghatta Road. Suspect fled the scene.
3508,KSP/2024/1786,2024-01-30,42,6,5,12.967267,77.602318,FIR lodged following murder incident. Victim sustained minor injuries.
3509,KSP/2024/5440,2024-08-02,95,9,2,12.861466,77.674839,FIR lodged following unlawful assembly incident. Victim sustained minor injuries.
3510,KSP/2025/4251,2025-06-11,77,1,4,12.985961,77.562887,FIR lodged following cyber crime incident. Victim sustained minor injuries.
3511,KSP/2023/9299,2023-05-10,88,7,5,13.018435,77.597287,Anonymous tip received regarding robbery & dacoity. Investigation initiated.
3512,KSP/2023/4621,2023-07-05,11,8,3,12.958118,77.613526,fraud & cheating reported near KR Market. CCTV footage under review.
3513,KSP/2022/9743,2022-03-03,65,15,5,12.942039,77.586493,Anonymous tip received regarding child offences. Investigation initiated.
3514,KSP/2025/6070,2025-09-03,17,1,4,12.961917,77.585195,Complainant reported cyber crime at Mysuru Road. Suspect fled the scene.
3515,KSP/2024/6971,2024-10-17,77,3,3,13.017015,77.657009,Anonymous tip received regarding vehicle theft. Investigation initiated.
3516,KSP/2025/8289,2025-06-17,64,14,3,12.970411,77.580662,domestic violence reported near Jayanagar. CCTV footage under review.
3517,KSP/2025/9982,2025-10-27,29,10,2,13.029266,77.631934,Patrol unit responded to eve teasing call. One suspect apprehended.
3518,KSP/2023/6327,2023-03-20,99,1,4,12.962241,77.75,cyber crime reported near Hebbal. CCTV footage under review.
3519,KSP/2025/8614,2025-01-13,5,13,2,12.972103,77.594592,Patrol unit responded to missing persons call. One suspect apprehended.
3520,KSP/2023/4360,2023-06-06,26,13,2,12.951596,77.622638,FIR lodged following missing persons incident. Victim sustained minor injuries.
3521,KSP/2026/8512,2026-05-16,56,7,5,12.936092,77.619263,FIR lodged following robbery & dacoity incident. Victim sustained minor injuries.
3522,KSP/2026/4723,2026-05-23,1,11,3,12.961522,77.575819,Patrol unit responded to land disputes call. One suspect apprehended.
3523,KSP/2022/8850,2022-12-29,74,11,3,12.903783,77.681764,FIR lodged following land disputes incident. Victim sustained minor injuries.
3524,KSP/2024/4609,2024-10-17,28,14,3,12.964947,77.645051,domestic violence reported near KR Market. CCTV footage under review.
3525,KSP/2025/6988,2025-01-01,94,9,2,12.91765,77.619876,FIR lodged following unlawful assembly incident. Victim sustained minor injuries.
3526,KSP/2026/5230,2026-05-12,100,10,2,13.021523,77.60621,Complainant reported eve teasing at Electronic City. Suspect fled the scene.
3527,KSP/2022/4886,2022-01-27,64,4,4,12.831022,77.683804,Complainant reported assault & violence at Yelahanka. Suspect fled the scene.
3528,KSP/2024/8578,2024-07-12,88,10,2,12.868875,77.67338,Anonymous tip received regarding eve teasing. Investigation initiated.
3529,KSP/2022/7602,2022-12-09,75,14,3,13.030614,77.541561,Complainant reported domestic violence at Yelahanka. Suspect fled the scene.
3530,KSP/2024/4805,2024-12-02,39,14,3,12.958365,77.601235,Anonymous tip received regarding domestic violence. Investigation initiated.
3531,KSP/2025/5245,2025-04-29,32,12,4,12.967205,77.639706,Complainant reported communal offences at Mysuru Road. Suspect fled the scene.
3532,KSP/2026/1887,2026-05-22,60,6,5,12.988169,77.547737,Anonymous tip received regarding murder. Investigation initiated.
3533,KSP/2026/9312,2026-04-22,97,13,2,12.975727,77.57303,Anonymous tip received regarding missing persons. Investigation initiated.
3534,KSP/2022/9622,2022-08-12,40,4,4,13.011115,77.570475,assault & violence reported near Yelahanka. CCTV footage under review.
3535,KSP/2023/2603,2023-10-17,88,15,5,12.974328,77.611163,Complainant reported child offences at Yelahanka. Suspect fled the scene.
3536,KSP/2023/1418,2023-08-24,83,13,2,12.91165,77.644504,Anonymous tip received regarding missing persons. Investigation initiated.
3537,KSP/2023/4233,2023-05-02,92,10,2,12.920687,77.621294,FIR lodged following eve teasing incident. Victim sustained minor injuries.
3538,KSP/2025/6571,2025-06-24,17,11,3,13.002168,77.75,Patrol unit responded to land disputes call. One suspect apprehended.
3539,KSP/2023/3264,2023-11-28,88,15,5,12.972203,77.725813,Complainant reported child offences at Mysuru Road. Suspect fled the scene.
3540,KSP/2024/8380,2024-10-25,20,13,2,12.975805,77.75,Complainant reported missing persons at Hebbal. Suspect fled the scene.
3541,KSP/2024/8983,2024-02-03,10,5,5,13.0367,77.587539,Anonymous tip received regarding narcotics. Investigation initiated.
3542,KSP/2024/7031,2024-01-26,45,5,5,12.958123,77.643428,Anonymous tip received regarding narcotics. Investigation initiated.
3543,KSP/2022/2860,2022-04-25,61,11,3,13.051041,77.631062,Complainant reported land disputes at Malleshwaram. Suspect fled the scene.
3544,KSP/2025/8702,2025-01-24,51,4,4,12.98743,77.605311,Patrol unit responded to assault & violence call. One suspect apprehended.
3545,KSP/2022/1233,2022-10-17,54,2,3,12.96082,77.591021,FIR lodged following property theft incident. Victim sustained minor injuries.
3546,KSP/2023/4880,2023-06-09,84,6,5,12.942788,77.75,FIR lodged following murder incident. Victim sustained minor injuries.
3547,KSP/2024/1071,2024-12-31,33,11,3,12.962356,77.602627,FIR lodged following land disputes incident. Victim sustained minor injuries.
3548,KSP/2022/4477,2022-06-08,91,7,5,12.988167,77.742572,FIR lodged following robbery & dacoity incident. Victim sustained minor injuries.
3549,KSP/2024/3242,2024-08-26,63,6,5,12.945954,77.594855,FIR lodged following murder incident. Victim sustained minor injuries.
3550,KSP/2024/1478,2024-03-27,67,7,5,12.991984,77.610597,robbery & dacoity reported near KR Market. CCTV footage under review.
3551,KSP/2023/1284,2023-03-18,24,3,3,12.990706,77.599356,vehicle theft reported near HSR Layout. CCTV footage under review.
3552,KSP/2024/2706,2024-11-13,59,14,3,12.990835,77.61338,Complainant reported domestic violence at Malleshwaram. Suspect fled the scene.
3553,KSP/2022/2766,2022-03-15,23,12,4,12.950859,77.568438,Complainant reported communal offences at Jayanagar. Suspect fled the scene.
3554,KSP/2022/8792,2022-04-14,21,1,4,12.982435,77.597865,cyber crime reported near Malleshwaram. CCTV footage under review.
3555,KSP/2023/4788,2023-08-25,76,14,3,12.967197,77.731091,FIR lodged following domestic violence incident. Victim sustained minor injuries.
3556,KSP/2025/2842,2025-03-20,1,12,4,12.978139,77.648896,Patrol unit responded to communal offences call. One suspect apprehended.
3557,KSP/2025/3063,2025-07-22,19,13,2,12.967021,77.608288,Complainant reported missing persons at KR Market. Suspect fled the scene.
3558,KSP/2025/5687,2025-11-11,80,9,2,13.010381,77.555154,Complainant reported unlawful assembly at Jayanagar. Suspect fled the scene.
3559,KSP/2023/2018,2023-06-02,52,9,2,12.904802,77.616394,Patrol unit responded to unlawful assembly call. One suspect apprehended.
3560,KSP/2022/7904,2022-03-22,74,3,3,12.956489,77.570712,Complainant reported vehicle theft at Whitefield. Suspect fled the scene.
3561,KSP/2025/6309,2025-02-10,18,9,2,12.908724,77.673361,Patrol unit responded to unlawful assembly call. One suspect apprehended.
3562,KSP/2025/7989,2025-07-19,34,12,4,12.951521,77.622963,Complainant reported communal offences at BTM Layout. Suspect fled the scene.
3563,KSP/2024/8553,2024-11-30,28,8,3,12.988773,77.607598,FIR lodged following fraud & cheating incident. Victim sustained minor injuries.
3564,KSP/2024/1059,2024-03-21,90,8,3,12.935133,77.642029,Complainant reported fraud & cheating at Yelahanka. Suspect fled the scene.
3565,KSP/2022/3331,2022-06-14,79,11,3,12.968808,77.622536,land disputes reported near MG Road. CCTV footage under review.
3566,KSP/2024/9559,2024-08-09,8,9,2,12.848182,77.674509,FIR lodged following unlawful assembly incident. Victim sustained minor injuries.
3567,KSP/2025/7187,2025-05-31,33,13,2,12.974041,77.586513,Complainant reported missing persons at Bannerghatta Road. Suspect fled the scene.
3568,KSP/2022/1545,2022-08-20,43,2,3,12.95524,77.619815,Patrol unit responded to property theft call. One suspect apprehended.
3569,KSP/2023/7576,2023-09-18,49,7,5,12.987891,77.57942,Complainant reported robbery & dacoity at Bannerghatta Road. Suspect fled the scene.
3570,KSP/2022/9580,2022-07-19,25,5,5,12.954788,77.603627,FIR lodged following narcotics incident. Victim sustained minor injuries.
3571,KSP/2023/6914,2023-02-19,31,14,3,12.913493,77.599401,Patrol unit responded to domestic violence call. One suspect apprehended.
3572,KSP/2022/2402,2022-02-25,79,15,5,13.0182,77.579414,Complainant reported child offences at HSR Layout. Suspect fled the scene.
3573,KSP/2023/9428,2023-01-04,100,9,2,12.991829,77.609196,unlawful assembly reported near KR Market. CCTV footage under review.
3574,KSP/2023/8656,2023-06-14,84,11,3,12.974653,77.744875,Complainant reported land disputes at Yelahanka. Suspect fled the scene.
3575,KSP/2024/7957,2024-06-04,71,2,3,12.997907,77.622205,FIR lodged following property theft incident. Victim sustained minor injuries.
3576,KSP/2023/2363,2023-04-17,86,10,2,12.976496,77.570559,Anonymous tip received regarding eve teasing. Investigation initiated.
3577,KSP/2022/8683,2022-01-02,7,1,4,13.038744,77.638647,Complainant reported cyber crime at BTM Layout. Suspect fled the scene.
3578,KSP/2023/1787,2023-07-03,20,13,2,12.934906,77.620932,Complainant reported missing persons at Jayanagar. Suspect fled the scene.
3579,KSP/2023/1536,2023-12-15,11,6,5,12.953281,77.610977,Patrol unit responded to murder call. One suspect apprehended.
3580,KSP/2025/8755,2025-02-06,35,1,4,12.99904,77.529599,Patrol unit responded to cyber crime call. One suspect apprehended.
3581,KSP/2024/7918,2024-11-02,42,10,2,13.004917,77.526505,FIR lodged following eve teasing incident. Victim sustained minor injuries.
3582,KSP/2023/7284,2023-06-03,85,10,2,12.977697,77.583886,Anonymous tip received regarding eve teasing. Investigation initiated.
3583,KSP/2023/2366,2023-05-31,52,11,3,12.838779,77.654724,Complainant reported land disputes at Hebbal. Suspect fled the scene.
3584,KSP/2022/4074,2022-05-03,31,5,5,12.96665,77.734037,Anonymous tip received regarding narcotics. Investigation initiated.
3585,KSP/2025/7479,2025-10-11,95,8,3,12.951763,77.632955,fraud & cheating reported near Mysuru Road. CCTV footage under review.
3586,KSP/2022/1078,2022-12-24,68,10,2,12.948591,77.63081,eve teasing reported near Mysuru Road. CCTV footage under review.
3587,KSP/2024/1760,2024-07-24,47,6,5,12.957915,77.638598,Patrol unit responded to murder call. One suspect apprehended.
3588,KSP/2024/1571,2024-05-04,66,9,2,12.826042,77.688321,Anonymous tip received regarding unlawful assembly. Investigation initiated.
3589,KSP/2023/1739,2023-06-16,87,1,4,13.015161,77.603021,Anonymous tip received regarding cyber crime. Investigation initiated.
3590,KSP/2025/5234,2025-09-18,48,6,5,12.966402,77.624117,FIR lodged following murder incident. Victim sustained minor injuries.
3591,KSP/2022/2483,2022-12-06,89,12,4,12.993977,77.745917,Complainant reported communal offences at MG Road. Suspect fled the scene.
3592,KSP/2022/7723,2022-08-09,87,15,5,12.883233,77.646946,Patrol unit responded to child offences call. One suspect apprehended.
3593,KSP/2024/3718,2024-09-25,10,8,3,12.888722,77.608128,Patrol unit responded to fraud & cheating call. One suspect apprehended.
3594,KSP/2023/8437,2023-10-14,93,4,4,12.944966,77.649272,Complainant reported assault & violence at BTM Layout. Suspect fled the scene.
3595,KSP/2022/3421,2022-01-26,85,11,3,13.011563,77.523556,Complainant reported land disputes at Whitefield. Suspect fled the scene.
3596,KSP/2026/6487,2026-03-19,43,13,2,12.95346,77.639559,FIR lodged following missing persons incident. Victim sustained minor injuries.
3597,KSP/2026/3308,2026-02-13,9,5,5,12.967976,77.623755,Patrol unit responded to narcotics call. One suspect apprehended.
3598,KSP/2024/7333,2024-05-20,1,13,2,12.93765,77.644194,missing persons reported near Hebbal. CCTV footage under review.
3599,KSP/2026/8773,2026-02-05,24,5,5,12.874662,77.66208,Patrol unit responded to narcotics call. One suspect apprehended.
3600,KSP/2022/3360,2022-05-28,80,2,3,12.952774,77.75,Anonymous tip received regarding property theft. Investigation initiated.
3601,KSP/2025/9494,2025-08-22,84,13,2,12.941968,77.619137,Patrol unit responded to missing persons call. One suspect apprehended.
3602,KSP/2026/5567,2026-01-02,43,10,2,12.823793,77.672674,Anonymous tip received regarding eve teasing. Investigation initiated.
3603,KSP/2024/2893,2024-01-02,79,9,2,12.912085,77.610966,Anonymous tip received regarding unlawful assembly. Investigation initiated.
3604,KSP/2023/6378,2023-10-24,78,14,3,13.013987,77.576453,domestic violence reported near KR Market. CCTV footage under review.
3605,KSP/2023/5082,2023-10-11,67,8,3,12.967083,77.619961,Anonymous tip received regarding fraud & cheating. Investigation initiated.
3606,KSP/2026/5826,2026-06-29,62,10,2,12.987072,77.57032,Anonymous tip received regarding eve teasing. Investigation initiated.
3607,KSP/2023/7710,2023-01-05,71,10,2,12.973117,77.736391,Complainant reported eve teasing at Jayanagar. Suspect fled the scene.
3608,KSP/2022/7863,2022-07-12,43,13,2,12.994409,77.619608,missing persons reported near KR Market. CCTV footage under review.
3609,KSP/2022/3151,2022-11-14,91,10,2,12.96146,77.595233,eve teasing reported near KR Market. CCTV footage under review.
3610,KSP/2023/3887,2023-10-25,84,3,3,13.018333,77.561783,vehicle theft reported near BTM Layout. CCTV footage under review.
3611,KSP/2023/8480,2023-05-19,46,11,3,12.924135,77.656372,Anonymous tip received regarding land disputes. Investigation initiated.
3612,KSP/2022/1234,2022-08-26,63,8,3,12.912176,77.643273,FIR lodged following fraud & cheating incident. Victim sustained minor injuries.
3613,KSP/2022/2270,2022-05-28,41,9,2,12.991191,77.59661,unlawful assembly reported near Malleshwaram. CCTV footage under review.
3614,KSP/2026/4795,2026-05-15,46,11,3,12.962928,77.594713,land disputes reported near Malleshwaram. CCTV footage under review.
3615,KSP/2022/9556,2022-03-31,23,8,3,12.984749,77.597477,FIR lodged following fraud & cheating incident. Victim sustained minor injuries.
3616,KSP/2025/1679,2025-03-30,41,6,5,12.982089,77.614071,murder reported near HSR Layout. CCTV footage under review.
3617,KSP/2026/9795,2026-06-23,65,13,2,12.813756,77.698597,Anonymous tip received regarding missing persons. Investigation initiated.
3618,KSP/2025/3525,2025-10-27,6,14,3,13.034601,77.581609,Complainant reported domestic violence at Jayanagar. Suspect fled the scene.
3619,KSP/2025/3745,2025-12-01,27,4,4,13.026655,77.543322,Complainant reported assault & violence at Mysuru Road. Suspect fled the scene.
3620,KSP/2025/5800,2025-03-31,17,12,4,12.914167,77.665416,Patrol unit responded to communal offences call. One suspect apprehended.
3621,KSP/2023/6536,2023-02-28,24,12,4,12.909878,77.631172,communal offences reported near Electronic City. CCTV footage under review.
3622,KSP/2024/9287,2024-01-26,62,8,3,12.932214,77.582216,FIR lodged following fraud & cheating incident. Victim sustained minor injuries.
3623,KSP/2022/9797,2022-01-23,30,8,3,12.97116,77.646642,fraud & cheating reported near Whitefield. CCTV footage under review.
3624,KSP/2025/6605,2025-02-18,55,13,2,12.957408,77.586783,missing persons reported near Koramangala. CCTV footage under review.
3625,KSP/2025/1598,2025-11-08,8,3,3,13.02866,77.639638,vehicle theft reported near BTM Layout. CCTV footage under review.
3626,KSP/2025/3061,2025-12-30,100,4,4,12.952775,77.602697,FIR lodged following assault & violence incident. Victim sustained minor injuries.
3627,KSP/2024/6114,2024-12-05,91,8,3,12.986206,77.573181,fraud & cheating reported near KR Market. CCTV footage under review.
3628,KSP/2024/5757,2024-10-25,53,3,3,12.979132,77.567432,Anonymous tip received regarding vehicle theft. Investigation initiated.
3629,KSP/2025/1633,2025-10-29,38,9,2,12.986731,77.56986,unlawful assembly reported near BTM Layout. CCTV footage under review.
3630,KSP/2022/7903,2022-08-03,82,2,3,12.988119,77.746532,Anonymous tip received regarding property theft. Investigation initiated.
3631,KSP/2026/6624,2026-06-28,49,12,4,12.987161,77.595017,communal offences reported near Mysuru Road. CCTV footage under review.
3632,KSP/2024/4739,2024-04-01,27,10,2,12.993416,77.603303,eve teasing reported near Yelahanka. CCTV footage under review.
3633,KSP/2023/6411,2023-05-22,46,3,3,12.994046,77.562934,Anonymous tip received regarding vehicle theft. Investigation initiated.
3634,KSP/2025/5288,2025-08-07,41,9,2,12.907979,77.650834,FIR lodged following unlawful assembly incident. Victim sustained minor injuries.
3635,KSP/2025/8998,2025-08-03,53,10,2,12.86058,77.645243,Anonymous tip received regarding eve teasing. Investigation initiated.
3636,KSP/2023/5013,2023-02-05,74,1,4,12.83758,77.681696,Complainant reported cyber crime at Koramangala. Suspect fled the scene.
3637,KSP/2026/7159,2026-03-30,19,9,2,12.99197,77.61611,Complainant reported unlawful assembly at Mysuru Road. Suspect fled the scene.
3638,KSP/2024/2240,2024-09-22,5,9,2,12.957134,77.616814,Patrol unit responded to unlawful assembly call. One suspect apprehended.
3639,KSP/2023/4239,2023-10-05,42,9,2,12.992162,77.613185,unlawful assembly reported near Hebbal. CCTV footage under review.
3640,KSP/2023/8549,2023-05-30,10,7,5,12.960824,77.582239,Patrol unit responded to robbery & dacoity call. One suspect apprehended.
3641,KSP/2025/5846,2025-02-17,46,15,5,12.899397,77.661904,child offences reported near Bannerghatta Road. CCTV footage under review.
3642,KSP/2025/6311,2025-02-16,84,15,5,12.959022,77.75,Complainant reported child offences at Jayanagar. Suspect fled the scene.
3643,KSP/2022/5921,2022-09-15,66,4,4,13.03752,77.568608,assault & violence reported near MG Road. CCTV footage under review.
3644,KSP/2023/3628,2023-11-28,89,7,5,12.927131,77.622946,Patrol unit responded to robbery & dacoity call. One suspect apprehended.
3645,KSP/2022/9676,2022-07-11,83,6,5,12.982529,77.567755,murder reported near BTM Layout. CCTV footage under review.
3646,KSP/2024/4030,2024-08-31,12,15,5,12.972478,77.579604,Complainant reported child offences at MG Road. Suspect fled the scene.
3647,KSP/2024/4350,2024-09-20,6,5,5,12.886415,77.651272,FIR lodged following narcotics incident. Victim sustained minor injuries.
3648,KSP/2024/1421,2024-03-25,66,12,4,13.007195,77.553447,communal offences reported near Koramangala. CCTV footage under review.
3649,KSP/2025/2500,2025-01-30,22,11,3,12.838311,77.681872,FIR lodged following land disputes incident. Victim sustained minor injuries.
3650,KSP/2023/8151,2023-06-22,30,12,4,12.977881,77.607086,Patrol unit responded to communal offences call. One suspect apprehended.
3651,KSP/2022/2450,2022-10-08,71,5,5,12.964405,77.620854,FIR lodged following narcotics incident. Victim sustained minor injuries.
3652,KSP/2026/2001,2026-01-25,91,14,3,12.974159,77.742025,Patrol unit responded to domestic violence call. One suspect apprehended.
3653,KSP/2022/4877,2022-10-03,20,1,4,12.877147,77.654475,FIR lodged following cyber crime incident. Victim sustained minor injuries.
3654,KSP/2022/5957,2022-09-28,95,6,5,12.99737,77.75,Complainant reported murder at Koramangala. Suspect fled the scene.
3655,KSP/2025/4311,2025-02-13,28,15,5,13.008667,77.637671,child offences reported near MG Road. CCTV footage under review.
3656,KSP/2025/7815,2025-12-05,12,10,2,13.013298,77.554845,eve teasing reported near Electronic City. CCTV footage under review.
3657,KSP/2022/3710,2022-12-28,80,3,3,12.978945,77.600449,FIR lodged following vehicle theft incident. Victim sustained minor injuries.
3658,KSP/2023/5751,2023-11-27,76,2,3,12.991793,77.586005,Complainant reported property theft at MG Road. Suspect fled the scene.
3659,KSP/2022/9655,2022-06-07,92,13,2,12.849446,77.692636,Patrol unit responded to missing persons call. One suspect apprehended.
3660,KSP/2023/2764,2023-05-06,87,2,3,12.946537,77.75,FIR lodged following property theft incident. Victim sustained minor injuries.
3661,KSP/2023/7431,2023-11-06,72,10,2,12.8342,77.676528,FIR lodged following eve teasing incident. Victim sustained minor injuries.
3662,KSP/2023/7532,2023-12-27,63,11,3,13.021489,77.601141,land disputes reported near BTM Layout. CCTV footage under review.
3663,KSP/2022/1185,2022-08-04,84,1,4,12.997389,77.73601,cyber crime reported near MG Road. CCTV footage under review.
3664,KSP/2026/1585,2026-04-22,42,4,4,12.820699,77.66895,assault & violence reported near Hebbal. CCTV footage under review.
3665,KSP/2023/5079,2023-05-09,35,13,2,12.972292,77.604763,Complainant reported missing persons at Mysuru Road. Suspect fled the scene.
3666,KSP/2026/9507,2026-03-12,61,15,5,12.973396,77.60983,Complainant reported child offences at Hebbal. Suspect fled the scene.
3667,KSP/2024/8524,2024-12-13,20,12,4,12.977906,77.734326,FIR lodged following communal offences incident. Victim sustained minor injuries.
3668,KSP/2025/9150,2025-05-10,83,4,4,12.960381,77.629736,Complainant reported assault & violence at Koramangala. Suspect fled the scene.
3669,KSP/2022/8200,2022-06-20,4,9,2,12.95469,77.570596,Anonymous tip received regarding unlawful assembly. Investigation initiated.
3670,KSP/2023/7536,2023-10-02,60,15,5,12.976882,77.573489,Complainant reported child offences at Malleshwaram. Suspect fled the scene.
3671,KSP/2025/5023,2025-05-18,92,1,4,12.95792,77.740378,cyber crime reported near BTM Layout. CCTV footage under review.
3672,KSP/2022/6214,2022-04-01,67,3,3,12.993311,77.59635,vehicle theft reported near MG Road. CCTV footage under review.
3673,KSP/2022/1795,2022-07-24,72,13,2,12.933614,77.625495,Anonymous tip received regarding missing persons. Investigation initiated.
3674,KSP/2022/9757,2022-04-06,100,8,3,12.978003,77.617416,fraud & cheating reported near Jayanagar. CCTV footage under review.
3675,KSP/2023/3803,2023-08-22,32,9,2,12.968101,77.585455,Patrol unit responded to unlawful assembly call. One suspect apprehended.
3676,KSP/2023/6325,2023-08-03,70,8,3,12.859587,77.677644,FIR lodged following fraud & cheating incident. Victim sustained minor injuries.
3677,KSP/2024/2844,2024-05-02,28,13,2,12.946198,77.620377,Anonymous tip received regarding missing persons. Investigation initiated.
3678,KSP/2022/9509,2022-03-16,22,10,2,12.957681,77.587386,FIR lodged following eve teasing incident. Victim sustained minor injuries.
3679,KSP/2023/9012,2023-10-03,26,12,4,12.956565,77.607731,Patrol unit responded to communal offences call. One suspect apprehended.
3680,KSP/2024/1533,2024-01-18,34,7,5,12.834336,77.670697,Patrol unit responded to robbery & dacoity call. One suspect apprehended.
3681,KSP/2025/5480,2025-07-08,67,11,3,12.952973,77.75,land disputes reported near Mysuru Road. CCTV footage under review.
3682,KSP/2023/2447,2023-12-19,17,8,3,12.933574,77.617874,fraud & cheating reported near Mysuru Road. CCTV footage under review.
3683,KSP/2023/8877,2023-06-08,52,1,4,12.962488,77.610853,Patrol unit responded to cyber crime call. One suspect apprehended.
3684,KSP/2022/5413,2022-11-18,33,1,4,12.974323,77.607075,Complainant reported cyber crime at Bannerghatta Road. Suspect fled the scene.
3685,KSP/2024/7213,2024-08-26,9,13,2,12.972996,77.75,FIR lodged following missing persons incident. Victim sustained minor injuries.
3686,KSP/2022/2247,2022-04-07,12,2,3,12.944658,77.63319,FIR lodged following property theft incident. Victim sustained minor injuries.
3687,KSP/2024/5417,2024-10-31,49,9,2,12.97157,77.591426,Anonymous tip received regarding unlawful assembly. Investigation initiated.
3688,KSP/2024/5185,2024-02-06,100,15,5,12.916825,77.663489,child offences reported near Electronic City. CCTV footage under review.
3689,KSP/2024/5752,2024-04-09,87,15,5,13.003504,77.620007,Complainant reported child offences at Koramangala. Suspect fled the scene.
3690,KSP/2025/7946,2025-01-05,4,5,5,13.019179,77.564369,narcotics reported near Mysuru Road. CCTV footage under review.
3691,KSP/2025/9135,2025-07-09,100,1,4,13.013931,77.614677,FIR lodged following cyber crime incident. Victim sustained minor injuries.
3692,KSP/2026/3059,2026-01-05,89,3,3,12.949166,77.603382,Anonymous tip received regarding vehicle theft. Investigation initiated.
3693,KSP/2023/9689,2023-10-08,30,2,3,12.975906,77.63654,property theft reported near Mysuru Road. CCTV footage under review.
3694,KSP/2024/4173,2024-10-06,34,9,2,13.047095,77.525627,unlawful assembly reported near KR Market. CCTV footage under review.
3695,KSP/2025/2859,2025-01-25,9,1,4,12.976289,77.573167,Complainant reported cyber crime at Electronic City. Suspect fled the scene.
3696,KSP/2022/9645,2022-03-01,81,3,3,12.967475,77.611424,FIR lodged following vehicle theft incident. Victim sustained minor injuries.
3697,KSP/2025/7880,2025-12-10,23,4,4,13.002257,77.57959,Complainant reported assault & violence at KR Market. Suspect fled the scene.
3698,KSP/2024/3969,2024-11-08,77,13,2,12.899287,77.66928,Complainant reported missing persons at Hebbal. Suspect fled the scene.
3699,KSP/2024/2385,2024-10-20,95,15,5,12.964546,77.59752,Anonymous tip received regarding child offences. Investigation initiated.
3700,KSP/2025/6616,2025-09-13,22,12,4,12.921869,77.587242,FIR lodged following communal offences incident. Victim sustained minor injuries.
3701,KSP/2022/5438,2022-07-27,40,9,2,13.039812,77.64538,unlawful assembly reported near Koramangala. CCTV footage under review.
3702,KSP/2023/2925,2023-07-27,53,8,3,13.016408,77.575434,FIR lodged following fraud & cheating incident. Victim sustained minor injuries.
3703,KSP/2026/2492,2026-05-18,88,11,3,12.846888,77.662918,Patrol unit responded to land disputes call. One suspect apprehended.
3704,KSP/2025/3055,2025-12-16,88,15,5,12.975381,77.645323,Patrol unit responded to child offences call. One suspect apprehended.
3705,KSP/2022/5433,2022-08-21,100,11,3,12.966697,77.593602,FIR lodged following land disputes incident. Victim sustained minor injuries.
3706,KSP/2024/5017,2024-06-15,41,14,3,12.833839,77.674625,FIR lodged following domestic violence incident. Victim sustained minor injuries.
3707,KSP/2023/3768,2023-09-20,87,11,3,12.99725,77.549527,FIR lodged following land disputes incident. Victim sustained minor injuries.
3708,KSP/2026/3042,2026-03-09,85,9,2,12.92551,77.636334,Patrol unit responded to unlawful assembly call. One suspect apprehended.
3709,KSP/2024/8739,2024-05-01,13,4,4,12.898556,77.656811,assault & violence reported near Bannerghatta Road. CCTV footage under review.
3710,KSP/2022/1614,2022-07-21,87,13,2,12.940905,77.738382,Patrol unit responded to missing persons call. One suspect apprehended.
3711,KSP/2022/2979,2022-01-07,15,14,3,12.953994,77.674293,domestic violence reported near Bannerghatta Road. CCTV footage under review.
3712,KSP/2024/2338,2024-03-01,14,15,5,12.966841,77.60903,child offences reported near Bannerghatta Road. CCTV footage under review.
3713,KSP/2025/5971,2025-11-22,23,15,5,12.96141,77.665238,Anonymous tip received regarding child offences. Investigation initiated.
3714,KSP/2026/6512,2026-05-23,91,12,4,12.978842,77.744804,Patrol unit responded to communal offences call. One suspect apprehended.
3715,KSP/2024/9119,2024-06-27,59,3,3,12.932144,77.607547,Patrol unit responded to vehicle theft call. One suspect apprehended.
3716,KSP/2023/3827,2023-04-02,43,1,4,12.928126,77.621673,Anonymous tip received regarding cyber crime. Investigation initiated.
3717,KSP/2022/3719,2022-04-06,52,14,3,12.971746,77.570427,Patrol unit responded to domestic violence call. One suspect apprehended.
3718,KSP/2025/1319,2025-06-14,19,9,2,13.024292,77.6257,unlawful assembly reported near Bannerghatta Road. CCTV footage under review.
3719,KSP/2023/6914,2023-10-31,59,9,2,12.967838,77.73998,Patrol unit responded to unlawful assembly call. One suspect apprehended.
3720,KSP/2023/1019,2023-02-20,2,2,3,12.970917,77.727634,Complainant reported property theft at Mysuru Road. Suspect fled the scene.
3721,KSP/2022/5029,2022-03-07,63,3,3,12.982095,77.624891,vehicle theft reported near KR Market. CCTV footage under review.
3722,KSP/2025/4683,2025-07-19,22,9,2,12.954632,77.576183,unlawful assembly reported near Mysuru Road. CCTV footage under review.
3723,KSP/2026/9267,2026-05-19,35,1,4,12.966477,77.61743,FIR lodged following cyber crime incident. Victim sustained minor injuries.
3724,KSP/2024/7707,2024-08-03,88,10,2,13.015536,77.534713,Patrol unit responded to eve teasing call. One suspect apprehended.
3725,KSP/2024/6575,2024-06-08,51,3,3,12.985656,77.75,Anonymous tip received regarding vehicle theft. Investigation initiated.
3726,KSP/2024/9353,2024-05-08,21,6,5,12.957654,77.59718,Complainant reported murder at Mysuru Road. Suspect fled the scene.
3727,KSP/2024/1661,2024-12-23,25,9,2,12.920089,77.615437,Complainant reported unlawful assembly at Mysuru Road. Suspect fled the scene.
3728,KSP/2025/4698,2025-09-21,8,5,5,12.99016,77.57468,FIR lodged following narcotics incident. Victim sustained minor injuries.
3729,KSP/2024/7082,2024-03-05,57,4,4,12.931672,77.663755,Anonymous tip received regarding assault & violence. Investigation initiated.
3730,KSP/2025/1642,2025-12-04,94,4,4,12.993008,77.581112,Anonymous tip received regarding assault & violence. Investigation initiated.
3731,KSP/2023/7548,2023-04-07,96,7,5,12.957267,77.75,Anonymous tip received regarding robbery & dacoity. Investigation initiated.
3732,KSP/2026/1405,2026-02-07,8,8,3,12.961067,77.610614,Patrol unit responded to fraud & cheating call. One suspect apprehended.
3733,KSP/2025/4180,2025-06-22,18,11,3,12.975224,77.741146,Patrol unit responded to land disputes call. One suspect apprehended.
3734,KSP/2025/9513,2025-01-07,30,9,2,12.983693,77.606848,unlawful assembly reported near Whitefield. CCTV footage under review.
3735,KSP/2026/6521,2026-03-26,97,8,3,12.923684,77.626148,FIR lodged following fraud & cheating incident. Victim sustained minor injuries.
3736,KSP/2026/9900,2026-01-05,89,10,2,12.972749,77.605368,Complainant reported eve teasing at KR Market. Suspect fled the scene.
3737,KSP/2022/8303,2022-04-16,2,10,2,12.980846,77.628493,FIR lodged following eve teasing incident. Victim sustained minor injuries.
3738,KSP/2023/9431,2023-01-20,27,5,5,12.983323,77.600724,Patrol unit responded to narcotics call. One suspect apprehended.
3739,KSP/2023/8976,2023-02-02,71,9,2,12.943671,77.720405,Anonymous tip received regarding unlawful assembly. Investigation initiated.
3740,KSP/2026/2862,2026-06-16,62,10,2,12.955845,77.598149,Anonymous tip received regarding eve teasing. Investigation initiated.
3741,KSP/2025/6841,2025-04-14,40,15,5,12.837836,77.678805,Anonymous tip received regarding child offences. Investigation initiated.
3742,KSP/2023/3577,2023-11-23,56,5,5,12.968867,77.651296,narcotics reported near HSR Layout. CCTV footage under review.
3743,KSP/2025/8023,2025-10-31,67,5,5,12.964969,77.729329,FIR lodged following narcotics incident. Victim sustained minor injuries.
3744,KSP/2026/1622,2026-06-23,29,9,2,12.836758,77.715163,Patrol unit responded to unlawful assembly call. One suspect apprehended.
3745,KSP/2026/4460,2026-05-29,11,10,2,12.813946,77.65629,FIR lodged following eve teasing incident. Victim sustained minor injuries.
3746,KSP/2025/7891,2025-03-08,45,11,3,12.981852,77.611931,Patrol unit responded to land disputes call. One suspect apprehended.
3747,KSP/2023/7490,2023-02-01,56,13,2,12.97983,77.558055,Anonymous tip received regarding missing persons. Investigation initiated.
3748,KSP/2022/8499,2022-04-25,29,8,3,12.900968,77.637675,fraud & cheating reported near BTM Layout. CCTV footage under review.
3749,KSP/2025/6871,2025-08-24,93,15,5,12.905353,77.629993,FIR lodged following child offences incident. Victim sustained minor injuries.
3750,KSP/2023/8695,2023-07-30,49,10,2,12.928374,77.650112,Anonymous tip received regarding eve teasing. Investigation initiated.
3751,KSP/2024/4373,2024-01-22,74,3,3,12.956402,77.61485,vehicle theft reported near Hebbal. CCTV footage under review.
3752,KSP/2024/1118,2024-11-12,26,11,3,12.960298,77.743305,Patrol unit responded to land disputes call. One suspect apprehended.
3753,KSP/2025/7029,2025-01-30,26,9,2,12.972702,77.737935,unlawful assembly reported near Mysuru Road. CCTV footage under review.
3754,KSP/2023/3399,2023-04-10,95,2,3,12.967823,77.594823,Complainant reported property theft at KR Market. Suspect fled the scene.
3755,KSP/2023/7398,2023-11-20,85,13,2,12.941576,77.645954,FIR lodged following missing persons incident. Victim sustained minor injuries.
3756,KSP/2023/8405,2023-09-28,35,13,2,12.973086,77.597971,Anonymous tip received regarding missing persons. Investigation initiated.
3757,KSP/2022/3029,2022-01-16,5,9,2,12.860313,77.685881,Complainant reported unlawful assembly at HSR Layout. Suspect fled the scene.
3758,KSP/2022/3527,2022-03-13,53,10,2,12.954841,77.748068,eve teasing reported near Koramangala. CCTV footage under review.
3759,KSP/2023/6855,2023-09-07,79,5,5,12.885725,77.65835,narcotics reported near Electronic City. CCTV footage under review.
3760,KSP/2022/1380,2022-07-01,77,7,5,13.049001,77.645223,Patrol unit responded to robbery & dacoity call. One suspect apprehended.
3761,KSP/2025/1237,2025-02-10,37,3,3,12.94293,77.611596,Patrol unit responded to vehicle theft call. One suspect apprehended.
3762,KSP/2025/5176,2025-09-14,64,6,5,12.935431,77.636447,Patrol unit responded to murder call. One suspect apprehended.
3763,KSP/2022/9211,2022-06-26,74,13,2,13.040118,77.54733,Anonymous tip received regarding missing persons. Investigation initiated.
3764,KSP/2022/8249,2022-10-01,70,1,4,12.938838,77.75,Patrol unit responded to cyber crime call. One suspect apprehended.
3765,KSP/2026/5480,2026-04-11,32,13,2,12.963592,77.75,FIR lodged following missing persons incident. Victim sustained minor injuries.
3766,KSP/2024/9247,2024-09-17,6,13,2,12.957829,77.740465,Patrol unit responded to missing persons call. One suspect apprehended.
3767,KSP/2026/7388,2026-05-09,36,7,5,13.000383,77.583943,Patrol unit responded to robbery & dacoity call. One suspect apprehended.
3768,KSP/2023/4804,2023-11-22,46,7,5,12.832381,77.667937,Anonymous tip received regarding robbery & dacoity. Investigation initiated.
3769,KSP/2023/6827,2023-08-03,50,4,4,12.945348,77.75,Complainant reported assault & violence at BTM Layout. Suspect fled the scene.
3770,KSP/2022/6084,2022-05-20,54,1,4,12.974351,77.607652,FIR lodged following cyber crime incident. Victim sustained minor injuries.
3771,KSP/2022/7592,2022-07-02,34,10,2,12.98246,77.749955,FIR lodged following eve teasing incident. Victim sustained minor injuries.
3772,KSP/2022/4051,2022-09-12,23,8,3,12.933291,77.604757,fraud & cheating reported near MG Road. CCTV footage under review.
3773,KSP/2025/7697,2025-06-12,91,2,3,12.980804,77.748861,Anonymous tip received regarding property theft. Investigation initiated.
3774,KSP/2022/5959,2022-05-18,16,9,2,12.927458,77.658232,Complainant reported unlawful assembly at Mysuru Road. Suspect fled the scene.
3775,KSP/2025/2645,2025-07-16,29,6,5,12.843073,77.691137,murder reported near KR Market. CCTV footage under review.
3776,KSP/2023/8895,2023-06-04,25,9,2,12.999687,77.749961,Patrol unit responded to unlawful assembly call. One suspect apprehended.
3777,KSP/2022/6796,2022-08-02,60,12,4,13.002708,77.592941,FIR lodged following communal offences incident. Victim sustained minor injuries.
3778,KSP/2025/5836,2025-04-10,78,2,3,12.856183,77.666841,Complainant reported property theft at HSR Layout. Suspect fled the scene.
3779,KSP/2025/6505,2025-03-06,16,9,2,12.845519,77.691113,Complainant reported unlawful assembly at Jayanagar. Suspect fled the scene.
3780,KSP/2025/2335,2025-07-03,65,10,2,13.020498,77.530926,Patrol unit responded to eve teasing call. One suspect apprehended.
3781,KSP/2022/3418,2022-02-05,77,8,3,13.023461,77.55187,Anonymous tip received regarding fraud & cheating. Investigation initiated.
3782,KSP/2025/2661,2025-02-10,77,13,2,12.990278,77.543559,Complainant reported missing persons at Yelahanka. Suspect fled the scene.
3783,KSP/2023/4190,2023-03-13,36,8,3,12.962996,77.589064,Complainant reported fraud & cheating at Mysuru Road. Suspect fled the scene.
3784,KSP/2024/1854,2024-04-03,28,10,2,12.984377,77.60905,Complainant reported eve teasing at BTM Layout. Suspect fled the scene.
3785,KSP/2025/6714,2025-02-02,50,8,3,13.037366,77.544337,Patrol unit responded to fraud & cheating call. One suspect apprehended.
3786,KSP/2022/3970,2022-11-27,54,3,3,12.920808,77.620718,Complainant reported vehicle theft at Bannerghatta Road. Suspect fled the scene.
3787,KSP/2022/7071,2022-07-05,10,12,4,12.986038,77.558639,communal offences reported near HSR Layout. CCTV footage under review.
3788,KSP/2025/2039,2025-09-03,70,8,3,12.941237,77.628509,Complainant reported fraud & cheating at BTM Layout. Suspect fled the scene.
3789,KSP/2023/4631,2023-12-16,26,2,3,12.967823,77.564905,Patrol unit responded to property theft call. One suspect apprehended.
3790,KSP/2026/3222,2026-03-19,8,2,3,12.948338,77.73744,Patrol unit responded to property theft call. One suspect apprehended.
3791,KSP/2024/9272,2024-11-24,90,8,3,12.980805,77.602718,Patrol unit responded to fraud & cheating call. One suspect apprehended.
3792,KSP/2025/7628,2025-04-17,71,10,2,12.962387,77.641862,Complainant reported eve teasing at HSR Layout. Suspect fled the scene.
3793,KSP/2022/1802,2022-07-22,28,1,4,12.984589,77.608925,FIR lodged following cyber crime incident. Victim sustained minor injuries.
3794,KSP/2022/1218,2022-11-17,33,13,2,12.990522,77.612925,Patrol unit responded to missing persons call. One suspect apprehended.
3795,KSP/2022/2674,2022-08-23,33,4,4,12.956312,77.642437,Patrol unit responded to assault & violence call. One suspect apprehended.
3796,KSP/2024/6773,2024-10-08,4,1,4,12.99647,77.569914,Anonymous tip received regarding cyber crime. Investigation initiated.
3797,KSP/2024/7782,2024-10-29,17,13,2,12.959185,77.568171,Patrol unit responded to missing persons call. One suspect apprehended.
3798,KSP/2023/9951,2023-11-16,45,11,3,12.926608,77.637949,Patrol unit responded to land disputes call. One suspect apprehended.
3799,KSP/2024/3344,2024-05-01,86,10,2,12.970582,77.615114,Complainant reported eve teasing at Hebbal. Suspect fled the scene.
3800,KSP/2025/6180,2025-10-08,25,10,2,12.959586,77.583276,eve teasing reported near Whitefield. CCTV footage under review.
3801,KSP/2025/6658,2025-04-28,25,11,3,13.01821,77.565889,Patrol unit responded to land disputes call. One suspect apprehended.
3802,KSP/2023/7567,2023-03-08,16,1,4,12.977444,77.740258,Patrol unit responded to cyber crime call. One suspect apprehended.
3803,KSP/2024/3207,2024-09-21,88,8,3,12.968383,77.57656,Patrol unit responded to fraud & cheating call. One suspect apprehended.
3804,KSP/2023/3246,2023-01-11,99,7,5,12.825881,77.681949,robbery & dacoity reported near Malleshwaram. CCTV footage under review.
3805,KSP/2026/7553,2026-06-11,71,11,3,12.979516,77.75,FIR lodged following land disputes incident. Victim sustained minor injuries.
3806,KSP/2022/7055,2022-05-23,49,10,2,13.025282,77.535912,Complainant reported eve teasing at Malleshwaram. Suspect fled the scene.
3807,KSP/2022/6962,2022-05-20,64,3,3,12.912473,77.625776,FIR lodged following vehicle theft incident. Victim sustained minor injuries.
3808,KSP/2023/4327,2023-04-05,44,15,5,12.974045,77.598909,Anonymous tip received regarding child offences. Investigation initiated.
3809,KSP/2026/9560,2026-06-07,80,3,3,12.956963,77.642504,Anonymous tip received regarding vehicle theft. Investigation initiated.
3810,KSP/2025/3460,2025-01-29,2,5,5,12.978524,77.75,Complainant reported narcotics at Jayanagar. Suspect fled the scene.
3811,KSP/2022/2950,2022-09-30,66,10,2,12.920724,77.641905,FIR lodged following eve teasing incident. Victim sustained minor injuries.
3812,KSP/2023/3447,2023-12-16,32,5,5,12.930545,77.652158,Anonymous tip received regarding narcotics. Investigation initiated.
3813,KSP/2022/5437,2022-09-22,34,3,3,12.989581,77.578321,FIR lodged following vehicle theft incident. Victim sustained minor injuries.
3814,KSP/2022/9818,2022-08-22,63,14,3,12.997121,77.624614,Anonymous tip received regarding domestic violence. Investigation initiated.
3815,KSP/2025/9912,2025-12-17,20,9,2,13.000518,77.590837,unlawful assembly reported near HSR Layout. CCTV footage under review.
3816,KSP/2022/3412,2022-12-23,30,11,3,12.970069,77.743141,land disputes reported near Electronic City. CCTV footage under review.
3817,KSP/2026/2786,2026-05-26,84,2,3,12.963158,77.613496,Complainant reported property theft at Electronic City. Suspect fled the scene.
3818,KSP/2024/6632,2024-08-23,60,1,4,12.965414,77.581223,FIR lodged following cyber crime incident. Victim sustained minor injuries.
3819,KSP/2024/8757,2024-10-30,58,9,2,12.849258,77.651279,Anonymous tip received regarding unlawful assembly. Investigation initiated.
3820,KSP/2025/5923,2025-07-19,65,15,5,13.010749,77.558165,FIR lodged following child offences incident. Victim sustained minor injuries.
3821,KSP/2026/6092,2026-03-15,38,9,2,12.943686,77.648269,FIR lodged following unlawful assembly incident. Victim sustained minor injuries.
3822,KSP/2022/4056,2022-07-30,71,12,4,12.965771,77.606608,communal offences reported near Electronic City. CCTV footage under review.
3823,KSP/2023/9638,2023-12-17,24,1,4,12.97164,77.608185,Patrol unit responded to cyber crime call. One suspect apprehended.
3824,KSP/2025/7220,2025-05-17,49,9,2,12.946881,77.625023,unlawful assembly reported near Malleshwaram. CCTV footage under review.
3825,KSP/2024/9201,2024-07-18,58,11,3,12.896769,77.614546,Anonymous tip received regarding land disputes. Investigation initiated.
3826,KSP/2023/4524,2023-10-08,92,2,3,13.037743,77.55681,Complainant reported property theft at BTM Layout. Suspect fled the scene.
3827,KSP/2023/2561,2023-02-28,85,14,3,12.83436,77.672748,domestic violence reported near Whitefield. CCTV footage under review.
3828,KSP/2022/5314,2022-09-13,29,10,2,12.926146,77.65528,Anonymous tip received regarding eve teasing. Investigation initiated.
3829,KSP/2024/3332,2024-05-11,76,1,4,12.974789,77.641419,Anonymous tip received regarding cyber crime. Investigation initiated.
3830,KSP/2025/4354,2025-12-04,28,12,4,12.852606,77.671155,Anonymous tip received regarding communal offences. Investigation initiated.
3831,KSP/2023/4720,2023-01-16,32,2,3,12.963983,77.634533,Anonymous tip received regarding property theft. Investigation initiated.
3832,KSP/2025/1466,2025-09-04,12,14,3,12.968208,77.636315,Patrol unit responded to domestic violence call. One suspect apprehended.
3833,KSP/2023/9131,2023-12-05,47,1,4,12.977396,77.615038,Anonymous tip received regarding cyber crime. Investigation initiated.
3834,KSP/2025/9694,2025-07-08,68,12,4,12.828168,77.691941,Complainant reported communal offences at Bannerghatta Road. Suspect fled the scene.
3835,KSP/2023/3514,2023-02-11,64,9,2,12.944923,77.642275,Complainant reported unlawful assembly at Jayanagar. Suspect fled the scene.
3836,KSP/2026/5726,2026-05-19,75,10,2,12.944814,77.620125,FIR lodged following eve teasing incident. Victim sustained minor injuries.
3837,KSP/2023/6267,2023-06-05,34,13,2,13.011835,77.627273,FIR lodged following missing persons incident. Victim sustained minor injuries.
3838,KSP/2023/9607,2023-10-05,28,9,2,12.898491,77.654643,Complainant reported unlawful assembly at Hebbal. Suspect fled the scene.
3839,KSP/2026/8520,2026-03-23,3,13,2,12.833697,77.692766,Anonymous tip received regarding missing persons. Investigation initiated.
3840,KSP/2025/1061,2025-01-02,87,4,4,12.996829,77.717072,assault & violence reported near KR Market. CCTV footage under review.
3841,KSP/2023/9827,2023-04-26,17,15,5,12.967966,77.741171,Complainant reported child offences at Whitefield. Suspect fled the scene.
3842,KSP/2025/8876,2025-07-14,72,2,3,12.966894,77.668737,Patrol unit responded to property theft call. One suspect apprehended.
3843,KSP/2023/4236,2023-11-01,2,13,2,12.997796,77.588694,Patrol unit responded to missing persons call. One suspect apprehended.
3844,KSP/2025/1601,2025-08-31,52,14,3,12.977283,77.595342,Patrol unit responded to domestic violence call. One suspect apprehended.
3845,KSP/2024/3977,2024-12-30,26,7,5,13.021734,77.622427,FIR lodged following robbery & dacoity incident. Victim sustained minor injuries.
3846,KSP/2024/2500,2024-05-10,15,4,4,12.913767,77.663146,Patrol unit responded to assault & violence call. One suspect apprehended.
3847,KSP/2024/5282,2024-12-28,24,15,5,13.04846,77.547878,Complainant reported child offences at Whitefield. Suspect fled the scene.
3848,KSP/2022/1310,2022-10-02,40,2,3,12.909932,77.633156,property theft reported near Mysuru Road. CCTV footage under review.
3849,KSP/2022/7730,2022-10-22,94,9,2,12.992232,77.594402,Complainant reported unlawful assembly at Bannerghatta Road. Suspect fled the scene.
3850,KSP/2025/3734,2025-03-02,10,6,5,12.941819,77.75,Patrol unit responded to murder call. One suspect apprehended.
3851,KSP/2023/7453,2023-10-11,44,10,2,12.9362,77.590684,eve teasing reported near Koramangala. CCTV footage under review.
3852,KSP/2026/6998,2026-03-10,73,10,2,12.958794,77.603935,eve teasing reported near Yelahanka. CCTV footage under review.
3853,KSP/2024/5208,2024-08-16,77,4,4,12.950853,77.64465,Complainant reported assault & violence at Yelahanka. Suspect fled the scene.
3854,KSP/2022/9919,2022-03-14,39,2,3,12.9774,77.700776,Patrol unit responded to property theft call. One suspect apprehended.
3855,KSP/2022/2883,2022-02-10,47,3,3,12.966001,77.63226,vehicle theft reported near Malleshwaram. CCTV footage under review.
3856,KSP/2022/9612,2022-11-27,1,13,2,12.981117,77.599449,Anonymous tip received regarding missing persons. Investigation initiated.
3857,KSP/2026/2222,2026-04-01,34,5,5,12.988469,77.645221,Patrol unit responded to narcotics call. One suspect apprehended.
3858,KSP/2026/7299,2026-06-18,100,15,5,12.865494,77.692581,child offences reported near MG Road. CCTV footage under review.
3859,KSP/2022/2467,2022-02-27,44,13,2,12.970694,77.619179,Anonymous tip received regarding missing persons. Investigation initiated.
3860,KSP/2025/7240,2025-03-31,60,15,5,12.90192,77.618083,child offences reported near HSR Layout. CCTV footage under review.
3861,KSP/2025/3969,2025-05-10,98,11,3,12.971508,77.75,Complainant reported land disputes at KR Market. Suspect fled the scene.
3862,KSP/2022/7339,2022-06-27,73,3,3,12.968113,77.628322,Anonymous tip received regarding vehicle theft. Investigation initiated.
3863,KSP/2025/6964,2025-12-28,47,9,2,13.036183,77.599902,Complainant reported unlawful assembly at BTM Layout. Suspect fled the scene.
3864,KSP/2026/2942,2026-02-27,15,14,3,12.943817,77.648658,domestic violence reported near KR Market. CCTV footage under review.
3865,KSP/2025/3996,2025-12-20,94,11,3,12.948921,77.730641,land disputes reported near Koramangala. CCTV footage under review.
3866,KSP/2026/9329,2026-04-28,71,13,2,12.977961,77.73172,Anonymous tip received regarding missing persons. Investigation initiated.
3867,KSP/2022/9581,2022-07-15,44,11,3,12.903932,77.635564,Complainant reported land disputes at Mysuru Road. Suspect fled the scene.
3868,KSP/2026/4482,2026-01-27,90,11,3,12.951715,77.618172,Patrol unit responded to land disputes call. One suspect apprehended.
3869,KSP/2026/7269,2026-03-22,26,14,3,12.99989,77.626352,Complainant reported domestic violence at Whitefield. Suspect fled the scene.
3870,KSP/2024/5322,2024-12-25,95,3,3,12.954053,77.75,Patrol unit responded to vehicle theft call. One suspect apprehended.
3871,KSP/2024/5343,2024-03-16,57,6,5,12.934403,77.609731,Patrol unit responded to murder call. One suspect apprehended.
3872,KSP/2024/5140,2024-01-12,41,12,4,12.984711,77.727031,Anonymous tip received regarding communal offences. Investigation initiated.
3873,KSP/2025/9112,2025-02-06,22,10,2,12.992245,77.582381,FIR lodged following eve teasing incident. Victim sustained minor injuries.
3874,KSP/2026/6158,2026-06-17,30,10,2,12.968058,77.572259,Patrol unit responded to eve teasing call. One suspect apprehended.
3875,KSP/2024/1533,2024-12-21,99,10,2,12.983725,77.599523,Anonymous tip received regarding eve teasing. Investigation initiated.
3876,KSP/2023/7601,2023-09-10,75,15,5,12.922161,77.637605,Patrol unit responded to child offences call. One suspect apprehended.
3877,KSP/2025/9599,2025-03-25,6,3,3,13.001123,77.590559,Anonymous tip received regarding vehicle theft. Investigation initiated.
3878,KSP/2025/5502,2025-11-25,12,11,3,12.979074,77.590497,FIR lodged following land disputes incident. Victim sustained minor injuries.
3879,KSP/2024/2693,2024-03-11,6,6,5,12.982933,77.586127,Complainant reported murder at Jayanagar. Suspect fled the scene.
3880,KSP/2025/4374,2025-11-05,26,13,2,12.894878,77.659918,Patrol unit responded to missing persons call. One suspect apprehended.
3881,KSP/2024/1611,2024-04-07,32,14,3,12.888788,77.654423,domestic violence reported near Malleshwaram. CCTV footage under review.
3882,KSP/2026/6499,2026-01-14,77,4,4,12.971317,77.653082,Anonymous tip received regarding assault & violence. Investigation initiated.
3883,KSP/2022/1346,2022-08-05,23,3,3,12.990456,77.589113,Complainant reported vehicle theft at MG Road. Suspect fled the scene.
3884,KSP/2024/5899,2024-10-15,67,10,2,12.951387,77.75,Complainant reported eve teasing at Malleshwaram. Suspect fled the scene.
3885,KSP/2023/4867,2023-09-21,3,5,5,12.888983,77.653224,Patrol unit responded to narcotics call. One suspect apprehended.
3886,KSP/2025/8750,2025-02-27,68,8,3,12.978685,77.620091,Anonymous tip received regarding fraud & cheating. Investigation initiated.
3887,KSP/2024/1519,2024-12-04,24,10,2,12.986993,77.643916,FIR lodged following eve teasing incident. Victim sustained minor injuries.
3888,KSP/2024/8707,2024-11-04,8,12,4,12.9565,77.605073,communal offences reported near Mysuru Road. CCTV footage under review.
3889,KSP/2023/3987,2023-01-08,31,8,3,13.037888,77.54139,FIR lodged following fraud & cheating incident. Victim sustained minor injuries.
3890,KSP/2022/9060,2022-12-08,60,14,3,12.978515,77.75,FIR lodged following domestic violence incident. Victim sustained minor injuries.
3891,KSP/2022/9162,2022-11-15,53,4,4,12.806824,77.656516,FIR lodged following assault & violence incident. Victim sustained minor injuries.
3892,KSP/2022/2083,2022-02-06,98,14,3,12.923525,77.644393,domestic violence reported near HSR Layout. CCTV footage under review.
3893,KSP/2023/5379,2023-01-06,6,1,4,12.942278,77.652131,Complainant reported cyber crime at Malleshwaram. Suspect fled the scene.
3894,KSP/2024/5405,2024-07-25,66,9,2,12.984992,77.615601,unlawful assembly reported near Electronic City. CCTV footage under review.
3895,KSP/2024/8091,2024-12-27,43,15,5,12.962496,77.657938,child offences reported near Koramangala. CCTV footage under review.
3896,KSP/2024/8851,2024-03-26,24,11,3,13.002429,77.580566,Patrol unit responded to land disputes call. One suspect apprehended.
3897,KSP/2026/7389,2026-04-22,33,9,2,12.85114,77.704948,FIR lodged following unlawful assembly incident. Victim sustained minor injuries.
3898,KSP/2024/5374,2024-10-08,34,4,4,12.987721,77.630824,Patrol unit responded to assault & violence call. One suspect apprehended.
3899,KSP/2024/1392,2024-09-07,26,15,5,12.88911,77.643092,Patrol unit responded to child offences call. One suspect apprehended.
3900,KSP/2025/6607,2025-02-28,20,15,5,13.030578,77.62442,child offences reported near KR Market. CCTV footage under review.
3901,KSP/2023/1618,2023-05-09,17,8,3,13.04512,77.559245,FIR lodged following fraud & cheating incident. Victim sustained minor injuries.
3902,KSP/2023/3705,2023-11-12,32,10,2,12.829345,77.666778,Complainant reported eve teasing at HSR Layout. Suspect fled the scene.
3903,KSP/2024/2922,2024-01-31,46,6,5,12.98623,77.651607,Complainant reported murder at Yelahanka. Suspect fled the scene.
3904,KSP/2025/1421,2025-12-09,16,5,5,12.968784,77.643485,FIR lodged following narcotics incident. Victim sustained minor injuries.
3905,KSP/2024/5787,2024-10-10,17,3,3,13.001927,77.613385,Complainant reported vehicle theft at KR Market. Suspect fled the scene.
3906,KSP/2025/1908,2025-04-09,39,3,3,12.998991,77.546396,Patrol unit responded to vehicle theft call. One suspect apprehended.
3907,KSP/2022/9694,2022-06-23,37,9,2,12.964814,77.576428,Anonymous tip received regarding unlawful assembly. Investigation initiated.
3908,KSP/2026/4351,2026-02-17,76,11,3,12.959645,77.605549,Patrol unit responded to land disputes call. One suspect apprehended.
3909,KSP/2024/9622,2024-10-20,14,13,2,13.026574,77.642922,Anonymous tip received regarding missing persons. Investigation initiated.
3910,KSP/2023/8153,2023-08-07,36,7,5,12.976246,77.601606,Patrol unit responded to robbery & dacoity call. One suspect apprehended.
3911,KSP/2024/6982,2024-12-02,83,13,2,12.844515,77.671965,FIR lodged following missing persons incident. Victim sustained minor injuries.
3912,KSP/2022/1672,2022-09-04,32,8,3,12.951753,77.746707,Anonymous tip received regarding fraud & cheating. Investigation initiated.
3913,KSP/2024/9221,2024-10-17,59,1,4,12.913648,77.613487,Anonymous tip received regarding cyber crime. Investigation initiated.
3914,KSP/2024/5615,2024-07-02,75,7,5,13.007015,77.574762,Patrol unit responded to robbery & dacoity call. One suspect apprehended.
3915,KSP/2026/5182,2026-05-05,37,12,4,12.923821,77.629747,Patrol unit responded to communal offences call. One suspect apprehended.
3916,KSP/2025/6916,2025-10-10,45,7,5,12.976873,77.620643,robbery & dacoity reported near HSR Layout. CCTV footage under review.
3917,KSP/2025/9368,2025-02-18,10,12,4,12.850696,77.643719,Anonymous tip received regarding communal offences. Investigation initiated.
3918,KSP/2025/6402,2025-10-19,39,13,2,12.929934,77.60298,missing persons reported near Mysuru Road. CCTV footage under review.
3919,KSP/2024/3947,2024-04-23,48,8,3,12.93569,77.614888,Anonymous tip received regarding fraud & cheating. Investigation initiated.
3920,KSP/2023/5068,2023-04-07,62,5,5,13.002652,77.592842,Anonymous tip received regarding narcotics. Investigation initiated.
3921,KSP/2024/5656,2024-06-04,71,10,2,12.845242,77.677574,Anonymous tip received regarding eve teasing. Investigation initiated.
3922,KSP/2024/7985,2024-04-03,17,13,2,12.83856,77.660356,Complainant reported missing persons at Malleshwaram. Suspect fled the scene.
3923,KSP/2026/6404,2026-02-26,47,3,3,12.845116,77.655624,Complainant reported vehicle theft at Whitefield. Suspect fled the scene.
3924,KSP/2025/5317,2025-10-31,80,10,2,12.97876,77.75,eve teasing reported near Yelahanka. CCTV footage under review.
3925,KSP/2023/8908,2023-04-21,51,12,4,12.963331,77.619451,communal offences reported near Whitefield. CCTV footage under review.
3926,KSP/2022/2691,2022-12-18,64,6,5,12.985825,77.630133,FIR lodged following murder incident. Victim sustained minor injuries.
3927,KSP/2025/4942,2025-02-06,38,14,3,13.034796,77.555171,Anonymous tip received regarding domestic violence. Investigation initiated.
3928,KSP/2025/7946,2025-09-13,72,6,5,13.007222,77.575227,FIR lodged following murder incident. Victim sustained minor injuries.
3929,KSP/2026/9339,2026-02-11,7,15,5,13.029478,77.576548,child offences reported near Malleshwaram. CCTV footage under review.
3930,KSP/2022/7838,2022-10-12,98,9,2,12.958841,77.641473,Complainant reported unlawful assembly at Electronic City. Suspect fled the scene.
3931,KSP/2024/6260,2024-10-21,99,11,3,12.981479,77.610297,land disputes reported near Electronic City. CCTV footage under review.
3932,KSP/2023/7286,2023-11-25,6,3,3,13.004358,77.541541,vehicle theft reported near Electronic City. CCTV footage under review.
3933,KSP/2025/9481,2025-07-29,65,12,4,12.869511,77.670484,Complainant reported communal offences at Electronic City. Suspect fled the scene.
3934,KSP/2025/4226,2025-02-19,77,9,2,13.028162,77.551985,Anonymous tip received regarding unlawful assembly. Investigation initiated.
3935,KSP/2023/1794,2023-05-18,5,2,3,12.976617,77.586827,property theft reported near Hebbal. CCTV footage under review.
3936,KSP/2023/4981,2023-11-06,64,10,2,12.970965,77.597272,Patrol unit responded to eve teasing call. One suspect apprehended.
3937,KSP/2024/8332,2024-01-04,67,10,2,12.998106,77.607542,Patrol unit responded to eve teasing call. One suspect apprehended.
3938,KSP/2023/5642,2023-10-19,58,3,3,13.040145,77.545301,Patrol unit responded to vehicle theft call. One suspect apprehended.
3939,KSP/2025/5472,2025-06-09,18,9,2,12.975971,77.588632,FIR lodged following unlawful assembly incident. Victim sustained minor injuries.
3940,KSP/2023/7631,2023-07-31,56,12,4,12.832856,77.699163,Anonymous tip received regarding communal offences. Investigation initiated.
3941,KSP/2024/8587,2024-05-03,83,5,5,12.97366,77.591865,Complainant reported narcotics at Hebbal. Suspect fled the scene.
3942,KSP/2025/8247,2025-09-10,77,9,2,12.992388,77.554711,unlawful assembly reported near Koramangala. CCTV footage under review.
3943,KSP/2026/5466,2026-01-13,79,12,4,12.989035,77.75,communal offences reported near Hebbal. CCTV footage under review.
3944,KSP/2024/4559,2024-08-08,73,9,2,12.947959,77.746233,Anonymous tip received regarding unlawful assembly. Investigation initiated.
3945,KSP/2025/3362,2025-09-20,26,10,2,12.980988,77.75,eve teasing reported near Hebbal. CCTV footage under review.
3946,KSP/2022/7144,2022-02-04,35,10,2,12.98001,77.606582,Patrol unit responded to eve teasing call. One suspect apprehended.
3947,KSP/2026/9810,2026-06-02,24,12,4,12.822702,77.691141,Complainant reported communal offences at MG Road. Suspect fled the scene.
3948,KSP/2023/9038,2023-02-28,18,13,2,12.842729,77.666171,Anonymous tip received regarding missing persons. Investigation initiated.
3949,KSP/2024/2053,2024-04-18,27,3,3,12.960967,77.596787,Complainant reported vehicle theft at Malleshwaram. Suspect fled the scene.
3950,KSP/2026/9215,2026-06-07,32,9,2,12.925444,77.654018,Anonymous tip received regarding unlawful assembly. Investigation initiated.
3951,KSP/2024/7543,2024-10-08,84,1,4,12.96626,77.62463,cyber crime reported near BTM Layout. CCTV footage under review.
3952,KSP/2025/1034,2025-12-01,7,13,2,12.937835,77.646643,Patrol unit responded to missing persons call. One suspect apprehended.
3953,KSP/2025/7952,2025-05-14,34,14,3,12.974476,77.743441,domestic violence reported near BTM Layout. CCTV footage under review.
3954,KSP/2023/1596,2023-11-28,48,10,2,13.006549,77.659225,FIR lodged following eve teasing incident. Victim sustained minor injuries.
3955,KSP/2024/1693,2024-02-20,8,7,5,12.966803,77.611134,Anonymous tip received regarding robbery & dacoity. Investigation initiated.
3956,KSP/2024/2634,2024-02-16,48,5,5,12.965271,77.579974,narcotics reported near Bannerghatta Road. CCTV footage under review.
3957,KSP/2026/1355,2026-06-28,44,3,3,12.992812,77.616949,Anonymous tip received regarding vehicle theft. Investigation initiated.
3958,KSP/2024/2435,2024-09-19,81,7,5,13.022996,77.564033,Complainant reported robbery & dacoity at Electronic City. Suspect fled the scene.
3959,KSP/2026/7729,2026-04-05,91,5,5,12.979585,77.616042,narcotics reported near Malleshwaram. CCTV footage under review.
3960,KSP/2022/4394,2022-05-28,27,15,5,12.955781,77.608463,Anonymous tip received regarding child offences. Investigation initiated.
3961,KSP/2026/9045,2026-04-20,6,9,2,13.012662,77.605296,Patrol unit responded to unlawful assembly call. One suspect apprehended.
3962,KSP/2024/5841,2024-12-22,75,1,4,12.95693,77.583493,cyber crime reported near BTM Layout. CCTV footage under review.
3963,KSP/2023/3952,2023-02-17,45,13,2,12.967526,77.747815,missing persons reported near KR Market. CCTV footage under review.
3964,KSP/2023/4174,2023-11-01,6,10,2,12.995829,77.742776,Anonymous tip received regarding eve teasing. Investigation initiated.
3965,KSP/2025/1657,2025-02-11,55,6,5,12.898078,77.637696,Complainant reported murder at Koramangala. Suspect fled the scene.
3966,KSP/2023/8467,2023-03-11,37,2,3,12.857897,77.702828,Complainant reported property theft at Malleshwaram. Suspect fled the scene.
3967,KSP/2025/1716,2025-10-20,37,6,5,13.013214,77.613502,FIR lodged following murder incident. Victim sustained minor injuries.
3968,KSP/2022/7962,2022-09-28,53,4,4,12.829259,77.680947,FIR lodged following assault & violence incident. Victim sustained minor injuries.
3969,KSP/2022/6566,2022-09-26,66,6,5,12.964535,77.648975,murder reported near Jayanagar. CCTV footage under review.
3970,KSP/2024/8485,2024-11-17,18,1,4,12.989954,77.593321,FIR lodged following cyber crime incident. Victim sustained minor injuries.
3971,KSP/2022/6145,2022-06-28,15,14,3,12.995624,77.568745,FIR lodged following domestic violence incident. Victim sustained minor injuries.
3972,KSP/2025/1682,2025-09-18,55,1,4,12.894575,77.669568,Patrol unit responded to cyber crime call. One suspect apprehended.
3973,KSP/2023/9561,2023-07-07,12,10,2,12.994677,77.742999,Complainant reported eve teasing at Bannerghatta Road. Suspect fled the scene.
3974,KSP/2023/4074,2023-07-14,74,13,2,12.931376,77.615159,FIR lodged following missing persons incident. Victim sustained minor injuries.
3975,KSP/2025/5618,2025-02-25,94,13,2,12.992404,77.578659,Anonymous tip received regarding missing persons. Investigation initiated.
3976,KSP/2024/8247,2024-10-24,75,10,2,12.996207,77.75,eve teasing reported near KR Market. CCTV footage under review.
3977,KSP/2022/3894,2022-04-10,51,5,5,12.985889,77.606162,FIR lodged following narcotics incident. Victim sustained minor injuries.
3978,KSP/2024/1402,2024-10-25,19,11,3,12.956481,77.747505,Complainant reported land disputes at HSR Layout. Suspect fled the scene.
3979,KSP/2022/5993,2022-07-21,70,11,3,12.983295,77.732769,Anonymous tip received regarding land disputes. Investigation initiated.
3980,KSP/2023/6980,2023-08-15,93,9,2,13.006691,77.591892,Anonymous tip received regarding unlawful assembly. Investigation initiated.
3981,KSP/2024/7034,2024-09-07,90,4,4,13.013214,77.630585,assault & violence reported near Bannerghatta Road. CCTV footage under review.
3982,KSP/2024/5317,2024-05-25,30,5,5,12.935985,77.623669,Complainant reported narcotics at Malleshwaram. Suspect fled the scene.
3983,KSP/2025/5416,2025-12-07,57,8,3,12.929805,77.617996,Complainant reported fraud & cheating at Bannerghatta Road. Suspect fled the scene.
3984,KSP/2023/4669,2023-06-11,28,2,3,12.947402,77.659575,Patrol unit responded to property theft call. One suspect apprehended.
3985,KSP/2025/7237,2025-10-27,68,14,3,13.006288,77.544241,Patrol unit responded to domestic violence call. One suspect apprehended.
3986,KSP/2022/4878,2022-10-21,89,2,3,12.96594,77.75,property theft reported near Bannerghatta Road. CCTV footage under review.
3987,KSP/2022/6948,2022-06-27,76,12,4,12.97628,77.60154,Anonymous tip received regarding communal offences. Investigation initiated.
3988,KSP/2022/4471,2022-08-17,49,2,3,12.970962,77.740255,property theft reported near HSR Layout. CCTV footage under review.
3989,KSP/2024/7319,2024-03-11,45,5,5,12.911658,77.621656,Anonymous tip received regarding narcotics. Investigation initiated.
3990,KSP/2025/6473,2025-01-07,74,11,3,12.946572,77.685141,FIR lodged following land disputes incident. Victim sustained minor injuries.
3991,KSP/2025/5275,2025-04-02,51,4,4,12.93832,77.644549,Anonymous tip received regarding assault & violence. Investigation initiated.
3992,KSP/2025/3986,2025-08-14,58,3,3,12.950537,77.589475,FIR lodged following vehicle theft incident. Victim sustained minor injuries.
3993,KSP/2023/2062,2023-02-04,16,2,3,13.023645,77.553912,property theft reported near Mysuru Road. CCTV footage under review.
3994,KSP/2022/4609,2022-03-23,56,9,2,12.951484,77.606056,Patrol unit responded to unlawful assembly call. One suspect apprehended.
3995,KSP/2022/8657,2022-01-11,7,13,2,12.850926,77.682021,Patrol unit responded to missing persons call. One suspect apprehended.
3996,KSP/2023/6647,2023-06-07,86,1,4,12.990887,77.624516,Patrol unit responded to cyber crime call. One suspect apprehended.
3997,KSP/2026/5547,2026-03-21,86,11,3,12.91819,77.628309,Complainant reported land disputes at MG Road. Suspect fled the scene.
3998,KSP/2022/6502,2022-11-09,55,10,2,12.965653,77.599797,Complainant reported eve teasing at HSR Layout. Suspect fled the scene.
3999,KSP/2025/8366,2025-09-10,26,10,2,12.977704,77.571078,Complainant reported eve teasing at Yelahanka. Suspect fled the scene.
4000,KSP/2022/3446,2022-12-15,5,10,2,12.995033,77.637632,Patrol unit responded to eve teasing call. One suspect apprehended.
4001,KSP/2025/8529,2025-02-18,37,6,5,12.982283,77.606899,murder reported near Koramangala. CCTV footage under review.
4002,KSP/2022/2734,2022-06-01,55,11,3,12.949229,77.631111,land disputes reported near Jayanagar. CCTV footage under review.
4003,KSP/2026/9869,2026-01-09,16,8,3,12.982588,77.590204,FIR lodged following fraud & cheating incident. Victim sustained minor injuries.
4004,KSP/2026/9177,2026-05-03,58,9,2,12.972459,77.581096,unlawful assembly reported near Hebbal. CCTV footage under review.
4005,KSP/2024/4541,2024-10-31,69,10,2,13.004101,77.746637,Patrol unit responded to eve teasing call. One suspect apprehended.
4006,KSP/2023/3369,2023-01-21,99,4,4,12.954929,77.741883,FIR lodged following assault & violence incident. Victim sustained minor injuries.
4007,KSP/2024/3016,2024-02-29,20,1,4,12.978743,77.616653,cyber crime reported near BTM Layout. CCTV footage under review.
4008,KSP/2023/4915,2023-08-11,87,7,5,12.918001,77.615417,FIR lodged following robbery & dacoity incident. Victim sustained minor injuries.
4009,KSP/2023/7444,2023-11-05,68,1,4,13.022362,77.570083,Complainant reported cyber crime at Jayanagar. Suspect fled the scene.
4010,KSP/2023/6431,2023-12-23,23,3,3,12.957189,77.623143,FIR lodged following vehicle theft incident. Victim sustained minor injuries.
4011,KSP/2026/9260,2026-03-06,16,8,3,12.986403,77.611552,Anonymous tip received regarding fraud & cheating. Investigation initiated.
4012,KSP/2023/7035,2023-09-04,16,2,3,12.815727,77.693824,Anonymous tip received regarding property theft. Investigation initiated.
4013,KSP/2023/8538,2023-11-18,66,8,3,12.84388,77.683749,Complainant reported fraud & cheating at Yelahanka. Suspect fled the scene.
4014,KSP/2024/1908,2024-05-10,41,8,3,12.921213,77.650569,fraud & cheating reported near Jayanagar. CCTV footage under review.
4015,KSP/2022/4339,2022-09-03,10,6,5,12.922311,77.604142,murder reported near Hebbal. CCTV footage under review.
4016,KSP/2023/9239,2023-10-04,90,14,3,13.026918,77.571844,Anonymous tip received regarding domestic violence. Investigation initiated.
4017,KSP/2023/1821,2023-03-14,80,2,3,13.017997,77.551121,property theft reported near Whitefield. CCTV footage under review.
4018,KSP/2025/6772,2025-03-05,54,5,5,12.975002,77.580319,narcotics reported near BTM Layout. CCTV footage under review.
4019,KSP/2025/8546,2025-06-18,1,3,3,12.846319,77.695589,Patrol unit responded to vehicle theft call. One suspect apprehended.
4020,KSP/2024/5466,2024-04-25,35,13,2,12.928361,77.638024,FIR lodged following missing persons incident. Victim sustained minor injuries.
4021,KSP/2023/8765,2023-03-30,34,13,2,12.971049,77.591994,missing persons reported near Mysuru Road. CCTV footage under review.
4022,KSP/2022/2163,2022-01-05,65,10,2,12.974454,77.742716,Complainant reported eve teasing at Electronic City. Suspect fled the scene.
4023,KSP/2022/5020,2022-12-20,48,9,2,12.994399,77.567052,FIR lodged following unlawful assembly incident. Victim sustained minor injuries.
4024,KSP/2026/2460,2026-04-12,42,8,3,13.013182,77.632438,Complainant reported fraud & cheating at MG Road. Suspect fled the scene.
4025,KSP/2025/2515,2025-05-14,53,11,3,12.977843,77.609985,Complainant reported land disputes at BTM Layout. Suspect fled the scene.
4026,KSP/2024/5650,2024-07-26,54,5,5,13.004313,77.606364,Anonymous tip received regarding narcotics. Investigation initiated.
4027,KSP/2023/5106,2023-12-18,50,15,5,12.974971,77.601523,Anonymous tip received regarding child offences. Investigation initiated.
4028,KSP/2024/2365,2024-06-02,97,10,2,12.997024,77.588949,Complainant reported eve teasing at Yelahanka. Suspect fled the scene.
4029,KSP/2022/5246,2022-07-12,61,8,3,13.023739,77.565661,Patrol unit responded to fraud & cheating call. One suspect apprehended.
4030,KSP/2024/2261,2024-02-16,7,11,3,12.994597,77.581514,Patrol unit responded to land disputes call. One suspect apprehended.
4031,KSP/2024/5255,2024-11-13,81,8,3,13.000659,77.631664,FIR lodged following fraud & cheating incident. Victim sustained minor injuries.
4032,KSP/2023/2748,2023-05-30,63,12,4,12.986204,77.624326,Anonymous tip received regarding communal offences. Investigation initiated.
4033,KSP/2024/2407,2024-11-14,68,6,5,12.939158,77.591617,murder reported near Hebbal. CCTV footage under review.
4034,KSP/2023/6892,2023-09-05,94,12,4,12.908785,77.659712,communal offences reported near Malleshwaram. CCTV footage under review.
4035,KSP/2022/6234,2022-07-29,71,13,2,12.952411,77.62461,Anonymous tip received regarding missing persons. Investigation initiated.
4036,KSP/2026/1975,2026-01-10,91,2,3,13.033588,77.559441,Patrol unit responded to property theft call. One suspect apprehended.
4037,KSP/2022/2681,2022-09-24,84,6,5,12.98687,77.588864,Patrol unit responded to murder call. One suspect apprehended.
4038,KSP/2022/5657,2022-12-17,1,5,5,12.849975,77.67065,Anonymous tip received regarding narcotics. Investigation initiated.
4039,KSP/2025/4105,2025-05-17,75,12,4,12.961633,77.60602,Patrol unit responded to communal offences call. One suspect apprehended.
4040,KSP/2023/1500,2023-01-11,14,2,3,12.952616,77.644545,FIR lodged following property theft incident. Victim sustained minor injuries.
4041,KSP/2026/6033,2026-04-22,56,8,3,12.922024,77.667029,Anonymous tip received regarding fraud & cheating. Investigation initiated.
4042,KSP/2025/9908,2025-02-04,10,10,2,12.949678,77.620817,Patrol unit responded to eve teasing call. One suspect apprehended.
4043,KSP/2023/7317,2023-01-23,59,11,3,12.982025,77.619378,FIR lodged following land disputes incident. Victim sustained minor injuries.
4044,KSP/2025/3027,2025-07-17,41,14,3,12.964353,77.745583,Anonymous tip received regarding domestic violence. Investigation initiated.
4045,KSP/2022/2009,2022-10-23,67,3,3,12.988126,77.608928,Complainant reported vehicle theft at Koramangala. Suspect fled the scene.
4046,KSP/2023/3998,2023-06-15,70,6,5,12.983786,77.60373,FIR lodged following murder incident. Victim sustained minor injuries.
4047,KSP/2024/7439,2024-02-22,62,4,4,12.997741,77.580603,assault & violence reported near Whitefield. CCTV footage under review.
4048,KSP/2023/5147,2023-03-10,21,13,2,13.0306,77.550949,Anonymous tip received regarding missing persons. Investigation initiated.
4049,KSP/2026/6094,2026-01-12,99,4,4,12.978269,77.723745,assault & violence reported near KR Market. CCTV footage under review.
4050,KSP/2026/7473,2026-03-14,61,3,3,12.925161,77.694651,vehicle theft reported near Bannerghatta Road. CCTV footage under review.
4051,KSP/2026/2229,2026-03-31,6,5,5,13.000297,77.589619,narcotics reported near Whitefield. CCTV footage under review.
4052,KSP/2022/4582,2022-06-10,90,8,3,12.977588,77.722114,Complainant reported fraud & cheating at Koramangala. Suspect fled the scene.
4053,KSP/2026/8568,2026-03-12,18,1,4,12.961777,77.637693,FIR lodged following cyber crime incident. Victim sustained minor injuries.
4054,KSP/2025/4397,2025-09-19,76,6,5,12.958032,77.632871,Patrol unit responded to murder call. One suspect apprehended.
4055,KSP/2023/6227,2023-12-28,90,3,3,12.987949,77.629641,Patrol unit responded to vehicle theft call. One suspect apprehended.
4056,KSP/2026/7247,2026-05-08,83,3,3,12.855022,77.688488,Patrol unit responded to vehicle theft call. One suspect apprehended.
4057,KSP/2025/8833,2025-08-18,95,3,3,13.036058,77.575604,Patrol unit responded to vehicle theft call. One suspect apprehended.
4058,KSP/2025/9537,2025-11-19,79,14,3,12.96943,77.598349,FIR lodged following domestic violence incident. Victim sustained minor injuries.
4059,KSP/2025/4065,2025-08-17,87,10,2,12.845453,77.679646,Patrol unit responded to eve teasing call. One suspect apprehended.
4060,KSP/2022/8688,2022-06-27,84,2,3,12.975882,77.630707,Anonymous tip received regarding property theft. Investigation initiated.
4061,KSP/2024/7545,2024-07-13,26,1,4,12.954369,77.625239,Patrol unit responded to cyber crime call. One suspect apprehended.
4062,KSP/2025/2158,2025-07-12,31,12,4,12.911793,77.623828,FIR lodged following communal offences incident. Victim sustained minor injuries.
4063,KSP/2022/5214,2022-08-15,71,9,2,12.962606,77.612155,Patrol unit responded to unlawful assembly call. One suspect apprehended.
4064,KSP/2025/6515,2025-02-25,13,5,5,12.969702,77.740956,Patrol unit responded to narcotics call. One suspect apprehended.
4065,KSP/2024/6751,2024-10-14,38,3,3,12.96149,77.643689,Patrol unit responded to vehicle theft call. One suspect apprehended.
4066,KSP/2022/7729,2022-11-06,64,2,3,12.96224,77.738078,Complainant reported property theft at HSR Layout. Suspect fled the scene.
4067,KSP/2025/6824,2025-08-25,94,5,5,12.975259,77.62415,FIR lodged following narcotics incident. Victim sustained minor injuries.
4068,KSP/2022/9136,2022-07-21,19,10,2,13.008098,77.623208,eve teasing reported near Koramangala. CCTV footage under review.
4069,KSP/2026/4255,2026-04-10,87,3,3,12.955358,77.61847,vehicle theft reported near KR Market. CCTV footage under review.
4070,KSP/2022/9623,2022-09-07,80,3,3,13.013891,77.548703,vehicle theft reported near MG Road. CCTV footage under review.
4071,KSP/2024/6245,2024-08-12,18,10,2,12.844408,77.712792,eve teasing reported near Bannerghatta Road. CCTV footage under review.
4072,KSP/2024/5000,2024-09-12,97,15,5,12.984879,77.585349,Patrol unit responded to child offences call. One suspect apprehended.
4073,KSP/2023/1264,2023-10-02,69,13,2,12.911305,77.656292,FIR lodged following missing persons incident. Victim sustained minor injuries.
4074,KSP/2024/1431,2024-11-04,4,9,2,12.973206,77.622172,Patrol unit responded to unlawful assembly call. One suspect apprehended.
4075,KSP/2024/9964,2024-01-27,48,4,4,12.932249,77.665228,assault & violence reported near Hebbal. CCTV footage under review.
4076,KSP/2026/2241,2026-04-05,91,11,3,13.028652,77.547103,FIR lodged following land disputes incident. Victim sustained minor injuries.
4077,KSP/2024/7956,2024-03-24,82,4,4,12.832262,77.679602,assault & violence reported near MG Road. CCTV footage under review.
4078,KSP/2023/8835,2023-07-25,2,9,2,12.921832,77.608021,Complainant reported unlawful assembly at Hebbal. Suspect fled the scene.
4079,KSP/2024/4490,2024-08-25,93,4,4,12.981191,77.595848,assault & violence reported near Hebbal. CCTV footage under review.
4080,KSP/2022/1340,2022-07-26,38,4,4,12.982033,77.75,Complainant reported assault & violence at Mysuru Road. Suspect fled the scene.
4081,KSP/2023/6508,2023-09-12,47,13,2,12.984038,77.595539,Complainant reported missing persons at Koramangala. Suspect fled the scene.
4082,KSP/2026/3095,2026-01-07,87,6,5,12.982771,77.57653,FIR lodged following murder incident. Victim sustained minor injuries.
4083,KSP/2025/2394,2025-12-13,63,4,4,12.983616,77.633808,FIR lodged following assault & violence incident. Victim sustained minor injuries.
4084,KSP/2026/9046,2026-03-24,55,7,5,12.953426,77.613872,Patrol unit responded to robbery & dacoity call. One suspect apprehended.
4085,KSP/2026/2252,2026-04-03,17,8,3,12.966052,77.75,fraud & cheating reported near Yelahanka. CCTV footage under review.
4086,KSP/2023/3633,2023-11-25,6,12,4,12.874374,77.697104,Patrol unit responded to communal offences call. One suspect apprehended.
4087,KSP/2024/9213,2024-02-25,53,5,5,12.948982,77.627931,Anonymous tip received regarding narcotics. Investigation initiated.
4088,KSP/2025/2859,2025-11-18,69,14,3,12.981128,77.652404,FIR lodged following domestic violence incident. Victim sustained minor injuries.
4089,KSP/2025/1656,2025-06-05,32,9,2,12.981172,77.551349,Anonymous tip received regarding unlawful assembly. Investigation initiated.
4090,KSP/2024/4157,2024-09-18,73,10,2,12.950042,77.654106,Patrol unit responded to eve teasing call. One suspect apprehended.
4091,KSP/2025/6926,2025-04-30,36,2,3,13.002813,77.611579,FIR lodged following property theft incident. Victim sustained minor injuries.
4092,KSP/2025/6180,2025-10-24,33,13,2,12.842042,77.657262,Complainant reported missing persons at BTM Layout. Suspect fled the scene.
4093,KSP/2025/1893,2025-11-18,95,1,4,12.94087,77.746879,Complainant reported cyber crime at Whitefield. Suspect fled the scene.
4094,KSP/2024/6674,2024-05-17,46,8,3,13.022905,77.541119,FIR lodged following fraud & cheating incident. Victim sustained minor injuries.
4095,KSP/2024/1590,2024-09-19,58,11,3,12.964341,77.75,Anonymous tip received regarding land disputes. Investigation initiated.
4096,KSP/2025/9246,2025-11-17,68,12,4,12.904142,77.628206,communal offences reported near Bannerghatta Road. CCTV footage under review.
4097,KSP/2023/1512,2023-02-25,95,9,2,12.968073,77.636022,Complainant reported unlawful assembly at Mysuru Road. Suspect fled the scene.
4098,KSP/2024/6084,2024-05-11,64,1,4,12.989124,77.578165,Complainant reported cyber crime at Mysuru Road. Suspect fled the scene.
4099,KSP/2025/8267,2025-06-04,47,12,4,12.978162,77.601145,Complainant reported communal offences at Bannerghatta Road. Suspect fled the scene.
4100,KSP/2022/6089,2022-10-22,71,11,3,12.970996,77.628025,Complainant reported land disputes at Bannerghatta Road. Suspect fled the scene.
4101,KSP/2024/3065,2024-04-29,99,8,3,12.923744,77.62292,FIR lodged following fraud & cheating incident. Victim sustained minor injuries.
4102,KSP/2024/7789,2024-03-14,61,5,5,12.965089,77.638734,Patrol unit responded to narcotics call. One suspect apprehended.
4103,KSP/2025/4968,2025-12-19,21,2,3,12.97757,77.637743,Complainant reported property theft at Koramangala. Suspect fled the scene.
4104,KSP/2023/5002,2023-11-28,18,6,5,12.982273,77.559379,Complainant reported murder at Yelahanka. Suspect fled the scene.
4105,KSP/2026/1980,2026-02-09,97,5,5,12.953473,77.75,Anonymous tip received regarding narcotics. Investigation initiated.
4106,KSP/2026/8602,2026-05-15,57,4,4,12.987419,77.618047,Complainant reported assault & violence at Mysuru Road. Suspect fled the scene.
4107,KSP/2023/3635,2023-03-20,37,10,2,12.889973,77.649973,Anonymous tip received regarding eve teasing. Investigation initiated.
4108,KSP/2023/9382,2023-08-19,55,8,3,12.968829,77.605988,Complainant reported fraud & cheating at MG Road. Suspect fled the scene.
4109,KSP/2024/7208,2024-04-01,48,12,4,12.979922,77.611929,Anonymous tip received regarding communal offences. Investigation initiated.
4110,KSP/2022/1353,2022-09-08,32,2,3,12.967223,77.6524,property theft reported near KR Market. CCTV footage under review.
4111,KSP/2023/8684,2023-04-26,38,5,5,12.900349,77.652459,Anonymous tip received regarding narcotics. Investigation initiated.
4112,KSP/2023/6164,2023-10-15,12,1,4,12.982444,77.635352,cyber crime reported near Whitefield. CCTV footage under review.
4113,KSP/2024/2088,2024-11-11,15,13,2,13.023412,77.556615,Anonymous tip received regarding missing persons. Investigation initiated.
4114,KSP/2025/2678,2025-03-24,32,10,2,12.918042,77.651378,Complainant reported eve teasing at Yelahanka. Suspect fled the scene.
4115,KSP/2025/2235,2025-01-24,87,12,4,13.029301,77.576169,FIR lodged following communal offences incident. Victim sustained minor injuries.
4116,KSP/2025/6988,2025-09-22,26,5,5,12.988923,77.574854,FIR lodged following narcotics incident. Victim sustained minor injuries.
4117,KSP/2023/6122,2023-01-20,86,9,2,13.015451,77.565431,unlawful assembly reported near MG Road. CCTV footage under review.
4118,KSP/2023/2397,2023-03-17,69,12,4,12.830781,77.669348,communal offences reported near Mysuru Road. CCTV footage under review.
4119,KSP/2024/7577,2024-09-11,68,5,5,12.953638,77.654809,Patrol unit responded to narcotics call. One suspect apprehended.
4120,KSP/2024/6094,2024-04-17,5,2,3,13.00922,77.56461,Patrol unit responded to property theft call. One suspect apprehended.
4121,KSP/2023/1916,2023-12-16,89,3,3,12.982284,77.625158,Anonymous tip received regarding vehicle theft. Investigation initiated.
4122,KSP/2023/1495,2023-06-17,44,4,4,13.034125,77.545477,Patrol unit responded to assault & violence call. One suspect apprehended.
4123,KSP/2026/8390,2026-04-29,28,1,4,12.947699,77.667871,Complainant reported cyber crime at HSR Layout. Suspect fled the scene.
4124,KSP/2025/8755,2025-01-17,64,6,5,12.974541,77.610291,FIR lodged following murder incident. Victim sustained minor injuries.
4125,KSP/2025/5018,2025-04-28,5,9,2,12.977943,77.595403,Anonymous tip received regarding unlawful assembly. Investigation initiated.
4126,KSP/2025/9372,2025-04-15,18,5,5,12.990947,77.612425,Patrol unit responded to narcotics call. One suspect apprehended.
4127,KSP/2025/6980,2025-11-22,27,7,5,12.857253,77.694551,Anonymous tip received regarding robbery & dacoity. Investigation initiated.
4128,KSP/2024/7223,2024-12-28,3,9,2,12.845943,77.650089,Anonymous tip received regarding unlawful assembly. Investigation initiated.
4129,KSP/2022/6905,2022-03-17,33,10,2,13.000357,77.598626,eve teasing reported near Whitefield. CCTV footage under review.
4130,KSP/2022/4646,2022-10-15,19,13,2,12.974934,77.75,missing persons reported near KR Market. CCTV footage under review.
4131,KSP/2023/6907,2023-03-22,86,13,2,12.974149,77.583155,missing persons reported near Whitefield. CCTV footage under review.
4132,KSP/2023/1930,2023-01-22,28,14,3,12.956616,77.62788,domestic violence reported near Mysuru Road. CCTV footage under review.
4133,KSP/2024/9331,2024-07-12,68,3,3,12.982964,77.572378,FIR lodged following vehicle theft incident. Victim sustained minor injuries.
4134,KSP/2025/4977,2025-01-15,55,4,4,12.9866,77.622997,FIR lodged following assault & violence incident. Victim sustained minor injuries.
4135,KSP/2025/6018,2025-07-10,78,2,3,12.950132,77.633603,Anonymous tip received regarding property theft. Investigation initiated.
4136,KSP/2025/3839,2025-11-19,58,11,3,12.90662,77.63639,Patrol unit responded to land disputes call. One suspect apprehended.
4137,KSP/2023/2744,2023-03-23,68,11,3,12.959493,77.58134,land disputes reported near Bannerghatta Road. CCTV footage under review.
4138,KSP/2022/4418,2022-03-15,51,4,4,12.971055,77.634948,FIR lodged following assault & violence incident. Victim sustained minor injuries.
4139,KSP/2025/1498,2025-06-23,99,13,2,12.903109,77.651056,Anonymous tip received regarding missing persons. Investigation initiated.
4140,KSP/2024/2323,2024-11-11,21,11,3,13.00402,77.653438,Anonymous tip received regarding land disputes. Investigation initiated.
4141,KSP/2022/3225,2022-02-19,91,9,2,12.98254,77.610876,Anonymous tip received regarding unlawful assembly. Investigation initiated.
4142,KSP/2026/6546,2026-01-21,76,13,2,12.969845,77.585858,Anonymous tip received regarding missing persons. Investigation initiated.
4143,KSP/2023/7881,2023-02-23,63,6,5,12.997569,77.622912,murder reported near Mysuru Road. CCTV footage under review.
4144,KSP/2024/4755,2024-04-03,82,8,3,12.978595,77.617118,FIR lodged following fraud & cheating incident. Victim sustained minor injuries.
4145,KSP/2025/7852,2025-09-30,99,15,5,12.934265,77.616534,Patrol unit responded to child offences call. One suspect apprehended.
4146,KSP/2022/7215,2022-05-08,1,12,4,12.982051,77.594907,Complainant reported communal offences at Whitefield. Suspect fled the scene.
4147,KSP/2024/7269,2024-02-21,44,9,2,12.998966,77.584063,Patrol unit responded to unlawful assembly call. One suspect apprehended.
4148,KSP/2024/6834,2024-02-12,24,4,4,12.926142,77.635284,Complainant reported assault & violence at KR Market. Suspect fled the scene.
4149,KSP/2023/6920,2023-11-21,7,1,4,12.846427,77.694969,Complainant reported cyber crime at BTM Layout. Suspect fled the scene.
4150,KSP/2023/8804,2023-12-09,25,8,3,12.977553,77.62349,Complainant reported fraud & cheating at Whitefield. Suspect fled the scene.
4151,KSP/2024/3619,2024-11-21,88,14,3,12.986925,77.61384,Complainant reported domestic violence at Mysuru Road. Suspect fled the scene.
4152,KSP/2022/7749,2022-03-25,70,11,3,13.042286,77.550702,Patrol unit responded to land disputes call. One suspect apprehended.
4153,KSP/2022/8824,2022-03-27,11,11,3,12.979596,77.597696,Patrol unit responded to land disputes call. One suspect apprehended.
4154,KSP/2024/5019,2024-05-17,77,13,2,13.024383,77.633718,Anonymous tip received regarding missing persons. Investigation initiated.
4155,KSP/2023/2235,2023-02-13,42,15,5,12.966663,77.568976,FIR lodged following child offences incident. Victim sustained minor injuries.
4156,KSP/2025/8540,2025-12-14,47,13,2,12.924188,77.638804,Anonymous tip received regarding missing persons. Investigation initiated.
4157,KSP/2026/8109,2026-06-22,1,8,3,13.025003,77.560394,Patrol unit responded to fraud & cheating call. One suspect apprehended.
4158,KSP/2023/4621,2023-06-10,4,14,3,12.988193,77.612752,Anonymous tip received regarding domestic violence. Investigation initiated.
4159,KSP/2024/8939,2024-12-22,42,1,4,12.918435,77.619485,Patrol unit responded to cyber crime call. One suspect apprehended.
4160,KSP/2024/2588,2024-11-18,39,6,5,12.84131,77.676537,Patrol unit responded to murder call. One suspect apprehended.
4161,KSP/2024/5772,2024-02-10,87,6,5,12.983452,77.593038,murder reported near Malleshwaram. CCTV footage under review.
4162,KSP/2022/5719,2022-11-21,99,7,5,12.897787,77.624099,Patrol unit responded to robbery & dacoity call. One suspect apprehended.
4163,KSP/2024/5247,2024-04-20,52,11,3,12.98062,77.562214,Anonymous tip received regarding land disputes. Investigation initiated.
4164,KSP/2024/5694,2024-07-08,14,3,3,12.918521,77.639007,Patrol unit responded to vehicle theft call. One suspect apprehended.
4165,KSP/2025/1549,2025-03-19,57,8,3,12.933705,77.641888,fraud & cheating reported near Hebbal. CCTV footage under review.
4166,KSP/2026/6155,2026-05-06,58,9,2,13.010922,77.530605,Anonymous tip received regarding unlawful assembly. Investigation initiated.
4167,KSP/2025/3477,2025-09-18,55,5,5,12.971645,77.589574,narcotics reported near BTM Layout. CCTV footage under review.
4168,KSP/2025/6194,2025-10-30,28,5,5,12.961181,77.59816,Patrol unit responded to narcotics call. One suspect apprehended.
4169,KSP/2023/5357,2023-10-24,46,8,3,12.983467,77.592105,Complainant reported fraud & cheating at Malleshwaram. Suspect fled the scene.
4170,KSP/2024/9955,2024-03-14,2,11,3,12.874155,77.676643,FIR lodged following land disputes incident. Victim sustained minor injuries.
4171,KSP/2023/2118,2023-09-17,66,5,5,12.992063,77.599755,narcotics reported near Jayanagar. CCTV footage under review.
4172,KSP/2025/1822,2025-09-04,100,13,2,12.97193,77.74074,Patrol unit responded to missing persons call. One suspect apprehended.
4173,KSP/2023/6608,2023-05-10,100,12,4,12.992042,77.588177,communal offences reported near Koramangala. CCTV footage under review.
4174,KSP/2023/5082,2023-07-28,1,9,2,12.958351,77.605646,Complainant reported unlawful assembly at Whitefield. Suspect fled the scene.
4175,KSP/2024/7019,2024-12-20,30,1,4,12.942809,77.644664,Patrol unit responded to cyber crime call. One suspect apprehended.
4176,KSP/2022/9841,2022-03-03,93,3,3,12.961797,77.75,Complainant reported vehicle theft at HSR Layout. Suspect fled the scene.
4177,KSP/2023/1756,2023-10-24,90,13,2,12.901253,77.665082,missing persons reported near BTM Layout. CCTV footage under review.
4178,KSP/2024/4097,2024-02-03,17,15,5,12.981281,77.587739,child offences reported near Jayanagar. CCTV footage under review.
4179,KSP/2025/9164,2025-10-10,6,10,2,12.967734,77.731424,eve teasing reported near KR Market. CCTV footage under review.
4180,KSP/2024/8293,2024-05-13,5,8,3,12.969556,77.609057,FIR lodged following fraud & cheating incident. Victim sustained minor injuries.
4181,KSP/2026/4227,2026-02-25,50,15,5,12.959359,77.633934,Anonymous tip received regarding child offences. Investigation initiated.
4182,KSP/2025/8510,2025-03-31,56,9,2,12.967772,77.566814,FIR lodged following unlawful assembly incident. Victim sustained minor injuries.
4183,KSP/2026/6325,2026-03-02,33,3,3,12.960882,77.607929,Anonymous tip received regarding vehicle theft. Investigation initiated.
4184,KSP/2023/9834,2023-04-09,93,15,5,12.952939,77.642944,Anonymous tip received regarding child offences. Investigation initiated.
4185,KSP/2023/2783,2023-12-28,93,9,2,12.980148,77.610227,Complainant reported unlawful assembly at Hebbal. Suspect fled the scene.
4186,KSP/2024/2346,2024-03-13,82,12,4,12.919861,77.627414,Patrol unit responded to communal offences call. One suspect apprehended.
4187,KSP/2026/6145,2026-06-17,73,3,3,12.981696,77.636893,FIR lodged following vehicle theft incident. Victim sustained minor injuries.
4188,KSP/2023/5474,2023-03-07,66,12,4,12.969165,77.587313,Complainant reported communal offences at Hebbal. Suspect fled the scene.
4189,KSP/2026/5356,2026-02-09,15,4,4,12.930194,77.656408,Complainant reported assault & violence at Jayanagar. Suspect fled the scene.
4190,KSP/2024/9979,2024-07-10,76,12,4,12.930208,77.610431,Anonymous tip received regarding communal offences. Investigation initiated.
4191,KSP/2024/7564,2024-08-21,63,13,2,12.851735,77.66745,Anonymous tip received regarding missing persons. Investigation initiated.
4192,KSP/2025/8094,2025-05-26,50,14,3,12.983621,77.631682,Anonymous tip received regarding domestic violence. Investigation initiated.
4193,KSP/2025/9194,2025-01-01,86,7,5,12.980379,77.606406,FIR lodged following robbery & dacoity incident. Victim sustained minor injuries.
4194,KSP/2024/4031,2024-08-23,10,12,4,12.957173,77.734488,Anonymous tip received regarding communal offences. Investigation initiated.
4195,KSP/2026/9212,2026-03-19,63,9,2,12.954914,77.586331,Patrol unit responded to unlawful assembly call. One suspect apprehended.
4196,KSP/2023/2261,2023-06-02,88,15,5,12.931542,77.635984,Complainant reported child offences at Malleshwaram. Suspect fled the scene.
4197,KSP/2023/8658,2023-06-13,87,11,3,13.000323,77.75,Patrol unit responded to land disputes call. One suspect apprehended.
4198,KSP/2022/8847,2022-07-11,18,4,4,12.937837,77.612746,assault & violence reported near Mysuru Road. CCTV footage under review.
4199,KSP/2024/2437,2024-02-03,33,5,5,12.891926,77.658258,FIR lodged following narcotics incident. Victim sustained minor injuries.
4200,KSP/2024/2294,2024-01-13,14,4,4,12.966434,77.604544,FIR lodged following assault & violence incident. Victim sustained minor injuries.
4201,KSP/2025/9220,2025-05-29,69,14,3,12.937738,77.638837,Anonymous tip received regarding domestic violence. Investigation initiated.
4202,KSP/2024/7433,2024-06-18,14,6,5,12.931792,77.631768,Anonymous tip received regarding murder. Investigation initiated.
4203,KSP/2024/9573,2024-02-25,28,6,5,12.96168,77.615906,Anonymous tip received regarding murder. Investigation initiated.
4204,KSP/2023/2458,2023-09-13,85,6,5,13.039784,77.611881,Patrol unit responded to murder call. One suspect apprehended.
4205,KSP/2025/4331,2025-09-04,70,4,4,12.957201,77.75,FIR lodged following assault & violence incident. Victim sustained minor injuries.
4206,KSP/2025/8601,2025-09-20,84,11,3,12.833826,77.652974,Anonymous tip received regarding land disputes. Investigation initiated.
4207,KSP/2022/2816,2022-05-23,100,9,2,12.98555,77.589533,Complainant reported unlawful assembly at HSR Layout. Suspect fled the scene.
4208,KSP/2024/3754,2024-08-10,76,13,2,13.010536,77.601571,missing persons reported near Malleshwaram. CCTV footage under review.
4209,KSP/2023/6929,2023-03-03,15,3,3,12.952504,77.62297,vehicle theft reported near Electronic City. CCTV footage under review.
4210,KSP/2022/3148,2022-06-01,84,9,2,12.846103,77.693031,Complainant reported unlawful assembly at KR Market. Suspect fled the scene.
4211,KSP/2022/3084,2022-06-30,2,15,5,12.953996,77.640209,Patrol unit responded to child offences call. One suspect apprehended.
4212,KSP/2023/6985,2023-02-04,82,3,3,13.003368,77.621963,Complainant reported vehicle theft at Mysuru Road. Suspect fled the scene.
4213,KSP/2025/5434,2025-04-03,54,2,3,12.9695,77.60841,FIR lodged following property theft incident. Victim sustained minor injuries.
4214,KSP/2025/4863,2025-06-21,78,11,3,12.982894,77.602157,FIR lodged following land disputes incident. Victim sustained minor injuries.
4215,KSP/2023/3100,2023-08-09,42,4,4,13.030298,77.552982,FIR lodged following assault & violence incident. Victim sustained minor injuries.
4216,KSP/2022/6134,2022-06-16,77,4,4,12.937659,77.623776,assault & violence reported near Jayanagar. CCTV footage under review.
4217,KSP/2023/5638,2023-05-11,68,12,4,12.970992,77.644801,Complainant reported communal offences at Whitefield. Suspect fled the scene.
4218,KSP/2025/4479,2025-02-20,95,5,5,12.980109,77.594258,Complainant reported narcotics at Mysuru Road. Suspect fled the scene.
4219,KSP/2025/5341,2025-12-17,35,13,2,12.980663,77.617135,Complainant reported missing persons at Whitefield. Suspect fled the scene.
4220,KSP/2022/2576,2022-02-07,86,1,4,12.910979,77.653162,cyber crime reported near Yelahanka. CCTV footage under review.
4221,KSP/2023/4614,2023-02-06,63,9,2,12.964933,77.627403,unlawful assembly reported near Yelahanka. CCTV footage under review.
4222,KSP/2023/8795,2023-01-31,29,8,3,12.964681,77.75,fraud & cheating reported near Jayanagar. CCTV footage under review.
4223,KSP/2022/7656,2022-10-30,55,6,5,12.980879,77.744408,FIR lodged following murder incident. Victim sustained minor injuries.
4224,KSP/2023/3936,2023-02-01,60,2,3,12.910194,77.660494,Patrol unit responded to property theft call. One suspect apprehended.
4225,KSP/2022/4646,2022-11-02,82,11,3,12.97342,77.636709,FIR lodged following land disputes incident. Victim sustained minor injuries.
4226,KSP/2024/5718,2024-10-24,58,4,4,12.983026,77.612017,Patrol unit responded to assault & violence call. One suspect apprehended.
4227,KSP/2023/1711,2023-02-13,29,8,3,12.990282,77.594362,Patrol unit responded to fraud & cheating call. One suspect apprehended.
4228,KSP/2025/4971,2025-10-04,73,8,3,12.964747,77.589587,Anonymous tip received regarding fraud & cheating. Investigation initiated.
4229,KSP/2024/2467,2024-06-13,54,11,3,12.937038,77.75,FIR lodged following land disputes incident. Victim sustained minor injuries.
4230,KSP/2025/2455,2025-05-01,6,14,3,12.988326,77.632678,Anonymous tip received regarding domestic violence. Investigation initiated.
4231,KSP/2023/5753,2023-11-01,33,1,4,12.975665,77.622209,cyber crime reported near Hebbal. CCTV footage under review.
4232,KSP/2025/5143,2025-07-23,19,4,4,12.976395,77.567758,Patrol unit responded to assault & violence call. One suspect apprehended.
4233,KSP/2022/3461,2022-06-25,22,3,3,12.991626,77.579149,vehicle theft reported near BTM Layout. CCTV footage under review.
4234,KSP/2024/9333,2024-09-18,7,14,3,12.995841,77.630565,FIR lodged following domestic violence incident. Victim sustained minor injuries.
4235,KSP/2024/1923,2024-09-19,78,13,2,12.947259,77.613528,missing persons reported near MG Road. CCTV footage under review.
4236,KSP/2022/1710,2022-02-14,8,14,3,12.97584,77.59668,Complainant reported domestic violence at HSR Layout. Suspect fled the scene.
4237,KSP/2025/6418,2025-08-10,37,11,3,12.989364,77.605093,land disputes reported near Yelahanka. CCTV footage under review.
4238,KSP/2024/1455,2024-08-18,31,7,5,12.846459,77.683205,robbery & dacoity reported near BTM Layout. CCTV footage under review.
4239,KSP/2024/7768,2024-06-10,68,5,5,12.95314,77.631945,narcotics reported near Jayanagar. CCTV footage under review.
4240,KSP/2025/2983,2025-06-30,60,5,5,12.971548,77.645002,FIR lodged following narcotics incident. Victim sustained minor injuries.
4241,KSP/2026/9187,2026-05-19,51,6,5,13.00064,77.602924,Anonymous tip received regarding murder. Investigation initiated.
4242,KSP/2025/7747,2025-06-22,2,9,2,12.964231,77.731327,Anonymous tip received regarding unlawful assembly. Investigation initiated.
4243,KSP/2023/6157,2023-12-12,20,1,4,12.939581,77.63411,FIR lodged following cyber crime incident. Victim sustained minor injuries.
4244,KSP/2023/3617,2023-03-10,24,3,3,12.958499,77.621996,Complainant reported vehicle theft at KR Market. Suspect fled the scene.
4245,KSP/2025/7033,2025-01-02,93,15,5,12.981447,77.601075,child offences reported near HSR Layout. CCTV footage under review.
4246,KSP/2022/5665,2022-05-21,19,3,3,13.023703,77.565954,Anonymous tip received regarding vehicle theft. Investigation initiated.
4247,KSP/2026/2269,2026-01-06,29,14,3,12.989292,77.75,Complainant reported domestic violence at Electronic City. Suspect fled the scene.
4248,KSP/2022/4281,2022-02-20,47,13,2,12.96458,77.590124,Patrol unit responded to missing persons call. One suspect apprehended.
4249,KSP/2023/7050,2023-04-20,5,10,2,12.989059,77.580611,FIR lodged following eve teasing incident. Victim sustained minor injuries.
4250,KSP/2025/5264,2025-05-09,4,2,3,12.992523,77.589561,FIR lodged following property theft incident. Victim sustained minor injuries.
4251,KSP/2024/1891,2024-10-17,70,8,3,12.957637,77.733929,FIR lodged following fraud & cheating incident. Victim sustained minor injuries.
4252,KSP/2026/1393,2026-03-30,7,8,3,12.998165,77.601548,fraud & cheating reported near Yelahanka. CCTV footage under review.
4253,KSP/2025/6056,2025-08-31,89,15,5,12.976915,77.75,child offences reported near Malleshwaram. CCTV footage under review.
4254,KSP/2024/7692,2024-08-18,65,9,2,12.969205,77.748542,FIR lodged following unlawful assembly incident. Victim sustained minor injuries.
4255,KSP/2024/3961,2024-10-12,43,3,3,13.006831,77.570055,Anonymous tip received regarding vehicle theft. Investigation initiated.
4256,KSP/2025/3397,2025-03-17,27,12,4,12.945782,77.738438,communal offences reported near HSR Layout. CCTV footage under review.
4257,KSP/2023/5983,2023-05-09,92,13,2,12.978585,77.601594,missing persons reported near Koramangala. CCTV footage under review.
4258,KSP/2023/5431,2023-05-30,60,13,2,12.946706,77.743925,missing persons reported near KR Market. CCTV footage under review.
4259,KSP/2024/7516,2024-02-21,14,3,3,12.955114,77.629628,vehicle theft reported near Malleshwaram. CCTV footage under review.
4260,KSP/2025/1789,2025-04-15,49,1,4,12.991136,77.589112,Complainant reported cyber crime at Electronic City. Suspect fled the scene.
4261,KSP/2026/3775,2026-06-04,35,13,2,12.950875,77.749644,Patrol unit responded to missing persons call. One suspect apprehended.
4262,KSP/2024/2366,2024-02-03,67,15,5,12.871243,77.674033,Patrol unit responded to child offences call. One suspect apprehended.
4263,KSP/2023/1770,2023-12-15,72,15,5,13.009732,77.575054,Anonymous tip received regarding child offences. Investigation initiated.
4264,KSP/2024/2987,2024-02-09,51,15,5,12.958928,77.582112,Patrol unit responded to child offences call. One suspect apprehended.
4265,KSP/2023/9090,2023-02-25,78,10,2,12.956268,77.611064,FIR lodged following eve teasing incident. Victim sustained minor injuries.
4266,KSP/2022/3584,2022-01-08,21,15,5,12.994441,77.603611,Complainant reported child offences at Mysuru Road. Suspect fled the scene.
4267,KSP/2025/1096,2025-02-14,81,14,3,12.966535,77.599034,FIR lodged following domestic violence incident. Victim sustained minor injuries.
4268,KSP/2023/4552,2023-08-29,87,3,3,12.833034,77.684906,FIR lodged following vehicle theft incident. Victim sustained minor injuries.
4269,KSP/2023/4007,2023-06-06,32,2,3,12.982201,77.574796,property theft reported near KR Market. CCTV footage under review.
4270,KSP/2022/6696,2022-12-16,78,2,3,12.831253,77.681307,FIR lodged following property theft incident. Victim sustained minor injuries.
4271,KSP/2025/6246,2025-11-19,52,1,4,12.960711,77.662115,cyber crime reported near BTM Layout. CCTV footage under review.
4272,KSP/2022/2297,2022-11-23,60,14,3,13.013163,77.582005,Patrol unit responded to domestic violence call. One suspect apprehended.
4273,KSP/2023/9676,2023-06-26,31,7,5,12.979836,77.747289,Anonymous tip received regarding robbery & dacoity. Investigation initiated.
4274,KSP/2026/2191,2026-02-03,41,4,4,12.997376,77.582373,Complainant reported assault & violence at Jayanagar. Suspect fled the scene.
4275,KSP/2025/8408,2025-12-16,2,5,5,12.92838,77.627433,Complainant reported narcotics at Bannerghatta Road. Suspect fled the scene.
4276,KSP/2024/4889,2024-03-01,85,3,3,13.003544,77.587956,Complainant reported vehicle theft at KR Market. Suspect fled the scene.
4277,KSP/2023/2868,2023-09-20,23,15,5,13.02022,77.581838,Anonymous tip received regarding child offences. Investigation initiated.
4278,KSP/2022/4517,2022-03-19,23,13,2,12.955022,77.610082,Anonymous tip received regarding missing persons. Investigation initiated.
4279,KSP/2024/8387,2024-12-24,50,5,5,12.973963,77.617222,FIR lodged following narcotics incident. Victim sustained minor injuries.
4280,KSP/2022/2617,2022-10-02,56,3,3,12.992765,77.57176,FIR lodged following vehicle theft incident. Victim sustained minor injuries.
4281,KSP/2023/9095,2023-10-31,87,8,3,12.965207,77.75,FIR lodged following fraud & cheating incident. Victim sustained minor injuries.
4282,KSP/2022/8094,2022-12-11,60,1,4,13.004111,77.58816,Complainant reported cyber crime at Mysuru Road. Suspect fled the scene.
4283,KSP/2022/2570,2022-01-22,43,13,2,12.983121,77.584279,FIR lodged following missing persons incident. Victim sustained minor injuries.
4284,KSP/2025/1257,2025-10-06,22,3,3,12.969422,77.75,FIR lodged following vehicle theft incident. Victim sustained minor injuries.
4285,KSP/2024/1379,2024-11-16,37,3,3,12.83469,77.693432,FIR lodged following vehicle theft incident. Victim sustained minor injuries.
4286,KSP/2026/2216,2026-06-10,8,14,3,12.973171,77.588779,Anonymous tip received regarding domestic violence. Investigation initiated.
4287,KSP/2026/6241,2026-06-28,21,11,3,12.965818,77.60643,Anonymous tip received regarding land disputes. Investigation initiated.
4288,KSP/2026/8146,2026-03-23,58,9,2,12.964432,77.75,Patrol unit responded to unlawful assembly call. One suspect apprehended.
4289,KSP/2023/8364,2023-12-07,51,10,2,12.993464,77.595554,Complainant reported eve teasing at BTM Layout. Suspect fled the scene.
4290,KSP/2023/1127,2023-12-23,11,5,5,13.009634,77.615964,Anonymous tip received regarding narcotics. Investigation initiated.
4291,KSP/2025/3253,2025-10-07,71,9,2,12.9823,77.613223,FIR lodged following unlawful assembly incident. Victim sustained minor injuries.
4292,KSP/2024/6914,2024-01-05,14,3,3,12.982384,77.579102,FIR lodged following vehicle theft incident. Victim sustained minor injuries.
4293,KSP/2025/9751,2025-08-20,4,2,3,12.976924,77.584378,FIR lodged following property theft incident. Victim sustained minor injuries.
4294,KSP/2024/6157,2024-07-29,9,2,3,12.843456,77.677902,Complainant reported property theft at Malleshwaram. Suspect fled the scene.
4295,KSP/2026/2453,2026-01-14,59,2,3,12.932458,77.612836,Complainant reported property theft at Bannerghatta Road. Suspect fled the scene.
4296,KSP/2025/9359,2025-09-28,72,1,4,12.935465,77.740907,Patrol unit responded to cyber crime call. One suspect apprehended.
4297,KSP/2024/1413,2024-03-02,40,7,5,12.970872,77.599712,Complainant reported robbery & dacoity at Yelahanka. Suspect fled the scene.
4298,KSP/2026/2023,2026-06-08,16,10,2,12.84978,77.682452,Complainant reported eve teasing at HSR Layout. Suspect fled the scene.
4299,KSP/2024/7588,2024-11-07,60,2,3,13.005568,77.556942,property theft reported near Yelahanka. CCTV footage under review.
4300,KSP/2024/1474,2024-04-12,13,8,3,12.898243,77.6431,Patrol unit responded to fraud & cheating call. One suspect apprehended.
4301,KSP/2024/8916,2024-08-10,60,9,2,12.843993,77.661121,Anonymous tip received regarding unlawful assembly. Investigation initiated.
4302,KSP/2022/6734,2022-01-14,30,12,4,12.988188,77.579848,Anonymous tip received regarding communal offences. Investigation initiated.
4303,KSP/2023/3437,2023-02-27,8,5,5,12.943937,77.638689,Anonymous tip received regarding narcotics. Investigation initiated.
4304,KSP/2024/8770,2024-04-11,31,10,2,12.950275,77.737841,Patrol unit responded to eve teasing call. One suspect apprehended.
4305,KSP/2023/4115,2023-06-17,28,6,5,12.942776,77.639289,Patrol unit responded to murder call. One suspect apprehended.
4306,KSP/2022/5176,2022-02-19,4,10,2,12.947354,77.75,FIR lodged following eve teasing incident. Victim sustained minor injuries.
4307,KSP/2025/9659,2025-08-09,40,14,3,12.826386,77.670079,FIR lodged following domestic violence incident. Victim sustained minor injuries.
4308,KSP/2025/4809,2025-11-14,41,12,4,12.973986,77.615083,FIR lodged following communal offences incident. Victim sustained minor injuries.
4309,KSP/2024/7820,2024-01-15,85,11,3,12.966284,77.742776,Patrol unit responded to land disputes call. One suspect apprehended.
4310,KSP/2024/6107,2024-11-02,1,8,3,12.988309,77.591545,FIR lodged following fraud & cheating incident. Victim sustained minor injuries.
4311,KSP/2025/5426,2025-08-10,100,14,3,13.028403,77.553449,FIR lodged following domestic violence incident. Victim sustained minor injuries.
4312,KSP/2025/6625,2025-05-22,23,2,3,12.98053,77.602618,FIR lodged following property theft incident. Victim sustained minor injuries.
4313,KSP/2026/3981,2026-06-29,28,15,5,12.947924,77.75,Patrol unit responded to child offences call. One suspect apprehended.
4314,KSP/2025/6021,2025-02-02,27,3,3,12.932747,77.636048,Complainant reported vehicle theft at Bannerghatta Road. Suspect fled the scene.
4315,KSP/2025/5341,2025-12-22,38,5,5,12.979424,77.612013,Anonymous tip received regarding narcotics. Investigation initiated.
4316,KSP/2022/5903,2022-09-09,23,15,5,12.964094,77.742864,Patrol unit responded to child offences call. One suspect apprehended.
4317,KSP/2025/2822,2025-02-14,16,13,2,12.977131,77.592305,Complainant reported missing persons at Whitefield. Suspect fled the scene.
4318,KSP/2023/7347,2023-06-24,37,15,5,12.970128,77.728412,Anonymous tip received regarding child offences. Investigation initiated.
4319,KSP/2024/4347,2024-02-26,42,3,3,12.823694,77.676887,vehicle theft reported near Bannerghatta Road. CCTV footage under review.
4320,KSP/2025/2937,2025-03-10,47,4,4,12.887164,77.629005,Patrol unit responded to assault & violence call. One suspect apprehended.
4321,KSP/2024/2233,2024-03-22,68,4,4,12.944952,77.600606,Anonymous tip received regarding assault & violence. Investigation initiated.
4322,KSP/2023/8627,2023-12-30,72,4,4,12.982771,77.600932,Complainant reported assault & violence at Jayanagar. Suspect fled the scene.
4323,KSP/2026/5112,2026-04-13,52,3,3,12.971768,77.75,Complainant reported vehicle theft at Whitefield. Suspect fled the scene.
4324,KSP/2025/4368,2025-04-07,96,15,5,12.911224,77.66707,FIR lodged following child offences incident. Victim sustained minor injuries.
4325,KSP/2025/7893,2025-07-15,95,1,4,12.970704,77.64512,Complainant reported cyber crime at Malleshwaram. Suspect fled the scene.
4326,KSP/2025/8305,2025-07-07,40,12,4,12.967551,77.735466,FIR lodged following communal offences incident. Victim sustained minor injuries.
4327,KSP/2022/1605,2022-07-18,50,10,2,12.927874,77.673661,Patrol unit responded to eve teasing call. One suspect apprehended.
4328,KSP/2022/1147,2022-09-17,14,6,5,12.976708,77.740329,Anonymous tip received regarding murder. Investigation initiated.
4329,KSP/2023/1722,2023-08-17,1,2,3,12.995773,77.594938,Complainant reported property theft at Malleshwaram. Suspect fled the scene.
4330,KSP/2023/9865,2023-05-28,54,14,3,13.006431,77.61949,Patrol unit responded to domestic violence call. One suspect apprehended.
4331,KSP/2023/1984,2023-02-20,71,12,4,12.999268,77.619227,Complainant reported communal offences at Whitefield. Suspect fled the scene.
4332,KSP/2024/1601,2024-07-06,60,7,5,12.971278,77.573818,FIR lodged following robbery & dacoity incident. Victim sustained minor injuries.
4333,KSP/2025/3685,2025-11-07,5,10,2,12.969683,77.561423,Patrol unit responded to eve teasing call. One suspect apprehended.
4334,KSP/2024/7426,2024-04-17,2,14,3,13.019089,77.562807,FIR lodged following domestic violence incident. Victim sustained minor injuries.
4335,KSP/2025/6799,2025-08-07,75,10,2,12.96454,77.608027,Complainant reported eve teasing at Bannerghatta Road. Suspect fled the scene.
4336,KSP/2024/8709,2024-04-28,90,7,5,12.947044,77.618615,robbery & dacoity reported near Jayanagar. CCTV footage under review.
4337,KSP/2026/4762,2026-04-15,4,8,3,12.928689,77.635999,FIR lodged following fraud & cheating incident. Victim sustained minor injuries.
4338,KSP/2023/8119,2023-10-12,3,6,5,12.915552,77.614523,murder reported near Yelahanka. CCTV footage under review.
4339,KSP/2023/9773,2023-11-10,14,8,3,13.001661,77.588439,Patrol unit responded to fraud & cheating call. One suspect apprehended.
4340,KSP/2022/8104,2022-06-22,95,6,5,12.99445,77.570113,FIR lodged following murder incident. Victim sustained minor injuries.
4341,KSP/2025/7276,2025-06-27,55,1,4,12.959904,77.609569,Patrol unit responded to cyber crime call. One suspect apprehended.
4342,KSP/2025/8965,2025-12-25,42,11,3,12.947679,77.64686,land disputes reported near KR Market. CCTV footage under review.
4343,KSP/2024/3706,2024-06-22,85,13,2,12.965518,77.643361,FIR lodged following missing persons incident. Victim sustained minor injuries.
4344,KSP/2026/3140,2026-06-24,36,3,3,12.951154,77.722314,Complainant reported vehicle theft at Mysuru Road. Suspect fled the scene.
4345,KSP/2023/7119,2023-12-29,31,6,5,12.933084,77.606741,Anonymous tip received regarding murder. Investigation initiated.
4346,KSP/2025/1623,2025-11-08,58,6,5,12.949291,77.626903,Patrol unit responded to murder call. One suspect apprehended.
4347,KSP/2024/8960,2024-09-29,33,11,3,12.963886,77.736953,land disputes reported near Koramangala. CCTV footage under review.
4348,KSP/2023/3792,2023-04-26,22,9,2,12.986479,77.556073,Anonymous tip received regarding unlawful assembly. Investigation initiated.
4349,KSP/2025/1841,2025-07-26,11,14,3,13.00902,77.591805,domestic violence reported near Mysuru Road. CCTV footage under review.
4350,KSP/2026/3869,2026-02-01,80,10,2,12.964198,77.610975,Patrol unit responded to eve teasing call. One suspect apprehended.
4351,KSP/2023/7511,2023-05-19,64,5,5,13.030919,77.538027,FIR lodged following narcotics incident. Victim sustained minor injuries.
4352,KSP/2022/4671,2022-06-13,86,4,4,12.928383,77.644054,FIR lodged following assault & violence incident. Victim sustained minor injuries.
4353,KSP/2024/2345,2024-03-25,17,9,2,12.970971,77.609195,Complainant reported unlawful assembly at Jayanagar. Suspect fled the scene.
4354,KSP/2024/9902,2024-09-21,44,5,5,12.968717,77.733038,FIR lodged following narcotics incident. Victim sustained minor injuries.
4355,KSP/2026/5057,2026-02-06,43,2,3,13.000759,77.60166,property theft reported near Bannerghatta Road. CCTV footage under review.
4356,KSP/2025/5442,2025-09-11,8,3,3,12.982981,77.610597,FIR lodged following vehicle theft incident. Victim sustained minor injuries.
4357,KSP/2024/2129,2024-03-29,68,9,2,12.962569,77.601348,unlawful assembly reported near MG Road. CCTV footage under review.
4358,KSP/2023/4089,2023-07-12,85,10,2,12.938334,77.632253,eve teasing reported near Jayanagar. CCTV footage under review.
4359,KSP/2022/7301,2022-07-24,7,4,4,12.929769,77.647533,assault & violence reported near MG Road. CCTV footage under review.
4360,KSP/2023/7122,2023-12-20,38,15,5,12.988575,77.583352,Complainant reported child offences at Electronic City. Suspect fled the scene.
4361,KSP/2025/3961,2025-08-28,87,5,5,12.930237,77.63934,Complainant reported narcotics at BTM Layout. Suspect fled the scene.
4362,KSP/2022/2094,2022-05-30,5,1,4,12.843238,77.687105,FIR lodged following cyber crime incident. Victim sustained minor injuries.
4363,KSP/2025/8598,2025-07-07,59,10,2,12.8691,77.653731,eve teasing reported near Yelahanka. CCTV footage under review.
4364,KSP/2024/5895,2024-08-24,43,4,4,12.971383,77.733421,Anonymous tip received regarding assault & violence. Investigation initiated.
4365,KSP/2022/5097,2022-12-11,26,10,2,12.971553,77.633076,Patrol unit responded to eve teasing call. One suspect apprehended.
4366,KSP/2023/4347,2023-03-11,74,6,5,13.014762,77.600759,murder reported near HSR Layout. CCTV footage under review.
4367,KSP/2023/5087,2023-02-25,25,6,5,12.984002,77.590479,FIR lodged following murder incident. Victim sustained minor injuries.
4368,KSP/2022/9520,2022-08-05,41,10,2,12.916201,77.671737,Anonymous tip received regarding eve teasing. Investigation initiated.
4369,KSP/2024/3271,2024-02-17,55,6,5,12.951865,77.641845,Complainant reported murder at Malleshwaram. Suspect fled the scene.
4370,KSP/2023/9307,2023-01-19,62,1,4,12.932513,77.611608,Anonymous tip received regarding cyber crime. Investigation initiated.
4371,KSP/2024/5177,2024-06-06,85,8,3,13.009897,77.578386,Patrol unit responded to fraud & cheating call. One suspect apprehended.
4372,KSP/2024/5618,2024-02-14,7,3,3,13.000072,77.563037,Complainant reported vehicle theft at Whitefield. Suspect fled the scene.
4373,KSP/2023/4750,2023-06-06,95,8,3,12.960764,77.75,Complainant reported fraud & cheating at Whitefield. Suspect fled the scene.
4374,KSP/2025/7131,2025-12-06,70,13,2,12.999815,77.619536,Complainant reported missing persons at Whitefield. Suspect fled the scene.
4375,KSP/2022/5917,2022-09-20,78,3,3,12.994933,77.605557,Patrol unit responded to vehicle theft call. One suspect apprehended.
4376,KSP/2022/6137,2022-07-28,51,6,5,12.965744,77.582414,Patrol unit responded to murder call. One suspect apprehended.
4377,KSP/2024/1096,2024-09-25,4,10,2,12.972373,77.618089,FIR lodged following eve teasing incident. Victim sustained minor injuries.
4378,KSP/2026/9820,2026-06-24,47,4,4,13.024702,77.646693,assault & violence reported near Yelahanka. CCTV footage under review.
4379,KSP/2025/6679,2025-12-31,98,6,5,12.940868,77.624833,murder reported near HSR Layout. CCTV footage under review.
4380,KSP/2022/4743,2022-05-16,55,1,4,12.904797,77.665592,Patrol unit responded to cyber crime call. One suspect apprehended.
4381,KSP/2023/1456,2023-02-03,8,9,2,13.02105,77.570566,Patrol unit responded to unlawful assembly call. One suspect apprehended.
4382,KSP/2022/5421,2022-04-11,90,13,2,12.985079,77.75,missing persons reported near Koramangala. CCTV footage under review.
4383,KSP/2023/8984,2023-11-20,76,13,2,12.971776,77.610097,Anonymous tip received regarding missing persons. Investigation initiated.
4384,KSP/2024/6302,2024-04-13,23,10,2,12.959605,77.625206,Anonymous tip received regarding eve teasing. Investigation initiated.
4385,KSP/2023/7547,2023-09-18,63,9,2,12.983433,77.623207,FIR lodged following unlawful assembly incident. Victim sustained minor injuries.
4386,KSP/2022/9537,2022-06-12,66,11,3,12.968532,77.606291,land disputes reported near Malleshwaram. CCTV footage under review.
4387,KSP/2025/7822,2025-02-07,11,2,3,12.947223,77.75,property theft reported near BTM Layout. CCTV footage under review.
4388,KSP/2022/7890,2022-05-15,96,13,2,13.001287,77.747076,Patrol unit responded to missing persons call. One suspect apprehended.
4389,KSP/2025/7771,2025-02-25,15,4,4,12.967007,77.596675,Anonymous tip received regarding assault & violence. Investigation initiated.
4390,KSP/2023/5272,2023-08-07,48,13,2,12.975207,77.60764,FIR lodged following missing persons incident. Victim sustained minor injuries.
4391,KSP/2022/2335,2022-07-29,19,14,3,12.92087,77.63916,Patrol unit responded to domestic violence call. One suspect apprehended.
4392,KSP/2024/7354,2024-08-27,75,10,2,12.943372,77.737966,Patrol unit responded to eve teasing call. One suspect apprehended.
4393,KSP/2026/4247,2026-04-26,11,9,2,12.944856,77.75,Patrol unit responded to unlawful assembly call. One suspect apprehended.
4394,KSP/2022/4356,2022-06-08,50,10,2,12.918324,77.653203,Anonymous tip received regarding eve teasing. Investigation initiated.
4395,KSP/2022/3181,2022-09-02,31,9,2,12.970355,77.663207,unlawful assembly reported near Hebbal. CCTV footage under review.
4396,KSP/2022/7397,2022-02-01,27,1,4,12.956396,77.596261,Complainant reported cyber crime at Yelahanka. Suspect fled the scene.
4397,KSP/2025/1278,2025-08-14,68,15,5,13.01362,77.595089,FIR lodged following child offences incident. Victim sustained minor injuries.
4398,KSP/2023/1197,2023-04-11,53,7,5,12.970339,77.748593,FIR lodged following robbery & dacoity incident. Victim sustained minor injuries.
4399,KSP/2026/7415,2026-03-04,80,3,3,12.976478,77.75,vehicle theft reported near Jayanagar. CCTV footage under review.
4400,KSP/2022/5881,2022-07-21,2,12,4,12.961552,77.5865,Complainant reported communal offences at Mysuru Road. Suspect fled the scene.
4401,KSP/2025/4571,2025-12-27,97,13,2,12.995088,77.604252,FIR lodged following missing persons incident. Victim sustained minor injuries.
4402,KSP/2025/6322,2025-03-29,17,2,3,12.997465,77.594451,FIR lodged following property theft incident. Victim sustained minor injuries.
4403,KSP/2022/3478,2022-12-27,2,11,3,12.967375,77.620195,Patrol unit responded to land disputes call. One suspect apprehended.
4404,KSP/2025/9283,2025-08-26,86,15,5,12.937865,77.63431,Patrol unit responded to child offences call. One suspect apprehended.
4405,KSP/2023/2687,2023-09-13,13,15,5,12.999805,77.603637,Complainant reported child offences at Bannerghatta Road. Suspect fled the scene.
4406,KSP/2022/7411,2022-04-04,55,10,2,12.972878,77.577831,FIR lodged following eve teasing incident. Victim sustained minor injuries.
4407,KSP/2024/9308,2024-08-01,10,7,5,12.955145,77.578418,robbery & dacoity reported near Whitefield. CCTV footage under review.
4408,KSP/2026/1166,2026-05-21,25,10,2,12.984323,77.590612,Anonymous tip received regarding eve teasing. Investigation initiated.
4409,KSP/2024/9037,2024-05-13,47,4,4,13.003539,77.535677,Complainant reported assault & violence at Koramangala. Suspect fled the scene.
4410,KSP/2023/5111,2023-09-17,95,4,4,13.029737,77.574391,FIR lodged following assault & violence incident. Victim sustained minor injuries.
4411,KSP/2025/6608,2025-07-11,7,6,5,12.938287,77.647325,murder reported near MG Road. CCTV footage under review.
4412,KSP/2025/2009,2025-06-05,59,13,2,12.95942,77.635011,Patrol unit responded to missing persons call. One suspect apprehended.
4413,KSP/2023/5785,2023-04-17,70,12,4,12.981095,77.582843,Anonymous tip received regarding communal offences. Investigation initiated.
4414,KSP/2026/9237,2026-04-20,22,10,2,12.948086,77.644798,FIR lodged following eve teasing incident. Victim sustained minor injuries.
4415,KSP/2025/7777,2025-12-21,35,14,3,12.916807,77.653406,domestic violence reported near Yelahanka. CCTV footage under review.
4416,KSP/2024/6675,2024-12-29,18,10,2,12.973481,77.592011,eve teasing reported near Malleshwaram. CCTV footage under review.
4417,KSP/2025/6370,2025-04-16,85,9,2,13.032599,77.614017,Complainant reported unlawful assembly at HSR Layout. Suspect fled the scene.
4418,KSP/2023/5317,2023-02-12,75,5,5,12.908353,77.647158,Patrol unit responded to narcotics call. One suspect apprehended.
4419,KSP/2024/7705,2024-09-20,51,12,4,12.992323,77.585181,communal offences reported near Yelahanka. CCTV footage under review.
4420,KSP/2025/6569,2025-09-19,3,2,3,12.926209,77.640897,Anonymous tip received regarding property theft. Investigation initiated.
4421,KSP/2022/6679,2022-10-08,93,12,4,13.030279,77.608116,Anonymous tip received regarding communal offences. Investigation initiated.
4422,KSP/2025/4084,2025-02-06,50,7,5,12.949071,77.657993,Patrol unit responded to robbery & dacoity call. One suspect apprehended.
4423,KSP/2023/7800,2023-04-25,50,13,2,12.899208,77.64414,missing persons reported near KR Market. CCTV footage under review.
4424,KSP/2026/8181,2026-03-11,18,2,3,12.982695,77.56644,Patrol unit responded to property theft call. One suspect apprehended.
4425,KSP/2023/2641,2023-10-29,9,1,4,12.998106,77.575942,Patrol unit responded to cyber crime call. One suspect apprehended.
4426,KSP/2026/8256,2026-01-21,21,3,3,12.976027,77.572564,vehicle theft reported near Koramangala. CCTV footage under review.
4427,KSP/2024/7149,2024-02-17,47,14,3,12.964026,77.61154,Patrol unit responded to domestic violence call. One suspect apprehended.
4428,KSP/2022/6340,2022-01-08,63,8,3,12.959075,77.579344,Anonymous tip received regarding fraud & cheating. Investigation initiated.
4429,KSP/2026/6204,2026-02-28,34,13,2,12.971399,77.623565,missing persons reported near KR Market. CCTV footage under review.
4430,KSP/2024/6598,2024-02-20,35,7,5,12.930401,77.620966,Patrol unit responded to robbery & dacoity call. One suspect apprehended.
4431,KSP/2024/6796,2024-01-20,67,15,5,12.900033,77.635569,Complainant reported child offences at Mysuru Road. Suspect fled the scene.
4432,KSP/2024/3238,2024-10-23,76,15,5,12.990518,77.75,FIR lodged following child offences incident. Victim sustained minor injuries.
4433,KSP/2024/9329,2024-04-25,7,13,2,12.975591,77.74461,missing persons reported near Mysuru Road. CCTV footage under review.
4434,KSP/2022/3001,2022-10-09,41,11,3,12.827145,77.675739,Anonymous tip received regarding land disputes. Investigation initiated.
4435,KSP/2022/1910,2022-08-07,5,10,2,12.934746,77.62019,Patrol unit responded to eve teasing call. One suspect apprehended.
4436,KSP/2025/6063,2025-10-02,94,8,3,12.945916,77.620115,FIR lodged following fraud & cheating incident. Victim sustained minor injuries.
4437,KSP/2022/5526,2022-04-11,14,9,2,12.959845,77.618505,Patrol unit responded to unlawful assembly call. One suspect apprehended.
4438,KSP/2026/4588,2026-03-27,19,4,4,12.831771,77.694867,Complainant reported assault & violence at Electronic City. Suspect fled the scene.
4439,KSP/2024/2110,2024-02-26,14,2,3,13.005421,77.62629,FIR lodged following property theft incident. Victim sustained minor injuries.
4440,KSP/2025/1235,2025-01-02,74,2,3,12.904489,77.641755,Patrol unit responded to property theft call. One suspect apprehended.
4441,KSP/2024/1595,2024-09-01,94,5,5,13.016082,77.578449,Patrol unit responded to narcotics call. One suspect apprehended.
4442,KSP/2025/7376,2025-10-22,56,11,3,13.002259,77.594729,land disputes reported near Yelahanka. CCTV footage under review.
4443,KSP/2026/2163,2026-06-15,26,1,4,13.035891,77.525891,Patrol unit responded to cyber crime call. One suspect apprehended.
4444,KSP/2026/9745,2026-01-01,60,12,4,12.97031,77.641085,Patrol unit responded to communal offences call. One suspect apprehended.
4445,KSP/2022/7675,2022-11-07,31,5,5,13.020008,77.548451,Patrol unit responded to narcotics call. One suspect apprehended.
4446,KSP/2025/7305,2025-10-23,97,3,3,12.979123,77.561737,Complainant reported vehicle theft at Whitefield. Suspect fled the scene.
4447,KSP/2024/2308,2024-12-17,71,7,5,12.94737,77.6127,Anonymous tip received regarding robbery & dacoity. Investigation initiated.
4448,KSP/2025/1925,2025-12-30,44,6,5,12.979011,77.600889,Patrol unit responded to murder call. One suspect apprehended.
4449,KSP/2023/3208,2023-03-01,98,8,3,12.944777,77.609864,Patrol unit responded to fraud & cheating call. One suspect apprehended.
4450,KSP/2025/8173,2025-10-11,35,1,4,12.992071,77.598502,Anonymous tip received regarding cyber crime. Investigation initiated.
4451,KSP/2022/1212,2022-02-10,49,1,4,12.935345,77.614886,FIR lodged following cyber crime incident. Victim sustained minor injuries.
4452,KSP/2023/8735,2023-06-12,85,8,3,12.958538,77.643996,Anonymous tip received regarding fraud & cheating. Investigation initiated.
4453,KSP/2022/5617,2022-07-19,74,14,3,12.952972,77.75,FIR lodged following domestic violence incident. Victim sustained minor injuries.
4454,KSP/2024/8415,2024-08-18,46,13,2,12.934415,77.638736,Anonymous tip received regarding missing persons. Investigation initiated.
4455,KSP/2024/3395,2024-07-12,42,12,4,12.962058,77.710426,Patrol unit responded to communal offences call. One suspect apprehended.
4456,KSP/2022/6985,2022-05-31,14,3,3,12.981124,77.732926,Complainant reported vehicle theft at Electronic City. Suspect fled the scene.
4457,KSP/2026/4804,2026-01-19,70,12,4,12.990239,77.610462,FIR lodged following communal offences incident. Victim sustained minor injuries.
4458,KSP/2025/7033,2025-07-30,8,13,2,12.959654,77.597671,missing persons reported near KR Market. CCTV footage under review.
4459,KSP/2023/4432,2023-09-21,9,11,3,13.000527,77.564804,Patrol unit responded to land disputes call. One suspect apprehended.
4460,KSP/2023/9341,2023-07-06,55,13,2,12.954426,77.616622,missing persons reported near Jayanagar. CCTV footage under review.
4461,KSP/2024/4949,2024-12-05,27,1,4,12.902451,77.673641,cyber crime reported near Koramangala. CCTV footage under review.
4462,KSP/2025/6259,2025-01-22,58,12,4,12.840663,77.697957,FIR lodged following communal offences incident. Victim sustained minor injuries.
4463,KSP/2026/3186,2026-01-01,52,1,4,12.991577,77.571528,Patrol unit responded to cyber crime call. One suspect apprehended.
4464,KSP/2023/3381,2023-06-01,60,3,3,12.844419,77.667977,Anonymous tip received regarding vehicle theft. Investigation initiated.
4465,KSP/2023/7190,2023-05-15,75,2,3,12.949494,77.591051,Patrol unit responded to property theft call. One suspect apprehended.
4466,KSP/2023/8690,2023-07-13,4,14,3,13.009908,77.635606,FIR lodged following domestic violence incident. Victim sustained minor injuries.
4467,KSP/2025/9627,2025-10-11,13,4,4,12.832857,77.667117,FIR lodged following assault & violence incident. Victim sustained minor injuries.
4468,KSP/2023/5596,2023-04-27,12,9,2,12.933293,77.636812,FIR lodged following unlawful assembly incident. Victim sustained minor injuries.
4469,KSP/2023/1015,2023-11-24,98,12,4,13.007302,77.614329,FIR lodged following communal offences incident. Victim sustained minor injuries.
4470,KSP/2024/6906,2024-02-18,36,15,5,12.956567,77.75,Complainant reported child offences at Electronic City. Suspect fled the scene.
4471,KSP/2024/4916,2024-09-15,11,6,5,12.987234,77.589985,Patrol unit responded to murder call. One suspect apprehended.
4472,KSP/2023/3597,2023-11-29,65,5,5,12.982303,77.585806,Complainant reported narcotics at Koramangala. Suspect fled the scene.
4473,KSP/2022/9956,2022-01-29,49,3,3,12.929318,77.6358,Anonymous tip received regarding vehicle theft. Investigation initiated.
4474,KSP/2025/4189,2025-09-18,19,6,5,12.979989,77.57895,FIR lodged following murder incident. Victim sustained minor injuries.
4475,KSP/2025/7323,2025-06-20,38,12,4,12.974518,77.645715,Patrol unit responded to communal offences call. One suspect apprehended.
4476,KSP/2026/4455,2026-06-16,3,15,5,12.971328,77.609028,Patrol unit responded to child offences call. One suspect apprehended.
4477,KSP/2024/4497,2024-06-18,51,10,2,12.950996,77.637422,eve teasing reported near Yelahanka. CCTV footage under review.
4478,KSP/2024/2689,2024-06-30,61,4,4,12.970889,77.75,assault & violence reported near KR Market. CCTV footage under review.
4479,KSP/2022/7639,2022-02-14,40,3,3,12.983842,77.738601,FIR lodged following vehicle theft incident. Victim sustained minor injuries.
4480,KSP/2026/2322,2026-04-02,81,10,2,12.944842,77.600121,Anonymous tip received regarding eve teasing. Investigation initiated.
4481,KSP/2023/2556,2023-11-23,8,2,3,12.961929,77.669322,Complainant reported property theft at Koramangala. Suspect fled the scene.
4482,KSP/2025/3354,2025-03-12,68,11,3,13.013423,77.558092,land disputes reported near Whitefield. CCTV footage under review.
4483,KSP/2022/6427,2022-01-09,59,5,5,12.955719,77.651656,Patrol unit responded to narcotics call. One suspect apprehended.
4484,KSP/2024/2705,2024-12-29,82,10,2,12.918222,77.647404,Complainant reported eve teasing at Mysuru Road. Suspect fled the scene.
4485,KSP/2025/1985,2025-07-12,24,1,4,12.966138,77.75,Complainant reported cyber crime at Bannerghatta Road. Suspect fled the scene.
4486,KSP/2022/6496,2022-11-19,26,13,2,12.904259,77.669223,missing persons reported near Hebbal. CCTV footage under review.
4487,KSP/2025/5545,2025-03-25,10,9,2,13.043748,77.568236,FIR lodged following unlawful assembly incident. Victim sustained minor injuries.
4488,KSP/2024/4618,2024-06-13,19,15,5,12.956601,77.736453,Anonymous tip received regarding child offences. Investigation initiated.
4489,KSP/2024/9598,2024-04-30,74,14,3,12.978609,77.75,FIR lodged following domestic violence incident. Victim sustained minor injuries.
4490,KSP/2025/2108,2025-12-03,83,3,3,12.97504,77.635687,Complainant reported vehicle theft at Mysuru Road. Suspect fled the scene.
4491,KSP/2025/4995,2025-03-10,85,14,3,13.022576,77.530246,Complainant reported domestic violence at Whitefield. Suspect fled the scene.
4492,KSP/2025/2544,2025-08-15,33,10,2,12.993944,77.600913,eve teasing reported near Yelahanka. CCTV footage under review.
4493,KSP/2023/2320,2023-01-15,33,9,2,12.977527,77.617048,unlawful assembly reported near Mysuru Road. CCTV footage under review.
4494,KSP/2022/3717,2022-07-25,38,8,3,12.974784,77.599157,FIR lodged following fraud & cheating incident. Victim sustained minor injuries.
4495,KSP/2023/9992,2023-07-13,10,12,4,12.855297,77.700158,Patrol unit responded to communal offences call. One suspect apprehended.
4496,KSP/2025/8216,2025-01-05,51,6,5,13.040852,77.556869,FIR lodged following murder incident. Victim sustained minor injuries.
4497,KSP/2025/1745,2025-08-29,42,9,2,12.97782,77.580312,FIR lodged following unlawful assembly incident. Victim sustained minor injuries.
4498,KSP/2024/4795,2024-05-15,77,12,4,12.938467,77.647956,Patrol unit responded to communal offences call. One suspect apprehended.
4499,KSP/2023/3758,2023-06-09,63,5,5,12.981131,77.573784,Anonymous tip received regarding narcotics. Investigation initiated.
4500,KSP/2023/5844,2023-12-17,7,4,4,12.993115,77.75,Patrol unit responded to assault & violence call. One suspect apprehended.
4501,KSP/2023/7438,2023-12-22,46,12,4,13.032291,77.616169,communal offences reported near BTM Layout. CCTV footage under review.
4502,KSP/2025/4130,2025-01-12,29,4,4,12.832621,77.67226,Patrol unit responded to assault & violence call. One suspect apprehended.
4503,KSP/2024/5027,2024-06-12,17,15,5,12.917537,77.602994,Patrol unit responded to child offences call. One suspect apprehended.
4504,KSP/2022/9374,2022-06-27,64,10,2,12.970316,77.597358,Anonymous tip received regarding eve teasing. Investigation initiated.
4505,KSP/2023/8999,2023-01-25,22,11,3,12.982649,77.75,FIR lodged following land disputes incident. Victim sustained minor injuries.
4506,KSP/2026/4792,2026-01-01,73,2,3,12.827581,77.678297,Patrol unit responded to property theft call. One suspect apprehended.
4507,KSP/2022/5197,2022-01-31,46,2,3,12.996754,77.619714,Complainant reported property theft at Koramangala. Suspect fled the scene.
4508,KSP/2025/8975,2025-05-15,97,7,5,13.009722,77.550687,Anonymous tip received regarding robbery & dacoity. Investigation initiated.
4509,KSP/2025/3213,2025-03-17,29,4,4,12.973228,77.621598,Complainant reported assault & violence at Yelahanka. Suspect fled the scene.
4510,KSP/2025/3424,2025-12-31,1,7,5,12.993211,77.550896,Anonymous tip received regarding robbery & dacoity. Investigation initiated.
4511,KSP/2023/3520,2023-10-17,46,9,2,12.846245,77.693941,Patrol unit responded to unlawful assembly call. One suspect apprehended.
4512,KSP/2024/4538,2024-05-26,75,13,2,12.936366,77.587077,Complainant reported missing persons at Hebbal. Suspect fled the scene.
4513,KSP/2024/7118,2024-10-17,17,4,4,12.963155,77.75,assault & violence reported near Yelahanka. CCTV footage under review.
4514,KSP/2022/2616,2022-06-09,55,11,3,12.936034,77.736374,FIR lodged following land disputes incident. Victim sustained minor injuries.
4515,KSP/2024/5071,2024-03-23,44,3,3,12.947026,77.630019,Patrol unit responded to vehicle theft call. One suspect apprehended.
4516,KSP/2026/4607,2026-05-20,2,4,4,12.967525,77.75,FIR lodged following assault & violence incident. Victim sustained minor injuries.
4517,KSP/2025/7506,2025-02-13,6,4,4,13.032816,77.549473,FIR lodged following assault & violence incident. Victim sustained minor injuries.
4518,KSP/2025/1494,2025-12-24,12,9,2,12.929839,77.632312,FIR lodged following unlawful assembly incident. Victim sustained minor injuries.
4519,KSP/2024/5461,2024-08-04,94,2,3,12.81709,77.659894,property theft reported near Jayanagar. CCTV footage under review.
4520,KSP/2022/1652,2022-04-25,74,9,2,13.005073,77.52665,Anonymous tip received regarding unlawful assembly. Investigation initiated.
4521,KSP/2025/8852,2025-04-24,58,15,5,12.946966,77.629844,Anonymous tip received regarding child offences. Investigation initiated.
4522,KSP/2023/6621,2023-09-16,61,4,4,12.970504,77.746182,Anonymous tip received regarding assault & violence. Investigation initiated.
4523,KSP/2022/1330,2022-10-28,38,4,4,12.88182,77.642493,Complainant reported assault & violence at Electronic City. Suspect fled the scene.
4524,KSP/2025/5553,2025-08-26,28,13,2,12.958892,77.580603,Patrol unit responded to missing persons call. One suspect apprehended.
4525,KSP/2026/8437,2026-04-12,9,1,4,12.983077,77.62574,Patrol unit responded to cyber crime call. One suspect apprehended.
4526,KSP/2025/8579,2025-04-18,24,11,3,12.987499,77.740628,Anonymous tip received regarding land disputes. Investigation initiated.
4527,KSP/2024/8203,2024-03-30,72,4,4,12.976425,77.599685,Patrol unit responded to assault & violence call. One suspect apprehended.
4528,KSP/2023/8816,2023-03-28,89,14,3,12.976422,77.746937,domestic violence reported near Jayanagar. CCTV footage under review.
4529,KSP/2023/9749,2023-01-01,66,3,3,12.952111,77.637259,FIR lodged following vehicle theft incident. Victim sustained minor injuries.
4530,KSP/2022/1423,2022-07-18,82,7,5,13.019861,77.588344,Patrol unit responded to robbery & dacoity call. One suspect apprehended.
4531,KSP/2024/8621,2024-11-05,92,9,2,12.964049,77.573338,Anonymous tip received regarding unlawful assembly. Investigation initiated.
4532,KSP/2025/9677,2025-07-17,42,4,4,12.987094,77.596288,FIR lodged following assault & violence incident. Victim sustained minor injuries.
4533,KSP/2023/5185,2023-01-18,33,7,5,12.952328,77.75,robbery & dacoity reported near Mysuru Road. CCTV footage under review.
4534,KSP/2022/5452,2022-01-08,5,9,2,12.930608,77.664096,Complainant reported unlawful assembly at KR Market. Suspect fled the scene.
4535,KSP/2023/7927,2023-01-18,40,12,4,12.980429,77.75,Complainant reported communal offences at Bannerghatta Road. Suspect fled the scene.
4536,KSP/2023/9586,2023-05-09,95,15,5,12.974008,77.574234,Patrol unit responded to child offences call. One suspect apprehended.
4537,KSP/2024/4377,2024-08-07,96,3,3,12.95793,77.579334,FIR lodged following vehicle theft incident. Victim sustained minor injuries.
4538,KSP/2023/8871,2023-04-09,89,5,5,13.005257,77.600939,Anonymous tip received regarding narcotics. Investigation initiated.
4539,KSP/2024/7000,2024-05-07,66,3,3,12.948928,77.727372,vehicle theft reported near Bannerghatta Road. CCTV footage under review.
4540,KSP/2024/1980,2024-01-27,90,14,3,12.896609,77.609139,domestic violence reported near MG Road. CCTV footage under review.
4541,KSP/2022/9119,2022-06-21,59,6,5,13.009731,77.611675,murder reported near Bannerghatta Road. CCTV footage under review.
4542,KSP/2022/4676,2022-11-28,90,2,3,12.96959,77.748969,property theft reported near Hebbal. CCTV footage under review.
4543,KSP/2022/2981,2022-07-02,26,1,4,12.983999,77.588255,Complainant reported cyber crime at Hebbal. Suspect fled the scene.
4544,KSP/2024/1009,2024-12-30,57,14,3,12.955838,77.75,FIR lodged following domestic violence incident. Victim sustained minor injuries.
4545,KSP/2025/8044,2025-12-27,28,2,3,12.926934,77.609773,Complainant reported property theft at Yelahanka. Suspect fled the scene.
4546,KSP/2024/8512,2024-07-07,21,12,4,12.947152,77.75,FIR lodged following communal offences incident. Victim sustained minor injuries.
4547,KSP/2026/2649,2026-05-09,63,9,2,12.852283,77.678843,Patrol unit responded to unlawful assembly call. One suspect apprehended.
4548,KSP/2023/3356,2023-06-06,95,14,3,12.941897,77.75,domestic violence reported near KR Market. CCTV footage under review.
4549,KSP/2023/6219,2023-12-23,66,6,5,12.995102,77.61656,Patrol unit responded to murder call. One suspect apprehended.
4550,KSP/2025/7290,2025-07-24,60,5,5,12.975668,77.744778,Complainant reported narcotics at Hebbal. Suspect fled the scene.
4551,KSP/2023/1351,2023-09-27,51,15,5,12.93971,77.623961,child offences reported near HSR Layout. CCTV footage under review.
4552,KSP/2022/2059,2022-04-12,31,11,3,12.965792,77.571962,FIR lodged following land disputes incident. Victim sustained minor injuries.
4553,KSP/2022/1908,2022-10-18,92,4,4,13.001658,77.567717,FIR lodged following assault & violence incident. Victim sustained minor injuries.
4554,KSP/2022/3928,2022-01-14,36,8,3,12.958799,77.75,Anonymous tip received regarding fraud & cheating. Investigation initiated.
4555,KSP/2024/4664,2024-05-12,90,3,3,13.032545,77.639606,FIR lodged following vehicle theft incident. Victim sustained minor injuries.
4556,KSP/2025/1197,2025-12-19,47,3,3,13.009044,77.586827,Patrol unit responded to vehicle theft call. One suspect apprehended.
4557,KSP/2024/4060,2024-10-31,15,9,2,12.989549,77.591872,unlawful assembly reported near Koramangala. CCTV footage under review.
4558,KSP/2025/6443,2025-04-10,48,4,4,12.972026,77.586653,Anonymous tip received regarding assault & violence. Investigation initiated.
4559,KSP/2024/1137,2024-12-16,47,3,3,12.983443,77.605602,Anonymous tip received regarding vehicle theft. Investigation initiated.
4560,KSP/2025/5373,2025-05-23,38,15,5,12.975439,77.593252,Patrol unit responded to child offences call. One suspect apprehended.
4561,KSP/2025/7506,2025-09-10,77,2,3,12.977538,77.59867,FIR lodged following property theft incident. Victim sustained minor injuries.
4562,KSP/2025/6666,2025-04-04,9,3,3,12.968487,77.75,FIR lodged following vehicle theft incident. Victim sustained minor injuries.
4563,KSP/2025/4289,2025-10-19,61,7,5,12.936624,77.604592,Anonymous tip received regarding robbery & dacoity. Investigation initiated.
4564,KSP/2023/4242,2023-06-21,35,13,2,12.972971,77.612013,missing persons reported near Mysuru Road. CCTV footage under review.
4565,KSP/2022/9069,2022-03-03,55,12,4,12.988258,77.593616,Complainant reported communal offences at HSR Layout. Suspect fled the scene.
4566,KSP/2022/7171,2022-10-05,10,11,3,12.986009,77.588676,land disputes reported near Hebbal. CCTV footage under review.
4567,KSP/2024/3312,2024-11-08,17,6,5,13.015356,77.604984,FIR lodged following murder incident. Victim sustained minor injuries.
4568,KSP/2022/1039,2022-05-02,14,13,2,12.9812,77.625189,Patrol unit responded to missing persons call. One suspect apprehended.
4569,KSP/2022/9769,2022-08-13,35,5,5,13.001825,77.60083,Patrol unit responded to narcotics call. One suspect apprehended.
4570,KSP/2024/5948,2024-02-20,71,1,4,12.9284,77.616709,FIR lodged following cyber crime incident. Victim sustained minor injuries.
4571,KSP/2023/9443,2023-01-06,15,11,3,12.893408,77.627791,FIR lodged following land disputes incident. Victim sustained minor injuries.
4572,KSP/2026/9437,2026-06-08,70,9,2,12.91004,77.674199,Complainant reported unlawful assembly at Jayanagar. Suspect fled the scene.
4573,KSP/2026/2978,2026-04-27,35,13,2,12.869179,77.679197,Complainant reported missing persons at Electronic City. Suspect fled the scene.
4574,KSP/2022/2840,2022-04-14,89,1,4,12.975007,77.603908,Patrol unit responded to cyber crime call. One suspect apprehended.
4575,KSP/2023/9490,2023-11-19,93,11,3,12.945467,77.620195,Anonymous tip received regarding land disputes. Investigation initiated.
4576,KSP/2023/4865,2023-07-27,9,13,2,12.976233,77.730922,Complainant reported missing persons at Mysuru Road. Suspect fled the scene.
4577,KSP/2023/5761,2023-03-02,56,2,3,12.975812,77.573497,Complainant reported property theft at Whitefield. Suspect fled the scene.
4578,KSP/2022/6680,2022-12-23,73,15,5,12.96135,77.631739,FIR lodged following child offences incident. Victim sustained minor injuries.
4579,KSP/2024/5316,2024-04-11,75,9,2,12.976634,77.60239,Patrol unit responded to unlawful assembly call. One suspect apprehended.
4580,KSP/2025/3435,2025-04-22,1,14,3,12.96635,77.563084,Complainant reported domestic violence at HSR Layout. Suspect fled the scene.
4581,KSP/2025/6799,2025-02-21,64,4,4,12.985337,77.573951,assault & violence reported near BTM Layout. CCTV footage under review.
4582,KSP/2026/2581,2026-03-06,28,11,3,12.910845,77.635091,Patrol unit responded to land disputes call. One suspect apprehended.
4583,KSP/2024/7489,2024-07-31,38,1,4,12.989185,77.599542,FIR lodged following cyber crime incident. Victim sustained minor injuries.
4584,KSP/2023/4113,2023-03-24,17,10,2,12.958831,77.75,Patrol unit responded to eve teasing call. One suspect apprehended.
4585,KSP/2024/7316,2024-04-22,33,12,4,13.009528,77.647197,Patrol unit responded to communal offences call. One suspect apprehended.
4586,KSP/2025/5117,2025-02-05,42,2,3,12.984349,77.613309,Anonymous tip received regarding property theft. Investigation initiated.
4587,KSP/2026/5020,2026-04-15,40,9,2,12.971006,77.571719,FIR lodged following unlawful assembly incident. Victim sustained minor injuries.
4588,KSP/2024/8763,2024-05-17,66,14,3,12.973892,77.606312,FIR lodged following domestic violence incident. Victim sustained minor injuries.
4589,KSP/2023/7276,2023-06-19,48,9,2,12.846869,77.673606,Complainant reported unlawful assembly at Malleshwaram. Suspect fled the scene.
4590,KSP/2025/8136,2025-07-12,89,7,5,12.952911,77.631435,FIR lodged following robbery & dacoity incident. Victim sustained minor injuries.
4591,KSP/2023/4779,2023-06-25,33,3,3,12.969745,77.605691,vehicle theft reported near Jayanagar. CCTV footage under review.
4592,KSP/2024/8705,2024-12-05,72,2,3,12.974262,77.583854,Anonymous tip received regarding property theft. Investigation initiated.
4593,KSP/2023/2440,2023-02-21,59,13,2,13.021867,77.586644,Patrol unit responded to missing persons call. One suspect apprehended.
4594,KSP/2024/3187,2024-07-09,96,9,2,13.029603,77.552323,Anonymous tip received regarding unlawful assembly. Investigation initiated.
4595,KSP/2025/2564,2025-02-07,83,7,5,12.986268,77.596096,FIR lodged following robbery & dacoity incident. Victim sustained minor injuries.
4596,KSP/2023/3026,2023-08-02,68,5,5,12.997955,77.618179,FIR lodged following narcotics incident. Victim sustained minor injuries.
4597,KSP/2022/8968,2022-06-05,96,8,3,13.006677,77.558473,fraud & cheating reported near Malleshwaram. CCTV footage under review.
4598,KSP/2022/2007,2022-10-31,38,4,4,12.918626,77.60576,Complainant reported assault & violence at BTM Layout. Suspect fled the scene.
4599,KSP/2023/2391,2023-06-23,83,1,4,12.97575,77.63188,cyber crime reported near KR Market. CCTV footage under review.
4600,KSP/2024/5628,2024-12-10,19,9,2,12.914552,77.62768,FIR lodged following unlawful assembly incident. Victim sustained minor injuries.
4601,KSP/2023/6899,2023-02-21,98,3,3,12.978921,77.627716,Anonymous tip received regarding vehicle theft. Investigation initiated.
4602,KSP/2025/6555,2025-01-30,7,9,2,12.942112,77.639545,unlawful assembly reported near BTM Layout. CCTV footage under review.
4603,KSP/2024/2635,2024-12-05,37,3,3,12.977753,77.577348,FIR lodged following vehicle theft incident. Victim sustained minor injuries.
4604,KSP/2023/7491,2023-08-13,92,9,2,12.99287,77.75,Patrol unit responded to unlawful assembly call. One suspect apprehended.
4605,KSP/2023/5675,2023-07-02,60,12,4,12.950251,77.597991,Complainant reported communal offences at Mysuru Road. Suspect fled the scene.
4606,KSP/2024/9240,2024-02-06,77,6,5,13.014675,77.532343,Anonymous tip received regarding murder. Investigation initiated.
4607,KSP/2024/9621,2024-01-30,44,6,5,13.003846,77.585081,Patrol unit responded to murder call. One suspect apprehended.
4608,KSP/2024/2330,2024-09-12,54,4,4,13.06505,77.566439,Anonymous tip received regarding assault & violence. Investigation initiated.
4609,KSP/2025/8409,2025-07-02,68,11,3,12.953734,77.585931,land disputes reported near BTM Layout. CCTV footage under review.
4610,KSP/2025/7787,2025-09-12,96,11,3,12.991059,77.593825,FIR lodged following land disputes incident. Victim sustained minor injuries.
4611,KSP/2024/3212,2024-06-21,91,14,3,12.919097,77.640279,Anonymous tip received regarding domestic violence. Investigation initiated.
4612,KSP/2023/6442,2023-06-22,81,15,5,12.948449,77.585388,FIR lodged following child offences incident. Victim sustained minor injuries.
4613,KSP/2025/4222,2025-08-05,65,1,4,12.822916,77.681289,FIR lodged following cyber crime incident. Victim sustained minor injuries.
4614,KSP/2026/2407,2026-03-14,91,14,3,12.850304,77.667633,domestic violence reported near HSR Layout. CCTV footage under review.
4615,KSP/2023/3020,2023-02-24,3,8,3,13.038879,77.575695,Complainant reported fraud & cheating at KR Market. Suspect fled the scene.
4616,KSP/2025/1945,2025-06-20,51,12,4,12.970983,77.612368,communal offences reported near HSR Layout. CCTV footage under review.
4617,KSP/2022/1700,2022-12-01,73,3,3,12.951727,77.596046,Anonymous tip received regarding vehicle theft. Investigation initiated.
4618,KSP/2022/1025,2022-02-13,92,11,3,12.917509,77.605066,Patrol unit responded to land disputes call. One suspect apprehended.
4619,KSP/2023/3858,2023-07-24,62,5,5,12.992826,77.618394,Anonymous tip received regarding narcotics. Investigation initiated.
4620,KSP/2025/3105,2025-05-09,80,13,2,12.899069,77.689472,missing persons reported near Jayanagar. CCTV footage under review.
4621,KSP/2024/3036,2024-12-08,76,5,5,12.957415,77.59529,Complainant reported narcotics at Yelahanka. Suspect fled the scene.
4622,KSP/2024/4850,2024-03-06,42,8,3,13.010073,77.588529,FIR lodged following fraud & cheating incident. Victim sustained minor injuries.
4623,KSP/2026/4484,2026-02-12,33,4,4,12.958382,77.75,assault & violence reported near Yelahanka. CCTV footage under review.
4624,KSP/2024/6286,2024-11-06,7,14,3,12.978389,77.659602,Patrol unit responded to domestic violence call. One suspect apprehended.
4625,KSP/2025/5206,2025-09-21,1,4,4,12.964968,77.615207,Patrol unit responded to assault & violence call. One suspect apprehended.
4626,KSP/2023/7765,2023-07-21,11,8,3,12.91953,77.607908,Patrol unit responded to fraud & cheating call. One suspect apprehended.
4627,KSP/2024/7755,2024-03-31,78,14,3,12.995865,77.61022,domestic violence reported near Malleshwaram. CCTV footage under review.
4628,KSP/2022/3789,2022-10-07,38,12,4,12.958764,77.648511,communal offences reported near MG Road. CCTV footage under review.
4629,KSP/2024/3517,2024-02-01,45,12,4,12.950378,77.75,Complainant reported communal offences at Koramangala. Suspect fled the scene.
4630,KSP/2025/6339,2025-02-28,69,12,4,13.003198,77.747572,FIR lodged following communal offences incident. Victim sustained minor injuries.
4631,KSP/2022/2533,2022-02-02,96,8,3,12.982566,77.587002,fraud & cheating reported near Electronic City. CCTV footage under review.
4632,KSP/2024/5391,2024-07-13,93,1,4,12.924625,77.622989,cyber crime reported near Malleshwaram. CCTV footage under review.
4633,KSP/2025/4352,2025-03-23,85,8,3,13.03067,77.547463,Complainant reported fraud & cheating at Hebbal. Suspect fled the scene.
4634,KSP/2023/7462,2023-07-01,90,7,5,13.025288,77.632219,robbery & dacoity reported near Jayanagar. CCTV footage under review.
4635,KSP/2024/6519,2024-09-16,51,5,5,12.978619,77.604101,Complainant reported narcotics at BTM Layout. Suspect fled the scene.
4636,KSP/2025/3377,2025-05-08,92,14,3,12.975152,77.749861,FIR lodged following domestic violence incident. Victim sustained minor injuries.
4637,KSP/2025/8296,2025-04-23,66,14,3,12.981327,77.6475,Anonymous tip received regarding domestic violence. Investigation initiated.
4638,KSP/2022/2771,2022-06-22,12,8,3,13.012938,77.574127,Anonymous tip received regarding fraud & cheating. Investigation initiated.
4639,KSP/2023/5036,2023-08-31,78,4,4,13.024807,77.519497,assault & violence reported near Bannerghatta Road. CCTV footage under review.
4640,KSP/2023/9914,2023-05-23,51,8,3,12.989012,77.622286,Patrol unit responded to fraud & cheating call. One suspect apprehended.
4641,KSP/2026/1605,2026-05-25,61,8,3,12.948349,77.62982,Patrol unit responded to fraud & cheating call. One suspect apprehended.
4642,KSP/2022/9996,2022-10-26,24,2,3,12.958385,77.596481,Anonymous tip received regarding property theft. Investigation initiated.
4643,KSP/2024/2718,2024-02-08,28,15,5,13.0319,77.621304,FIR lodged following child offences incident. Victim sustained minor injuries.
4644,KSP/2024/3565,2024-03-24,9,15,5,12.954573,77.742508,child offences reported near KR Market. CCTV footage under review.
4645,KSP/2025/2369,2025-01-22,89,4,4,12.996892,77.569763,assault & violence reported near Yelahanka. CCTV footage under review.
4646,KSP/2025/6786,2025-03-09,53,3,3,12.850653,77.681847,Complainant reported vehicle theft at Bannerghatta Road. Suspect fled the scene.
4647,KSP/2024/3564,2024-11-09,20,12,4,12.918805,77.596199,Patrol unit responded to communal offences call. One suspect apprehended.
4648,KSP/2024/1423,2024-10-01,56,4,4,12.986838,77.734476,Patrol unit responded to assault & violence call. One suspect apprehended.
4649,KSP/2023/4859,2023-07-05,46,3,3,12.964928,77.646907,Patrol unit responded to vehicle theft call. One suspect apprehended.
4650,KSP/2022/4176,2022-11-19,45,15,5,12.820753,77.684744,Anonymous tip received regarding child offences. Investigation initiated.
4651,KSP/2023/6075,2023-05-02,95,13,2,12.825325,77.686257,missing persons reported near Electronic City. CCTV footage under review.
4652,KSP/2025/5020,2025-11-14,14,9,2,12.963874,77.738107,FIR lodged following unlawful assembly incident. Victim sustained minor injuries.
4653,KSP/2025/9951,2025-01-03,7,12,4,12.923591,77.663238,Complainant reported communal offences at Electronic City. Suspect fled the scene.
4654,KSP/2024/6544,2024-12-25,70,14,3,12.924589,77.631896,Complainant reported domestic violence at Bannerghatta Road. Suspect fled the scene.
4655,KSP/2025/9058,2025-07-30,34,2,3,12.964524,77.59326,property theft reported near HSR Layout. CCTV footage under review.
4656,KSP/2025/7293,2025-08-18,82,4,4,12.95593,77.741308,assault & violence reported near Koramangala. CCTV footage under review.
4657,KSP/2024/5530,2024-07-22,96,5,5,12.990515,77.590541,narcotics reported near Yelahanka. CCTV footage under review.
4658,KSP/2023/8051,2023-04-05,22,10,2,13.015437,77.636257,FIR lodged following eve teasing incident. Victim sustained minor injuries.
4659,KSP/2023/4387,2023-11-11,71,9,2,12.840331,77.677217,unlawful assembly reported near Hebbal. CCTV footage under review.
4660,KSP/2024/5747,2024-09-30,2,14,3,12.932101,77.637129,FIR lodged following domestic violence incident. Victim sustained minor injuries.
4661,KSP/2025/8834,2025-07-18,83,6,5,13.021675,77.558934,Complainant reported murder at HSR Layout. Suspect fled the scene.
4662,KSP/2026/7712,2026-02-21,49,9,2,12.984083,77.601063,unlawful assembly reported near Koramangala. CCTV footage under review.
4663,KSP/2022/2525,2022-12-23,57,1,4,12.934499,77.611418,Patrol unit responded to cyber crime call. One suspect apprehended.
4664,KSP/2025/8228,2025-02-07,83,12,4,12.932475,77.609865,FIR lodged following communal offences incident. Victim sustained minor injuries.
4665,KSP/2024/2908,2024-12-12,32,9,2,12.957755,77.75,Anonymous tip received regarding unlawful assembly. Investigation initiated.
4666,KSP/2024/2057,2024-03-31,56,2,3,12.984785,77.542672,Patrol unit responded to property theft call. One suspect apprehended.
4667,KSP/2026/5549,2026-01-23,31,4,4,12.847086,77.692546,assault & violence reported near Yelahanka. CCTV footage under review.
4668,KSP/2026/7048,2026-05-20,50,8,3,12.982842,77.608471,fraud & cheating reported near Yelahanka. CCTV footage under review.
4669,KSP/2026/7116,2026-06-01,64,14,3,12.984631,77.578272,domestic violence reported near Jayanagar. CCTV footage under review.
4670,KSP/2023/1466,2023-08-06,8,10,2,13.027941,77.54236,Patrol unit responded to eve teasing call. One suspect apprehended.
4671,KSP/2025/6277,2025-09-23,71,6,5,12.965984,77.618552,FIR lodged following murder incident. Victim sustained minor injuries.
4672,KSP/2023/4029,2023-11-28,38,7,5,12.970877,77.589054,Anonymous tip received regarding robbery & dacoity. Investigation initiated.
4673,KSP/2023/4838,2023-02-23,32,7,5,12.958875,77.623151,FIR lodged following robbery & dacoity incident. Victim sustained minor injuries.
4674,KSP/2024/7092,2024-11-10,25,14,3,12.913946,77.624855,FIR lodged following domestic violence incident. Victim sustained minor injuries.
4675,KSP/2022/3562,2022-03-04,65,13,2,12.982044,77.745482,Patrol unit responded to missing persons call. One suspect apprehended.
4676,KSP/2026/9008,2026-06-21,98,3,3,12.962303,77.561326,vehicle theft reported near Electronic City. CCTV footage under review.
4677,KSP/2023/8619,2023-03-31,55,10,2,12.992089,77.550207,eve teasing reported near Koramangala. CCTV footage under review.
4678,KSP/2026/7304,2026-05-21,53,4,4,12.829541,77.679053,FIR lodged following assault & violence incident. Victim sustained minor injuries.
4679,KSP/2024/1905,2024-10-09,88,1,4,12.919223,77.617057,Anonymous tip received regarding cyber crime. Investigation initiated.
4680,KSP/2023/3573,2023-03-13,79,10,2,12.972769,77.61069,Patrol unit responded to eve teasing call. One suspect apprehended.
4681,KSP/2022/4789,2022-09-11,91,14,3,13.014221,77.575502,Complainant reported domestic violence at Yelahanka. Suspect fled the scene.
4682,KSP/2026/5745,2026-05-25,50,3,3,13.002993,77.624777,FIR lodged following vehicle theft incident. Victim sustained minor injuries.
4683,KSP/2024/2983,2024-12-27,9,4,4,12.967772,77.75,assault & violence reported near Yelahanka. CCTV footage under review.
4684,KSP/2025/6172,2025-10-06,71,8,3,12.944989,77.735425,FIR lodged following fraud & cheating incident. Victim sustained minor injuries.
4685,KSP/2025/9205,2025-12-01,39,2,3,12.916617,77.621675,Complainant reported property theft at Electronic City. Suspect fled the scene.
4686,KSP/2022/7420,2022-01-07,44,1,4,12.96579,77.75,Anonymous tip received regarding cyber crime. Investigation initiated.
4687,KSP/2025/8429,2025-02-26,95,10,2,12.925512,77.628522,Complainant reported eve teasing at Mysuru Road. Suspect fled the scene.
4688,KSP/2022/7806,2022-05-22,58,11,3,12.980069,77.5994,land disputes reported near HSR Layout. CCTV footage under review.
4689,KSP/2024/1460,2024-01-23,24,3,3,12.977198,77.577161,Patrol unit responded to vehicle theft call. One suspect apprehended.
4690,KSP/2023/3795,2023-04-29,40,9,2,13.019863,77.615869,Complainant reported unlawful assembly at Hebbal. Suspect fled the scene.
4691,KSP/2025/1579,2025-08-16,68,2,3,12.934143,77.624637,FIR lodged following property theft incident. Victim sustained minor injuries.
4692,KSP/2026/9452,2026-04-09,16,7,5,12.966033,77.613572,FIR lodged following robbery & dacoity incident. Victim sustained minor injuries.
4693,KSP/2025/8779,2025-07-09,62,8,3,12.956202,77.591084,Complainant reported fraud & cheating at Malleshwaram. Suspect fled the scene.
4694,KSP/2024/2646,2024-01-27,1,7,5,12.994936,77.61358,Anonymous tip received regarding robbery & dacoity. Investigation initiated.
4695,KSP/2026/1195,2026-02-04,38,6,5,12.969798,77.55595,FIR lodged following murder incident. Victim sustained minor injuries.
4696,KSP/2026/1422,2026-04-10,81,1,4,12.98113,77.727691,Patrol unit responded to cyber crime call. One suspect apprehended.
4697,KSP/2023/9255,2023-10-19,38,9,2,12.962351,77.75,Anonymous tip received regarding unlawful assembly. Investigation initiated.
4698,KSP/2022/2870,2022-03-08,3,12,4,12.956817,77.636641,FIR lodged following communal offences incident. Victim sustained minor injuries.
4699,KSP/2024/2915,2024-07-30,52,13,2,12.987272,77.600722,Patrol unit responded to missing persons call. One suspect apprehended.
4700,KSP/2022/7008,2022-12-22,81,7,5,12.953973,77.641883,Complainant reported robbery & dacoity at Jayanagar. Suspect fled the scene.
4701,KSP/2024/6837,2024-05-05,6,7,5,12.971265,77.75,robbery & dacoity reported near BTM Layout. CCTV footage under review.
4702,KSP/2022/3257,2022-04-16,17,1,4,12.902793,77.667589,Patrol unit responded to cyber crime call. One suspect apprehended.
4703,KSP/2022/6042,2022-04-26,80,10,2,12.985318,77.580733,eve teasing reported near Hebbal. CCTV footage under review.
4704,KSP/2026/4690,2026-04-22,84,4,4,12.956396,77.75,Complainant reported assault & violence at BTM Layout. Suspect fled the scene.
4705,KSP/2023/6328,2023-05-27,99,7,5,12.825656,77.686884,Anonymous tip received regarding robbery & dacoity. Investigation initiated.
4706,KSP/2023/2058,2023-11-18,98,9,2,12.97181,77.581776,FIR lodged following unlawful assembly incident. Victim sustained minor injuries.
4707,KSP/2025/5059,2025-06-18,86,12,4,12.904249,77.639861,communal offences reported near Bannerghatta Road. CCTV footage under review.
4708,KSP/2023/9991,2023-10-20,3,10,2,12.988515,77.568459,Patrol unit responded to eve teasing call. One suspect apprehended.
4709,KSP/2025/3715,2025-07-19,41,5,5,13.025491,77.609069,narcotics reported near BTM Layout. CCTV footage under review.
4710,KSP/2025/9224,2025-09-21,58,2,3,12.965171,77.591306,Complainant reported property theft at HSR Layout. Suspect fled the scene.
4711,KSP/2022/9737,2022-12-26,72,4,4,12.955154,77.626249,assault & violence reported near Malleshwaram. CCTV footage under review.
4712,KSP/2024/2779,2024-07-02,87,2,3,12.912662,77.670889,property theft reported near HSR Layout. CCTV footage under review.
4713,KSP/2024/7308,2024-10-08,20,3,3,12.985434,77.599546,Anonymous tip received regarding vehicle theft. Investigation initiated.
4714,KSP/2025/8231,2025-08-03,52,7,5,12.98363,77.618688,Complainant reported robbery & dacoity at Whitefield. Suspect fled the scene.
4715,KSP/2025/6063,2025-01-06,63,10,2,12.949345,77.651099,eve teasing reported near Mysuru Road. CCTV footage under review.
4716,KSP/2026/8394,2026-04-20,16,5,5,12.989575,77.601707,Patrol unit responded to narcotics call. One suspect apprehended.
4717,KSP/2026/1603,2026-03-22,36,8,3,12.980464,77.63205,Complainant reported fraud & cheating at Malleshwaram. Suspect fled the scene.
4718,KSP/2024/7838,2024-02-24,43,3,3,13.015474,77.609578,vehicle theft reported near MG Road. CCTV footage under review.
4719,KSP/2025/6652,2025-08-29,88,1,4,12.977253,77.592855,Anonymous tip received regarding cyber crime. Investigation initiated.
4720,KSP/2025/7047,2025-07-10,33,10,2,13.010107,77.605402,Patrol unit responded to eve teasing call. One suspect apprehended.
4721,KSP/2023/1729,2023-11-13,33,2,3,12.993944,77.537167,property theft reported near Electronic City. CCTV footage under review.
4722,KSP/2023/4151,2023-08-12,57,10,2,12.932421,77.625838,Patrol unit responded to eve teasing call. One suspect apprehended.
4723,KSP/2023/7830,2023-06-24,1,4,4,12.9657,77.75,assault & violence reported near BTM Layout. CCTV footage under review.
4724,KSP/2025/5427,2025-09-18,1,11,3,12.931113,77.618069,Anonymous tip received regarding land disputes. Investigation initiated.
4725,KSP/2024/6787,2024-05-27,44,13,2,12.979749,77.75,FIR lodged following missing persons incident. Victim sustained minor injuries.
4726,KSP/2023/9738,2023-04-19,33,7,5,12.862308,77.705289,Complainant reported robbery & dacoity at Koramangala. Suspect fled the scene.
4727,KSP/2022/6760,2022-01-28,35,14,3,12.906291,77.654479,Patrol unit responded to domestic violence call. One suspect apprehended.
4728,KSP/2026/7025,2026-02-04,52,14,3,12.892139,77.631353,Anonymous tip received regarding domestic violence. Investigation initiated.
4729,KSP/2026/1216,2026-06-21,57,14,3,12.965309,77.636807,FIR lodged following domestic violence incident. Victim sustained minor injuries.
4730,KSP/2022/4471,2022-04-12,63,3,3,12.963708,77.601022,FIR lodged following vehicle theft incident. Victim sustained minor injuries.
4731,KSP/2025/5054,2025-12-30,32,9,2,12.973371,77.586188,FIR lodged following unlawful assembly incident. Victim sustained minor injuries.
4732,KSP/2025/8117,2025-08-27,79,3,3,12.938133,77.75,vehicle theft reported near Hebbal. CCTV footage under review.
4733,KSP/2024/8312,2024-06-28,82,6,5,12.927506,77.624079,murder reported near Electronic City. CCTV footage under review.
4734,KSP/2024/4176,2024-06-18,10,11,3,12.982572,77.575697,Anonymous tip received regarding land disputes. Investigation initiated.
4735,KSP/2025/5270,2025-06-06,91,4,4,12.92379,77.61119,assault & violence reported near Electronic City. CCTV footage under review.
4736,KSP/2023/7925,2023-12-16,57,13,2,13.032845,77.620657,missing persons reported near BTM Layout. CCTV footage under review.
4737,KSP/2025/4381,2025-05-17,14,10,2,12.979586,77.616215,Complainant reported eve teasing at Bannerghatta Road. Suspect fled the scene.
4738,KSP/2023/9749,2023-10-07,29,9,2,12.832975,77.687682,Patrol unit responded to unlawful assembly call. One suspect apprehended.
4739,KSP/2022/2726,2022-10-25,51,3,3,12.954704,77.63116,Patrol unit responded to vehicle theft call. One suspect apprehended.
4740,KSP/2023/2953,2023-02-24,77,7,5,12.851237,77.677809,Patrol unit responded to robbery & dacoity call. One suspect apprehended.
4741,KSP/2025/2807,2025-02-09,46,4,4,12.923564,77.593339,FIR lodged following assault & violence incident. Victim sustained minor injuries.
4742,KSP/2022/5031,2022-10-20,34,5,5,12.925191,77.638078,Anonymous tip received regarding narcotics. Investigation initiated.
4743,KSP/2025/9193,2025-03-19,54,13,2,12.904474,77.646971,missing persons reported near KR Market. CCTV footage under review.
4744,KSP/2025/7723,2025-05-18,84,13,2,12.971965,77.610799,Complainant reported missing persons at Whitefield. Suspect fled the scene.
4745,KSP/2023/2716,2023-02-14,82,3,3,12.983006,77.581301,FIR lodged following vehicle theft incident. Victim sustained minor injuries.
4746,KSP/2025/5009,2025-08-17,44,12,4,13.032907,77.650081,Complainant reported communal offences at Mysuru Road. Suspect fled the scene.
4747,KSP/2022/8865,2022-04-14,79,1,4,12.986699,77.75,Complainant reported cyber crime at Jayanagar. Suspect fled the scene.
4748,KSP/2026/8825,2026-06-15,83,14,3,12.926489,77.612252,Complainant reported domestic violence at KR Market. Suspect fled the scene.
4749,KSP/2025/4513,2025-03-08,54,6,5,12.896689,77.657032,Complainant reported murder at Electronic City. Suspect fled the scene.
4750,KSP/2023/1687,2023-05-25,57,9,2,12.964426,77.5704,Complainant reported unlawful assembly at Hebbal. Suspect fled the scene.
4751,KSP/2025/4238,2025-11-09,75,15,5,12.941299,77.641769,Complainant reported child offences at Hebbal. Suspect fled the scene.
4752,KSP/2022/7408,2022-03-23,23,1,4,12.810166,77.654595,Complainant reported cyber crime at Jayanagar. Suspect fled the scene.
4753,KSP/2024/9415,2024-06-03,42,7,5,12.980961,77.595028,robbery & dacoity reported near Hebbal. CCTV footage under review.
4754,KSP/2023/3756,2023-06-18,60,14,3,12.916857,77.621779,Complainant reported domestic violence at Koramangala. Suspect fled the scene.
4755,KSP/2023/8430,2023-10-06,86,4,4,12.967121,77.602726,FIR lodged following assault & violence incident. Victim sustained minor injuries.
4756,KSP/2024/5076,2024-07-10,71,11,3,13.008057,77.623643,Patrol unit responded to land disputes call. One suspect apprehended.
4757,KSP/2025/2397,2025-02-16,65,11,3,12.952701,77.664693,Anonymous tip received regarding land disputes. Investigation initiated.
4758,KSP/2022/3845,2022-06-11,95,9,2,12.952385,77.649087,Complainant reported unlawful assembly at Yelahanka. Suspect fled the scene.
4759,KSP/2026/6740,2026-06-14,47,15,5,12.993208,77.595099,FIR lodged following child offences incident. Victim sustained minor injuries.
4760,KSP/2024/9841,2024-11-10,64,15,5,13.014548,77.541237,Patrol unit responded to child offences call. One suspect apprehended.
4761,KSP/2022/1888,2022-04-08,94,6,5,12.9703,77.569741,Patrol unit responded to murder call. One suspect apprehended.
4762,KSP/2022/6940,2022-08-30,76,3,3,12.948187,77.641201,FIR lodged following vehicle theft incident. Victim sustained minor injuries.
4763,KSP/2025/7889,2025-03-10,34,11,3,12.975466,77.604918,land disputes reported near HSR Layout. CCTV footage under review.
4764,KSP/2023/4040,2023-09-14,1,1,4,12.970162,77.598079,FIR lodged following cyber crime incident. Victim sustained minor injuries.
4765,KSP/2025/4392,2025-04-05,10,13,2,12.997011,77.747538,Complainant reported missing persons at BTM Layout. Suspect fled the scene.
4766,KSP/2023/7211,2023-12-06,13,15,5,13.000117,77.590835,FIR lodged following child offences incident. Victim sustained minor injuries.
4767,KSP/2022/2404,2022-01-25,89,5,5,12.919332,77.647189,Complainant reported narcotics at Yelahanka. Suspect fled the scene.
4768,KSP/2024/2804,2024-02-16,78,8,3,12.828518,77.670547,Complainant reported fraud & cheating at Jayanagar. Suspect fled the scene.
4769,KSP/2022/6451,2022-02-06,53,11,3,12.845669,77.678057,Complainant reported land disputes at Mysuru Road. Suspect fled the scene.
4770,KSP/2025/7047,2025-07-20,12,12,4,12.961528,77.654042,FIR lodged following communal offences incident. Victim sustained minor injuries.
4771,KSP/2024/4042,2024-01-16,68,8,3,12.962233,77.75,Complainant reported fraud & cheating at Whitefield. Suspect fled the scene.
4772,KSP/2025/7937,2025-07-10,3,12,4,12.97481,77.749719,Anonymous tip received regarding communal offences. Investigation initiated.
4773,KSP/2025/5711,2025-10-16,11,3,3,12.853919,77.674038,vehicle theft reported near Yelahanka. CCTV footage under review.
4774,KSP/2024/3105,2024-11-13,92,11,3,12.835642,77.681697,FIR lodged following land disputes incident. Victim sustained minor injuries.
4775,KSP/2026/7451,2026-03-13,16,9,2,13.048098,77.538618,Anonymous tip received regarding unlawful assembly. Investigation initiated.
4776,KSP/2026/2889,2026-06-17,52,6,5,12.953112,77.613552,Patrol unit responded to murder call. One suspect apprehended.
4777,KSP/2022/2533,2022-11-25,9,13,2,12.839978,77.694087,Anonymous tip received regarding missing persons. Investigation initiated.
4778,KSP/2026/6002,2026-04-05,54,4,4,12.999313,77.588316,Anonymous tip received regarding assault & violence. Investigation initiated.
4779,KSP/2022/5320,2022-08-20,12,8,3,12.966877,77.585639,fraud & cheating reported near Bannerghatta Road. CCTV footage under review.
4780,KSP/2024/1876,2024-09-24,70,10,2,12.903728,77.636134,Anonymous tip received regarding eve teasing. Investigation initiated.
4781,KSP/2023/7607,2023-01-15,12,6,5,13.001482,77.580355,Complainant reported murder at Yelahanka. Suspect fled the scene.
4782,KSP/2022/3059,2022-12-19,58,8,3,12.978124,77.75,Complainant reported fraud & cheating at BTM Layout. Suspect fled the scene.
4783,KSP/2022/1485,2022-09-30,32,4,4,13.006991,77.627125,assault & violence reported near Whitefield. CCTV footage under review.
4784,KSP/2025/1502,2025-08-03,9,15,5,12.907858,77.649957,Anonymous tip received regarding child offences. Investigation initiated.
4785,KSP/2024/7534,2024-09-12,93,9,2,13.042492,77.523291,Anonymous tip received regarding unlawful assembly. Investigation initiated.
4786,KSP/2023/3014,2023-04-07,54,1,4,12.884327,77.660599,Anonymous tip received regarding cyber crime. Investigation initiated.
4787,KSP/2022/8750,2022-08-05,41,13,2,12.976513,77.597996,Complainant reported missing persons at Hebbal. Suspect fled the scene.
4788,KSP/2026/4749,2026-06-29,8,13,2,13.029642,77.548044,FIR lodged following missing persons incident. Victim sustained minor injuries.
4789,KSP/2022/9375,2022-08-16,34,10,2,12.915759,77.644747,Complainant reported eve teasing at Malleshwaram. Suspect fled the scene.
4790,KSP/2024/6536,2024-12-16,79,7,5,12.988261,77.573712,Complainant reported robbery & dacoity at BTM Layout. Suspect fled the scene.
4791,KSP/2023/9114,2023-04-02,37,3,3,12.970253,77.593331,Complainant reported vehicle theft at Mysuru Road. Suspect fled the scene.
4792,KSP/2025/6152,2025-09-07,2,8,3,12.970573,77.738985,Anonymous tip received regarding fraud & cheating. Investigation initiated.
4793,KSP/2022/2707,2022-10-26,29,8,3,12.982458,77.570204,FIR lodged following fraud & cheating incident. Victim sustained minor injuries.
4794,KSP/2024/1194,2024-01-23,64,10,2,12.947988,77.621307,Complainant reported eve teasing at Mysuru Road. Suspect fled the scene.
4795,KSP/2025/6263,2025-08-23,58,9,2,12.976543,77.644864,Patrol unit responded to unlawful assembly call. One suspect apprehended.
4796,KSP/2023/2744,2023-12-08,90,12,4,12.947682,77.585575,Complainant reported communal offences at Hebbal. Suspect fled the scene.
4797,KSP/2026/4939,2026-02-26,31,11,3,13.042744,77.546582,Anonymous tip received regarding land disputes. Investigation initiated.
4798,KSP/2025/8828,2025-12-27,5,5,5,13.003914,77.604672,FIR lodged following narcotics incident. Victim sustained minor injuries.
4799,KSP/2025/8924,2025-02-01,41,2,3,12.970992,77.741238,FIR lodged following property theft incident. Victim sustained minor injuries.
4800,KSP/2022/2893,2022-02-27,67,1,4,13.012916,77.61,Complainant reported cyber crime at Bannerghatta Road. Suspect fled the scene.
4801,KSP/2022/3771,2022-02-25,73,6,5,12.955113,77.742728,Patrol unit responded to murder call. One suspect apprehended.
4802,KSP/2024/3509,2024-12-23,65,1,4,12.982275,77.568288,cyber crime reported near HSR Layout. CCTV footage under review.
4803,KSP/2026/4366,2026-04-19,95,2,3,12.973922,77.59239,Complainant reported property theft at Malleshwaram. Suspect fled the scene.
4804,KSP/2025/6674,2025-08-16,35,14,3,12.849512,77.669223,Complainant reported domestic violence at MG Road. Suspect fled the scene.
4805,KSP/2025/8994,2025-03-30,66,1,4,13.016515,77.519342,FIR lodged following cyber crime incident. Victim sustained minor injuries.
4806,KSP/2022/4299,2022-06-17,12,10,2,12.950673,77.656686,eve teasing reported near Electronic City. CCTV footage under review.
4807,KSP/2024/3433,2024-10-29,100,12,4,12.96789,77.588072,Patrol unit responded to communal offences call. One suspect apprehended.
4808,KSP/2024/9165,2024-10-20,18,13,2,12.971933,77.600769,missing persons reported near Yelahanka. CCTV footage under review.
4809,KSP/2024/7956,2024-12-04,23,6,5,12.957311,77.629938,murder reported near MG Road. CCTV footage under review.
4810,KSP/2023/3858,2023-08-12,64,11,3,13.001267,77.576954,Anonymous tip received regarding land disputes. Investigation initiated.
4811,KSP/2026/9029,2026-03-09,33,10,2,12.943272,77.634769,FIR lodged following eve teasing incident. Victim sustained minor injuries.
4812,KSP/2023/5139,2023-04-15,24,3,3,12.954228,77.628452,Complainant reported vehicle theft at HSR Layout. Suspect fled the scene.
4813,KSP/2025/2073,2025-02-22,80,1,4,12.849178,77.669931,Patrol unit responded to cyber crime call. One suspect apprehended.
4814,KSP/2024/6406,2024-10-20,29,11,3,12.953136,77.64176,Patrol unit responded to land disputes call. One suspect apprehended.
4815,KSP/2025/9968,2025-02-05,63,15,5,12.910346,77.64907,Anonymous tip received regarding child offences. Investigation initiated.
4816,KSP/2024/4454,2024-07-06,59,9,2,12.957095,77.629727,FIR lodged following unlawful assembly incident. Victim sustained minor injuries.
4817,KSP/2022/2170,2022-11-06,17,10,2,12.939321,77.648133,eve teasing reported near BTM Layout. CCTV footage under review.
4818,KSP/2022/4399,2022-08-17,7,10,2,12.968613,77.600883,FIR lodged following eve teasing incident. Victim sustained minor injuries.
4819,KSP/2022/7635,2022-05-18,74,2,3,12.949002,77.657953,FIR lodged following property theft incident. Victim sustained minor injuries.
4820,KSP/2022/3284,2022-11-18,94,5,5,12.937227,77.612295,FIR lodged following narcotics incident. Victim sustained minor injuries.
4821,KSP/2026/6271,2026-02-13,91,2,3,12.97768,77.610627,FIR lodged following property theft incident. Victim sustained minor injuries.
4822,KSP/2024/2717,2024-08-03,32,13,2,12.958721,77.61538,FIR lodged following missing persons incident. Victim sustained minor injuries.
4823,KSP/2025/8859,2025-09-27,80,8,3,13.029032,77.616979,Patrol unit responded to fraud & cheating call. One suspect apprehended.
4824,KSP/2023/1886,2023-08-01,67,3,3,12.991513,77.605957,FIR lodged following vehicle theft incident. Victim sustained minor injuries.
4825,KSP/2025/4799,2025-03-02,10,1,4,12.99657,77.610742,Complainant reported cyber crime at HSR Layout. Suspect fled the scene.
4826,KSP/2024/4233,2024-02-05,57,14,3,12.952436,77.662509,Patrol unit responded to domestic violence call. One suspect apprehended.
4827,KSP/2023/2568,2023-12-20,29,10,2,12.987229,77.629403,Patrol unit responded to eve teasing call. One suspect apprehended.
4828,KSP/2025/7000,2025-05-14,41,13,2,12.925872,77.60724,FIR lodged following missing persons incident. Victim sustained minor injuries.
4829,KSP/2022/6833,2022-02-18,42,5,5,12.926877,77.75,Anonymous tip received regarding narcotics. Investigation initiated.
4830,KSP/2024/2656,2024-03-30,86,10,2,12.942137,77.631903,Patrol unit responded to eve teasing call. One suspect apprehended.
4831,KSP/2023/1949,2023-12-23,18,2,3,12.921669,77.60069,Patrol unit responded to property theft call. One suspect apprehended.
4832,KSP/2023/8967,2023-05-31,95,11,3,12.915151,77.625489,Anonymous tip received regarding land disputes. Investigation initiated.
4833,KSP/2024/4847,2024-07-04,28,6,5,12.95099,77.623716,Complainant reported murder at Jayanagar. Suspect fled the scene.
4834,KSP/2026/7579,2026-03-13,28,12,4,12.950554,77.626062,Complainant reported communal offences at BTM Layout. Suspect fled the scene.
4835,KSP/2022/2528,2022-08-03,14,12,4,12.997212,77.62273,communal offences reported near Bannerghatta Road. CCTV footage under review.
4836,KSP/2024/2869,2024-01-31,25,15,5,12.834403,77.68604,child offences reported near Koramangala. CCTV footage under review.
4837,KSP/2025/4521,2025-12-20,63,4,4,12.950718,77.596222,Complainant reported assault & violence at Mysuru Road. Suspect fled the scene.
4838,KSP/2023/5698,2023-03-03,48,10,2,13.028494,77.552168,Complainant reported eve teasing at KR Market. Suspect fled the scene.
4839,KSP/2023/5891,2023-07-22,17,9,2,12.975779,77.59991,Anonymous tip received regarding unlawful assembly. Investigation initiated.
4840,KSP/2025/7956,2025-01-24,43,5,5,12.850097,77.672332,Anonymous tip received regarding narcotics. Investigation initiated.
4841,KSP/2023/8227,2023-11-11,80,13,2,12.829236,77.66863,missing persons reported near Mysuru Road. CCTV footage under review.
4842,KSP/2022/8810,2022-04-17,71,10,2,12.988956,77.554106,Patrol unit responded to eve teasing call. One suspect apprehended.
4843,KSP/2024/2617,2024-09-23,73,13,2,13.020845,77.621557,Complainant reported missing persons at Electronic City. Suspect fled the scene.
4844,KSP/2024/8134,2024-03-28,42,10,2,12.97519,77.636827,Anonymous tip received regarding eve teasing. Investigation initiated.
4845,KSP/2022/5823,2022-09-04,24,15,5,12.958376,77.624043,child offences reported near Hebbal. CCTV footage under review.
4846,KSP/2025/6338,2025-01-28,54,1,4,13.00526,77.75,Complainant reported cyber crime at Jayanagar. Suspect fled the scene.
4847,KSP/2022/7448,2022-05-31,83,9,2,13.036334,77.621594,Complainant reported unlawful assembly at Bannerghatta Road. Suspect fled the scene.
4848,KSP/2022/4671,2022-04-21,33,9,2,12.967858,77.727353,Complainant reported unlawful assembly at MG Road. Suspect fled the scene.
4849,KSP/2022/8843,2022-06-12,3,13,2,12.981313,77.584655,missing persons reported near BTM Layout. CCTV footage under review.
4850,KSP/2025/9505,2025-09-08,33,9,2,12.962491,77.628316,Anonymous tip received regarding unlawful assembly. Investigation initiated.
4851,KSP/2022/7755,2022-03-11,33,1,4,12.983714,77.597727,Anonymous tip received regarding cyber crime. Investigation initiated.
4852,KSP/2023/9773,2023-10-18,57,13,2,12.957931,77.611554,Anonymous tip received regarding missing persons. Investigation initiated.
4853,KSP/2023/7963,2023-03-18,18,6,5,13.017085,77.75,Anonymous tip received regarding murder. Investigation initiated.
4854,KSP/2022/6429,2022-05-03,95,6,5,12.978298,77.75,murder reported near HSR Layout. CCTV footage under review.
4855,KSP/2022/3898,2022-11-28,88,2,3,13.026964,77.634416,property theft reported near Jayanagar. CCTV footage under review.
4856,KSP/2024/6050,2024-10-21,31,10,2,12.965078,77.581792,Patrol unit responded to eve teasing call. One suspect apprehended.
4857,KSP/2022/2165,2022-08-08,81,2,3,12.983436,77.630674,property theft reported near Hebbal. CCTV footage under review.
4858,KSP/2025/2663,2025-04-18,81,8,3,12.992195,77.601805,FIR lodged following fraud & cheating incident. Victim sustained minor injuries.
4859,KSP/2024/8513,2024-02-08,52,1,4,13.013725,77.647664,Complainant reported cyber crime at HSR Layout. Suspect fled the scene.
4860,KSP/2025/5792,2025-07-08,36,8,3,12.966471,77.608228,Patrol unit responded to fraud & cheating call. One suspect apprehended.
4861,KSP/2026/3949,2026-04-19,33,7,5,12.945569,77.75,Patrol unit responded to robbery & dacoity call. One suspect apprehended.
4862,KSP/2026/4966,2026-04-29,57,11,3,12.966066,77.585338,Complainant reported land disputes at MG Road. Suspect fled the scene.
4863,KSP/2026/3574,2026-03-13,100,10,2,12.975213,77.584542,Patrol unit responded to eve teasing call. One suspect apprehended.
4864,KSP/2024/6009,2024-04-06,3,10,2,12.981138,77.597498,Anonymous tip received regarding eve teasing. Investigation initiated.
4865,KSP/2024/3534,2024-03-03,83,14,3,12.834906,77.689723,domestic violence reported near Koramangala. CCTV footage under review.
4866,KSP/2022/4996,2022-02-26,62,12,4,12.849687,77.662203,communal offences reported near Mysuru Road. CCTV footage under review.
4867,KSP/2024/4371,2024-03-02,58,7,5,13.027137,77.536332,Patrol unit responded to robbery & dacoity call. One suspect apprehended.
4868,KSP/2022/9814,2022-12-13,59,9,2,12.968515,77.75,Patrol unit responded to unlawful assembly call. One suspect apprehended.
4869,KSP/2025/8499,2025-10-03,56,2,3,12.955757,77.59072,property theft reported near Mysuru Road. CCTV footage under review.
4870,KSP/2022/4108,2022-09-11,47,8,3,13.010513,77.596983,Patrol unit responded to fraud & cheating call. One suspect apprehended.
4871,KSP/2023/8130,2023-10-17,75,3,3,12.973807,77.654014,Complainant reported vehicle theft at Yelahanka. Suspect fled the scene.
4872,KSP/2025/2913,2025-07-30,4,9,2,12.936519,77.65259,unlawful assembly reported near Jayanagar. CCTV footage under review.
4873,KSP/2025/5964,2025-07-15,36,10,2,12.935748,77.650302,eve teasing reported near KR Market. CCTV footage under review.
4874,KSP/2022/6823,2022-12-11,58,12,4,12.907392,77.627779,Anonymous tip received regarding communal offences. Investigation initiated.
4875,KSP/2025/2401,2025-02-08,47,13,2,12.942397,77.620847,Complainant reported missing persons at Bannerghatta Road. Suspect fled the scene.
4876,KSP/2024/6304,2024-09-23,17,7,5,12.972808,77.604471,robbery & dacoity reported near Mysuru Road. CCTV footage under review.
4877,KSP/2024/6848,2024-04-09,44,7,5,13.012425,77.63134,Patrol unit responded to robbery & dacoity call. One suspect apprehended.
4878,KSP/2025/6542,2025-06-27,89,12,4,12.981573,77.567684,FIR lodged following communal offences incident. Victim sustained minor injuries.
4879,KSP/2022/4535,2022-03-23,100,5,5,12.964794,77.565868,Patrol unit responded to narcotics call. One suspect apprehended.
4880,KSP/2023/3341,2023-02-11,61,1,4,12.911218,77.629009,Patrol unit responded to cyber crime call. One suspect apprehended.
4881,KSP/2022/5467,2022-07-07,21,7,5,12.950698,77.748998,Patrol unit responded to robbery & dacoity call. One suspect apprehended.
4882,KSP/2023/9852,2023-12-31,4,12,4,13.008164,77.5578,communal offences reported near Malleshwaram. CCTV footage under review.
4883,KSP/2024/3825,2024-08-09,83,12,4,12.953671,77.612193,Anonymous tip received regarding communal offences. Investigation initiated.
4884,KSP/2023/1927,2023-09-03,62,14,3,12.859889,77.637038,Anonymous tip received regarding domestic violence. Investigation initiated.
4885,KSP/2026/8651,2026-01-25,88,10,2,12.981025,77.75,eve teasing reported near Mysuru Road. CCTV footage under review.
4886,KSP/2024/2830,2024-06-13,50,9,2,12.955967,77.595488,Patrol unit responded to unlawful assembly call. One suspect apprehended.
4887,KSP/2026/3882,2026-01-02,45,3,3,13.019065,77.549453,FIR lodged following vehicle theft incident. Victim sustained minor injuries.
4888,KSP/2026/8870,2026-01-20,80,1,4,12.983953,77.75,Patrol unit responded to cyber crime call. One suspect apprehended.
4889,KSP/2026/4534,2026-06-16,97,9,2,12.971235,77.607828,Complainant reported unlawful assembly at Koramangala. Suspect fled the scene.
4890,KSP/2023/4796,2023-10-10,23,13,2,12.969564,77.74702,missing persons reported near Hebbal. CCTV footage under review.
4891,KSP/2024/2600,2024-05-15,71,13,2,12.975762,77.742735,Patrol unit responded to missing persons call. One suspect apprehended.
4892,KSP/2023/3859,2023-01-02,74,1,4,12.980013,77.561069,Complainant reported cyber crime at BTM Layout. Suspect fled the scene.
4893,KSP/2022/8571,2022-11-29,77,13,2,12.968889,77.75,Patrol unit responded to missing persons call. One suspect apprehended.
4894,KSP/2022/3377,2022-10-25,4,14,3,12.993034,77.596985,Complainant reported domestic violence at BTM Layout. Suspect fled the scene.
4895,KSP/2022/7304,2022-07-05,56,13,2,12.929899,77.627447,Anonymous tip received regarding missing persons. Investigation initiated.
4896,KSP/2024/4404,2024-06-20,93,11,3,13.021549,77.561485,FIR lodged following land disputes incident. Victim sustained minor injuries.
4897,KSP/2024/9206,2024-06-10,39,8,3,12.895996,77.622112,FIR lodged following fraud & cheating incident. Victim sustained minor injuries.
4898,KSP/2024/4991,2024-10-05,2,7,5,12.922475,77.626161,Complainant reported robbery & dacoity at Bannerghatta Road. Suspect fled the scene.
4899,KSP/2023/4348,2023-03-01,10,13,2,13.001978,77.567901,Complainant reported missing persons at Yelahanka. Suspect fled the scene.
4900,KSP/2023/8266,2023-09-07,80,7,5,12.982536,77.745655,FIR lodged following robbery & dacoity incident. Victim sustained minor injuries.
4901,KSP/2026/8632,2026-05-07,19,10,2,12.987404,77.589388,FIR lodged following eve teasing incident. Victim sustained minor injuries.
4902,KSP/2024/9626,2024-01-18,73,7,5,12.817073,77.682652,Patrol unit responded to robbery & dacoity call. One suspect apprehended.
4903,KSP/2026/3715,2026-06-24,65,13,2,12.918083,77.654395,missing persons reported near Yelahanka. CCTV footage under review.
4904,KSP/2022/1295,2022-09-17,57,9,2,12.97933,77.592874,Complainant reported unlawful assembly at Hebbal. Suspect fled the scene.
4905,KSP/2025/5615,2025-03-29,13,7,5,12.914326,77.630251,Anonymous tip received regarding robbery & dacoity. Investigation initiated.
4906,KSP/2023/1330,2023-03-14,34,12,4,12.951286,77.632608,Complainant reported communal offences at Hebbal. Suspect fled the scene.
4907,KSP/2022/5584,2022-08-03,32,2,3,12.903249,77.651725,FIR lodged following property theft incident. Victim sustained minor injuries.
4908,KSP/2025/9668,2025-08-05,13,12,4,13.007907,77.61904,Anonymous tip received regarding communal offences. Investigation initiated.
4909,KSP/2022/7062,2022-09-03,27,5,5,12.973883,77.737432,Patrol unit responded to narcotics call. One suspect apprehended.
4910,KSP/2024/7051,2024-10-01,51,14,3,13.02904,77.552398,Patrol unit responded to domestic violence call. One suspect apprehended.
4911,KSP/2026/1758,2026-01-22,93,8,3,12.995245,77.587824,Complainant reported fraud & cheating at Bannerghatta Road. Suspect fled the scene.
4912,KSP/2023/6889,2023-08-16,54,11,3,12.963026,77.580291,Complainant reported land disputes at Yelahanka. Suspect fled the scene.
4913,KSP/2022/8424,2022-11-19,28,15,5,12.961754,77.639988,child offences reported near Koramangala. CCTV footage under review.
4914,KSP/2022/5741,2022-09-17,73,4,4,12.848164,77.656609,Complainant reported assault & violence at MG Road. Suspect fled the scene.
4915,KSP/2023/5277,2023-05-07,2,3,3,12.991074,77.557588,FIR lodged following vehicle theft incident. Victim sustained minor injuries.
4916,KSP/2024/7600,2024-04-18,7,15,5,12.97357,77.75,Patrol unit responded to child offences call. One suspect apprehended.
4917,KSP/2024/9888,2024-04-21,93,3,3,13.046924,77.518683,FIR lodged following vehicle theft incident. Victim sustained minor injuries.
4918,KSP/2022/6553,2022-04-07,7,1,4,12.970429,77.608191,Complainant reported cyber crime at Hebbal. Suspect fled the scene.
4919,KSP/2022/7659,2022-12-16,8,2,3,12.970072,77.75,Patrol unit responded to property theft call. One suspect apprehended.
4920,KSP/2024/8160,2024-05-01,54,13,2,12.949883,77.609114,missing persons reported near Yelahanka. CCTV footage under review.
4921,KSP/2024/6190,2024-10-29,61,1,4,12.994423,77.734868,cyber crime reported near Whitefield. CCTV footage under review.
4922,KSP/2024/5316,2024-03-21,85,6,5,12.966282,77.651281,Complainant reported murder at Malleshwaram. Suspect fled the scene.
4923,KSP/2026/2734,2026-03-09,95,12,4,12.936327,77.598407,Anonymous tip received regarding communal offences. Investigation initiated.
4924,KSP/2024/2591,2024-07-21,49,9,2,12.908564,77.624668,Patrol unit responded to unlawful assembly call. One suspect apprehended.
4925,KSP/2026/9029,2026-04-01,6,1,4,13.015897,77.620785,Anonymous tip received regarding cyber crime. Investigation initiated.
4926,KSP/2024/5437,2024-10-10,94,9,2,12.968694,77.73524,Complainant reported unlawful assembly at Hebbal. Suspect fled the scene.
4927,KSP/2023/3374,2023-03-03,96,5,5,12.920083,77.643252,Patrol unit responded to narcotics call. One suspect apprehended.
4928,KSP/2024/6380,2024-12-12,16,7,5,12.978533,77.642197,Complainant reported robbery & dacoity at MG Road. Suspect fled the scene.
4929,KSP/2023/5129,2023-07-04,80,4,4,12.998938,77.515992,assault & violence reported near Electronic City. CCTV footage under review.
4930,KSP/2025/9272,2025-06-30,15,14,3,12.932108,77.63558,Patrol unit responded to domestic violence call. One suspect apprehended.
4931,KSP/2025/8194,2025-04-02,84,5,5,12.924597,77.642782,Patrol unit responded to narcotics call. One suspect apprehended.
4932,KSP/2025/8739,2025-08-16,20,1,4,12.980184,77.75,Anonymous tip received regarding cyber crime. Investigation initiated.
4933,KSP/2025/2716,2025-05-01,88,11,3,12.975508,77.580829,land disputes reported near Bannerghatta Road. CCTV footage under review.
4934,KSP/2024/9098,2024-09-28,56,1,4,12.993219,77.587578,Complainant reported cyber crime at KR Market. Suspect fled the scene.
4935,KSP/2022/1089,2022-12-11,58,1,4,13.03134,77.540932,Patrol unit responded to cyber crime call. One suspect apprehended.
4936,KSP/2025/8156,2025-02-16,14,14,3,12.845188,77.688061,Anonymous tip received regarding domestic violence. Investigation initiated.
4937,KSP/2025/3150,2025-09-08,89,9,2,12.943073,77.75,unlawful assembly reported near Yelahanka. CCTV footage under review.
4938,KSP/2023/2922,2023-12-24,34,2,3,12.992801,77.57107,Anonymous tip received regarding property theft. Investigation initiated.
4939,KSP/2025/3895,2025-01-30,96,4,4,13.002807,77.615316,FIR lodged following assault & violence incident. Victim sustained minor injuries.
4940,KSP/2025/1891,2025-12-12,68,7,5,12.937948,77.639985,Anonymous tip received regarding robbery & dacoity. Investigation initiated.
4941,KSP/2024/8623,2024-04-11,81,11,3,12.969845,77.590403,Anonymous tip received regarding land disputes. Investigation initiated.
4942,KSP/2022/3706,2022-04-01,44,13,2,12.968001,77.731466,Complainant reported missing persons at Whitefield. Suspect fled the scene.
4943,KSP/2022/9842,2022-10-26,5,12,4,12.969714,77.643905,Complainant reported communal offences at Electronic City. Suspect fled the scene.
4944,KSP/2025/1774,2025-06-07,95,3,3,12.920698,77.602216,FIR lodged following vehicle theft incident. Victim sustained minor injuries.
4945,KSP/2025/6762,2025-02-28,80,10,2,12.979628,77.582825,Anonymous tip received regarding eve teasing. Investigation initiated.
4946,KSP/2022/7772,2022-08-27,20,2,3,12.958056,77.600149,property theft reported near Bannerghatta Road. CCTV footage under review.
4947,KSP/2025/1890,2025-05-17,17,15,5,12.974509,77.736871,FIR lodged following child offences incident. Victim sustained minor injuries.
4948,KSP/2023/1993,2023-08-08,80,12,4,12.987426,77.593452,FIR lodged following communal offences incident. Victim sustained minor injuries.
4949,KSP/2022/5394,2022-03-02,3,3,3,12.969054,77.75,vehicle theft reported near HSR Layout. CCTV footage under review.
4950,KSP/2026/4278,2026-03-28,82,10,2,12.865116,77.665413,Complainant reported eve teasing at Electronic City. Suspect fled the scene.
4951,KSP/2022/6285,2022-01-14,70,14,3,12.911249,77.607428,domestic violence reported near Malleshwaram. CCTV footage under review.
4952,KSP/2023/1095,2023-12-21,36,5,5,13.01301,77.597682,Complainant reported narcotics at Mysuru Road. Suspect fled the scene.
4953,KSP/2025/9743,2025-07-10,78,8,3,12.98663,77.580785,Complainant reported fraud & cheating at Bannerghatta Road. Suspect fled the scene.
4954,KSP/2024/5013,2024-05-07,61,11,3,13.005817,77.620092,Patrol unit responded to land disputes call. One suspect apprehended.
4955,KSP/2022/4974,2022-06-08,8,7,5,12.956365,77.656442,Anonymous tip received regarding robbery & dacoity. Investigation initiated.
4956,KSP/2022/7970,2022-03-15,34,5,5,12.953221,77.595922,FIR lodged following narcotics incident. Victim sustained minor injuries.
4957,KSP/2022/1818,2022-05-29,16,7,5,13.046007,77.620992,Anonymous tip received regarding robbery & dacoity. Investigation initiated.
4958,KSP/2024/4436,2024-10-17,70,14,3,12.871676,77.666873,Anonymous tip received regarding domestic violence. Investigation initiated.
4959,KSP/2022/9364,2022-03-17,22,9,2,12.968071,77.611509,unlawful assembly reported near Whitefield. CCTV footage under review.
4960,KSP/2023/7069,2023-11-26,89,9,2,12.947047,77.644718,FIR lodged following unlawful assembly incident. Victim sustained minor injuries.
4961,KSP/2022/6398,2022-06-24,21,3,3,12.961049,77.637257,Complainant reported vehicle theft at Koramangala. Suspect fled the scene.
4962,KSP/2026/6921,2026-01-12,16,4,4,12.977592,77.576536,Anonymous tip received regarding assault & violence. Investigation initiated.
4963,KSP/2024/1401,2024-04-10,46,4,4,12.909817,77.642405,Complainant reported assault & violence at Electronic City. Suspect fled the scene.
4964,KSP/2022/1683,2022-01-11,36,12,4,12.962542,77.641892,communal offences reported near Hebbal. CCTV footage under review.
4965,KSP/2023/3523,2023-10-24,61,12,4,12.960143,77.75,FIR lodged following communal offences incident. Victim sustained minor injuries.
4966,KSP/2024/9371,2024-04-04,60,7,5,13.024977,77.536614,robbery & dacoity reported near Koramangala. CCTV footage under review.
4967,KSP/2025/1793,2025-02-22,49,13,2,12.967978,77.603677,FIR lodged following missing persons incident. Victim sustained minor injuries.
4968,KSP/2025/5942,2025-09-25,16,15,5,12.978477,77.75,Complainant reported child offences at Whitefield. Suspect fled the scene.
4969,KSP/2023/2138,2023-03-02,73,4,4,12.987494,77.590067,Anonymous tip received regarding assault & violence. Investigation initiated.
4970,KSP/2025/8004,2025-08-31,45,4,4,12.943139,77.735546,Anonymous tip received regarding assault & violence. Investigation initiated.
4971,KSP/2024/5586,2024-09-06,48,11,3,12.958132,77.580198,Patrol unit responded to land disputes call. One suspect apprehended.
4972,KSP/2024/7250,2024-09-20,90,15,5,12.84272,77.679561,Complainant reported child offences at Hebbal. Suspect fled the scene.
4973,KSP/2026/4739,2026-01-27,31,4,4,13.040175,77.548536,assault & violence reported near Mysuru Road. CCTV footage under review.
4974,KSP/2023/4637,2023-04-29,89,15,5,12.991299,77.581361,FIR lodged following child offences incident. Victim sustained minor injuries.
4975,KSP/2025/3378,2025-04-16,42,9,2,13.023281,77.573026,Complainant reported unlawful assembly at Mysuru Road. Suspect fled the scene.
4976,KSP/2024/6084,2024-03-14,32,1,4,12.9805,77.565243,Complainant reported cyber crime at KR Market. Suspect fled the scene.
4977,KSP/2026/1657,2026-05-20,64,12,4,12.826431,77.682777,Anonymous tip received regarding communal offences. Investigation initiated.
4978,KSP/2026/7856,2026-01-20,55,10,2,12.968561,77.733191,Patrol unit responded to eve teasing call. One suspect apprehended.
4979,KSP/2026/1948,2026-02-17,72,4,4,12.91036,77.655737,FIR lodged following assault & violence incident. Victim sustained minor injuries.
4980,KSP/2022/1484,2022-05-15,12,12,4,13.015858,77.627775,Patrol unit responded to communal offences call. One suspect apprehended.
4981,KSP/2026/8646,2026-04-03,47,10,2,12.997902,77.616731,Complainant reported eve teasing at BTM Layout. Suspect fled the scene.
4982,KSP/2026/7615,2026-04-25,59,2,3,12.984405,77.584274,property theft reported near Koramangala. CCTV footage under review.
4983,KSP/2022/7344,2022-07-31,2,9,2,13.01999,77.639267,unlawful assembly reported near Electronic City. CCTV footage under review.
4984,KSP/2026/3615,2026-04-16,63,1,4,13.013646,77.562528,Patrol unit responded to cyber crime call. One suspect apprehended.
4985,KSP/2024/9250,2024-04-07,3,10,2,12.979367,77.739129,eve teasing reported near Jayanagar. CCTV footage under review.
4986,KSP/2023/8476,2023-05-03,78,8,3,12.981119,77.561838,Anonymous tip received regarding fraud & cheating. Investigation initiated.
4987,KSP/2023/1071,2023-10-22,80,8,3,12.981,77.60858,Anonymous tip received regarding fraud & cheating. Investigation initiated.
4988,KSP/2025/1729,2025-11-17,35,9,2,12.968703,77.63233,Patrol unit responded to unlawful assembly call. One suspect apprehended.
4989,KSP/2024/8501,2024-09-15,95,14,3,12.940713,77.639061,Patrol unit responded to domestic violence call. One suspect apprehended.
4990,KSP/2026/7922,2026-04-16,96,10,2,12.974095,77.75,Complainant reported eve teasing at Malleshwaram. Suspect fled the scene.
4991,KSP/2026/1398,2026-01-20,68,11,3,12.966649,77.62659,Anonymous tip received regarding land disputes. Investigation initiated.
4992,KSP/2026/6479,2026-06-17,91,9,2,12.845545,77.668331,FIR lodged following unlawful assembly incident. Victim sustained minor injuries.
4993,KSP/2026/1378,2026-06-22,37,14,3,12.988021,77.616917,Patrol unit responded to domestic violence call. One suspect apprehended.
4994,KSP/2022/8202,2022-11-02,26,15,5,12.974597,77.581771,FIR lodged following child offences incident. Victim sustained minor injuries.
4995,KSP/2026/3253,2026-01-25,35,11,3,12.995614,77.64173,Anonymous tip received regarding land disputes. Investigation initiated.
4996,KSP/2023/9923,2023-09-03,21,8,3,12.851064,77.67454,Complainant reported fraud & cheating at Yelahanka. Suspect fled the scene.
4997,KSP/2026/3209,2026-01-23,5,8,3,13.011065,77.58527,fraud & cheating reported near Malleshwaram. CCTV footage under review.
4998,KSP/2024/1222,2024-05-02,98,9,2,12.974244,77.632354,unlawful assembly reported near Hebbal. CCTV footage under review.
4999,KSP/2023/8959,2023-03-08,66,2,3,12.924257,77.66279,Complainant reported property theft at HSR Layout. Suspect fled the scene.
5000,KSP/2024/5310,2024-12-03,43,11,3,12.955722,77.646473,Anonymous tip received regarding land disputes. Investigation initiated.
