target_month,station_id,district_id,month_number,lag_1,lag_2,lag_3,lag_12,rolling_3,rolling_6,target_next_month
2023-02-01,1,1,1,28,23,26,20,25.667,19.833,19
2023-03-01,1,1,2,15,28,23,12,22.0,20.333,24
2023-04-01,1,1,3,19,15,28,27,20.667,21.167,18
2023-05-01,1,1,4,24,19,15,29,19.333,22.5,22
2023-06-01,1,1,5,18,24,19,21,20.333,21.167,17
2023-07-01,1,1,6,22,18,24,21,21.333,21.0,19
2023-08-01,1,1,7,17,22,18,12,19.0,19.167,20
2023-09-01,1,1,8,19,17,22,14,19.333,19.833,19
2023-10-01,1,1,9,20,19,17,16,18.667,20.0,14
2023-11-01,1,1,10,19,20,19,26,19.333,19.167,12
2023-12-01,1,1,11,14,19,20,23,17.667,18.5,18
2024-01-01,1,1,12,12,14,19,28,15.0,16.833,14
2024-02-01,1,1,1,18,12,14,15,14.667,17.0,15
2024-03-01,1,1,2,14,18,12,19,14.667,16.167,19
2024-04-01,1,1,3,15,14,18,24,15.667,15.333,16
2024-05-01,1,1,4,19,15,14,18,16.0,15.333,19
2024-06-01,1,1,5,16,19,15,22,16.667,15.667,17
2024-07-01,1,1,6,19,16,19,17,18.0,16.833,15
2024-08-01,1,1,7,17,19,16,19,17.333,16.667,19
2024-09-01,1,1,8,15,17,19,20,17.0,16.833,13
2024-10-01,1,1,9,19,15,17,19,17.0,17.5,26
2024-11-01,1,1,10,13,19,15,14,15.667,16.5,26
2024-12-01,1,1,11,26,13,19,12,19.333,18.167,16
2025-01-01,1,1,12,26,26,13,18,21.667,19.333,16
2025-02-01,1,1,1,16,26,26,14,22.667,19.167,25
2025-03-01,1,1,2,16,16,26,15,19.333,19.333,21
2025-04-01,1,1,3,25,16,16,19,19.0,20.333,20
2025-05-01,1,1,4,21,25,16,16,20.667,21.667,27
2025-06-01,1,1,5,20,21,25,19,22.0,20.667,24
2025-07-01,1,1,6,27,20,21,17,22.667,20.833,30
2025-08-01,1,1,7,24,27,20,15,23.667,22.167,22
2025-09-01,1,1,8,30,24,27,19,27.0,24.5,20
2025-10-01,1,1,9,22,30,24,13,25.333,24.0,22
2025-11-01,1,1,10,20,22,30,26,24.0,23.833,19
2025-12-01,1,1,11,22,20,22,26,21.333,24.167,19
2023-02-01,2,1,1,14,22,17,10,17.667,16.833,13
2023-03-01,2,1,2,21,14,22,18,19.0,17.5,15
2023-04-01,2,1,3,13,21,14,18,16.0,17.0,27
2023-05-01,2,1,4,15,13,21,9,16.333,17.0,21
2023-06-01,2,1,5,27,15,13,14,18.333,18.667,24
2023-07-01,2,1,6,21,27,15,26,21.0,18.5,21
2023-08-01,2,1,7,24,21,27,17,24.0,20.167,25
2023-09-01,2,1,8,21,24,21,16,22.0,20.167,21
2023-10-01,2,1,9,25,21,24,15,23.333,22.167,15
2023-11-01,2,1,10,21,25,21,17,22.333,23.167,14
2023-12-01,2,1,11,15,21,25,22,20.333,21.167,13
2024-01-01,2,1,12,14,15,21,14,16.667,20.0,17
2024-02-01,2,1,1,13,14,15,21,14.0,18.167,7
2024-03-01,2,1,2,17,13,14,13,14.667,17.5,7
2024-04-01,2,1,3,7,17,13,15,12.333,14.5,19
2024-05-01,2,1,4,7,7,17,27,10.333,12.167,18
2024-06-01,2,1,5,19,7,7,21,11.0,12.833,18
2024-07-01,2,1,6,18,19,7,24,14.667,13.5,14
2024-08-01,2,1,7,18,18,19,21,18.333,14.333,17
2024-09-01,2,1,8,14,18,18,25,16.667,13.833,19
2024-10-01,2,1,9,17,14,18,21,16.333,15.5,26
2024-11-01,2,1,10,19,17,14,15,16.667,17.5,19
2024-12-01,2,1,11,26,19,17,14,20.667,18.667,16
2025-01-01,2,1,12,19,26,19,13,21.333,18.833,19
2025-02-01,2,1,1,16,19,26,17,20.333,18.5,13
2025-03-01,2,1,2,19,16,19,7,18.0,19.333,19
2025-04-01,2,1,3,13,19,16,7,16.0,18.667,16
2025-05-01,2,1,4,19,13,19,19,17.0,18.667,22
2025-06-01,2,1,5,16,19,13,18,16.0,17.0,22
2025-07-01,2,1,6,22,16,19,18,19.0,17.5,26
2025-08-01,2,1,7,22,22,16,14,20.0,18.5,17
2025-09-01,2,1,8,26,22,22,17,23.333,19.667,21
2025-10-01,2,1,9,17,26,22,19,21.667,20.333,19
2025-11-01,2,1,10,21,17,26,26,21.333,20.667,19
2025-12-01,2,1,11,19,21,17,19,19.0,21.167,24
2023-02-01,3,1,1,24,18,22,25,21.333,18.167,17
2023-03-01,3,1,2,20,24,18,15,20.667,19.667,19
2023-04-01,3,1,3,17,20,24,11,20.333,19.667,19
2023-05-01,3,1,4,19,17,20,24,18.667,20.0,14
2023-06-01,3,1,5,19,19,17,17,18.333,19.5,22
2023-07-01,3,1,6,14,19,19,15,17.333,18.833,15
2023-08-01,3,1,7,22,14,19,11,18.333,18.5,22
2023-09-01,3,1,8,15,22,14,17,17.0,17.667,15
2023-10-01,3,1,9,22,15,22,17,19.667,18.5,25
2023-11-01,3,1,10,15,22,15,22,17.333,17.833,16
2023-12-01,3,1,11,25,15,22,18,20.667,18.833,17
2024-01-01,3,1,12,16,25,15,24,18.667,19.167,17
2024-02-01,3,1,1,17,16,25,20,19.333,18.333,19
2024-03-01,3,1,2,17,17,16,17,16.667,18.667,17
2024-04-01,3,1,3,19,17,17,19,17.667,18.167,19
2024-05-01,3,1,4,17,19,17,19,17.667,18.5,19
2024-06-01,3,1,5,19,17,19,14,18.333,17.5,19
2024-07-01,3,1,6,19,19,17,22,18.333,18.0,19
2024-08-01,3,1,7,19,19,19,15,19.0,18.333,24
2024-09-01,3,1,8,19,19,19,22,19.0,18.667,18
2024-10-01,3,1,9,24,19,19,15,20.667,19.5,13
2024-11-01,3,1,10,18,24,19,25,20.333,19.667,20
2024-12-01,3,1,11,13,18,24,16,18.333,18.667,14
2025-01-01,3,1,12,20,13,18,17,17.0,18.833,21
2025-02-01,3,1,1,14,20,13,17,15.667,18.0,15
2025-03-01,3,1,2,21,14,20,19,18.333,18.333,27
2025-04-01,3,1,3,15,21,14,17,16.667,16.833,20
2025-05-01,3,1,4,27,15,21,19,21.0,18.333,18
2025-06-01,3,1,5,20,27,15,19,20.667,19.5,13
2025-07-01,3,1,6,18,20,27,19,21.667,19.167,24
2025-08-01,3,1,7,13,18,20,19,17.0,19.0,20
2025-09-01,3,1,8,24,13,18,24,18.333,19.5,12
2025-10-01,3,1,9,20,24,13,18,19.0,20.333,14
2025-11-01,3,1,10,12,20,24,13,18.667,17.833,16
2025-12-01,3,1,11,14,12,20,20,15.333,16.833,22
2023-02-01,4,1,1,10,16,21,16,15.667,16.0,19
2023-03-01,4,1,2,26,10,16,21,17.333,17.5,13
2023-04-01,4,1,3,19,26,10,26,18.333,18.333,17
2023-05-01,4,1,4,13,19,26,16,19.333,17.5,21
2023-06-01,4,1,5,17,13,19,16,16.333,16.833,19
2023-07-01,4,1,6,21,17,13,17,17.0,17.667,19
2023-08-01,4,1,7,19,21,17,17,19.0,19.167,15
2023-09-01,4,1,8,19,19,21,14,19.667,18.0,18
2023-10-01,4,1,9,15,19,19,18,17.667,17.333,18
2023-11-01,4,1,10,18,15,19,21,17.333,18.167,12
2023-12-01,4,1,11,18,18,15,16,17.0,18.333,14
2024-01-01,4,1,12,12,18,18,10,16.0,16.833,24
2024-02-01,4,1,1,14,12,18,26,14.667,16.0,21
2024-03-01,4,1,2,24,14,12,19,16.667,16.833,19
2024-04-01,4,1,3,21,24,14,13,19.667,17.833,18
2024-05-01,4,1,4,19,21,24,17,21.333,18.0,15
2024-06-01,4,1,5,18,19,21,21,19.333,18.0,25
2024-07-01,4,1,6,15,18,19,19,17.333,18.5,14
2024-08-01,4,1,7,25,15,18,19,19.333,20.333,17
2024-09-01,4,1,8,14,25,15,15,18.0,18.667,14
2024-10-01,4,1,9,17,14,25,18,18.667,18.0,16
2024-11-01,4,1,10,14,17,14,18,15.0,17.167,24
2024-12-01,4,1,11,16,14,17,12,15.667,16.833,11
2025-01-01,4,1,12,24,16,14,14,18.0,18.333,19
2025-02-01,4,1,1,11,24,16,24,17.0,16.0,19
2025-03-01,4,1,2,19,11,24,21,18.0,16.833,15
2025-04-01,4,1,3,19,19,11,19,16.333,17.167,16
2025-05-01,4,1,4,15,19,19,18,17.667,17.333,13
2025-06-01,4,1,5,16,15,19,15,16.667,17.333,17
2025-07-01,4,1,6,13,16,15,25,14.667,15.5,14
2025-08-01,4,1,7,17,13,16,14,15.333,16.5,18
2025-09-01,4,1,8,14,17,13,17,14.667,15.667,13
2025-10-01,4,1,9,18,14,17,14,16.333,15.5,15
2025-11-01,4,1,10,13,18,14,16,15.0,15.167,18
2025-12-01,4,1,11,15,13,18,24,15.333,15.0,17
2023-02-01,5,1,1,24,18,19,23,20.333,21.333,17
2023-03-01,5,1,2,20,24,18,14,20.667,20.5,15
2023-04-01,5,1,3,17,20,24,19,20.333,19.167,15
2023-05-01,5,1,4,15,17,20,17,17.333,18.833,24
2023-06-01,5,1,5,15,15,17,26,15.667,18.167,18
2023-07-01,5,1,6,24,15,15,15,18.0,19.167,17
2023-08-01,5,1,7,18,24,15,25,19.0,18.167,16
2023-09-01,5,1,8,17,18,24,25,19.667,17.667,12
2023-10-01,5,1,9,16,17,18,17,17.0,17.5,15
2023-11-01,5,1,10,12,16,17,19,15.0,17.0,20
2023-12-01,5,1,11,15,12,16,18,14.333,17.0,22
2024-01-01,5,1,12,20,15,12,24,15.667,16.333,18
2024-02-01,5,1,1,22,20,15,20,19.0,17.0,20
2024-03-01,5,1,2,18,22,20,17,20.0,17.167,27
2024-04-01,5,1,3,20,18,22,15,20.0,17.833,12
2024-05-01,5,1,4,27,20,18,15,21.667,20.333,24
2024-06-01,5,1,5,12,27,20,24,19.667,19.833,25
2024-07-01,5,1,6,24,12,27,18,21.0,20.5,16
2024-08-01,5,1,7,25,24,12,17,20.333,21.0,12
2024-09-01,5,1,8,16,25,24,16,21.667,20.667,15
2024-10-01,5,1,9,12,16,25,12,17.667,19.333,20
2024-11-01,5,1,10,15,12,16,15,14.333,17.333,13
2024-12-01,5,1,11,20,15,12,20,15.667,18.667,18
2025-01-01,5,1,12,13,20,15,22,16.0,16.833,25
2025-02-01,5,1,1,18,13,20,18,17.0,15.667,13
2025-03-01,5,1,2,25,18,13,20,18.667,17.167,17
2025-04-01,5,1,3,13,25,18,27,18.667,17.333,14
2025-05-01,5,1,4,17,13,25,12,18.333,17.667,27
2025-06-01,5,1,5,14,17,13,24,14.667,16.667,25
2025-07-01,5,1,6,27,14,17,25,19.333,19.0,23
2025-08-01,5,1,7,25,27,14,16,22.0,20.167,23
2025-09-01,5,1,8,23,25,27,12,25.0,19.833,23
2025-10-01,5,1,9,23,23,25,15,23.667,21.5,13
2025-11-01,5,1,10,23,23,23,20,23.0,22.5,23
2025-12-01,5,1,11,13,23,23,13,19.667,22.333,17
2023-02-01,6,1,1,11,18,27,14,18.667,17.0,14
2023-03-01,6,1,2,11,11,18,18,13.333,15.5,18
2023-04-01,6,1,3,14,11,11,11,12.0,15.167,17
2023-05-01,6,1,4,18,14,11,21,14.333,16.5,11
2023-06-01,6,1,5,17,18,14,14,16.333,14.833,16
2023-07-01,6,1,6,11,17,18,25,15.333,13.667,14
2023-08-01,6,1,7,16,11,17,20,14.667,14.5,14
2023-09-01,6,1,8,14,16,11,16,13.667,15.0,18
2023-10-01,6,1,9,14,14,16,10,14.667,15.0,24
2023-11-01,6,1,10,18,14,14,27,15.333,15.0,20
2023-12-01,6,1,11,24,18,14,18,18.667,16.167,27
2024-01-01,6,1,12,20,24,18,11,20.667,17.667,18
2024-02-01,6,1,1,27,20,24,11,23.667,19.5,23
2024-03-01,6,1,2,18,27,20,14,21.667,20.167,21
2024-04-01,6,1,3,23,18,27,18,22.667,21.667,15
2024-05-01,6,1,4,21,23,18,17,20.667,22.167,31
2024-06-01,6,1,5,15,21,23,11,19.667,20.667,17
2024-07-01,6,1,6,31,15,21,16,22.333,22.5,22
2024-08-01,6,1,7,17,31,15,14,21.0,20.833,21
2024-09-01,6,1,8,22,17,31,14,23.333,21.5,17
2024-10-01,6,1,9,21,22,17,18,20.0,21.167,21
2024-11-01,6,1,10,17,21,22,24,20.0,20.5,14
2024-12-01,6,1,11,21,17,21,20,19.667,21.5,17
2025-01-01,6,1,12,14,21,17,27,17.333,18.667,16
2025-02-01,6,1,1,17,14,21,18,17.333,18.667,15
2025-03-01,6,1,2,16,17,14,23,15.667,17.667,16
2025-04-01,6,1,3,15,16,17,21,16.0,16.667,17
2025-05-01,6,1,4,16,15,16,15,15.667,16.5,10
2025-06-01,6,1,5,17,16,15,31,16.0,15.833,22
2025-07-01,6,1,6,10,17,16,17,14.333,15.167,11
2025-08-01,6,1,7,22,10,17,22,16.333,16.0,23
2025-09-01,6,1,8,11,22,10,21,14.333,15.167,18
2025-10-01,6,1,9,23,11,22,17,18.667,16.5,24
2025-11-01,6,1,10,18,23,11,21,17.333,16.833,31
2025-12-01,6,1,11,24,18,23,14,21.667,18.0,20
2023-02-01,7,1,1,17,22,17,19,18.667,19.0,20
2023-03-01,7,1,2,26,17,22,14,21.667,21.0,19
2023-04-01,7,1,3,20,26,17,20,21.0,21.167,22
2023-05-01,7,1,4,19,20,26,21,21.667,20.167,20
2023-06-01,7,1,5,22,19,20,14,20.333,21.0,24
2023-07-01,7,1,6,20,22,19,16,20.333,20.667,27
2023-08-01,7,1,7,24,20,22,14,22.0,21.833,18
2023-09-01,7,1,8,27,24,20,19,23.667,22.0,17
2023-10-01,7,1,9,18,27,24,25,23.0,21.667,19
2023-11-01,7,1,10,17,18,27,17,20.667,21.333,28
2023-12-01,7,1,11,19,17,18,22,18.0,20.833,14
2024-01-01,7,1,12,28,19,17,17,21.333,22.167,21
2024-02-01,7,1,1,14,28,19,26,20.333,20.5,20
2024-03-01,7,1,2,21,14,28,20,21.0,19.5,20
2024-04-01,7,1,3,20,21,14,19,18.333,19.833,20
2024-05-01,7,1,4,20,20,21,22,20.333,20.333,17
2024-06-01,7,1,5,20,20,20,20,20.0,20.5,13
2024-07-01,7,1,6,17,20,20,24,19.0,18.667,25
2024-08-01,7,1,7,13,17,20,27,16.667,18.5,19
2024-09-01,7,1,8,25,13,17,18,18.333,19.167,24
2024-10-01,7,1,9,19,25,13,17,19.0,19.0,22
2024-11-01,7,1,10,24,19,25,19,22.667,19.667,13
2024-12-01,7,1,11,22,24,19,28,21.667,20.0,15
2025-01-01,7,1,12,13,22,24,14,19.667,19.333,18
2025-02-01,7,1,1,15,13,22,21,16.667,19.667,12
2025-03-01,7,1,2,18,15,13,20,15.333,18.5,23
2025-04-01,7,1,3,12,18,15,20,15.0,17.333,17
2025-05-01,7,1,4,23,12,18,20,17.667,17.167,17
2025-06-01,7,1,5,17,23,12,17,17.333,16.333,15
2025-07-01,7,1,6,17,17,23,13,19.0,17.0,9
2025-08-01,7,1,7,15,17,17,25,16.333,17.0,20
2025-09-01,7,1,8,9,15,17,19,13.667,15.5,18
2025-10-01,7,1,9,20,9,15,24,14.667,16.833,21
2025-11-01,7,1,10,18,20,9,22,15.667,16.0,20
2025-12-01,7,1,11,21,18,20,13,19.667,16.667,21
2023-02-01,8,1,1,17,28,18,25,21.0,18.333,15
2023-03-01,8,1,2,16,17,28,17,20.333,18.5,19
2023-04-01,8,1,3,15,16,17,23,16.0,17.667,27
2023-05-01,8,1,4,19,15,16,25,16.667,18.833,17
2023-06-01,8,1,5,27,19,15,23,20.333,20.333,18
2023-07-01,8,1,6,17,27,19,23,21.0,18.5,23
2023-08-01,8,1,7,18,17,27,15,20.667,18.667,15
2023-09-01,8,1,8,23,18,17,20,19.333,19.833,16
2023-10-01,8,1,9,15,23,18,12,18.667,19.833,23
2023-11-01,8,1,10,16,15,23,18,18.0,19.333,19
2023-12-01,8,1,11,23,16,15,28,18.0,18.667,28
2024-01-01,8,1,12,19,23,16,17,19.333,19.0,24
2024-02-01,8,1,1,28,19,23,16,23.333,20.667,33
2024-03-01,8,1,2,24,28,19,15,23.667,20.833,20
2024-04-01,8,1,3,33,24,28,19,28.333,23.833,17
2024-05-01,8,1,4,20,33,24,27,25.667,24.5,18
2024-06-01,8,1,5,17,20,33,17,23.333,23.5,17
2024-07-01,8,1,6,18,17,20,18,18.333,23.333,17
2024-08-01,8,1,7,17,18,17,23,17.333,21.5,20
2024-09-01,8,1,8,17,17,18,15,17.333,20.333,18
2024-10-01,8,1,9,20,17,17,16,18.0,18.167,22
2024-11-01,8,1,10,18,20,17,23,18.333,17.833,24
2024-12-01,8,1,11,22,18,20,19,20.0,18.667,18
2025-01-01,8,1,12,24,22,18,28,21.333,19.667,14
2025-02-01,8,1,1,18,24,22,24,21.333,19.833,16
2025-03-01,8,1,2,14,18,24,33,18.667,19.333,15
2025-04-01,8,1,3,16,14,18,20,16.0,18.667,21
2025-05-01,8,1,4,15,16,14,17,15.0,18.167,20
2025-06-01,8,1,5,21,15,16,18,17.333,18.0,18
2025-07-01,8,1,6,20,21,15,17,18.667,17.333,21
2025-08-01,8,1,7,18,20,21,17,19.667,17.333,25
2025-09-01,8,1,8,21,18,20,20,19.667,18.5,22
2025-10-01,8,1,9,25,21,18,18,21.333,20.0,23
2025-11-01,8,1,10,22,25,21,22,22.667,21.167,14
2025-12-01,8,1,11,23,22,25,24,23.333,21.5,21
2023-02-01,9,1,1,16,11,19,24,15.333,16.0,19
2023-03-01,9,1,2,26,16,11,17,17.667,17.333,17
2023-04-01,9,1,3,19,26,16,20,20.333,19.0,23
2023-05-01,9,1,4,17,19,26,29,20.667,18.0,17
2023-06-01,9,1,5,23,17,19,20,19.667,18.667,17
2023-07-01,9,1,6,17,23,17,18,19.0,19.667,18
2023-08-01,9,1,7,17,17,23,18,19.0,19.833,14
2023-09-01,9,1,8,18,17,17,9,17.333,18.5,16
2023-10-01,9,1,9,14,18,17,23,16.333,17.667,13
2023-11-01,9,1,10,16,14,18,19,16.0,17.5,24
2023-12-01,9,1,11,13,16,14,11,14.333,15.833,24
2024-01-01,9,1,12,24,13,16,16,17.667,17.0,20
2024-02-01,9,1,1,24,24,13,26,20.333,18.167,21
2024-03-01,9,1,2,20,24,24,19,22.667,18.5,21
2024-04-01,9,1,3,21,20,24,17,21.667,19.667,27
2024-05-01,9,1,4,21,21,20,23,20.667,20.5,10
2024-06-01,9,1,5,27,21,21,17,23.0,22.833,11
2024-07-01,9,1,6,10,27,21,17,19.333,20.5,17
2024-08-01,9,1,7,11,10,27,18,16.0,18.333,23
2024-09-01,9,1,8,17,11,10,14,12.667,17.833,12
2024-10-01,9,1,9,23,17,11,16,17.0,18.167,21
2024-11-01,9,1,10,12,23,17,13,17.333,16.667,16
2024-12-01,9,1,11,21,12,23,24,18.667,15.667,24
2025-01-01,9,1,12,16,21,12,24,16.333,16.667,17
2025-02-01,9,1,1,24,16,21,20,20.333,18.833,18
2025-03-01,9,1,2,17,24,16,21,19.0,18.833,16
2025-04-01,9,1,3,18,17,24,21,19.667,18.0,18
2025-05-01,9,1,4,16,18,17,27,17.0,18.667,11
2025-06-01,9,1,5,18,16,18,10,17.333,18.167,17
2025-07-01,9,1,6,11,18,16,11,15.0,17.333,22
2025-08-01,9,1,7,17,11,18,17,15.333,16.167,24
2025-09-01,9,1,8,22,17,11,23,16.667,17.0,16
2025-10-01,9,1,9,24,22,17,12,21.0,18.0,13
2025-11-01,9,1,10,16,24,22,21,20.667,18.0,30
2025-12-01,9,1,11,13,16,24,16,17.667,17.167,24
2023-02-01,10,1,1,15,21,20,11,18.667,19.833,14
2023-03-01,10,1,2,18,15,21,13,18.0,20.333,20
2023-04-01,10,1,3,14,18,15,15,15.667,19.333,14
2023-05-01,10,1,4,20,14,18,12,17.333,18.0,24
2023-06-01,10,1,5,14,20,14,23,16.0,17.0,27
2023-07-01,10,1,6,24,14,20,18,19.333,17.5,17
2023-08-01,10,1,7,27,24,14,15,21.667,19.5,8
2023-09-01,10,1,8,17,27,24,20,22.667,19.333,8
2023-10-01,10,1,9,8,17,27,28,17.333,18.333,16
2023-11-01,10,1,10,8,8,17,20,11.0,16.333,19
2023-12-01,10,1,11,16,8,8,21,10.667,16.667,24
2024-01-01,10,1,12,19,16,8,15,14.333,15.833,31
2024-02-01,10,1,1,24,19,16,18,19.667,15.333,14
2024-03-01,10,1,2,31,24,19,14,24.667,17.667,23
2024-04-01,10,1,3,14,31,24,20,23.0,18.667,23
2024-05-01,10,1,4,23,14,31,14,22.667,21.167,14
2024-06-01,10,1,5,23,23,14,24,20.0,22.333,16
2024-07-01,10,1,6,14,23,23,27,20.0,21.5,14
2024-08-01,10,1,7,16,14,23,17,17.667,20.167,16
2024-09-01,10,1,8,14,16,14,8,14.667,17.333,27
2024-10-01,10,1,9,16,14,16,8,15.333,17.667,14
2024-11-01,10,1,10,27,16,14,16,19.0,18.333,17
2024-12-01,10,1,11,14,27,16,19,19.0,16.833,18
2025-01-01,10,1,12,17,14,27,24,19.333,17.333,21
2025-02-01,10,1,1,18,17,14,31,16.333,17.667,12
2025-03-01,10,1,2,21,18,17,14,18.667,18.833,24
2025-04-01,10,1,3,12,21,18,23,17.0,18.167,32
2025-05-01,10,1,4,24,12,21,23,19.0,17.667,16
2025-06-01,10,1,5,32,24,12,14,22.667,20.667,21
2025-07-01,10,1,6,16,32,24,16,24.0,20.5,14
2025-08-01,10,1,7,21,16,32,14,23.0,21.0,16
2025-09-01,10,1,8,14,21,16,16,17.0,19.833,19
2025-10-01,10,1,9,16,14,21,27,17.0,20.5,25
2025-11-01,10,1,10,19,16,14,14,16.333,19.667,18
2025-12-01,10,1,11,25,19,16,17,20.0,18.5,20
2023-02-01,11,1,1,13,18,25,15,18.667,19.5,12
2023-03-01,11,1,2,16,13,18,9,15.667,17.167,17
2023-04-01,11,1,3,12,16,13,23,13.667,16.167,21
2023-05-01,11,1,4,17,12,16,20,15.0,16.833,20
2023-06-01,11,1,5,21,17,12,18,16.667,16.167,19
2023-07-01,11,1,6,20,21,17,12,19.333,16.5,35
2023-08-01,11,1,7,19,20,21,30,20.0,17.5,20
2023-09-01,11,1,8,35,19,20,18,24.667,20.667,22
2023-10-01,11,1,9,20,35,19,13,24.667,22.0,20
2023-11-01,11,1,10,22,20,35,25,25.667,22.833,8
2023-12-01,11,1,11,20,22,20,18,20.667,22.667,16
2024-01-01,11,1,12,8,20,22,13,16.667,20.667,21
2024-02-01,11,1,1,16,8,20,16,14.667,20.167,13
2024-03-01,11,1,2,21,16,8,12,15.0,17.833,24
2024-04-01,11,1,3,13,21,16,17,16.667,16.667,21
2024-05-01,11,1,4,24,13,21,21,19.333,17.0,22
2024-06-01,11,1,5,21,24,13,20,19.333,17.167,21
2024-07-01,11,1,6,22,21,24,19,22.333,19.5,21
2024-08-01,11,1,7,21,22,21,35,21.333,20.333,14
2024-09-01,11,1,8,21,21,22,20,21.333,20.333,20
2024-10-01,11,1,9,14,21,21,22,18.667,20.5,18
2024-11-01,11,1,10,20,14,21,20,18.333,19.833,17
2024-12-01,11,1,11,18,20,14,8,17.333,19.333,18
2025-01-01,11,1,12,17,18,20,16,18.333,18.5,17
2025-02-01,11,1,1,18,17,18,21,17.667,18.0,21
2025-03-01,11,1,2,17,18,17,13,17.333,17.333,31
2025-04-01,11,1,3,21,17,18,24,18.667,18.5,12
2025-05-01,11,1,4,31,21,17,21,23.0,20.333,24
2025-06-01,11,1,5,12,31,21,22,21.333,19.333,16
2025-07-01,11,1,6,24,12,31,21,22.333,20.5,15
2025-08-01,11,1,7,16,24,12,21,17.333,20.167,19
2025-09-01,11,1,8,15,16,24,14,18.333,19.833,16
2025-10-01,11,1,9,19,15,16,20,16.667,19.5,17
2025-11-01,11,1,10,16,19,15,18,16.667,17.0,28
2025-12-01,11,1,11,17,16,19,17,17.333,17.833,19
2023-02-01,12,1,1,19,15,13,14,15.667,19.5,13
2023-03-01,12,1,2,15,19,15,17,16.333,17.833,17
2023-04-01,12,1,3,13,15,19,19,15.667,17.167,19
2023-05-01,12,1,4,17,13,15,15,15.0,15.333,17
2023-06-01,12,1,5,19,17,13,14,16.333,16.333,18
2023-07-01,12,1,6,17,19,17,21,17.667,16.667,20
2023-08-01,12,1,7,18,17,19,25,18.0,16.5,16
2023-09-01,12,1,8,20,18,17,17,18.333,17.333,18
2023-10-01,12,1,9,16,20,18,28,18.0,17.833,14
2023-11-01,12,1,10,18,16,20,13,18.0,18.0,22
2023-12-01,12,1,11,14,18,16,15,16.0,17.167,28
2024-01-01,12,1,12,22,14,18,19,18.0,18.0,18
2024-02-01,12,1,1,28,22,14,15,21.333,19.667,16
2024-03-01,12,1,2,18,28,22,13,22.667,19.333,19
2024-04-01,12,1,3,16,18,28,17,20.667,19.333,17
2024-05-01,12,1,4,19,16,18,19,17.667,19.5,19
2024-06-01,12,1,5,17,19,16,17,17.333,20.0,20
2024-07-01,12,1,6,19,17,19,18,18.333,19.5,21
2024-08-01,12,1,7,20,19,17,20,18.667,18.167,15
2024-09-01,12,1,8,21,20,19,16,20.0,18.667,21
2024-10-01,12,1,9,15,21,20,18,18.667,18.5,24
2024-11-01,12,1,10,21,15,21,14,19.0,18.833,17
2024-12-01,12,1,11,24,21,15,22,20.0,20.0,15
2025-01-01,12,1,12,17,24,21,28,20.667,19.667,18
2025-02-01,12,1,1,15,17,24,18,18.667,18.833,8
2025-03-01,12,1,2,18,15,17,16,16.667,18.333,19
2025-04-01,12,1,3,8,18,15,19,13.667,17.167,21
2025-05-01,12,1,4,19,8,18,17,15.0,16.833,19
2025-06-01,12,1,5,21,19,8,19,16.0,16.333,19
2025-07-01,12,1,6,19,21,19,20,19.667,16.667,23
2025-08-01,12,1,7,19,19,21,21,19.667,17.333,20
2025-09-01,12,1,8,23,19,19,15,20.333,18.167,16
2025-10-01,12,1,9,20,23,19,21,20.667,20.167,17
2025-11-01,12,1,10,16,20,23,24,19.667,19.667,20
2025-12-01,12,1,11,17,16,20,17,17.667,19.0,22
2023-02-01,13,1,1,20,20,22,20,20.667,18.5,11
2023-03-01,13,1,2,19,20,20,29,19.667,20.0,17
2023-04-01,13,1,3,11,19,20,14,16.667,19.0,11
2023-05-01,13,1,4,17,11,19,31,15.667,18.167,15
2023-06-01,13,1,5,11,17,11,15,13.0,16.333,20
2023-07-01,13,1,6,15,11,17,17,14.333,15.5,24
2023-08-01,13,1,7,20,15,11,10,15.333,15.5,15
2023-09-01,13,1,8,24,20,15,17,19.667,16.333,20
2023-10-01,13,1,9,15,24,20,22,19.667,17.0,17
2023-11-01,13,1,10,20,15,24,22,19.667,17.5,15
2023-12-01,13,1,11,17,20,15,20,17.333,18.5,26
2024-01-01,13,1,12,15,17,20,20,17.333,18.5,19
2024-02-01,13,1,1,26,15,17,19,19.333,19.5,21
2024-03-01,13,1,2,19,26,15,11,20.0,18.667,17
2024-04-01,13,1,3,21,19,26,17,22.0,19.667,11
2024-05-01,13,1,4,17,21,19,11,19.0,19.167,22
2024-06-01,13,1,5,11,17,21,15,16.333,18.167,23
2024-07-01,13,1,6,22,11,17,20,16.667,19.333,20
2024-08-01,13,1,7,23,22,11,24,18.667,18.833,13
2024-09-01,13,1,8,20,23,22,15,21.667,19.0,18
2024-10-01,13,1,9,13,20,23,20,18.667,17.667,20
2024-11-01,13,1,10,18,13,20,17,17.0,17.833,8
2024-12-01,13,1,11,20,18,13,15,17.0,19.333,13
2025-01-01,13,1,12,8,20,18,26,15.333,17.0,19
2025-02-01,13,1,1,13,8,20,19,13.667,15.333,12
2025-03-01,13,1,2,19,13,8,21,13.333,15.167,22
2025-04-01,13,1,3,12,19,13,17,14.667,15.0,21
2025-05-01,13,1,4,22,12,19,11,17.667,15.667,18
2025-06-01,13,1,5,21,22,12,22,18.333,15.833,20
2025-07-01,13,1,6,18,21,22,23,20.333,17.5,24
2025-08-01,13,1,7,20,18,21,20,19.667,18.667,19
2025-09-01,13,1,8,24,20,18,13,20.667,19.5,15
2025-10-01,13,1,9,19,24,20,18,21.0,20.667,22
2025-11-01,13,1,10,15,19,24,20,19.333,19.5,19
2025-12-01,13,1,11,22,15,19,8,18.667,19.667,16
2023-02-01,14,1,1,17,22,19,25,19.333,16.0,29
2023-03-01,14,1,2,16,17,22,11,18.333,16.667,18
2023-04-01,14,1,3,29,16,17,17,20.667,18.833,22
2023-05-01,14,1,4,18,29,16,18,21.0,20.167,19
2023-06-01,14,1,5,22,18,29,13,23.0,20.667,15
2023-07-01,14,1,6,19,22,18,27,19.667,20.167,23
2023-08-01,14,1,7,15,19,22,12,18.667,19.833,22
2023-09-01,14,1,8,23,15,19,16,19.0,21.0,23
2023-10-01,14,1,9,22,23,15,10,20.0,19.833,12
2023-11-01,14,1,10,23,22,23,19,22.667,20.667,24
2023-12-01,14,1,11,12,23,22,22,19.0,19.0,18
2024-01-01,14,1,12,24,12,23,17,19.667,19.833,20
2024-02-01,14,1,1,18,24,12,16,18.0,20.333,22
2024-03-01,14,1,2,20,18,24,29,20.667,19.833,15
2024-04-01,14,1,3,22,20,18,18,20.0,19.833,22
2024-05-01,14,1,4,15,22,20,22,19.0,18.5,22
2024-06-01,14,1,5,22,15,22,19,19.667,20.167,19
2024-07-01,14,1,6,22,22,15,15,19.667,19.833,14
2024-08-01,14,1,7,19,22,22,23,21.0,20.0,12
2024-09-01,14,1,8,14,19,22,22,18.333,19.0,17
2024-10-01,14,1,9,12,14,19,23,15.0,17.333,19
2024-11-01,14,1,10,17,12,14,12,14.333,17.667,11
2024-12-01,14,1,11,19,17,12,24,16.0,17.167,13
2025-01-01,14,1,12,11,19,17,18,15.667,15.333,20
2025-02-01,14,1,1,13,11,19,20,14.333,14.333,15
2025-03-01,14,1,2,20,13,11,22,14.667,15.333,24
2025-04-01,14,1,3,15,20,13,15,16.0,15.833,25
2025-05-01,14,1,4,24,15,20,22,19.667,17.0,13
2025-06-01,14,1,5,25,24,15,22,21.333,18.0,12
2025-07-01,14,1,6,13,25,24,19,20.667,18.333,11
2025-08-01,14,1,7,12,13,25,14,16.667,18.167,21
2025-09-01,14,1,8,11,12,13,12,12.0,16.667,16
2025-10-01,14,1,9,21,11,12,17,14.667,17.667,23
2025-11-01,14,1,10,16,21,11,19,16.0,16.333,10
2025-12-01,14,1,11,23,16,21,11,20.0,16.0,13
2023-02-01,15,1,1,15,15,11,22,13.667,18.167,16
2023-03-01,15,1,2,17,15,15,8,15.667,17.167,18
2023-04-01,15,1,3,16,17,15,23,16.0,16.5,23
2023-05-01,15,1,4,18,16,17,20,17.0,15.333,30
2023-06-01,15,1,5,23,18,16,24,19.0,17.333,13
2023-07-01,15,1,6,30,23,18,25,23.667,19.833,22
2023-08-01,15,1,7,13,30,23,23,22.0,19.5,17
2023-09-01,15,1,8,22,13,30,20,21.667,20.333,23
2023-10-01,15,1,9,17,22,13,25,17.333,20.5,21
2023-11-01,15,1,10,23,17,22,11,20.667,21.333,20
2023-12-01,15,1,11,21,23,17,15,20.333,21.0,17
2024-01-01,15,1,12,20,21,23,15,21.333,19.333,15
2024-02-01,15,1,1,17,20,21,17,19.333,20.0,17
2024-03-01,15,1,2,15,17,20,16,17.333,18.833,15
2024-04-01,15,1,3,17,15,17,18,16.333,18.833,14
2024-05-01,15,1,4,15,17,15,23,15.667,17.5,11
2024-06-01,15,1,5,14,15,17,30,15.333,16.333,21
2024-07-01,15,1,6,11,14,15,13,13.333,14.833,16
2024-08-01,15,1,7,21,11,14,22,15.333,15.5,15
2024-09-01,15,1,8,16,21,11,17,16.0,15.667,21
2024-10-01,15,1,9,15,16,21,23,17.333,15.333,25
2024-11-01,15,1,10,21,15,16,21,17.333,16.333,15
2024-12-01,15,1,11,25,21,15,20,20.333,18.167,15
2025-01-01,15,1,12,15,25,21,17,20.333,18.833,17
2025-02-01,15,1,1,15,15,25,15,18.333,17.833,16
2025-03-01,15,1,2,17,15,15,17,15.667,18.0,20
2025-04-01,15,1,3,16,17,15,15,16.0,18.167,16
2025-05-01,15,1,4,20,16,17,14,17.667,18.0,8
2025-06-01,15,1,5,16,20,16,11,17.333,16.5,15
2025-07-01,15,1,6,8,16,20,21,14.667,15.333,11
2025-08-01,15,1,7,15,8,16,16,13.0,15.333,21
2025-09-01,15,1,8,11,15,8,15,11.333,14.333,22
2025-10-01,15,1,9,21,11,15,21,15.667,15.167,15
2025-11-01,15,1,10,22,21,11,25,18.0,15.5,17
2025-12-01,15,1,11,15,22,21,15,19.333,15.333,15
2023-02-01,16,1,1,11,13,18,22,14.0,15.667,17
2023-03-01,16,1,2,21,11,13,20,15.0,15.833,25
2023-04-01,16,1,3,17,21,11,16,16.333,15.5,18
2023-05-01,16,1,4,25,17,21,17,21.0,17.5,16
2023-06-01,16,1,5,18,25,17,17,20.0,17.5,18
2023-07-01,16,1,6,16,18,25,20,19.667,18.0,18
2023-08-01,16,1,7,18,16,18,20,17.333,19.167,22
2023-09-01,16,1,8,18,18,16,19,17.333,18.667,16
2023-10-01,16,1,9,22,18,18,13,19.333,19.5,19
2023-11-01,16,1,10,16,22,18,18,18.667,18.0,21
2023-12-01,16,1,11,19,16,22,13,19.0,18.167,14
2024-01-01,16,1,12,21,19,16,11,18.667,19.0,17
2024-02-01,16,1,1,14,21,19,21,18.0,18.333,16
2024-03-01,16,1,2,17,14,21,17,17.333,18.167,24
2024-04-01,16,1,3,16,17,14,25,15.667,17.167,17
2024-05-01,16,1,4,24,16,17,18,19.0,18.5,19
2024-06-01,16,1,5,17,24,16,16,19.0,18.167,13
2024-07-01,16,1,6,19,17,24,18,20.0,17.833,16
2024-08-01,16,1,7,13,19,17,18,16.333,17.667,17
2024-09-01,16,1,8,16,13,19,22,16.0,17.5,17
2024-10-01,16,1,9,17,16,13,16,15.333,17.667,26
2024-11-01,16,1,10,17,17,16,19,16.667,16.5,15
2024-12-01,16,1,11,26,17,17,21,20.0,18.0,20
2025-01-01,16,1,12,15,26,17,14,19.333,17.333,21
2025-02-01,16,1,1,20,15,26,17,20.333,18.5,17
2025-03-01,16,1,2,21,20,15,16,18.667,19.333,21
2025-04-01,16,1,3,17,21,20,24,19.333,19.333,24
2025-05-01,16,1,4,21,17,21,17,19.667,20.0,20
2025-06-01,16,1,5,24,21,17,19,20.667,19.667,11
2025-07-01,16,1,6,20,24,21,13,21.667,20.5,27
2025-08-01,16,1,7,11,20,24,16,18.333,19.0,21
2025-09-01,16,1,8,27,11,20,17,19.333,20.0,11
2025-10-01,16,1,9,21,27,11,17,19.667,20.667,14
2025-11-01,16,1,10,11,21,27,26,19.667,19.0,20
2025-12-01,16,1,11,14,11,21,15,15.333,17.333,19
2023-02-01,17,1,1,18,19,15,20,17.333,20.667,14
2023-03-01,17,1,2,22,18,19,12,19.667,20.667,26
2023-04-01,17,1,3,14,22,18,15,18.0,18.167,28
2023-05-01,17,1,4,26,14,22,19,20.667,19.0,18
2023-06-01,17,1,5,28,26,14,15,22.667,21.167,19
2023-07-01,17,1,6,18,28,26,18,24.0,21.0,20
2023-08-01,17,1,7,19,18,28,22,21.667,21.167,21
2023-09-01,17,1,8,20,19,18,29,19.0,20.833,17
2023-10-01,17,1,9,21,20,19,21,20.0,22.0,15
2023-11-01,17,1,10,17,21,20,15,19.333,20.5,19
2023-12-01,17,1,11,15,17,21,19,17.667,18.333,21
2024-01-01,17,1,12,19,15,17,18,17.0,18.5,12
2024-02-01,17,1,1,21,19,15,22,18.333,18.833,19
2024-03-01,17,1,2,12,21,19,14,17.333,17.5,18
2024-04-01,17,1,3,19,12,21,26,17.333,17.167,17
2024-05-01,17,1,4,18,19,12,28,16.333,17.333,17
2024-06-01,17,1,5,17,18,19,18,18.0,17.667,26
2024-07-01,17,1,6,17,17,18,19,17.333,17.333,19
2024-08-01,17,1,7,26,17,17,20,20.0,18.167,15
2024-09-01,17,1,8,19,26,17,21,20.667,19.333,25
2024-10-01,17,1,9,15,19,26,17,20.0,18.667,15
2024-11-01,17,1,10,25,15,19,15,19.667,19.833,16
2024-12-01,17,1,11,15,25,15,19,18.333,19.5,23
2025-01-01,17,1,12,16,15,25,21,18.667,19.333,20
2025-02-01,17,1,1,23,16,15,12,18.0,18.833,18
2025-03-01,17,1,2,20,23,16,19,19.667,19.0,30
2025-04-01,17,1,3,18,20,23,18,20.333,19.5,19
2025-05-01,17,1,4,30,18,20,17,22.667,20.333,24
2025-06-01,17,1,5,19,30,18,17,22.333,21.0,17
2025-07-01,17,1,6,24,19,30,26,24.333,22.333,21
2025-08-01,17,1,7,17,24,19,19,20.0,21.333,21
2025-09-01,17,1,8,21,17,24,15,20.667,21.5,18
2025-10-01,17,1,9,21,21,17,25,19.667,22.0,19
2025-11-01,17,1,10,18,21,21,15,20.0,20.0,19
2025-12-01,17,1,11,19,18,21,16,19.333,20.0,17
2023-02-01,18,1,1,16,21,14,21,17.0,15.167,11
2023-03-01,18,1,2,22,16,21,10,19.667,17.333,15
2023-04-01,18,1,3,11,22,16,15,16.333,16.667,23
2023-05-01,18,1,4,15,11,22,26,16.0,16.5,19
2023-06-01,18,1,5,23,15,11,22,16.333,18.0,21
2023-07-01,18,1,6,19,23,15,19,19.0,17.667,23
2023-08-01,18,1,7,21,19,23,9,21.0,18.5,20
2023-09-01,18,1,8,23,21,19,15,21.0,18.667,24
2023-10-01,18,1,9,20,23,21,16,21.333,20.167,17
2023-11-01,18,1,10,24,20,23,14,22.333,21.667,14
2023-12-01,18,1,11,17,24,20,21,20.333,20.667,22
2024-01-01,18,1,12,14,17,24,16,18.333,19.833,21
2024-02-01,18,1,1,22,14,17,22,17.667,20.0,16
2024-03-01,18,1,2,21,22,14,11,19.0,19.667,23
2024-04-01,18,1,3,16,21,22,15,19.667,19.0,23
2024-05-01,18,1,4,23,16,21,23,20.0,18.833,22
2024-06-01,18,1,5,23,23,16,19,20.667,19.833,11
2024-07-01,18,1,6,22,23,23,21,22.667,21.167,14
2024-08-01,18,1,7,11,22,23,23,18.667,19.333,18
2024-09-01,18,1,8,14,11,22,20,15.667,18.167,23
2024-10-01,18,1,9,18,14,11,24,14.333,18.5,19
2024-11-01,18,1,10,23,18,14,17,18.333,18.5,13
2024-12-01,18,1,11,19,23,18,14,20.0,17.833,17
2025-01-01,18,1,12,13,19,23,22,18.333,16.333,23
2025-02-01,18,1,1,17,13,19,21,16.333,17.333,21
2025-03-01,18,1,2,23,17,13,16,17.667,18.833,33
2025-04-01,18,1,3,21,23,17,23,20.333,19.333,17
2025-05-01,18,1,4,33,21,23,23,25.667,21.0,25
2025-06-01,18,1,5,17,33,21,22,23.667,20.667,22
2025-07-01,18,1,6,25,17,33,11,25.0,22.667,22
2025-08-01,18,1,7,22,25,17,14,21.333,23.5,20
2025-09-01,18,1,8,22,22,25,18,23.0,23.333,10
2025-10-01,18,1,9,20,22,22,23,21.333,23.167,19
2025-11-01,18,1,10,10,20,22,19,17.333,19.333,14
2025-12-01,18,1,11,19,10,20,13,16.333,19.667,17
2023-02-01,19,1,1,21,23,17,15,20.333,20.667,17
2023-03-01,19,1,2,19,21,23,12,21.0,20.667,21
2023-04-01,19,1,3,17,19,21,22,19.0,19.667,11
2023-05-01,19,1,4,21,17,19,15,19.0,19.667,25
2023-06-01,19,1,5,11,21,17,13,16.333,18.667,22
2023-07-01,19,1,6,25,11,21,8,19.0,19.0,11
2023-08-01,19,1,7,22,25,11,19,19.333,19.167,22
2023-09-01,19,1,8,11,22,25,23,19.333,17.833,17
2023-10-01,19,1,9,22,11,22,21,18.333,18.667,20
2023-11-01,19,1,10,17,22,11,17,16.667,18.0,17
2023-12-01,19,1,11,20,17,22,23,19.667,19.5,20
2024-01-01,19,1,12,17,20,17,21,18.0,18.167,18
2024-02-01,19,1,1,20,17,20,19,19.0,17.833,14
2024-03-01,19,1,2,18,20,17,17,18.333,19.0,28
2024-04-01,19,1,3,14,18,20,21,17.333,17.667,27
2024-05-01,19,1,4,28,14,18,11,20.0,19.5,25
2024-06-01,19,1,5,27,28,14,25,23.0,20.667,24
2024-07-01,19,1,6,25,27,28,22,26.667,22.0,21
2024-08-01,19,1,7,24,25,27,11,25.333,22.667,18
2024-09-01,19,1,8,21,24,25,22,23.333,23.167,17
2024-10-01,19,1,9,18,21,24,17,21.0,23.833,14
2024-11-01,19,1,10,17,18,21,20,18.667,22.0,23
2024-12-01,19,1,11,14,17,18,17,16.333,19.833,8
2025-01-01,19,1,12,23,14,17,20,18.0,19.5,19
2025-02-01,19,1,1,8,23,14,18,15.0,16.833,20
2025-03-01,19,1,2,19,8,23,14,16.667,16.5,28
2025-04-01,19,1,3,20,19,8,28,15.667,16.833,23
2025-05-01,19,1,4,28,20,19,27,22.333,18.667,13
2025-06-01,19,1,5,23,28,20,25,23.667,20.167,19
2025-07-01,19,1,6,13,23,28,24,21.333,18.5,18
2025-08-01,19,1,7,19,13,23,21,18.333,20.333,15
2025-09-01,19,1,8,18,19,13,18,16.667,20.167,21
2025-10-01,19,1,9,15,18,19,17,17.333,19.333,15
2025-11-01,19,1,10,21,15,18,14,18.0,18.167,15
2025-12-01,19,1,11,15,21,15,23,17.0,16.833,26
2023-02-01,20,1,1,18,20,14,25,17.333,17.167,17
2023-03-01,20,1,2,23,18,20,13,20.333,18.333,26
2023-04-01,20,1,3,17,23,18,27,19.333,17.5,15
2023-05-01,20,1,4,26,17,23,13,22.0,19.667,19
2023-06-01,20,1,5,15,26,17,23,19.333,19.833,11
2023-07-01,20,1,6,19,15,26,14,20.0,19.667,24
2023-08-01,20,1,7,11,19,15,16,15.0,18.5,17
2023-09-01,20,1,8,24,11,19,22,18.0,18.667,17
2023-10-01,20,1,9,17,24,11,13,17.333,18.667,18
2023-11-01,20,1,10,17,17,24,14,19.333,17.167,20
2023-12-01,20,1,11,18,17,17,20,17.333,17.667,11
2024-01-01,20,1,12,20,18,17,18,18.333,17.833,19
2024-02-01,20,1,1,11,20,18,23,16.333,17.833,21
2024-03-01,20,1,2,19,11,20,17,16.667,17.0,22
2024-04-01,20,1,3,21,19,11,26,17.0,17.667,20
2024-05-01,20,1,4,22,21,19,15,20.667,18.5,15
2024-06-01,20,1,5,20,22,21,19,21.0,18.833,16
2024-07-01,20,1,6,15,20,22,11,19.0,18.0,15
2024-08-01,20,1,7,16,15,20,24,17.0,18.833,10
2024-09-01,20,1,8,15,16,15,17,15.333,18.167,13
2024-10-01,20,1,9,10,15,16,17,13.667,16.333,17
2024-11-01,20,1,10,13,10,15,18,12.667,14.833,12
2024-12-01,20,1,11,17,13,10,20,13.333,14.333,22
2025-01-01,20,1,12,12,17,13,11,14.0,13.833,14
2025-02-01,20,1,1,22,12,17,19,17.0,14.833,15
2025-03-01,20,1,2,14,22,12,21,16.0,14.667,14
2025-04-01,20,1,3,15,14,22,22,17.0,15.5,15
2025-05-01,20,1,4,14,15,14,20,14.333,15.667,16
2025-06-01,20,1,5,15,14,15,15,14.667,15.333,28
2025-07-01,20,1,6,16,15,14,16,15.0,16.0,17
2025-08-01,20,1,7,28,16,15,15,19.667,17.0,26
2025-09-01,20,1,8,17,28,16,10,20.333,17.5,16
2025-10-01,20,1,9,26,17,28,13,23.667,19.333,21
2025-11-01,20,1,10,16,26,17,17,19.667,19.667,19
2025-12-01,20,1,11,21,16,26,12,21.0,20.667,22
2023-02-01,21,1,1,25,23,19,16,22.333,21.167,13
2023-03-01,21,1,2,20,25,23,27,22.667,21.167,28
2023-04-01,21,1,3,13,20,25,18,19.333,19.667,19
2023-05-01,21,1,4,28,13,20,24,20.333,21.333,22
2023-06-01,21,1,5,19,28,13,18,20.0,21.333,19
2023-07-01,21,1,6,22,19,28,19,23.0,21.167,24
2023-08-01,21,1,7,19,22,19,20,20.0,20.167,21
2023-09-01,21,1,8,24,19,22,22,21.667,20.833,16
2023-10-01,21,1,9,21,24,19,18,21.333,22.167,20
2023-11-01,21,1,10,16,21,24,19,20.333,20.167,15
2023-12-01,21,1,11,20,16,21,23,19.0,20.333,17
2024-01-01,21,1,12,15,20,16,25,17.0,19.167,18
2024-02-01,21,1,1,17,15,20,20,17.333,18.833,18
2024-03-01,21,1,2,18,17,15,13,16.667,17.833,19
2024-04-01,21,1,3,18,18,17,28,17.667,17.333,28
2024-05-01,21,1,4,19,18,18,19,18.333,17.833,20
2024-06-01,21,1,5,28,19,18,22,21.667,19.167,15
2024-07-01,21,1,6,20,28,19,19,22.333,20.0,25
2024-08-01,21,1,7,15,20,28,24,21.0,19.667,19
2024-09-01,21,1,8,25,15,20,21,20.0,20.833,19
2024-10-01,21,1,9,19,25,15,16,19.667,21.0,18
2024-11-01,21,1,10,19,19,25,20,21.0,21.0,15
2024-12-01,21,1,11,18,19,19,15,18.667,19.333,17
2025-01-01,21,1,12,15,18,19,17,17.333,18.5,16
2025-02-01,21,1,1,17,15,18,18,16.667,18.833,13
2025-03-01,21,1,2,16,17,15,18,16.0,17.333,15
2025-04-01,21,1,3,13,16,17,19,15.333,16.333,14
2025-05-01,21,1,4,15,13,16,28,14.667,15.667,21
2025-06-01,21,1,5,14,15,13,20,14.0,15.0,21
2025-07-01,21,1,6,21,14,15,15,16.667,16.0,9
2025-08-01,21,1,7,21,21,14,25,18.667,16.667,26
2025-09-01,21,1,8,9,21,21,19,17.0,15.5,26
2025-10-01,21,1,9,26,9,21,19,18.667,17.667,21
2025-11-01,21,1,10,26,26,9,18,20.333,19.5,16
2025-12-01,21,1,11,21,26,26,15,24.333,20.667,18
2023-02-01,22,1,1,19,21,18,17,19.333,18.5,13
2023-03-01,22,1,2,22,19,21,17,20.667,19.667,15
2023-04-01,22,1,3,13,22,19,16,18.0,19.167,22
2023-05-01,22,1,4,15,13,22,23,16.667,18.0,16
2023-06-01,22,1,5,22,15,13,18,16.667,18.667,18
2023-07-01,22,1,6,16,22,15,25,17.667,17.833,25
2023-08-01,22,1,7,18,16,22,15,18.667,17.667,16
2023-09-01,22,1,8,25,18,16,16,19.667,18.167,17
2023-10-01,22,1,9,16,25,18,22,19.667,18.667,17
2023-11-01,22,1,10,17,16,25,18,19.333,19.0,20
2023-12-01,22,1,11,17,17,16,21,16.667,18.167,18
2024-01-01,22,1,12,20,17,17,19,18.0,18.833,23
2024-02-01,22,1,1,18,20,17,22,18.333,18.833,14
2024-03-01,22,1,2,23,18,20,13,20.333,18.5,11
2024-04-01,22,1,3,14,23,18,15,18.333,18.167,19
2024-05-01,22,1,4,11,14,23,22,16.0,17.167,14
2024-06-01,22,1,5,19,11,14,16,14.667,17.5,16
2024-07-01,22,1,6,14,19,11,18,14.667,16.5,18
2024-08-01,22,1,7,16,14,19,25,16.333,16.167,20
2024-09-01,22,1,8,18,16,14,16,16.0,15.333,16
2024-10-01,22,1,9,20,18,16,17,18.0,16.333,14
2024-11-01,22,1,10,16,20,18,17,18.0,17.167,19
2024-12-01,22,1,11,14,16,20,20,16.667,16.333,28
2025-01-01,22,1,12,19,14,16,18,16.333,17.167,24
2025-02-01,22,1,1,28,19,14,23,20.333,19.167,14
2025-03-01,22,1,2,24,28,19,14,23.667,20.167,17
2025-04-01,22,1,3,14,24,28,11,22.0,19.167,17
2025-05-01,22,1,4,17,14,24,19,18.333,19.333,13
2025-06-01,22,1,5,17,17,14,14,16.0,19.833,22
2025-07-01,22,1,6,13,17,17,16,15.667,18.833,17
2025-08-01,22,1,7,22,13,17,18,17.333,17.833,19
2025-09-01,22,1,8,17,22,13,20,17.333,16.667,18
2025-10-01,22,1,9,19,17,22,16,19.333,17.5,22
2025-11-01,22,1,10,18,19,17,14,18.0,17.667,27
2025-12-01,22,1,11,22,18,19,19,19.667,18.5,14
2023-02-01,23,1,1,19,16,18,18,17.667,18.667,19
2023-03-01,23,1,2,16,19,16,21,17.0,18.5,17
2023-04-01,23,1,3,19,16,19,27,18.0,18.333,20
2023-05-01,23,1,4,17,19,16,17,17.333,17.5,17
2023-06-01,23,1,5,20,17,19,12,18.667,17.833,16
2023-07-01,23,1,6,17,20,17,23,18.0,18.0,19
2023-08-01,23,1,7,16,17,20,17,17.667,17.5,19
2023-09-01,23,1,8,19,16,17,20,17.333,18.0,16
2023-10-01,23,1,9,19,19,16,22,18.0,18.0,22
2023-11-01,23,1,10,16,19,19,18,18.0,17.833,13
2023-12-01,23,1,11,22,16,19,16,19.0,18.167,14
2024-01-01,23,1,12,13,22,16,19,17.0,17.5,23
2024-02-01,23,1,1,14,13,22,16,16.333,17.167,13
2024-03-01,23,1,2,23,14,13,19,16.667,17.833,26
2024-04-01,23,1,3,13,23,14,17,16.667,16.833,19
2024-05-01,23,1,4,26,13,23,20,20.667,18.5,26
2024-06-01,23,1,5,19,26,13,17,19.333,18.0,16
2024-07-01,23,1,6,26,19,26,16,23.667,20.167,7
2024-08-01,23,1,7,16,26,19,19,20.333,20.5,18
2024-09-01,23,1,8,7,16,26,19,16.333,17.833,17
2024-10-01,23,1,9,18,7,16,16,13.667,18.667,15
2024-11-01,23,1,10,17,18,7,22,14.0,17.167,22
2024-12-01,23,1,11,15,17,18,13,16.667,16.5,19
2025-01-01,23,1,12,22,15,17,14,18.0,15.833,14
2025-02-01,23,1,1,19,22,15,23,18.667,16.333,15
2025-03-01,23,1,2,14,19,22,13,18.333,17.5,21
2025-04-01,23,1,3,15,14,19,26,16.0,17.0,9
2025-05-01,23,1,4,21,15,14,19,16.667,17.667,18
2025-06-01,23,1,5,9,21,15,26,15.0,16.667,18
2025-07-01,23,1,6,18,9,21,16,16.0,16.0,18
2025-08-01,23,1,7,18,18,9,7,15.0,15.833,21
2025-09-01,23,1,8,18,18,18,18,18.0,16.5,20
2025-10-01,23,1,9,21,18,18,17,19.0,17.5,16
2025-11-01,23,1,10,20,21,18,15,19.667,17.333,20
2025-12-01,23,1,11,16,20,21,22,19.0,18.5,15
2023-02-01,24,1,1,22,17,22,16,20.333,19.5,16
2023-03-01,24,1,2,16,22,17,18,18.333,19.167,21
2023-04-01,24,1,3,16,16,22,21,18.0,19.5,20
2023-05-01,24,1,4,21,16,16,21,17.667,19.0,20
2023-06-01,24,1,5,20,21,16,24,19.0,18.667,18
2023-07-01,24,1,6,20,20,21,18,20.333,19.167,26
2023-08-01,24,1,7,18,20,20,18,19.333,18.5,17
2023-09-01,24,1,8,26,18,20,14,21.333,20.167,14
2023-10-01,24,1,9,17,26,18,24,20.333,20.333,17
2023-11-01,24,1,10,14,17,26,22,19.0,19.167,18
2023-12-01,24,1,11,17,14,17,17,16.0,18.667,22
2024-01-01,24,1,12,18,17,14,22,16.333,18.333,23
2024-02-01,24,1,1,22,18,17,16,19.0,19.0,18
2024-03-01,24,1,2,23,22,18,16,21.0,18.5,20
2024-04-01,24,1,3,18,23,22,21,21.0,18.667,15
2024-05-01,24,1,4,20,18,23,20,20.333,19.667,14
2024-06-01,24,1,5,15,20,18,20,17.667,19.333,18
2024-07-01,24,1,6,14,15,20,18,16.333,18.667,18
2024-08-01,24,1,7,18,14,15,26,15.667,18.0,13
2024-09-01,24,1,8,18,18,14,17,16.667,17.167,20
2024-10-01,24,1,9,13,18,18,14,16.333,16.333,23
2024-11-01,24,1,10,20,13,18,17,17.0,16.333,18
2024-12-01,24,1,11,23,20,13,18,18.667,17.667,19
2025-01-01,24,1,12,18,23,20,22,20.333,18.333,19
2025-02-01,24,1,1,19,18,23,23,20.0,18.5,20
2025-03-01,24,1,2,19,19,18,18,18.667,18.667,17
2025-04-01,24,1,3,20,19,19,20,19.333,19.833,24
2025-05-01,24,1,4,17,20,19,15,18.667,19.333,18
2025-06-01,24,1,5,24,17,20,14,20.333,19.5,16
2025-07-01,24,1,6,18,24,17,18,19.667,19.5,21
2025-08-01,24,1,7,16,18,24,18,19.333,19.0,21
2025-09-01,24,1,8,21,16,18,13,18.333,19.333,16
2025-10-01,24,1,9,21,21,16,20,19.333,19.5,18
2025-11-01,24,1,10,16,21,21,23,19.333,19.333,17
2025-12-01,24,1,11,18,16,21,18,18.333,18.333,17
2023-02-01,25,1,1,12,16,25,20,17.667,17.333,22
2023-03-01,25,1,2,20,12,16,20,16.0,18.0,16
2023-04-01,25,1,3,22,20,12,19,18.0,19.667,18
2023-05-01,25,1,4,16,22,20,24,19.333,18.5,15
2023-06-01,25,1,5,18,16,22,20,18.667,17.333,26
2023-07-01,25,1,6,15,18,16,17,16.333,17.167,14
2023-08-01,25,1,7,26,15,18,16,19.667,19.5,15
2023-09-01,25,1,8,14,26,15,12,18.333,18.5,16
2023-10-01,25,1,9,15,14,26,23,18.333,17.333,14
2023-11-01,25,1,10,16,15,14,25,15.0,17.333,11
2023-12-01,25,1,11,14,16,15,16,15.0,16.667,21
2024-01-01,25,1,12,11,14,16,12,13.667,16.0,15
2024-02-01,25,1,1,21,11,14,20,15.333,15.167,10
2024-03-01,25,1,2,15,21,11,22,15.667,15.333,22
2024-04-01,25,1,3,10,15,21,16,15.333,14.5,20
2024-05-01,25,1,4,22,10,15,18,15.667,15.5,24
2024-06-01,25,1,5,20,22,10,15,17.333,16.5,18
2024-07-01,25,1,6,24,20,22,26,22.0,18.667,12
2024-08-01,25,1,7,18,24,20,14,20.667,18.167,21
2024-09-01,25,1,8,12,18,24,15,18.0,17.667,13
2024-10-01,25,1,9,21,12,18,16,17.0,19.5,22
2024-11-01,25,1,10,13,21,12,14,15.333,18.0,18
2024-12-01,25,1,11,22,13,21,11,18.667,18.333,13
2025-01-01,25,1,12,18,22,13,21,17.667,17.333,20
2025-02-01,25,1,1,13,18,22,15,17.667,16.5,11
2025-03-01,25,1,2,20,13,18,10,17.0,17.833,23
2025-04-01,25,1,3,11,20,13,22,14.667,16.167,20
2025-05-01,25,1,4,23,11,20,20,18.0,17.833,20
2025-06-01,25,1,5,20,23,11,24,18.0,17.5,17
2025-07-01,25,1,6,20,20,23,18,21.0,17.833,25
2025-08-01,25,1,7,17,20,20,12,19.0,18.5,17
2025-09-01,25,1,8,25,17,20,21,20.667,19.333,22
2025-10-01,25,1,9,17,25,17,13,19.667,20.333,11
2025-11-01,25,1,10,22,17,25,22,21.333,20.167,17
2025-12-01,25,1,11,11,22,17,18,16.667,18.667,15
2023-02-01,26,1,1,21,24,19,18,21.333,19.667,22
2023-03-01,26,1,2,15,21,24,16,20.0,19.5,21
2023-04-01,26,1,3,22,15,21,14,19.333,19.833,21
2023-05-01,26,1,4,21,22,15,14,19.333,20.333,26
2023-06-01,26,1,5,21,21,22,11,21.333,20.667,14
2023-07-01,26,1,6,26,21,21,15,22.667,21.0,12
2023-08-01,26,1,7,14,26,21,16,20.333,19.833,17
2023-09-01,26,1,8,12,14,26,20,17.333,19.333,19
2023-10-01,26,1,9,17,12,14,18,14.333,18.5,23
2023-11-01,26,1,10,19,17,12,19,16.0,18.167,24
2023-12-01,26,1,11,23,19,17,24,19.667,18.5,30
2024-01-01,26,1,12,24,23,19,21,22.0,18.167,19
2024-02-01,26,1,1,30,24,23,15,25.667,20.833,17
2024-03-01,26,1,2,19,30,24,22,24.333,22.0,20
2024-04-01,26,1,3,17,19,30,21,22.0,22.0,19
2024-05-01,26,1,4,20,17,19,21,18.667,22.167,20
2024-06-01,26,1,5,19,20,17,26,18.667,21.5,16
2024-07-01,26,1,6,20,19,20,14,19.667,20.833,17
2024-08-01,26,1,7,16,20,19,12,18.333,18.5,19
2024-09-01,26,1,8,17,16,20,17,17.667,18.167,19
2024-10-01,26,1,9,19,17,16,19,17.333,18.5,14
2024-11-01,26,1,10,19,19,17,23,18.333,18.333,19
2024-12-01,26,1,11,14,19,19,24,17.333,17.5,16
2025-01-01,26,1,12,19,14,19,30,17.333,17.333,23
2025-02-01,26,1,1,16,19,14,19,16.333,17.333,13
2025-03-01,26,1,2,23,16,19,17,19.333,18.333,23
2025-04-01,26,1,3,13,23,16,20,17.333,17.333,28
2025-05-01,26,1,4,23,13,23,19,19.667,18.0,26
2025-06-01,26,1,5,28,23,13,20,21.333,20.333,19
2025-07-01,26,1,6,26,28,23,16,25.667,21.5,24
2025-08-01,26,1,7,19,26,28,17,24.333,22.0,17
2025-09-01,26,1,8,24,19,26,19,23.0,22.167,22
2025-10-01,26,1,9,17,24,19,19,20.0,22.833,17
2025-11-01,26,1,10,22,17,24,14,21.0,22.667,18
2025-12-01,26,1,11,17,22,17,19,18.667,20.833,25
2023-02-01,27,1,1,18,26,20,21,21.333,19.833,16
2023-03-01,27,1,2,28,18,26,21,24.0,21.0,18
2023-04-01,27,1,3,16,28,18,20,20.667,21.0,18
2023-05-01,27,1,4,18,16,28,22,20.667,21.0,18
2023-06-01,27,1,5,18,18,16,17,17.333,20.667,16
2023-07-01,27,1,6,18,18,18,15,18.0,19.333,15
2023-08-01,27,1,7,16,18,18,21,17.333,19.0,18
2023-09-01,27,1,8,15,16,18,16,16.333,16.833,11
2023-10-01,27,1,9,18,15,16,18,16.333,17.167,15
2023-11-01,27,1,10,11,18,15,20,14.667,16.0,20
2023-12-01,27,1,11,15,11,18,26,14.667,15.5,15
2024-01-01,27,1,12,20,15,11,18,15.333,15.833,18
2024-02-01,27,1,1,15,20,15,28,16.667,15.667,20
2024-03-01,27,1,2,18,15,20,16,17.667,16.167,21
2024-04-01,27,1,3,20,18,15,18,17.667,16.5,18
2024-05-01,27,1,4,21,20,18,18,19.667,18.167,19
2024-06-01,27,1,5,18,21,20,18,19.667,18.667,20
2024-07-01,27,1,6,19,18,21,16,19.333,18.5,21
2024-08-01,27,1,7,20,19,18,15,19.0,19.333,16
2024-09-01,27,1,8,21,20,19,18,20.0,19.833,15
2024-10-01,27,1,9,16,21,20,11,19.0,19.167,16
2024-11-01,27,1,10,15,16,21,15,17.333,18.167,20
2024-12-01,27,1,11,16,15,16,20,15.667,17.833,21
2025-01-01,27,1,12,20,16,15,15,17.0,18.0,13
2025-02-01,27,1,1,21,20,16,18,19.0,18.167,16
2025-03-01,27,1,2,13,21,20,20,18.0,16.833,16
2025-04-01,27,1,3,16,13,21,21,16.667,16.833,15
2025-05-01,27,1,4,16,16,13,18,15.0,17.0,20
2025-06-01,27,1,5,15,16,16,19,15.667,16.833,21
2025-07-01,27,1,6,20,15,16,20,17.0,16.833,20
2025-08-01,27,1,7,21,20,15,21,18.667,16.833,24
2025-09-01,27,1,8,20,21,20,16,20.333,18.0,19
2025-10-01,27,1,9,24,20,21,15,21.667,19.333,27
2025-11-01,27,1,10,19,24,20,16,21.0,19.833,17
2025-12-01,27,1,11,27,19,24,20,23.333,21.833,12
2023-02-01,28,1,1,13,15,18,20,15.333,14.833,19
2023-03-01,28,1,2,18,13,15,14,15.333,15.333,15
2023-04-01,28,1,3,19,18,13,19,16.667,14.833,28
2023-05-01,28,1,4,15,19,18,15,17.333,16.333,13
2023-06-01,28,1,5,28,15,19,20,20.667,18.0,16
2023-07-01,28,1,6,13,28,15,13,18.667,17.667,20
2023-08-01,28,1,7,16,13,28,15,19.0,18.167,13
2023-09-01,28,1,8,20,16,13,22,16.333,18.5,17
2023-10-01,28,1,9,13,20,16,6,16.333,17.5,17
2023-11-01,28,1,10,17,13,20,18,16.667,17.833,15
2023-12-01,28,1,11,17,17,13,15,15.667,16.0,26
2024-01-01,28,1,12,15,17,17,13,16.333,16.333,27
2024-02-01,28,1,1,26,15,17,18,19.333,18.0,15
2024-03-01,28,1,2,27,26,15,19,22.667,19.167,24
2024-04-01,28,1,3,15,27,26,15,22.667,19.5,16
2024-05-01,28,1,4,24,15,27,28,22.0,20.667,17
2024-06-01,28,1,5,16,24,15,13,18.333,20.5,14
2024-07-01,28,1,6,17,16,24,16,19.0,20.833,27
2024-08-01,28,1,7,14,17,16,20,15.667,18.833,24
2024-09-01,28,1,8,27,14,17,13,19.333,18.833,26
2024-10-01,28,1,9,24,27,14,17,21.667,20.333,23
2024-11-01,28,1,10,26,24,27,17,25.667,20.667,15
2024-12-01,28,1,11,23,26,24,15,24.333,21.833,23
2025-01-01,28,1,12,15,23,26,26,21.333,21.5,18
2025-02-01,28,1,1,23,15,23,27,20.333,23.0,21
2025-03-01,28,1,2,18,23,15,15,18.667,21.5,19
2025-04-01,28,1,3,21,18,23,24,20.667,21.0,16
2025-05-01,28,1,4,19,21,18,16,19.333,19.833,16
2025-06-01,28,1,5,16,19,21,17,18.667,18.667,19
2025-07-01,28,1,6,16,16,19,14,17.0,18.833,21
2025-08-01,28,1,7,19,16,16,27,17.0,18.167,24
2025-09-01,28,1,8,21,19,16,24,18.667,18.667,20
2025-10-01,28,1,9,24,21,19,26,21.333,19.167,22
2025-11-01,28,1,10,20,24,21,23,21.667,19.333,16
2025-12-01,28,1,11,22,20,24,15,22.0,20.333,17
2023-02-01,29,1,1,16,14,23,18,17.667,16.833,11
2023-03-01,29,1,2,16,16,14,17,15.333,16.167,18
2023-04-01,29,1,3,11,16,16,12,14.333,16.167,17
2023-05-01,29,1,4,18,11,16,15,15.0,16.333,18
2023-06-01,29,1,5,17,18,11,23,15.333,15.333,18
2023-07-01,29,1,6,18,17,18,15,17.667,16.0,30
2023-08-01,29,1,7,18,18,17,20,17.667,16.333,19
2023-09-01,29,1,8,30,18,18,11,22.0,18.667,15
2023-10-01,29,1,9,19,30,18,17,22.333,20.0,19
2023-11-01,29,1,10,15,19,30,23,21.333,19.5,9
2023-12-01,29,1,11,19,15,19,14,17.667,19.833,21
2024-01-01,29,1,12,9,19,15,16,14.333,18.333,21
2024-02-01,29,1,1,21,9,19,16,16.333,18.833,16
2024-03-01,29,1,2,21,21,9,11,17.0,17.333,18
2024-04-01,29,1,3,16,21,21,18,19.333,16.833,22
2024-05-01,29,1,4,18,16,21,17,18.333,17.333,27
2024-06-01,29,1,5,22,18,16,18,18.667,17.833,22
2024-07-01,29,1,6,27,22,18,18,22.333,20.833,25
2024-08-01,29,1,7,22,27,22,30,23.667,21.0,18
2024-09-01,29,1,8,25,22,27,19,24.667,21.667,23
2024-10-01,29,1,9,18,25,22,15,21.667,22.0,15
2024-11-01,29,1,10,23,18,25,19,22.0,22.833,18
2024-12-01,29,1,11,15,23,18,9,18.667,21.667,21
2025-01-01,29,1,12,18,15,23,21,18.667,20.167,21
2025-02-01,29,1,1,21,18,15,21,18.0,20.0,22
2025-03-01,29,1,2,21,21,18,16,20.0,19.333,18
2025-04-01,29,1,3,22,21,21,18,21.333,20.0,19
2025-05-01,29,1,4,18,22,21,22,20.333,19.167,23
2025-06-01,29,1,5,19,18,22,27,19.667,19.833,13
2025-07-01,29,1,6,23,19,18,22,20.0,20.667,21
2025-08-01,29,1,7,13,23,19,25,18.333,19.333,15
2025-09-01,29,1,8,21,13,23,18,19.0,19.333,24
2025-10-01,29,1,9,15,21,13,23,16.333,18.167,26
2025-11-01,29,1,10,24,15,21,15,20.0,19.167,13
2025-12-01,29,1,11,26,24,15,18,21.667,20.333,27
2023-02-01,30,1,1,26,12,28,15,22.0,19.0,16
2023-03-01,30,1,2,23,26,12,15,20.333,19.667,19
2023-04-01,30,1,3,16,23,26,17,21.667,20.167,20
2023-05-01,30,1,4,19,16,23,15,19.333,20.667,9
2023-06-01,30,1,5,20,19,16,17,18.333,19.333,24
2023-07-01,30,1,6,9,20,19,18,16.0,18.833,16
2023-08-01,30,1,7,24,9,20,19,17.667,18.5,30
2023-09-01,30,1,8,16,24,9,13,16.333,17.333,19
2023-10-01,30,1,9,30,16,24,16,23.333,19.667,16
2023-11-01,30,1,10,19,30,16,28,21.667,19.667,21
2023-12-01,30,1,11,16,19,30,12,21.667,19.0,14
2024-01-01,30,1,12,21,16,19,26,18.667,21.0,16
2024-02-01,30,1,1,14,21,16,23,17.0,19.333,23
2024-03-01,30,1,2,16,14,21,16,17.0,19.333,16
2024-04-01,30,1,3,23,16,14,19,17.667,18.167,18
2024-05-01,30,1,4,16,23,16,20,18.333,17.667,18
2024-06-01,30,1,5,18,16,23,9,19.0,18.0,18
2024-07-01,30,1,6,18,18,16,24,17.333,17.5,16
2024-08-01,30,1,7,18,18,18,16,18.0,18.167,29
2024-09-01,30,1,8,16,18,18,30,17.333,18.167,20
2024-10-01,30,1,9,29,16,18,19,21.0,19.167,16
2024-11-01,30,1,10,20,29,16,16,21.667,19.833,16
2024-12-01,30,1,11,16,20,29,21,21.667,19.5,22
2025-01-01,30,1,12,16,16,20,14,17.333,19.167,17
2025-02-01,30,1,1,22,16,16,16,18.0,19.833,13
2025-03-01,30,1,2,17,22,16,23,18.333,20.0,23
2025-04-01,30,1,3,13,17,22,16,17.333,17.333,21
2025-05-01,30,1,4,23,13,17,18,17.667,17.833,23
2025-06-01,30,1,5,21,23,13,18,19.0,18.667,16
2025-07-01,30,1,6,23,21,23,18,22.333,19.833,19
2025-08-01,30,1,7,16,23,21,16,20.0,18.833,22
2025-09-01,30,1,8,19,16,23,29,19.333,19.167,11
2025-10-01,30,1,9,22,19,16,20,19.0,20.667,16
2025-11-01,30,1,10,11,22,19,16,17.333,18.667,18
2025-12-01,30,1,11,16,11,22,16,16.333,17.833,22
2023-02-01,31,1,1,20,19,18,21,19.0,17.833,17
2023-03-01,31,1,2,26,20,19,12,21.667,19.333,18
2023-04-01,31,1,3,17,26,20,23,21.0,18.5,15
2023-05-01,31,1,4,18,17,26,18,20.333,19.667,22
2023-06-01,31,1,5,15,18,17,17,16.667,19.167,21
2023-07-01,31,1,6,22,15,18,17,18.333,19.667,18
2023-08-01,31,1,7,21,22,15,17,19.333,19.833,21
2023-09-01,31,1,8,18,21,22,22,20.333,18.5,20
2023-10-01,31,1,9,21,18,21,11,20.0,19.167,12
2023-11-01,31,1,10,20,21,18,18,19.667,19.5,13
2023-12-01,31,1,11,12,20,21,19,17.667,19.0,27
2024-01-01,31,1,12,13,12,20,20,15.0,17.5,17
2024-02-01,31,1,1,27,13,12,26,17.333,18.5,18
2024-03-01,31,1,2,17,27,13,17,19.0,18.333,14
2024-04-01,31,1,3,18,17,27,18,20.667,17.833,24
2024-05-01,31,1,4,14,18,17,15,16.333,16.833,11
2024-06-01,31,1,5,24,14,18,22,18.667,18.833,18
2024-07-01,31,1,6,11,24,14,21,16.333,18.5,18
2024-08-01,31,1,7,18,11,24,18,17.667,17.0,19
2024-09-01,31,1,8,18,18,11,21,15.667,17.167,17
2024-10-01,31,1,9,19,18,18,20,18.333,17.333,18
2024-11-01,31,1,10,17,19,18,12,18.0,17.833,12
2024-12-01,31,1,11,18,17,19,13,18.0,16.833,18
2025-01-01,31,1,12,12,18,17,27,15.667,17.0,24
2025-02-01,31,1,1,18,12,18,17,16.0,17.0,26
2025-03-01,31,1,2,24,18,12,18,18.0,18.0,13
2025-04-01,31,1,3,26,24,18,14,22.667,19.167,9
2025-05-01,31,1,4,13,26,24,24,21.0,18.5,11
2025-06-01,31,1,5,9,13,26,11,16.0,17.0,14
2025-07-01,31,1,6,11,9,13,18,11.0,16.833,14
2025-08-01,31,1,7,14,11,9,18,11.333,16.167,23
2025-09-01,31,1,8,14,14,11,19,13.0,14.5,20
2025-10-01,31,1,9,23,14,14,17,17.0,14.0,22
2025-11-01,31,1,10,20,23,14,18,19.0,15.167,13
2025-12-01,31,1,11,22,20,23,12,21.667,17.333,25
2023-02-01,32,1,1,11,17,12,25,13.333,16.833,19
2023-03-01,32,1,2,26,11,17,20,18.0,17.833,25
2023-04-01,32,1,3,19,26,11,12,18.667,16.833,21
2023-05-01,32,1,4,25,19,26,14,23.333,18.333,22
2023-06-01,32,1,5,21,25,19,18,21.667,19.833,29
2023-07-01,32,1,6,22,21,25,26,22.667,20.667,23
2023-08-01,32,1,7,29,22,21,20,24.0,23.667,14
2023-09-01,32,1,8,23,29,22,25,24.667,23.167,22
2023-10-01,32,1,9,14,23,29,16,22.0,22.333,17
2023-11-01,32,1,10,22,14,23,12,19.667,21.833,18
2023-12-01,32,1,11,17,22,14,17,17.667,21.167,16
2024-01-01,32,1,12,18,17,22,11,19.0,20.5,19
2024-02-01,32,1,1,16,18,17,26,17.0,18.333,22
2024-03-01,32,1,2,19,16,18,19,17.667,17.667,13
2024-04-01,32,1,3,22,19,16,25,19.0,19.0,15
2024-05-01,32,1,4,13,22,19,21,18.0,17.5,20
2024-06-01,32,1,5,15,13,22,22,16.667,17.167,18
2024-07-01,32,1,6,20,15,13,29,16.0,17.5,21
2024-08-01,32,1,7,18,20,15,23,17.667,17.833,23
2024-09-01,32,1,8,21,18,20,14,19.667,18.167,11
2024-10-01,32,1,9,23,21,18,22,20.667,18.333,25
2024-11-01,32,1,10,11,23,21,17,18.333,18.0,17
2024-12-01,32,1,11,25,11,23,18,19.667,19.667,16
2025-01-01,32,1,12,17,25,11,16,17.667,19.167,21
2025-02-01,32,1,1,16,17,25,19,19.333,18.833,16
2025-03-01,32,1,2,21,16,17,22,18.0,18.833,17
2025-04-01,32,1,3,16,21,16,13,17.667,17.667,9
2025-05-01,32,1,4,17,16,21,15,18.0,18.667,19
2025-06-01,32,1,5,9,17,16,20,14.0,16.0,26
2025-07-01,32,1,6,19,9,17,18,15.0,16.333,20
2025-08-01,32,1,7,26,19,9,21,18.0,18.0,17
2025-09-01,32,1,8,20,26,19,23,21.667,17.833,19
2025-10-01,32,1,9,17,20,26,11,21.0,18.0,22
2025-11-01,32,1,10,19,17,20,25,18.667,18.333,16
2025-12-01,32,1,11,22,19,17,17,19.333,20.5,16
2023-02-01,33,1,1,14,21,11,18,15.333,17.667,24
2023-03-01,33,1,2,22,14,21,20,19.0,18.0,19
2023-04-01,33,1,3,24,22,14,24,20.0,18.0,22
2023-05-01,33,1,4,19,24,22,26,21.667,18.5,21
2023-06-01,33,1,5,22,19,24,19,21.667,20.333,17
2023-07-01,33,1,6,21,22,19,19,20.667,20.333,12
2023-08-01,33,1,7,17,21,22,20,20.0,20.833,20
2023-09-01,33,1,8,12,17,21,24,16.667,19.167,20
2023-10-01,33,1,9,20,12,17,16,16.333,18.5,16
2023-11-01,33,1,10,20,20,12,11,17.333,18.667,16
2023-12-01,33,1,11,16,20,20,21,18.667,17.667,24
2024-01-01,33,1,12,16,16,20,14,17.333,16.833,13
2024-02-01,33,1,1,24,16,16,22,18.667,18.0,14
2024-03-01,33,1,2,13,24,16,24,17.667,18.167,23
2024-04-01,33,1,3,14,13,24,19,17.0,17.167,16
2024-05-01,33,1,4,23,14,13,22,16.667,17.667,28
2024-06-01,33,1,5,16,23,14,21,17.667,17.667,23
2024-07-01,33,1,6,28,16,23,17,22.333,19.667,19
2024-08-01,33,1,7,23,28,16,12,22.333,19.5,18
2024-09-01,33,1,8,19,23,28,20,23.333,20.5,19
2024-10-01,33,1,9,18,19,23,20,20.0,21.167,14
2024-11-01,33,1,10,19,18,19,16,18.667,20.5,22
2024-12-01,33,1,11,14,19,18,16,17.0,20.167,16
2025-01-01,33,1,12,22,14,19,24,18.333,19.167,23
2025-02-01,33,1,1,16,22,14,13,17.333,18.0,14
2025-03-01,33,1,2,23,16,22,14,20.333,18.667,24
2025-04-01,33,1,3,14,23,16,23,17.667,18.0,24
2025-05-01,33,1,4,24,14,23,16,20.333,18.833,15
2025-06-01,33,1,5,24,24,14,28,20.667,20.5,20
2025-07-01,33,1,6,15,24,24,23,21.0,19.333,24
2025-08-01,33,1,7,20,15,24,19,19.667,20.0,19
2025-09-01,33,1,8,24,20,15,18,19.667,20.167,23
2025-10-01,33,1,9,19,24,20,19,21.0,21.0,24
2025-11-01,33,1,10,23,19,24,14,22.0,20.833,17
2025-12-01,33,1,11,24,23,19,22,22.0,20.833,23
2023-02-01,34,1,1,18,18,13,21,16.333,18.333,8
2023-03-01,34,1,2,25,18,18,15,20.333,18.667,24
2023-04-01,34,1,3,8,25,18,17,17.0,16.667,22
2023-05-01,34,1,4,24,8,25,8,19.0,17.667,19
2023-06-01,34,1,5,22,24,8,10,18.0,19.167,22
2023-07-01,34,1,6,19,22,24,17,21.667,19.333,23
2023-08-01,34,1,7,22,19,22,23,21.0,20.0,30
2023-09-01,34,1,8,23,22,19,20,21.333,19.667,20
2023-10-01,34,1,9,30,23,22,18,25.0,23.333,23
2023-11-01,34,1,10,20,30,23,13,24.333,22.667,20
2023-12-01,34,1,11,23,20,30,18,24.333,22.833,29
2024-01-01,34,1,12,20,23,20,18,21.0,23.0,19
2024-02-01,34,1,1,29,20,23,25,24.0,24.167,19
2024-03-01,34,1,2,19,29,20,8,22.667,23.5,21
2024-04-01,34,1,3,19,19,29,24,22.333,21.667,12
2024-05-01,34,1,4,21,19,19,22,19.667,21.833,23
2024-06-01,34,1,5,12,21,19,19,17.333,20.0,22
2024-07-01,34,1,6,23,12,21,22,18.667,20.5,13
2024-08-01,34,1,7,22,23,12,23,19.0,19.333,17
2024-09-01,34,1,8,13,22,23,30,19.333,18.333,26
2024-10-01,34,1,9,17,13,22,20,17.333,18.0,23
2024-11-01,34,1,10,26,17,13,23,18.667,18.833,22
2024-12-01,34,1,11,23,26,17,20,22.0,20.667,22
2025-01-01,34,1,12,22,23,26,29,23.667,20.5,7
2025-02-01,34,1,1,22,22,23,19,22.333,20.5,13
2025-03-01,34,1,2,7,22,22,19,17.0,19.5,20
2025-04-01,34,1,3,13,7,22,21,14.0,18.833,20
2025-05-01,34,1,4,20,13,7,12,13.333,17.833,19
2025-06-01,34,1,5,20,20,13,23,17.667,17.333,15
2025-07-01,34,1,6,19,20,20,22,19.667,16.833,21
2025-08-01,34,1,7,15,19,20,13,18.0,15.667,15
2025-09-01,34,1,8,21,15,19,17,18.333,18.0,25
2025-10-01,34,1,9,15,21,15,26,17.0,18.333,16
2025-11-01,34,1,10,25,15,21,23,20.333,19.167,17
2025-12-01,34,1,11,16,25,15,22,18.667,18.5,22
2023-02-01,35,1,1,23,16,23,16,20.667,18.667,19
2023-03-01,35,1,2,19,23,16,19,19.333,19.0,22
2023-04-01,35,1,3,19,19,23,17,20.333,19.667,23
2023-05-01,35,1,4,22,19,19,25,20.0,20.333,16
2023-06-01,35,1,5,23,22,19,23,21.333,20.333,13
2023-07-01,35,1,6,16,23,22,17,20.333,20.333,17
2023-08-01,35,1,7,13,16,23,17,17.333,18.667,22
2023-09-01,35,1,8,17,13,16,15,15.333,18.333,21
2023-10-01,35,1,9,22,17,13,18,17.333,18.833,19
2023-11-01,35,1,10,21,22,17,23,20.0,18.667,16
2023-12-01,35,1,11,19,21,22,16,20.667,18.0,16
2024-01-01,35,1,12,16,19,21,23,18.667,18.0,20
2024-02-01,35,1,1,16,16,19,19,17.0,18.5,21
2024-03-01,35,1,2,20,16,16,19,17.333,19.0,30
2024-04-01,35,1,3,21,20,16,22,19.0,18.833,16
2024-05-01,35,1,4,30,21,20,23,23.667,20.333,26
2024-06-01,35,1,5,16,30,21,16,22.333,19.833,19
2024-07-01,35,1,6,26,16,30,13,24.0,21.5,16
2024-08-01,35,1,7,19,26,16,17,20.333,22.0,20
2024-09-01,35,1,8,16,19,26,22,20.333,21.333,26
2024-10-01,35,1,9,20,16,19,21,18.333,21.167,22
2024-11-01,35,1,10,26,20,16,19,20.667,20.5,12
2024-12-01,35,1,11,22,26,20,16,22.667,21.5,21
2025-01-01,35,1,12,12,22,26,16,20.0,19.167,31
2025-02-01,35,1,1,21,12,22,20,18.333,19.5,15
2025-03-01,35,1,2,31,21,12,21,21.333,22.0,15
2025-04-01,35,1,3,15,31,21,30,22.333,21.167,21
2025-05-01,35,1,4,15,15,31,16,20.333,19.333,17
2025-06-01,35,1,5,21,15,15,26,17.0,19.167,19
2025-07-01,35,1,6,17,21,15,19,17.667,20.0,17
2025-08-01,35,1,7,19,17,21,16,19.0,19.667,8
2025-09-01,35,1,8,17,19,17,20,17.667,17.333,18
2025-10-01,35,1,9,8,17,19,26,14.667,16.167,26
2025-11-01,35,1,10,18,8,17,22,14.333,16.667,16
2025-12-01,35,1,11,26,18,8,12,17.333,17.5,17
2023-02-01,36,1,1,18,14,15,16,15.667,17.0,15
2023-03-01,36,1,2,12,18,14,19,14.667,17.0,18
2023-04-01,36,1,3,15,12,18,27,15.0,16.0,18
2023-05-01,36,1,4,18,15,12,15,15.0,15.333,21
2023-06-01,36,1,5,18,18,15,17,17.0,15.833,20
2023-07-01,36,1,6,21,18,18,28,19.0,17.0,18
2023-08-01,36,1,7,20,21,18,12,19.667,17.333,24
2023-09-01,36,1,8,18,20,21,21,19.667,18.333,22
2023-10-01,36,1,9,24,18,20,22,20.667,19.833,15
2023-11-01,36,1,10,22,24,18,15,21.333,20.5,15
2023-12-01,36,1,11,15,22,24,14,20.333,20.0,23
2024-01-01,36,1,12,15,15,22,18,17.333,19.0,18
2024-02-01,36,1,1,23,15,15,12,17.667,19.5,22
2024-03-01,36,1,2,18,23,15,15,18.667,19.5,17
2024-04-01,36,1,3,22,18,23,18,21.0,19.167,22
2024-05-01,36,1,4,17,22,18,18,19.0,18.333,17
2024-06-01,36,1,5,22,17,22,21,20.333,19.5,14
2024-07-01,36,1,6,17,22,17,20,18.667,19.833,23
2024-08-01,36,1,7,14,17,22,18,17.667,18.333,10
2024-09-01,36,1,8,23,14,17,24,18.0,19.167,24
2024-10-01,36,1,9,10,23,14,22,15.667,17.167,15
2024-11-01,36,1,10,24,10,23,15,19.0,18.333,26
2024-12-01,36,1,11,15,24,10,15,16.333,17.167,14
2025-01-01,36,1,12,26,15,24,23,21.667,18.667,14
2025-02-01,36,1,1,14,26,15,18,18.333,18.667,17
2025-03-01,36,1,2,14,14,26,22,18.0,17.167,13
2025-04-01,36,1,3,17,14,14,17,15.0,18.333,26
2025-05-01,36,1,4,13,17,14,22,14.667,16.5,18
2025-06-01,36,1,5,26,13,17,17,18.667,18.333,16
2025-07-01,36,1,6,18,26,13,14,19.0,17.0,12
2025-08-01,36,1,7,16,18,26,23,20.0,17.333,19
2025-09-01,36,1,8,12,16,18,10,15.333,17.0,14
2025-10-01,36,1,9,19,12,16,24,15.667,17.333,21
2025-11-01,36,1,10,14,19,12,15,15.0,17.5,16
2025-12-01,36,1,11,21,14,19,26,18.0,16.667,21
2023-02-01,37,1,1,19,25,10,22,18.0,19.667,17
2023-03-01,37,1,2,18,19,25,21,20.667,19.0,24
2023-04-01,37,1,3,17,18,19,20,18.0,17.833,26
2023-05-01,37,1,4,24,17,18,13,19.667,18.833,18
2023-06-01,37,1,5,26,24,17,10,22.333,21.5,19
2023-07-01,37,1,6,18,26,24,15,22.667,20.333,17
2023-08-01,37,1,7,19,18,26,22,21.0,20.333,17
2023-09-01,37,1,8,17,19,18,24,18.0,20.167,17
2023-10-01,37,1,9,17,17,19,18,17.667,20.167,24
2023-11-01,37,1,10,17,17,17,10,17.0,19.0,20
2023-12-01,37,1,11,24,17,17,25,19.333,18.667,21
2024-01-01,37,1,12,20,24,17,19,20.333,19.0,16
2024-02-01,37,1,1,21,20,24,18,21.667,19.333,21
2024-03-01,37,1,2,16,21,20,17,19.0,19.167,16
2024-04-01,37,1,3,21,16,21,24,19.333,19.833,20
2024-05-01,37,1,4,16,21,16,26,17.667,19.667,18
2024-06-01,37,1,5,20,16,21,18,19.0,19.0,22
2024-07-01,37,1,6,18,20,16,19,18.0,18.667,20
2024-08-01,37,1,7,22,18,20,17,20.0,18.833,17
2024-09-01,37,1,8,20,22,18,17,20.0,19.5,18
2024-10-01,37,1,9,17,20,22,17,19.667,18.833,25
2024-11-01,37,1,10,18,17,20,24,18.333,19.167,19
2024-12-01,37,1,11,25,18,17,20,20.0,20.0,22
2025-01-01,37,1,12,19,25,18,21,20.667,20.167,17
2025-02-01,37,1,1,22,19,25,16,22.0,20.167,15
2025-03-01,37,1,2,17,22,19,21,19.333,19.667,23
2025-04-01,37,1,3,15,17,22,16,18.0,19.333,19
2025-05-01,37,1,4,23,15,17,20,18.333,20.167,19
2025-06-01,37,1,5,19,23,15,18,19.0,19.167,16
2025-07-01,37,1,6,19,19,23,22,20.333,19.167,11
2025-08-01,37,1,7,16,19,19,20,18.0,18.167,23
2025-09-01,37,1,8,11,16,19,17,15.333,17.167,14
2025-10-01,37,1,9,23,11,16,18,16.667,18.5,23
2025-11-01,37,1,10,14,23,11,25,16.0,17.0,14
2025-12-01,37,1,11,23,14,23,19,20.0,17.667,19
2023-02-01,38,1,1,26,16,21,21,21.0,21.167,17
2023-03-01,38,1,2,29,26,16,8,23.667,22.0,26
2023-04-01,38,1,3,17,29,26,13,24.0,21.5,17
2023-05-01,38,1,4,26,17,29,13,24.0,22.5,17
2023-06-01,38,1,5,17,26,17,15,20.0,21.833,20
2023-07-01,38,1,6,17,17,26,17,20.0,22.0,25
2023-08-01,38,1,7,20,17,17,24,18.0,21.0,14
2023-09-01,38,1,8,25,20,17,20,20.667,20.333,16
2023-10-01,38,1,9,14,25,20,20,19.667,19.833,20
2023-11-01,38,1,10,16,14,25,21,18.333,18.167,15
2023-12-01,38,1,11,20,16,14,16,16.667,18.667,22
2024-01-01,38,1,12,15,20,16,26,17.0,18.333,17
2024-02-01,38,1,1,22,15,20,29,19.0,18.667,21
2024-03-01,38,1,2,17,22,15,17,18.0,17.333,20
2024-04-01,38,1,3,21,17,22,26,20.0,18.5,25
2024-05-01,38,1,4,20,21,17,17,19.333,19.167,13
2024-06-01,38,1,5,25,20,21,17,22.0,20.0,22
2024-07-01,38,1,6,13,25,20,20,19.333,19.667,20
2024-08-01,38,1,7,22,13,25,25,20.0,19.667,17
2024-09-01,38,1,8,20,22,13,14,18.333,20.167,17
2024-10-01,38,1,9,17,20,22,16,19.667,19.5,18
2024-11-01,38,1,10,17,17,20,20,18.0,19.0,14
2024-12-01,38,1,11,18,17,17,15,17.333,17.833,21
2025-01-01,38,1,12,14,18,17,22,16.333,18.0,19
2025-02-01,38,1,1,21,14,18,17,17.667,17.833,14
2025-03-01,38,1,2,19,21,14,21,18.0,17.667,13
2025-04-01,38,1,3,14,19,21,20,18.0,17.167,15
2025-05-01,38,1,4,13,14,19,25,15.333,16.5,8
2025-06-01,38,1,5,15,13,14,13,14.0,16.0,17
2025-07-01,38,1,6,8,15,13,22,12.0,15.0,12
2025-08-01,38,1,7,17,8,15,20,13.333,14.333,20
2025-09-01,38,1,8,12,17,8,17,12.333,13.167,10
2025-10-01,38,1,9,20,12,17,17,16.333,14.167,20
2025-11-01,38,1,10,10,20,12,18,14.0,13.667,12
2025-12-01,38,1,11,20,10,20,14,16.667,14.5,11
2023-02-01,39,1,1,18,17,15,19,16.667,17.333,14
2023-03-01,39,1,2,19,18,17,18,18.0,17.333,16
2023-04-01,39,1,3,14,19,18,24,17.0,17.0,22
2023-05-01,39,1,4,16,14,19,22,16.333,16.5,13
2023-06-01,39,1,5,22,16,14,26,17.333,17.667,23
2023-07-01,39,1,6,13,22,16,20,17.0,17.0,22
2023-08-01,39,1,7,23,13,22,19,19.333,17.833,16
2023-09-01,39,1,8,22,23,13,16,19.333,18.333,18
2023-10-01,39,1,9,16,22,23,19,20.333,18.667,18
2023-11-01,39,1,10,18,16,22,15,18.667,19.0,15
2023-12-01,39,1,11,18,18,16,17,17.333,18.333,19
2024-01-01,39,1,12,15,18,18,18,17.0,18.667,13
2024-02-01,39,1,1,19,15,18,19,17.333,18.0,24
2024-03-01,39,1,2,13,19,15,14,15.667,16.5,15
2024-04-01,39,1,3,24,13,19,16,18.667,17.833,19
2024-05-01,39,1,4,15,24,13,22,17.333,17.333,22
2024-06-01,39,1,5,19,15,24,13,19.333,17.5,20
2024-07-01,39,1,6,22,19,15,23,18.667,18.667,18
2024-08-01,39,1,7,20,22,19,22,20.333,18.833,18
2024-09-01,39,1,8,18,20,22,16,20.0,19.667,23
2024-10-01,39,1,9,18,18,20,18,18.667,18.667,17
2024-11-01,39,1,10,23,18,18,18,19.667,20.0,15
2024-12-01,39,1,11,17,23,18,15,19.333,19.667,15
2025-01-01,39,1,12,15,17,23,19,18.333,18.5,12
2025-02-01,39,1,1,15,15,17,13,15.667,17.667,19
2025-03-01,39,1,2,12,15,15,24,14.0,16.667,19
2025-04-01,39,1,3,19,12,15,15,15.333,16.833,21
2025-05-01,39,1,4,19,19,12,19,16.667,16.167,21
2025-06-01,39,1,5,21,19,19,22,19.667,16.833,14
2025-07-01,39,1,6,21,21,19,20,20.333,17.833,15
2025-08-01,39,1,7,14,21,21,18,18.667,17.667,29
2025-09-01,39,1,8,15,14,21,18,16.667,18.167,7
2025-10-01,39,1,9,29,15,14,23,19.333,19.833,13
2025-11-01,39,1,10,7,29,15,17,17.0,17.833,22
2025-12-01,39,1,11,13,7,29,15,16.333,16.5,24
2023-02-01,40,1,1,16,22,18,12,18.667,17.5,10
2023-03-01,40,1,2,24,16,22,17,20.667,19.167,29
2023-04-01,40,1,3,10,24,16,16,16.667,18.0,30
2023-05-01,40,1,4,29,10,24,20,21.0,19.833,27
2023-06-01,40,1,5,30,29,10,19,23.0,21.833,20
2023-07-01,40,1,6,27,30,29,17,28.667,22.667,21
2023-08-01,40,1,7,20,27,30,14,25.667,23.333,24
2023-09-01,40,1,8,21,20,27,17,22.667,22.833,11
2023-10-01,40,1,9,24,21,20,18,21.667,25.167,11
2023-11-01,40,1,10,11,24,21,18,18.667,22.167,24
2023-12-01,40,1,11,11,11,24,22,15.333,19.0,15
2024-01-01,40,1,12,24,11,11,16,15.333,18.5,10
2024-02-01,40,1,1,15,24,11,24,16.667,17.667,17
2024-03-01,40,1,2,10,15,24,10,16.333,15.833,17
2024-04-01,40,1,3,17,10,15,29,14.0,14.667,21
2024-05-01,40,1,4,17,17,10,30,14.667,15.667,17
2024-06-01,40,1,5,21,17,17,27,18.333,17.333,13
2024-07-01,40,1,6,17,21,17,20,18.333,16.167,17
2024-08-01,40,1,7,13,17,21,21,17.0,15.833,18
2024-09-01,40,1,8,17,13,17,24,15.667,17.0,21
2024-10-01,40,1,9,18,17,13,11,16.0,17.167,18
2024-11-01,40,1,10,21,18,17,11,18.667,17.833,16
2024-12-01,40,1,11,18,21,18,24,19.0,17.333,18
2025-01-01,40,1,12,16,18,21,15,18.333,17.167,21
2025-02-01,40,1,1,18,16,18,10,17.333,18.0,21
2025-03-01,40,1,2,21,18,16,17,18.333,18.667,14
2025-04-01,40,1,3,21,21,18,17,20.0,19.167,23
2025-05-01,40,1,4,14,21,21,21,18.667,18.0,20
2025-06-01,40,1,5,23,14,21,17,19.333,18.833,19
2025-07-01,40,1,6,20,23,14,13,19.0,19.5,21
2025-08-01,40,1,7,19,20,23,17,20.667,19.667,23
2025-09-01,40,1,8,21,19,20,18,20.0,19.667,20
2025-10-01,40,1,9,23,21,19,21,21.0,20.0,19
2025-11-01,40,1,10,20,23,21,18,21.333,21.0,14
2025-12-01,40,1,11,19,20,23,16,20.667,20.333,21
2023-02-01,41,1,1,20,26,27,18,24.333,20.833,11
2023-03-01,41,1,2,17,20,26,24,21.0,21.333,21
2023-04-01,41,1,3,11,17,20,19,16.0,19.333,16
2023-05-01,41,1,4,21,11,17,18,16.333,20.333,14
2023-06-01,41,1,5,16,21,11,18,16.0,18.5,20
2023-07-01,41,1,6,14,16,21,16,17.0,16.5,23
2023-08-01,41,1,7,20,14,16,14,16.667,16.5,19
2023-09-01,41,1,8,23,20,14,23,19.0,17.5,24
2023-10-01,41,1,9,19,23,20,15,20.667,18.833,19
2023-11-01,41,1,10,24,19,23,27,22.0,19.333,20
2023-12-01,41,1,11,19,24,19,26,20.667,19.833,16
2024-01-01,41,1,12,20,19,24,20,21.0,20.833,19
2024-02-01,41,1,1,16,20,19,17,18.333,20.167,21
2024-03-01,41,1,2,19,16,20,11,18.333,19.5,18
2024-04-01,41,1,3,21,19,16,21,18.667,19.833,15
2024-05-01,41,1,4,18,21,19,16,19.333,18.833,19
2024-06-01,41,1,5,15,18,21,14,18.0,18.167,19
2024-07-01,41,1,6,19,15,18,20,17.333,18.0,16
2024-08-01,41,1,7,19,19,15,23,17.667,18.5,22
2024-09-01,41,1,8,16,19,19,19,18.0,18.0,23
2024-10-01,41,1,9,22,16,19,24,19.0,18.167,24
2024-11-01,41,1,10,23,22,16,19,20.333,19.0,17
2024-12-01,41,1,11,24,23,22,20,23.0,20.5,24
2025-01-01,41,1,12,17,24,23,16,21.333,20.167,16
2025-02-01,41,1,1,24,17,24,19,21.667,21.0,12
2025-03-01,41,1,2,16,24,17,21,19.0,21.0,22
2025-04-01,41,1,3,12,16,24,18,17.333,19.333,13
2025-05-01,41,1,4,22,12,16,15,16.667,19.167,14
2025-06-01,41,1,5,13,22,12,19,15.667,17.333,19
2025-07-01,41,1,6,14,13,22,19,16.333,16.833,15
2025-08-01,41,1,7,19,14,13,16,15.333,16.0,22
2025-09-01,41,1,8,15,19,14,22,16.0,15.833,17
2025-10-01,41,1,9,22,15,19,23,18.667,17.5,21
2025-11-01,41,1,10,17,22,15,24,18.0,16.667,21
2025-12-01,41,1,11,21,17,22,17,20.0,18.0,14
2023-02-01,42,1,1,17,17,28,21,20.667,18.0,14
2023-03-01,42,1,2,26,17,17,22,20.0,19.333,23
2023-04-01,42,1,3,14,26,17,21,19.0,19.5,12
2023-05-01,42,1,4,23,14,26,14,21.0,20.833,14
2023-06-01,42,1,5,12,23,14,13,16.333,18.167,21
2023-07-01,42,1,6,14,12,23,29,16.333,17.667,12
2023-08-01,42,1,7,21,14,12,18,15.667,18.333,17
2023-09-01,42,1,8,12,21,14,13,15.667,16.0,21
2023-10-01,42,1,9,17,12,21,15,16.667,16.5,23
2023-11-01,42,1,10,21,17,12,28,16.667,16.167,11
2023-12-01,42,1,11,23,21,17,17,20.333,18.0,27
2024-01-01,42,1,12,11,23,21,17,18.333,17.5,14
2024-02-01,42,1,1,27,11,23,26,20.333,18.5,17
2024-03-01,42,1,2,14,27,11,14,17.333,18.833,18
2024-04-01,42,1,3,17,14,27,23,19.333,18.833,12
2024-05-01,42,1,4,18,17,14,12,16.333,18.333,15
2024-06-01,42,1,5,12,18,17,14,15.667,16.5,18
2024-07-01,42,1,6,15,12,18,21,15.0,17.167,17
2024-08-01,42,1,7,18,15,12,12,15.0,15.667,22
2024-09-01,42,1,8,17,18,15,17,16.667,16.167,12
2024-10-01,42,1,9,22,17,18,21,19.0,17.0,24
2024-11-01,42,1,10,12,22,17,23,17.0,16.0,19
2024-12-01,42,1,11,24,12,22,11,19.333,18.0,17
2025-01-01,42,1,12,19,24,12,27,18.333,18.667,24
2025-02-01,42,1,1,17,19,24,14,20.0,18.5,24
2025-03-01,42,1,2,24,17,19,17,20.0,19.667,19
2025-04-01,42,1,3,24,24,17,18,21.667,20.0,16
2025-05-01,42,1,4,19,24,24,12,22.333,21.167,10
2025-06-01,42,1,5,16,19,24,15,19.667,19.833,14
2025-07-01,42,1,6,10,16,19,18,15.0,18.333,13
2025-08-01,42,1,7,14,10,16,17,13.333,17.833,19
2025-09-01,42,1,8,13,14,10,22,12.333,16.0,23
2025-10-01,42,1,9,19,13,14,12,15.333,15.167,18
2025-11-01,42,1,10,23,19,13,24,18.333,15.833,13
2025-12-01,42,1,11,18,23,19,19,20.0,16.167,17
2023-02-01,43,1,1,11,14,18,16,14.333,17.833,14
2023-03-01,43,1,2,22,11,14,19,15.667,18.5,13
2023-04-01,43,1,3,14,22,11,27,15.667,16.333,13
2023-05-01,43,1,4,13,14,22,16,16.333,15.333,19
2023-06-01,43,1,5,13,13,14,15,13.333,14.5,16
2023-07-01,43,1,6,19,13,13,19,15.0,15.333,25
2023-08-01,43,1,7,16,19,13,18,16.0,16.167,21
2023-09-01,43,1,8,25,16,19,27,20.0,16.667,13
2023-10-01,43,1,9,21,25,16,19,20.667,17.833,21
2023-11-01,43,1,10,13,21,25,18,19.667,17.833,23
2023-12-01,43,1,11,21,13,21,14,18.333,19.167,25
2024-01-01,43,1,12,23,21,13,11,19.0,19.833,20
2024-02-01,43,1,1,25,23,21,22,23.0,21.333,18
2024-03-01,43,1,2,20,25,23,14,22.667,20.5,16
2024-04-01,43,1,3,18,20,25,13,21.0,20.0,19
2024-05-01,43,1,4,16,18,20,13,18.0,20.5,15
2024-06-01,43,1,5,19,16,18,19,17.667,20.167,22
2024-07-01,43,1,6,15,19,16,16,16.667,18.833,18
2024-08-01,43,1,7,22,15,19,25,18.667,18.333,26
2024-09-01,43,1,8,18,22,15,21,18.333,18.0,23
2024-10-01,43,1,9,26,18,22,13,22.0,19.333,18
2024-11-01,43,1,10,23,26,18,21,22.333,20.5,14
2024-12-01,43,1,11,18,23,26,23,22.333,20.333,21
2025-01-01,43,1,12,14,18,23,25,18.333,20.167,22
2025-02-01,43,1,1,21,14,18,20,17.667,20.0,18
2025-03-01,43,1,2,22,21,14,18,19.0,20.667,15
2025-04-01,43,1,3,18,22,21,16,20.333,19.333,16
2025-05-01,43,1,4,15,18,22,19,18.333,18.0,25
2025-06-01,43,1,5,16,15,18,15,16.333,17.667,18
2025-07-01,43,1,6,25,16,15,22,18.667,19.5,25
2025-08-01,43,1,7,18,25,16,18,19.667,19.0,23
2025-09-01,43,1,8,25,18,25,26,22.667,19.5,16
2025-10-01,43,1,9,23,25,18,23,22.0,20.333,16
2025-11-01,43,1,10,16,23,25,18,21.333,20.5,17
2025-12-01,43,1,11,16,16,23,14,18.333,20.5,16
2023-02-01,44,1,1,26,21,21,23,22.667,20.667,21
2023-03-01,44,1,2,26,26,21,24,24.333,20.833,14
2023-04-01,44,1,3,21,26,26,16,24.333,22.167,15
2023-05-01,44,1,4,14,21,26,14,20.333,21.5,23
2023-06-01,44,1,5,15,14,21,18,16.667,20.5,20
2023-07-01,44,1,6,23,15,14,15,17.333,20.833,15
2023-08-01,44,1,7,20,23,15,25,19.333,19.833,17
2023-09-01,44,1,8,15,20,23,13,19.333,18.0,16
2023-10-01,44,1,9,17,15,20,18,17.333,17.333,19
2023-11-01,44,1,10,16,17,15,21,16.0,17.667,19
2023-12-01,44,1,11,19,16,17,21,17.333,18.333,16
2024-01-01,44,1,12,19,19,16,26,18.0,17.667,12
2024-02-01,44,1,1,16,19,19,26,18.0,17.0,24
2024-03-01,44,1,2,12,16,19,21,15.667,16.5,16
2024-04-01,44,1,3,24,12,16,14,17.333,17.667,20
2024-05-01,44,1,4,16,24,12,15,17.333,17.667,17
2024-06-01,44,1,5,20,16,24,23,20.0,17.833,23
2024-07-01,44,1,6,17,20,16,20,17.667,17.5,12
2024-08-01,44,1,7,23,17,20,15,20.0,18.667,18
2024-09-01,44,1,8,12,23,17,17,17.333,18.667,13
2024-10-01,44,1,9,18,12,23,16,17.667,17.667,17
2024-11-01,44,1,10,13,18,12,19,14.333,17.167,22
2024-12-01,44,1,11,17,13,18,19,16.0,16.667,19
2025-01-01,44,1,12,22,17,13,16,17.333,17.5,12
2025-02-01,44,1,1,19,22,17,12,19.333,16.833,17
2025-03-01,44,1,2,12,19,22,24,17.667,16.833,16
2025-04-01,44,1,3,17,12,19,16,16.0,16.667,15
2025-05-01,44,1,4,16,17,12,20,15.0,17.167,16
2025-06-01,44,1,5,15,16,17,17,16.0,16.833,17
2025-07-01,44,1,6,16,15,16,23,15.667,15.833,18
2025-08-01,44,1,7,17,16,15,12,16.0,15.5,19
2025-09-01,44,1,8,18,17,16,18,17.0,16.5,19
2025-10-01,44,1,9,19,18,17,13,18.0,16.833,22
2025-11-01,44,1,10,19,19,18,17,18.667,17.333,19
2025-12-01,44,1,11,22,19,19,22,20.0,18.5,13
2023-02-01,45,1,1,20,14,22,13,18.667,19.167,13
2023-03-01,45,1,2,17,20,14,19,17.0,18.167,18
2023-04-01,45,1,3,13,17,20,15,16.667,17.5,22
2023-05-01,45,1,4,18,13,17,17,16.0,17.333,17
2023-06-01,45,1,5,22,18,13,14,17.667,17.333,17
2023-07-01,45,1,6,17,22,18,15,19.0,17.833,12
2023-08-01,45,1,7,17,17,22,23,18.667,17.333,15
2023-09-01,45,1,8,12,17,17,17,15.333,16.5,11
2023-10-01,45,1,9,15,12,17,19,14.667,16.833,25
2023-11-01,45,1,10,11,15,12,22,12.667,15.667,22
2023-12-01,45,1,11,25,11,15,14,17.0,16.167,18
2024-01-01,45,1,12,22,25,11,20,19.333,17.0,20
2024-02-01,45,1,1,18,22,25,17,21.667,17.167,11
2024-03-01,45,1,2,20,18,22,13,20.0,18.5,24
2024-04-01,45,1,3,11,20,18,18,16.333,17.833,11
2024-05-01,45,1,4,24,11,20,22,18.333,20.0,16
2024-06-01,45,1,5,11,24,11,17,15.333,17.667,15
2024-07-01,45,1,6,16,11,24,17,17.0,16.667,22
2024-08-01,45,1,7,15,16,11,12,14.0,16.167,23
2024-09-01,45,1,8,22,15,16,15,17.667,16.5,18
2024-10-01,45,1,9,23,22,15,11,20.0,18.5,11
2024-11-01,45,1,10,18,23,22,25,21.0,17.5,22
2024-12-01,45,1,11,11,18,23,22,17.333,17.5,16
2025-01-01,45,1,12,22,11,18,18,17.0,18.5,21
2025-02-01,45,1,1,16,22,11,20,16.333,18.667,17
2025-03-01,45,1,2,21,16,22,11,19.667,18.5,16
2025-04-01,45,1,3,17,21,16,24,18.0,17.5,20
2025-05-01,45,1,4,16,17,21,11,18.0,17.167,22
2025-06-01,45,1,5,20,16,17,16,17.667,18.667,14
2025-07-01,45,1,6,22,20,16,15,19.333,18.667,18
2025-08-01,45,1,7,14,22,20,22,18.667,18.333,16
2025-09-01,45,1,8,18,14,22,23,18.0,17.833,19
2025-10-01,45,1,9,16,18,14,18,16.0,17.667,18
2025-11-01,45,1,10,19,16,18,11,17.667,18.167,19
2025-12-01,45,1,11,18,19,16,22,17.667,17.833,17
2023-02-01,46,1,1,22,20,24,15,22.0,19.333,19
2023-03-01,46,1,2,19,22,20,23,20.333,19.333,20
2023-04-01,46,1,3,19,19,22,19,20.0,19.667,16
2023-05-01,46,1,4,20,19,19,16,19.333,20.667,15
2023-06-01,46,1,5,16,20,19,20,18.333,19.333,13
2023-07-01,46,1,6,15,16,20,12,17.0,18.5,19
2023-08-01,46,1,7,13,15,16,19,14.667,17.0,18
2023-09-01,46,1,8,19,13,15,17,15.667,17.0,16
2023-10-01,46,1,9,18,19,13,14,16.667,16.833,17
2023-11-01,46,1,10,16,18,19,24,17.667,16.167,19
2023-12-01,46,1,11,17,16,18,20,17.0,16.333,22
2024-01-01,46,1,12,19,17,16,22,17.333,17.0,21
2024-02-01,46,1,1,22,19,17,19,19.333,18.5,13
2024-03-01,46,1,2,21,22,19,19,20.667,18.833,22
2024-04-01,46,1,3,13,21,22,20,18.667,18.0,17
2024-05-01,46,1,4,22,13,21,16,18.667,19.0,14
2024-06-01,46,1,5,17,22,13,15,17.333,19.0,13
2024-07-01,46,1,6,14,17,22,13,17.667,18.167,15
2024-08-01,46,1,7,13,14,17,19,14.667,16.667,15
2024-09-01,46,1,8,15,13,14,18,14.0,15.667,26
2024-10-01,46,1,9,15,15,13,16,14.333,16.0,14
2024-11-01,46,1,10,26,15,15,17,18.667,16.667,14
2024-12-01,46,1,11,14,26,15,19,18.333,16.167,18
2025-01-01,46,1,12,14,14,26,22,18.0,16.167,22
2025-02-01,46,1,1,18,14,14,21,15.333,17.0,12
2025-03-01,46,1,2,22,18,14,13,18.0,18.167,12
2025-04-01,46,1,3,12,22,18,22,17.333,17.667,17
2025-05-01,46,1,4,12,12,22,17,15.333,15.333,28
2025-06-01,46,1,5,17,12,12,14,13.667,15.833,20
2025-07-01,46,1,6,28,17,12,13,19.0,18.167,20
2025-08-01,46,1,7,20,28,17,15,21.667,18.5,19
2025-09-01,46,1,8,20,20,28,15,22.667,18.167,21
2025-10-01,46,1,9,19,20,20,26,19.667,19.333,16
2025-11-01,46,1,10,21,19,20,14,20.0,20.833,18
2025-12-01,46,1,11,16,21,19,14,18.667,20.667,16
2023-02-01,47,1,1,15,15,20,12,16.667,16.167,15
2023-03-01,47,1,2,20,15,15,22,16.667,17.833,20
2023-04-01,47,1,3,15,20,15,18,16.667,15.333,21
2023-05-01,47,1,4,20,15,20,22,18.333,17.5,19
2023-06-01,47,1,5,21,20,15,23,18.667,17.667,15
2023-07-01,47,1,6,19,21,20,14,20.0,18.333,18
2023-08-01,47,1,7,15,19,21,10,18.333,18.333,14
2023-09-01,47,1,8,18,15,19,30,17.333,18.0,18
2023-10-01,47,1,9,14,18,15,7,15.667,17.833,16
2023-11-01,47,1,10,18,14,18,20,16.667,17.5,17
2023-12-01,47,1,11,16,18,14,15,16.0,16.667,24
2024-01-01,47,1,12,17,16,18,15,17.0,16.333,19
2024-02-01,47,1,1,24,17,16,20,19.0,17.833,17
2024-03-01,47,1,2,19,24,17,15,20.0,18.0,28
2024-04-01,47,1,3,17,19,24,20,20.0,18.5,19
2024-05-01,47,1,4,28,17,19,21,21.333,20.167,22
2024-06-01,47,1,5,19,28,17,19,21.333,20.667,26
2024-07-01,47,1,6,22,19,28,15,23.0,21.5,19
2024-08-01,47,1,7,26,22,19,18,22.333,21.833,18
2024-09-01,47,1,8,19,26,22,14,22.333,21.833,16
2024-10-01,47,1,9,18,19,26,18,21.0,22.0,23
2024-11-01,47,1,10,16,18,19,16,17.667,20.0,15
2024-12-01,47,1,11,23,16,18,17,19.0,20.667,15
2025-01-01,47,1,12,15,23,16,24,18.0,19.5,20
2025-02-01,47,1,1,15,15,23,19,17.667,17.667,24
2025-03-01,47,1,2,20,15,15,17,16.667,17.833,18
2025-04-01,47,1,3,24,20,15,28,19.667,18.833,13
2025-05-01,47,1,4,18,24,20,19,20.667,19.167,15
2025-06-01,47,1,5,13,18,24,22,18.333,17.5,27
2025-07-01,47,1,6,15,13,18,26,15.333,17.5,19
2025-08-01,47,1,7,27,15,13,19,18.333,19.5,14
2025-09-01,47,1,8,19,27,15,18,20.333,19.333,25
2025-10-01,47,1,9,14,19,27,16,20.0,17.667,21
2025-11-01,47,1,10,25,14,19,23,19.333,18.833,16
2025-12-01,47,1,11,21,25,14,15,20.0,20.167,19
2023-02-01,48,1,1,15,18,16,16,16.333,16.333,21
2023-03-01,48,1,2,15,15,18,19,16.0,16.667,21
2023-04-01,48,1,3,21,15,15,26,17.0,17.333,14
2023-05-01,48,1,4,21,21,15,21,19.0,17.667,19
2023-06-01,48,1,5,14,21,21,20,18.667,17.333,23
2023-07-01,48,1,6,19,14,21,17,18.0,17.5,11
2023-08-01,48,1,7,23,19,14,13,18.667,18.833,18
2023-09-01,48,1,8,11,23,19,17,17.667,18.167,13
2023-10-01,48,1,9,18,11,23,19,17.333,17.667,18
2023-11-01,48,1,10,13,18,11,16,14.0,16.333,15
2023-12-01,48,1,11,18,13,18,18,16.333,17.0,26
2024-01-01,48,1,12,15,18,13,15,15.333,16.333,20
2024-02-01,48,1,1,26,15,18,15,19.667,16.833,26
2024-03-01,48,1,2,20,26,15,21,20.333,18.333,19
2024-04-01,48,1,3,26,20,26,21,24.0,19.667,17
2024-05-01,48,1,4,19,26,20,14,21.667,20.667,21
2024-06-01,48,1,5,17,19,26,19,20.667,20.5,18
2024-07-01,48,1,6,21,17,19,23,19.0,21.5,18
2024-08-01,48,1,7,18,21,17,11,18.667,20.167,21
2024-09-01,48,1,8,18,18,21,18,19.0,19.833,19
2024-10-01,48,1,9,21,18,18,13,19.0,19.0,13
2024-11-01,48,1,10,19,21,18,18,19.333,19.0,16
2024-12-01,48,1,11,13,19,21,15,17.667,18.333,19
2025-01-01,48,1,12,16,13,19,26,16.0,17.5,19
2025-02-01,48,1,1,19,16,13,20,16.0,17.667,12
2025-03-01,48,1,2,19,19,16,26,18.0,17.833,14
2025-04-01,48,1,3,12,19,19,19,16.667,16.333,20
2025-05-01,48,1,4,14,12,19,17,15.0,15.5,18
2025-06-01,48,1,5,20,14,12,21,15.333,16.667,18
2025-07-01,48,1,6,18,20,14,18,17.333,17.0,18
2025-08-01,48,1,7,18,18,20,18,18.667,16.833,31
2025-09-01,48,1,8,18,18,18,21,18.0,16.667,21
2025-10-01,48,1,9,31,18,18,19,22.333,19.833,20
2025-11-01,48,1,10,21,31,18,13,23.333,21.0,7
2025-12-01,48,1,11,20,21,31,16,24.0,21.0,12
2023-02-01,49,1,1,18,14,17,20,16.333,20.5,12
2023-03-01,49,1,2,20,18,14,21,17.333,20.667,18
2023-04-01,49,1,3,12,20,18,25,16.667,17.833,16
2023-05-01,49,1,4,18,12,20,20,16.667,16.5,12
2023-06-01,49,1,5,16,18,12,19,15.333,16.333,16
2023-07-01,49,1,6,12,16,18,18,15.333,16.0,24
2023-08-01,49,1,7,16,12,16,19,14.667,15.667,14
2023-09-01,49,1,8,24,16,12,29,17.333,16.333,13
2023-10-01,49,1,9,14,24,16,26,18.0,16.667,28
2023-11-01,49,1,10,13,14,24,17,17.0,15.833,20
2023-12-01,49,1,11,28,13,14,14,18.333,17.833,14
2024-01-01,49,1,12,20,28,13,18,20.333,19.167,24
2024-02-01,49,1,1,14,20,28,20,20.667,18.833,18
2024-03-01,49,1,2,24,14,20,12,19.333,18.833,20
2024-04-01,49,1,3,18,24,14,18,18.667,19.5,15
2024-05-01,49,1,4,20,18,24,16,20.667,20.667,25
2024-06-01,49,1,5,15,20,18,12,17.667,18.5,19
2024-07-01,49,1,6,25,15,20,16,20.0,19.333,14
2024-08-01,49,1,7,19,25,15,24,19.667,20.167,14
2024-09-01,49,1,8,14,19,25,14,19.333,18.5,11
2024-10-01,49,1,9,14,14,19,13,15.667,17.833,17
2024-11-01,49,1,10,11,14,14,28,13.0,16.333,11
2024-12-01,49,1,11,17,11,14,20,14.0,16.667,22
2025-01-01,49,1,12,11,17,11,14,13.0,14.333,19
2025-02-01,49,1,1,22,11,17,24,16.667,14.833,14
2025-03-01,49,1,2,19,22,11,18,17.333,15.667,21
2025-04-01,49,1,3,14,19,22,20,18.333,15.667,17
2025-05-01,49,1,4,21,14,19,15,18.0,17.333,23
2025-06-01,49,1,5,17,21,14,25,17.333,17.333,19
2025-07-01,49,1,6,23,17,21,19,20.333,19.333,28
2025-08-01,49,1,7,19,23,17,14,19.667,18.833,17
2025-09-01,49,1,8,28,19,23,14,23.333,20.333,13
2025-10-01,49,1,9,17,28,19,11,21.333,20.833,12
2025-11-01,49,1,10,13,17,28,17,19.333,19.5,23
2025-12-01,49,1,11,12,13,17,11,14.0,18.667,14
2023-02-01,50,1,1,20,21,14,13,18.333,18.5,15
2023-03-01,50,1,2,16,20,21,24,19.0,17.5,15
2023-04-01,50,1,3,15,16,20,18,17.0,17.0,22
2023-05-01,50,1,4,15,15,16,26,15.333,16.833,22
2023-06-01,50,1,5,22,15,15,21,17.333,18.167,16
2023-07-01,50,1,6,22,22,15,20,19.667,18.333,16
2023-08-01,50,1,7,16,22,22,22,20.0,17.667,13
2023-09-01,50,1,8,16,16,22,18,18.0,17.667,28
2023-10-01,50,1,9,13,16,16,16,15.0,17.333,12
2023-11-01,50,1,10,28,13,16,14,19.0,19.5,18
2023-12-01,50,1,11,12,28,13,21,17.667,17.833,17
2024-01-01,50,1,12,18,12,28,20,19.333,17.167,24
2024-02-01,50,1,1,17,18,12,16,15.667,17.333,19
2024-03-01,50,1,2,24,17,18,15,19.667,18.667,13
2024-04-01,50,1,3,19,24,17,15,20.0,19.667,13
2024-05-01,50,1,4,13,19,24,22,18.667,17.167,13
2024-06-01,50,1,5,13,13,19,22,15.0,17.333,6
2024-07-01,50,1,6,13,13,13,16,13.0,16.5,17
2024-08-01,50,1,7,6,13,13,16,10.667,14.667,20
2024-09-01,50,1,8,17,6,13,13,12.0,13.5,21
2024-10-01,50,1,9,20,17,6,28,14.333,13.667,10
2024-11-01,50,1,10,21,20,17,12,19.333,15.0,26
2024-12-01,50,1,11,10,21,20,18,17.0,14.5,29
2025-01-01,50,1,12,26,10,21,17,19.0,16.667,18
2025-02-01,50,1,1,29,26,10,24,21.667,20.5,11
2025-03-01,50,1,2,18,29,26,19,24.333,20.667,18
2025-04-01,50,1,3,11,18,29,13,19.333,19.167,17
2025-05-01,50,1,4,18,11,18,13,15.667,18.667,19
2025-06-01,50,1,5,17,18,11,13,15.333,19.833,29
2025-07-01,50,1,6,19,17,18,6,18.0,18.667,28
2025-08-01,50,1,7,29,19,17,17,21.667,18.667,9
2025-09-01,50,1,8,28,29,19,20,25.333,20.333,18
2025-10-01,50,1,9,9,28,29,21,22.0,20.0,25
2025-11-01,50,1,10,18,9,28,10,18.333,20.0,14
2025-12-01,50,1,11,25,18,9,26,17.333,21.333,15
2023-02-01,51,1,1,30,21,19,23,23.333,21.667,19
2023-03-01,51,1,2,27,30,21,19,26.0,22.5,13
2023-04-01,51,1,3,19,27,30,23,25.333,22.333,22
2023-05-01,51,1,4,13,19,27,15,19.667,21.5,18
2023-06-01,51,1,5,22,13,19,19,18.0,22.0,16
2023-07-01,51,1,6,18,22,13,21,17.667,21.5,22
2023-08-01,51,1,7,16,18,22,22,18.667,19.167,18
2023-09-01,51,1,8,22,16,18,20,18.667,18.333,21
2023-10-01,51,1,9,18,22,16,18,18.667,18.167,27
2023-11-01,51,1,10,21,18,22,19,20.333,19.5,28
2023-12-01,51,1,11,27,21,18,21,22.0,20.333,25
2024-01-01,51,1,12,28,27,21,30,25.333,22.0,17
2024-02-01,51,1,1,25,28,27,27,26.667,23.5,21
2024-03-01,51,1,2,17,25,28,19,23.333,22.667,20
2024-04-01,51,1,3,21,17,25,13,21.0,23.167,22
2024-05-01,51,1,4,20,21,17,22,19.333,23.0,11
2024-06-01,51,1,5,22,20,21,18,21.0,22.167,15
2024-07-01,51,1,6,11,22,20,16,17.667,19.333,27
2024-08-01,51,1,7,15,11,22,22,16.0,17.667,25
2024-09-01,51,1,8,27,15,11,18,17.667,19.333,23
2024-10-01,51,1,9,25,27,15,21,22.333,20.0,19
2024-11-01,51,1,10,23,25,27,27,25.0,20.5,19
2024-12-01,51,1,11,19,23,25,28,22.333,20.0,14
2025-01-01,51,1,12,19,19,23,25,20.333,21.333,21
2025-02-01,51,1,1,14,19,19,17,17.333,21.167,17
2025-03-01,51,1,2,21,14,19,21,18.0,20.167,19
2025-04-01,51,1,3,17,21,14,20,17.333,18.833,19
2025-05-01,51,1,4,19,17,21,22,19.0,18.167,10
2025-06-01,51,1,5,19,19,17,11,18.333,18.167,10
2025-07-01,51,1,6,10,19,19,15,16.0,16.667,15
2025-08-01,51,1,7,10,10,19,27,13.0,16.0,25
2025-09-01,51,1,8,15,10,10,25,11.667,15.0,14
2025-10-01,51,1,9,25,15,10,23,16.667,16.333,25
2025-11-01,51,1,10,14,25,15,19,18.0,15.5,19
2025-12-01,51,1,11,25,14,25,19,21.333,16.5,21
2023-02-01,52,1,1,18,16,18,17,17.333,17.0,14
2023-03-01,52,1,2,11,18,16,15,15.0,15.833,19
2023-04-01,52,1,3,14,11,18,27,14.333,15.667,11
2023-05-01,52,1,4,19,14,11,14,14.667,16.0,21
2023-06-01,52,1,5,11,19,14,21,14.667,14.833,18
2023-07-01,52,1,6,21,11,19,24,17.0,15.667,19
2023-08-01,52,1,7,18,21,11,18,16.667,15.667,23
2023-09-01,52,1,8,19,18,21,15,19.333,17.0,14
2023-10-01,52,1,9,23,19,18,17,20.0,18.5,23
2023-11-01,52,1,10,14,23,19,18,18.667,17.667,17
2023-12-01,52,1,11,23,14,23,16,20.0,19.667,15
2024-01-01,52,1,12,17,23,14,18,18.0,19.0,16
2024-02-01,52,1,1,15,17,23,11,18.333,18.5,18
2024-03-01,52,1,2,16,15,17,14,16.0,18.0,18
2024-04-01,52,1,3,18,16,15,19,16.333,17.167,18
2024-05-01,52,1,4,18,18,16,11,17.333,17.833,17
2024-06-01,52,1,5,18,18,18,21,18.0,17.0,19
2024-07-01,52,1,6,17,18,18,18,17.667,17.0,19
2024-08-01,52,1,7,19,17,18,19,18.0,17.667,21
2024-09-01,52,1,8,19,19,17,23,18.333,18.167,25
2024-10-01,52,1,9,21,19,19,14,19.667,18.667,19
2024-11-01,52,1,10,25,21,19,23,21.667,19.833,20
2024-12-01,52,1,11,19,25,21,17,21.667,20.0,18
2025-01-01,52,1,12,20,19,25,15,21.333,20.5,20
2025-02-01,52,1,1,18,20,19,16,19.0,20.333,19
2025-03-01,52,1,2,20,18,20,18,19.333,20.5,21
2025-04-01,52,1,3,19,20,18,18,19.0,20.167,17
2025-05-01,52,1,4,21,19,20,18,20.0,19.5,24
2025-06-01,52,1,5,17,21,19,17,19.0,19.167,18
2025-07-01,52,1,6,24,17,21,19,20.667,19.833,24
2025-08-01,52,1,7,18,24,17,19,19.667,19.833,19
2025-09-01,52,1,8,24,18,24,21,22.0,20.5,14
2025-10-01,52,1,9,19,24,18,25,20.333,20.5,10
2025-11-01,52,1,10,14,19,24,19,19.0,19.333,11
2025-12-01,52,1,11,10,14,19,20,14.333,18.167,20
2023-02-01,53,1,1,16,26,16,23,19.333,19.0,13
2023-03-01,53,1,2,14,16,26,20,18.667,18.5,23
2023-04-01,53,1,3,13,14,16,15,14.333,18.167,25
2023-05-01,53,1,4,23,13,14,26,16.667,18.0,14
2023-06-01,53,1,5,25,23,13,25,20.333,19.5,24
2023-07-01,53,1,6,14,25,23,23,20.667,17.5,18
2023-08-01,53,1,7,24,14,25,17,21.0,18.833,21
2023-09-01,53,1,8,18,24,14,15,18.667,19.5,9
2023-10-01,53,1,9,21,18,24,24,21.0,20.833,18
2023-11-01,53,1,10,9,21,18,16,16.0,18.5,15
2023-12-01,53,1,11,18,9,21,26,16.0,17.333,18
2024-01-01,53,1,12,15,18,9,16,14.0,17.5,21
2024-02-01,53,1,1,18,15,18,14,17.0,16.5,21
2024-03-01,53,1,2,21,18,15,13,18.0,17.0,14
2024-04-01,53,1,3,21,21,18,23,20.0,17.0,12
2024-05-01,53,1,4,14,21,21,25,18.667,17.833,18
2024-06-01,53,1,5,12,14,21,14,15.667,16.833,16
2024-07-01,53,1,6,18,12,14,24,14.667,17.333,28
2024-08-01,53,1,7,16,18,12,18,15.333,17.0,22
2024-09-01,53,1,8,28,16,18,21,20.667,18.167,16
2024-10-01,53,1,9,22,28,16,9,22.0,18.333,10
2024-11-01,53,1,10,16,22,28,18,22.0,18.667,16
2024-12-01,53,1,11,10,16,22,15,16.0,18.333,14
2025-01-01,53,1,12,16,10,16,18,14.0,18.0,20
2025-02-01,53,1,1,14,16,10,21,13.333,17.667,17
2025-03-01,53,1,2,20,14,16,21,16.667,16.333,18
2025-04-01,53,1,3,17,20,14,14,17.0,15.5,19
2025-05-01,53,1,4,18,17,20,12,18.333,15.833,14
2025-06-01,53,1,5,19,18,17,18,18.0,17.333,15
2025-07-01,53,1,6,14,19,18,16,17.0,17.0,16
2025-08-01,53,1,7,15,14,19,28,16.0,17.167,23
2025-09-01,53,1,8,16,15,14,22,15.0,16.5,17
2025-10-01,53,1,9,23,16,15,16,18.0,17.5,25
2025-11-01,53,1,10,17,23,16,10,18.667,17.333,9
2025-12-01,53,1,11,25,17,23,16,21.667,18.333,26
2023-02-01,54,1,1,24,13,20,23,19.0,18.833,8
2023-03-01,54,1,2,16,24,13,17,17.667,18.167,17
2023-04-01,54,1,3,8,16,24,17,16.0,16.0,21
2023-05-01,54,1,4,17,8,16,11,13.667,16.333,26
2023-06-01,54,1,5,21,17,8,22,15.333,16.5,14
2023-07-01,54,1,6,26,21,17,19,21.333,18.667,18
2023-08-01,54,1,7,14,26,21,20,20.333,17.0,35
2023-09-01,54,1,8,18,14,26,21,19.333,17.333,13
2023-10-01,54,1,9,35,18,14,15,22.333,21.833,21
2023-11-01,54,1,10,13,35,18,20,22.0,21.167,23
2023-12-01,54,1,11,21,13,35,13,23.0,21.167,21
2024-01-01,54,1,12,23,21,13,24,19.0,20.667,20
2024-02-01,54,1,1,21,23,21,16,21.667,21.833,10
2024-03-01,54,1,2,20,21,23,8,21.333,22.167,21
2024-04-01,54,1,3,10,20,21,17,17.0,18.0,20
2024-05-01,54,1,4,21,10,20,21,17.0,19.333,21
2024-06-01,54,1,5,20,21,10,26,17.0,19.167,14
2024-07-01,54,1,6,21,20,21,14,20.667,18.833,13
2024-08-01,54,1,7,14,21,20,18,18.333,17.667,12
2024-09-01,54,1,8,13,14,21,35,16.0,16.5,23
2024-10-01,54,1,9,12,13,14,13,13.0,16.833,21
2024-11-01,54,1,10,23,12,13,21,16.0,17.167,17
2024-12-01,54,1,11,21,23,12,23,18.667,17.333,19
2025-01-01,54,1,12,17,21,23,21,20.333,16.667,24
2025-02-01,54,1,1,19,17,21,20,19.0,17.5,21
2025-03-01,54,1,2,24,19,17,10,20.0,19.333,25
2025-04-01,54,1,3,21,24,19,21,21.333,20.833,26
2025-05-01,54,1,4,25,21,24,20,23.333,21.167,18
2025-06-01,54,1,5,26,25,21,21,24.0,22.0,19
2025-07-01,54,1,6,18,26,25,14,23.0,22.167,16
2025-08-01,54,1,7,19,18,26,13,21.0,22.167,26
2025-09-01,54,1,8,16,19,18,12,17.667,20.833,20
2025-10-01,54,1,9,26,16,19,23,20.333,21.667,13
2025-11-01,54,1,10,20,26,16,21,20.667,20.833,19
2025-12-01,54,1,11,13,20,26,17,19.667,18.667,24
2023-02-01,55,1,1,18,15,21,25,18.0,19.333,15
2023-03-01,55,1,2,17,18,15,16,16.667,19.0,22
2023-04-01,55,1,3,15,17,18,15,16.667,18.167,20
2023-05-01,55,1,4,22,15,17,17,18.0,18.0,17
2023-06-01,55,1,5,20,22,15,24,19.0,17.833,16
2023-07-01,55,1,6,17,20,22,22,19.667,18.167,12
2023-08-01,55,1,7,16,17,20,19,17.667,17.833,13
2023-09-01,55,1,8,12,16,17,20,15.0,17.0,23
2023-10-01,55,1,9,13,12,16,23,13.667,16.667,19
2023-11-01,55,1,10,23,13,12,21,16.0,16.833,16
2023-12-01,55,1,11,19,23,13,15,18.333,16.667,19
2024-01-01,55,1,12,16,19,23,18,19.333,16.5,12
2024-02-01,55,1,1,19,16,19,17,18.0,17.0,18
2024-03-01,55,1,2,12,19,16,15,15.667,17.0,14
2024-04-01,55,1,3,18,12,19,22,16.333,17.833,18
2024-05-01,55,1,4,14,18,12,20,14.667,16.333,21
2024-06-01,55,1,5,18,14,18,17,16.667,16.167,20
2024-07-01,55,1,6,21,18,14,16,17.667,17.0,18
2024-08-01,55,1,7,20,21,18,12,19.667,17.167,16
2024-09-01,55,1,8,18,20,21,13,19.667,18.167,21
2024-10-01,55,1,9,16,18,20,23,18.0,17.833,16
2024-11-01,55,1,10,21,16,18,19,18.333,19.0,16
2024-12-01,55,1,11,16,21,16,16,17.667,18.667,19
2025-01-01,55,1,12,16,16,21,19,17.667,17.833,17
2025-02-01,55,1,1,19,16,16,12,17.0,17.667,17
2025-03-01,55,1,2,17,19,16,18,17.333,17.5,21
2025-04-01,55,1,3,17,17,19,14,17.667,17.667,24
2025-05-01,55,1,4,21,17,17,18,18.333,17.667,26
2025-06-01,55,1,5,24,21,17,21,20.667,19.0,21
2025-07-01,55,1,6,26,24,21,20,23.667,20.667,23
2025-08-01,55,1,7,21,26,24,18,23.667,21.0,26
2025-09-01,55,1,8,23,21,26,16,23.333,22.0,18
2025-10-01,55,1,9,26,23,21,21,23.333,23.5,13
2025-11-01,55,1,10,18,26,23,16,22.333,23.0,19
2025-12-01,55,1,11,13,18,26,16,19.0,21.167,20
2023-02-01,56,1,1,16,17,13,14,15.333,18.0,20
2023-03-01,56,1,2,22,16,17,12,18.333,17.5,17
2023-04-01,56,1,3,20,22,16,22,19.333,16.833,14
2023-05-01,56,1,4,17,20,22,22,19.667,17.5,18
2023-06-01,56,1,5,14,17,20,16,17.0,17.667,22
2023-07-01,56,1,6,18,14,17,19,16.333,17.833,27
2023-08-01,56,1,7,22,18,14,25,18.0,18.833,25
2023-09-01,56,1,8,27,22,18,24,22.333,19.667,14
2023-10-01,56,1,9,25,27,22,13,24.667,20.5,23
2023-11-01,56,1,10,14,25,27,13,22.0,20.0,23
2023-12-01,56,1,11,23,14,25,17,20.667,21.5,20
2024-01-01,56,1,12,23,23,14,16,20.0,22.333,21
2024-02-01,56,1,1,20,23,23,22,22.0,22.0,14
2024-03-01,56,1,2,21,20,23,20,21.333,21.0,30
2024-04-01,56,1,3,14,21,20,17,18.333,19.167,17
2024-05-01,56,1,4,30,14,21,14,21.667,21.833,14
2024-06-01,56,1,5,17,30,14,18,20.333,20.833,23
2024-07-01,56,1,6,14,17,30,22,20.333,19.333,13
2024-08-01,56,1,7,23,14,17,27,18.0,19.833,12
2024-09-01,56,1,8,13,23,14,25,16.667,18.5,24
2024-10-01,56,1,9,12,13,23,14,16.0,18.167,22
2024-11-01,56,1,10,24,12,13,23,16.333,17.167,18
2024-12-01,56,1,11,22,24,12,23,19.333,18.0,13
2025-01-01,56,1,12,18,22,24,20,21.333,18.667,25
2025-02-01,56,1,1,13,18,22,21,17.667,17.0,14
2025-03-01,56,1,2,25,13,18,14,18.667,19.0,28
2025-04-01,56,1,3,14,25,13,30,17.333,19.333,12
2025-05-01,56,1,4,28,14,25,17,22.333,20.0,20
2025-06-01,56,1,5,12,28,14,14,18.0,18.333,15
2025-07-01,56,1,6,20,12,28,23,20.0,18.667,19
2025-08-01,56,1,7,15,20,12,13,15.667,19.0,15
2025-09-01,56,1,8,19,15,20,12,18.0,18.0,23
2025-10-01,56,1,9,15,19,15,24,16.333,18.167,11
2025-11-01,56,1,10,23,15,19,22,19.0,17.333,17
2025-12-01,56,1,11,11,23,15,18,16.333,17.167,18
2023-02-01,57,1,1,22,21,17,25,20.0,19.167,14
2023-03-01,57,1,2,22,22,21,16,21.667,19.167,11
2023-04-01,57,1,3,14,22,22,21,19.333,19.0,12
2023-05-01,57,1,4,11,14,22,18,15.667,17.833,13
2023-06-01,57,1,5,12,11,14,23,12.333,17.0,19
2023-07-01,57,1,6,13,12,11,21,12.0,15.667,19
2023-08-01,57,1,7,19,13,12,22,14.667,15.167,16
2023-09-01,57,1,8,19,19,13,15,17.0,14.667,22
2023-10-01,57,1,9,16,19,19,18,18.0,15.0,24
2023-11-01,57,1,10,22,16,19,17,19.0,16.833,11
2023-12-01,57,1,11,24,22,16,21,20.667,18.833,22
2024-01-01,57,1,12,11,24,22,22,19.0,18.5,14
2024-02-01,57,1,1,22,11,24,22,19.0,19.0,23
2024-03-01,57,1,2,14,22,11,14,15.667,18.167,24
2024-04-01,57,1,3,23,14,22,11,19.667,19.333,18
2024-05-01,57,1,4,24,23,14,12,20.333,19.667,19
2024-06-01,57,1,5,18,24,23,13,21.667,18.667,17
2024-07-01,57,1,6,19,18,24,19,20.333,20.0,27
2024-08-01,57,1,7,17,19,18,19,18.0,19.167,17
2024-09-01,57,1,8,27,17,19,16,21.0,21.333,19
2024-10-01,57,1,9,17,27,17,22,20.333,20.333,16
2024-11-01,57,1,10,19,17,27,24,21.0,19.5,17
2024-12-01,57,1,11,16,19,17,11,17.333,19.167,18
2025-01-01,57,1,12,17,16,19,22,17.333,18.833,15
2025-02-01,57,1,1,18,17,16,14,17.0,19.0,21
2025-03-01,57,1,2,15,18,17,23,16.667,17.0,15
2025-04-01,57,1,3,21,15,18,24,18.0,17.667,13
2025-05-01,57,1,4,15,21,15,18,17.0,17.0,19
2025-06-01,57,1,5,13,15,21,19,16.333,16.5,21
2025-07-01,57,1,6,19,13,15,17,15.667,16.833,14
2025-08-01,57,1,7,21,19,13,27,17.667,17.333,19
2025-09-01,57,1,8,14,21,19,17,18.0,17.167,10
2025-10-01,57,1,9,19,14,21,19,18.0,16.833,18
2025-11-01,57,1,10,10,19,14,16,14.333,16.0,20
2025-12-01,57,1,11,18,10,19,17,15.667,16.833,17
2023-02-01,58,1,1,21,11,27,30,19.667,18.667,14
2023-03-01,58,1,2,16,21,11,14,16.0,18.833,22
2023-04-01,58,1,3,14,16,21,17,17.0,18.333,14
2023-05-01,58,1,4,22,14,16,20,17.333,18.5,20
2023-06-01,58,1,5,14,22,14,16,16.667,16.333,17
2023-07-01,58,1,6,20,14,22,16,18.667,17.833,16
2023-08-01,58,1,7,17,20,14,15,17.0,17.167,21
2023-09-01,58,1,8,16,17,20,17,17.667,17.167,23
2023-10-01,58,1,9,21,16,17,21,18.0,18.333,19
2023-11-01,58,1,10,23,21,16,27,20.0,18.5,19
2023-12-01,58,1,11,19,23,21,11,21.0,19.333,17
2024-01-01,58,1,12,19,19,23,21,20.333,19.167,15
2024-02-01,58,1,1,17,19,19,16,18.333,19.167,13
2024-03-01,58,1,2,15,17,19,14,17.0,19.0,9
2024-04-01,58,1,3,13,15,17,22,15.0,17.667,24
2024-05-01,58,1,4,9,13,15,14,12.333,15.333,20
2024-06-01,58,1,5,24,9,13,20,15.333,16.167,24
2024-07-01,58,1,6,20,24,9,17,17.667,16.333,25
2024-08-01,58,1,7,24,20,24,16,22.667,17.5,14
2024-09-01,58,1,8,25,24,20,21,23.0,19.167,20
2024-10-01,58,1,9,14,25,24,23,21.0,19.333,16
2024-11-01,58,1,10,20,14,25,19,19.667,21.167,26
2024-12-01,58,1,11,16,20,14,19,16.667,19.833,22
2025-01-01,58,1,12,26,16,20,17,20.667,20.833,25
2025-02-01,58,1,1,22,26,16,15,21.333,20.5,19
2025-03-01,58,1,2,25,22,26,13,24.333,20.5,22
2025-04-01,58,1,3,19,25,22,9,22.0,21.333,19
2025-05-01,58,1,4,22,19,25,24,22.0,21.667,20
2025-06-01,58,1,5,19,22,19,20,20.0,22.167,13
2025-07-01,58,1,6,20,19,22,24,20.333,21.167,18
2025-08-01,58,1,7,13,20,19,25,17.333,19.667,10
2025-09-01,58,1,8,18,13,20,14,17.0,18.5,17
2025-10-01,58,1,9,10,18,13,20,13.667,17.0,23
2025-11-01,58,1,10,17,10,18,16,15.0,16.167,19
2025-12-01,58,1,11,23,17,10,26,16.667,16.833,29
2023-02-01,59,1,1,28,23,23,23,24.667,20.5,13
2023-03-01,59,1,2,15,28,23,14,22.0,20.167,20
2023-04-01,59,1,3,13,15,28,22,18.667,19.5,27
2023-05-01,59,1,4,20,13,15,22,16.0,20.333,19
2023-06-01,59,1,5,27,20,13,17,20.0,21.0,21
2023-07-01,59,1,6,19,27,20,17,22.0,20.333,22
2023-08-01,59,1,7,21,19,27,17,22.333,19.167,14
2023-09-01,59,1,8,22,21,19,17,20.667,20.333,16
2023-10-01,59,1,9,14,22,21,15,19.0,20.5,22
2023-11-01,59,1,10,16,14,22,23,17.333,19.833,13
2023-12-01,59,1,11,22,16,14,23,17.333,19.0,19
2024-01-01,59,1,12,13,22,16,28,17.0,18.0,15
2024-02-01,59,1,1,19,13,22,15,18.0,17.667,26
2024-03-01,59,1,2,15,19,13,13,15.667,16.5,20
2024-04-01,59,1,3,26,15,19,20,20.0,18.5,18
2024-05-01,59,1,4,20,26,15,27,20.333,19.167,14
2024-06-01,59,1,5,18,20,26,19,21.333,18.5,17
2024-07-01,59,1,6,14,18,20,21,17.333,18.667,16
2024-08-01,59,1,7,17,14,18,22,16.333,18.333,17
2024-09-01,59,1,8,16,17,14,14,15.667,18.5,12
2024-10-01,59,1,9,17,16,17,16,16.667,17.0,32
2024-11-01,59,1,10,12,17,16,22,15.0,15.667,22
2024-12-01,59,1,11,32,12,17,13,20.333,18.0,19
2025-01-01,59,1,12,22,32,12,19,22.0,19.333,18
2025-02-01,59,1,1,19,22,32,15,24.333,19.667,14
2025-03-01,59,1,2,18,19,22,26,19.667,20.0,23
2025-04-01,59,1,3,14,18,19,20,17.0,19.5,21
2025-05-01,59,1,4,23,14,18,18,18.333,21.333,24
2025-06-01,59,1,5,21,23,14,14,19.333,19.5,16
2025-07-01,59,1,6,24,21,23,17,22.667,19.833,18
2025-08-01,59,1,7,16,24,21,16,20.333,19.333,23
2025-09-01,59,1,8,18,16,24,17,19.333,19.333,14
2025-10-01,59,1,9,23,18,16,12,19.0,20.833,21
2025-11-01,59,1,10,14,23,18,32,18.333,19.333,10
2025-12-01,59,1,11,21,14,23,22,19.333,19.333,24
2023-02-01,60,1,1,24,23,18,17,21.667,21.333,17
2023-03-01,60,1,2,16,24,23,15,21.0,19.667,18
2023-04-01,60,1,3,17,16,24,14,19.0,19.167,16
2023-05-01,60,1,4,18,17,16,19,17.0,19.333,14
2023-06-01,60,1,5,16,18,17,16,17.0,19.0,22
2023-07-01,60,1,6,14,16,18,21,16.0,17.5,14
2023-08-01,60,1,7,22,14,16,26,17.333,17.167,13
2023-09-01,60,1,8,14,22,14,20,16.667,16.833,11
2023-10-01,60,1,9,13,14,22,17,16.333,16.167,16
2023-11-01,60,1,10,11,13,14,18,12.667,15.0,13
2023-12-01,60,1,11,16,11,13,23,13.333,15.0,19
2024-01-01,60,1,12,13,16,11,24,13.333,14.833,14
2024-02-01,60,1,1,19,13,16,16,16.0,14.333,15
2024-03-01,60,1,2,14,19,13,17,15.333,14.333,18
2024-04-01,60,1,3,15,14,19,18,16.0,14.667,15
2024-05-01,60,1,4,18,15,14,16,15.667,15.833,25
2024-06-01,60,1,5,15,18,15,14,16.0,15.667,16
2024-07-01,60,1,6,25,15,18,22,19.333,17.667,16
2024-08-01,60,1,7,16,25,15,14,18.667,17.167,17
2024-09-01,60,1,8,16,16,25,13,19.0,17.5,21
2024-10-01,60,1,9,17,16,16,11,16.333,17.833,17
2024-11-01,60,1,10,21,17,16,16,18.0,18.333,19
2024-12-01,60,1,11,17,21,17,13,18.333,18.667,24
2025-01-01,60,1,12,19,17,21,19,19.0,17.667,20
2025-02-01,60,1,1,24,19,17,14,20.0,19.0,21
2025-03-01,60,1,2,20,24,19,15,21.0,19.667,17
2025-04-01,60,1,3,21,20,24,18,21.667,20.333,15
2025-05-01,60,1,4,17,21,20,15,19.333,19.667,20
2025-06-01,60,1,5,15,17,21,25,17.667,19.333,22
2025-07-01,60,1,6,20,15,17,16,17.333,19.5,23
2025-08-01,60,1,7,22,20,15,16,19.0,19.167,20
2025-09-01,60,1,8,23,22,20,17,21.667,19.667,19
2025-10-01,60,1,9,20,23,22,21,21.667,19.5,9
2025-11-01,60,1,10,19,20,23,17,20.667,19.833,15
2025-12-01,60,1,11,9,19,20,19,16.0,18.833,18
2023-02-01,61,1,1,11,14,24,17,16.333,16.667,17
2023-03-01,61,1,2,16,11,14,10,13.667,15.667,21
2023-04-01,61,1,3,17,16,11,13,14.667,16.333,20
2023-05-01,61,1,4,21,17,16,14,18.0,17.167,18
2023-06-01,61,1,5,20,21,17,13,19.333,16.5,22
2023-07-01,61,1,6,18,20,21,17,19.667,17.167,18
2023-08-01,61,1,7,22,18,20,22,20.0,19.0,20
2023-09-01,61,1,8,18,22,18,13,19.333,19.333,14
2023-10-01,61,1,9,20,18,22,16,20.0,19.833,20
2023-11-01,61,1,10,14,20,18,24,17.333,18.667,19
2023-12-01,61,1,11,20,14,20,14,18.0,18.667,17
2024-01-01,61,1,12,19,20,14,11,17.667,18.833,20
2024-02-01,61,1,1,17,19,20,16,18.667,18.0,23
2024-03-01,61,1,2,20,17,19,17,18.667,18.333,21
2024-04-01,61,1,3,23,20,17,21,20.0,18.833,18
2024-05-01,61,1,4,21,23,20,20,21.333,20.0,21
2024-06-01,61,1,5,18,21,23,18,20.667,19.667,18
2024-07-01,61,1,6,21,18,21,22,20.0,20.0,11
2024-08-01,61,1,7,18,21,18,18,19.0,20.167,11
2024-09-01,61,1,8,11,18,21,20,16.667,18.667,20
2024-10-01,61,1,9,11,11,18,14,13.333,16.667,27
2024-11-01,61,1,10,20,11,11,20,14.0,16.5,31
2024-12-01,61,1,11,27,20,11,19,19.333,18.0,16
2025-01-01,61,1,12,31,27,20,17,26.0,19.667,15
2025-02-01,61,1,1,16,31,27,20,24.667,19.333,16
2025-03-01,61,1,2,15,16,31,23,20.667,20.0,16
2025-04-01,61,1,3,16,15,16,21,15.667,20.833,17
2025-05-01,61,1,4,16,16,15,18,15.667,20.167,18
2025-06-01,61,1,5,17,16,16,21,16.333,18.5,21
2025-07-01,61,1,6,18,17,16,18,17.0,16.333,17
2025-08-01,61,1,7,21,18,17,11,18.667,17.167,25
2025-09-01,61,1,8,17,21,18,11,18.667,17.5,11
2025-10-01,61,1,9,25,17,21,20,21.0,19.0,11
2025-11-01,61,1,10,11,25,17,27,17.667,18.167,22
2025-12-01,61,1,11,11,11,25,31,15.667,17.167,22
2023-02-01,62,1,1,27,19,19,23,21.667,20.833,16
2023-03-01,62,1,2,17,27,19,21,21.0,19.833,11
2023-04-01,62,1,3,16,17,27,14,20.0,19.667,17
2023-05-01,62,1,4,11,16,17,26,14.667,18.167,14
2023-06-01,62,1,5,17,11,16,16,14.667,17.833,17
2023-07-01,62,1,6,14,17,11,17,14.0,17.0,16
2023-08-01,62,1,7,17,14,17,23,16.0,15.333,20
2023-09-01,62,1,8,16,17,14,17,15.667,15.167,14
2023-10-01,62,1,9,20,16,17,20,17.667,15.833,19
2023-11-01,62,1,10,14,20,16,19,16.667,16.333,17
2023-12-01,62,1,11,19,14,20,19,17.667,16.667,17
2024-01-01,62,1,12,17,19,14,27,16.667,17.167,21
2024-02-01,62,1,1,17,17,19,17,17.667,17.167,23
2024-03-01,62,1,2,21,17,17,16,18.333,18.0,22
2024-04-01,62,1,3,23,21,17,11,20.333,18.5,11
2024-05-01,62,1,4,22,23,21,17,22.0,19.833,15
2024-06-01,62,1,5,11,22,23,14,18.667,18.5,19
2024-07-01,62,1,6,15,11,22,17,16.0,18.167,19
2024-08-01,62,1,7,19,15,11,16,15.0,18.5,15
2024-09-01,62,1,8,19,19,15,20,17.667,18.167,16
2024-10-01,62,1,9,15,19,19,14,17.667,16.833,16
2024-11-01,62,1,10,16,15,19,19,16.667,15.833,13
2024-12-01,62,1,11,16,16,15,17,15.667,16.667,12
2025-01-01,62,1,12,13,16,16,17,15.0,16.333,29
2025-02-01,62,1,1,12,13,16,21,13.667,15.167,16
2025-03-01,62,1,2,29,12,13,23,18.0,16.833,20
2025-04-01,62,1,3,16,29,12,22,19.0,17.0,21
2025-05-01,62,1,4,20,16,29,11,21.667,17.667,18
2025-06-01,62,1,5,21,20,16,15,19.0,18.5,25
2025-07-01,62,1,6,18,21,20,19,19.667,19.333,16
2025-08-01,62,1,7,25,18,21,19,21.333,21.5,24
2025-09-01,62,1,8,16,25,18,15,19.667,19.333,25
2025-10-01,62,1,9,24,16,25,16,21.667,20.667,23
2025-11-01,62,1,10,25,24,16,16,21.667,21.5,18
2025-12-01,62,1,11,23,25,24,13,24.0,21.833,22
2023-02-01,63,1,1,18,17,20,17,18.333,20.0,23
2023-03-01,63,1,2,21,18,17,12,18.667,19.5,20
2023-04-01,63,1,3,23,21,18,23,20.667,20.0,21
2023-05-01,63,1,4,20,23,21,18,21.333,19.833,24
2023-06-01,63,1,5,21,20,23,19,21.333,20.0,14
2023-07-01,63,1,6,24,21,20,27,21.667,21.167,14
2023-08-01,63,1,7,14,24,21,24,19.667,20.5,14
2023-09-01,63,1,8,14,14,24,20,17.333,19.333,28
2023-10-01,63,1,9,14,14,14,21,14.0,17.833,15
2023-11-01,63,1,10,28,14,14,20,18.667,19.167,12
2023-12-01,63,1,11,15,28,14,17,19.0,18.167,25
2024-01-01,63,1,12,12,15,28,18,18.333,16.167,15
2024-02-01,63,1,1,25,12,15,21,17.333,18.0,15
2024-03-01,63,1,2,15,25,12,23,17.333,18.167,18
2024-04-01,63,1,3,15,15,25,20,18.333,18.333,21
2024-05-01,63,1,4,18,15,15,21,16.0,16.667,19
2024-06-01,63,1,5,21,18,15,24,18.0,17.667,23
2024-07-01,63,1,6,19,21,18,14,19.333,18.833,18
2024-08-01,63,1,7,23,19,21,14,21.0,18.5,22
2024-09-01,63,1,8,18,23,19,14,20.0,19.0,16
2024-10-01,63,1,9,22,18,23,28,21.0,20.167,15
2024-11-01,63,1,10,16,22,18,15,18.667,19.833,24
2024-12-01,63,1,11,15,16,22,12,17.667,18.833,15
2025-01-01,63,1,12,24,15,16,25,18.333,19.667,25
2025-02-01,63,1,1,15,24,15,15,18.0,18.333,17
2025-03-01,63,1,2,25,15,24,15,21.333,19.5,17
2025-04-01,63,1,3,17,25,15,18,19.0,18.667,18
2025-05-01,63,1,4,17,17,25,21,19.667,18.833,23
2025-06-01,63,1,5,18,17,17,19,17.333,19.333,21
2025-07-01,63,1,6,23,18,17,23,19.333,19.167,23
2025-08-01,63,1,7,21,23,18,18,20.667,20.167,16
2025-09-01,63,1,8,23,21,23,22,22.333,19.833,20
2025-10-01,63,1,9,16,23,21,16,20.0,19.667,15
2025-11-01,63,1,10,20,16,23,15,19.667,20.167,20
2025-12-01,63,1,11,15,20,16,24,17.0,19.667,27
2023-02-01,64,1,1,14,12,15,26,13.667,17.0,24
2023-03-01,64,1,2,11,14,12,18,12.333,15.5,20
2023-04-01,64,1,3,24,11,14,13,16.333,15.5,17
2023-05-01,64,1,4,20,24,11,19,18.333,16.0,21
2023-06-01,64,1,5,17,20,24,23,20.333,16.333,16
2023-07-01,64,1,6,21,17,20,20,19.333,17.833,12
2023-08-01,64,1,7,16,21,17,20,18.0,18.167,22
2023-09-01,64,1,8,12,16,21,24,16.333,18.333,16
2023-10-01,64,1,9,22,12,16,17,16.667,18.0,23
2023-11-01,64,1,10,16,22,12,15,16.667,17.333,23
2023-12-01,64,1,11,23,16,22,12,20.333,18.333,18
2024-01-01,64,1,12,23,23,16,14,20.667,18.667,19
2024-02-01,64,1,1,18,23,23,11,21.333,19.0,15
2024-03-01,64,1,2,19,18,23,24,20.0,20.167,12
2024-04-01,64,1,3,15,19,18,20,17.333,19.0,17
2024-05-01,64,1,4,12,15,19,17,15.333,18.333,19
2024-06-01,64,1,5,17,12,15,21,14.667,17.333,21
2024-07-01,64,1,6,19,17,12,16,16.0,16.667,20
2024-08-01,64,1,7,21,19,17,12,19.0,17.167,24
2024-09-01,64,1,8,20,21,19,22,20.0,17.333,17
2024-10-01,64,1,9,24,20,21,16,21.667,18.833,22
2024-11-01,64,1,10,17,24,20,23,20.333,19.667,22
2024-12-01,64,1,11,22,17,24,23,21.0,20.5,18
2025-01-01,64,1,12,22,22,17,18,20.333,21.0,20
2025-02-01,64,1,1,18,22,22,19,20.667,20.5,13
2025-03-01,64,1,2,20,18,22,15,20.0,20.5,17
2025-04-01,64,1,3,13,20,18,12,17.0,18.667,12
2025-05-01,64,1,4,17,13,20,17,16.667,18.667,18
2025-06-01,64,1,5,12,17,13,19,14.0,17.0,18
2025-07-01,64,1,6,18,12,17,21,15.667,16.333,21
2025-08-01,64,1,7,18,18,12,20,16.0,16.333,17
2025-09-01,64,1,8,21,18,18,24,19.0,16.5,21
2025-10-01,64,1,9,17,21,18,17,18.667,17.167,16
2025-11-01,64,1,10,21,17,21,22,19.667,17.833,18
2025-12-01,64,1,11,16,21,17,22,18.0,18.5,18
2023-02-01,65,1,1,22,17,20,20,19.667,17.167,18
2023-03-01,65,1,2,15,22,17,14,18.0,16.667,17
2023-04-01,65,1,3,18,15,22,15,18.333,17.667,11
2023-05-01,65,1,4,17,18,15,17,16.667,18.167,23
2023-06-01,65,1,5,11,17,18,11,15.333,16.667,13
2023-07-01,65,1,6,23,11,17,19,17.0,17.667,16
2023-08-01,65,1,7,13,23,11,18,15.667,16.167,16
2023-09-01,65,1,8,16,13,23,12,17.333,16.333,18
2023-10-01,65,1,9,16,16,13,14,15.0,16.0,14
2023-11-01,65,1,10,18,16,16,20,16.667,16.167,20
2023-12-01,65,1,11,14,18,16,17,16.0,16.667,25
2024-01-01,65,1,12,20,14,18,22,17.333,16.167,22
2024-02-01,65,1,1,25,20,14,15,19.667,18.167,15
2024-03-01,65,1,2,22,25,20,18,22.333,19.167,25
2024-04-01,65,1,3,15,22,25,17,20.667,19.0,9
2024-05-01,65,1,4,25,15,22,11,20.667,20.167,18
2024-06-01,65,1,5,9,25,15,23,16.333,19.333,23
2024-07-01,65,1,6,18,9,25,13,17.333,19.0,16
2024-08-01,65,1,7,23,18,9,16,16.667,18.667,22
2024-09-01,65,1,8,16,23,18,16,19.0,17.667,20
2024-10-01,65,1,9,22,16,23,18,20.333,18.833,14
2024-11-01,65,1,10,20,22,16,14,19.333,18.0,18
2024-12-01,65,1,11,14,20,22,20,18.667,18.833,21
2025-01-01,65,1,12,18,14,20,25,17.333,18.833,20
2025-02-01,65,1,1,21,18,14,22,17.667,18.5,13
2025-03-01,65,1,2,20,21,18,15,19.667,19.167,21
2025-04-01,65,1,3,13,20,21,25,18.0,17.667,22
2025-05-01,65,1,4,21,13,20,9,18.0,17.833,25
2025-06-01,65,1,5,22,21,13,18,18.667,19.167,21
2025-07-01,65,1,6,25,22,21,23,22.667,20.333,21
2025-08-01,65,1,7,21,25,22,16,22.667,20.333,25
2025-09-01,65,1,8,21,21,25,22,22.333,20.5,14
2025-10-01,65,1,9,25,21,21,20,22.333,22.5,22
2025-11-01,65,1,10,14,25,21,14,20.0,21.333,29
2025-12-01,65,1,11,22,14,25,18,20.333,21.333,12
2023-02-01,66,1,1,19,18,11,13,16.0,16.333,15
2023-03-01,66,1,2,12,19,18,18,16.333,16.333,20
2023-04-01,66,1,3,15,12,19,13,15.333,16.167,19
2023-05-01,66,1,4,20,15,12,25,15.667,15.833,17
2023-06-01,66,1,5,19,20,15,25,18.0,17.167,20
2023-07-01,66,1,6,17,19,20,21,18.667,17.0,14
2023-08-01,66,1,7,20,17,19,12,18.667,17.167,23
2023-09-01,66,1,8,14,20,17,16,17.0,17.5,16
2023-10-01,66,1,9,23,14,20,22,19.0,18.833,18
2023-11-01,66,1,10,16,23,14,11,17.667,18.167,19
2023-12-01,66,1,11,18,16,23,18,19.0,18.0,22
2024-01-01,66,1,12,19,18,16,19,17.667,18.333,16
2024-02-01,66,1,1,22,19,18,12,19.667,18.667,17
2024-03-01,66,1,2,16,22,19,15,19.0,19.0,15
2024-04-01,66,1,3,17,16,22,20,18.333,18.0,17
2024-05-01,66,1,4,15,17,16,19,16.0,17.833,24
2024-06-01,66,1,5,17,15,17,17,16.333,17.667,21
2024-07-01,66,1,6,24,17,15,20,18.667,18.5,21
2024-08-01,66,1,7,21,24,17,14,20.667,18.333,22
2024-09-01,66,1,8,21,21,24,23,22.0,19.167,20
2024-10-01,66,1,9,22,21,21,16,21.333,20.0,19
2024-11-01,66,1,10,20,22,21,18,21.0,20.833,12
2024-12-01,66,1,11,19,20,22,19,20.333,21.167,19
2025-01-01,66,1,12,12,19,20,22,17.0,19.167,24
2025-02-01,66,1,1,19,12,19,16,16.667,18.833,14
2025-03-01,66,1,2,24,19,12,17,18.333,19.333,20
2025-04-01,66,1,3,14,24,19,15,19.0,18.0,22
2025-05-01,66,1,4,20,14,24,17,19.333,18.0,12
2025-06-01,66,1,5,22,20,14,24,18.667,18.5,14
2025-07-01,66,1,6,12,22,20,21,18.0,18.5,17
2025-08-01,66,1,7,14,12,22,21,16.0,17.667,25
2025-09-01,66,1,8,17,14,12,22,14.333,16.5,22
2025-10-01,66,1,9,25,17,14,20,18.667,18.333,14
2025-11-01,66,1,10,22,25,17,19,21.333,18.667,15
2025-12-01,66,1,11,14,22,25,12,20.333,17.333,17
2023-02-01,67,1,1,25,14,21,19,20.0,18.333,26
2023-03-01,67,1,2,20,25,14,18,19.667,19.833,23
2023-04-01,67,1,3,26,20,25,15,23.667,21.167,21
2023-05-01,67,1,4,23,26,20,23,23.0,21.5,17
2023-06-01,67,1,5,21,23,26,26,23.333,21.5,14
2023-07-01,67,1,6,17,21,23,27,20.333,22.0,23
2023-08-01,67,1,7,14,17,21,11,17.333,20.167,23
2023-09-01,67,1,8,23,14,17,18,18.0,20.667,18
2023-10-01,67,1,9,23,23,14,21,20.0,20.167,24
2023-11-01,67,1,10,18,23,23,21,21.333,19.333,17
2023-12-01,67,1,11,24,18,23,14,21.667,19.833,17
2024-01-01,67,1,12,17,24,18,25,19.667,19.833,22
2024-02-01,67,1,1,17,17,24,20,19.333,20.333,26
2024-03-01,67,1,2,22,17,17,26,18.667,20.167,19
2024-04-01,67,1,3,26,22,17,23,21.667,20.667,12
2024-05-01,67,1,4,19,26,22,21,22.333,20.833,21
2024-06-01,67,1,5,12,19,26,17,19.0,18.833,26
2024-07-01,67,1,6,21,12,19,14,17.333,19.5,20
2024-08-01,67,1,7,26,21,12,23,19.667,21.0,25
2024-09-01,67,1,8,20,26,21,23,22.333,20.667,20
2024-10-01,67,1,9,25,20,26,18,23.667,20.5,18
2024-11-01,67,1,10,20,25,20,24,21.667,20.667,28
2024-12-01,67,1,11,18,20,25,17,21.0,21.667,18
2025-01-01,67,1,12,28,18,20,17,22.0,22.833,28
2025-02-01,67,1,1,18,28,18,22,21.333,21.5,15
2025-03-01,67,1,2,28,18,28,26,24.667,22.833,22
2025-04-01,67,1,3,15,28,18,19,20.333,21.167,10
2025-05-01,67,1,4,22,15,28,12,21.667,21.5,27
2025-06-01,67,1,5,10,22,15,21,15.667,20.167,19
2025-07-01,67,1,6,27,10,22,26,19.667,20.0,26
2025-08-01,67,1,7,19,27,10,20,18.667,20.167,20
2025-09-01,67,1,8,26,19,27,25,24.0,19.833,19
2025-10-01,67,1,9,20,26,19,20,21.667,20.667,27
2025-11-01,67,1,10,19,20,26,18,21.667,20.167,16
2025-12-01,67,1,11,27,19,20,28,22.0,23.0,24
2023-02-01,68,1,1,20,17,17,18,18.0,19.5,18
2023-03-01,68,1,2,21,20,17,11,19.333,19.333,11
2023-04-01,68,1,3,18,21,20,15,19.667,19.5,22
2023-05-01,68,1,4,11,18,21,18,16.667,17.333,18
2023-06-01,68,1,5,22,11,18,16,17.0,18.167,8
2023-07-01,68,1,6,18,22,11,21,17.0,18.333,21
2023-08-01,68,1,7,8,18,22,22,16.0,16.333,23
2023-09-01,68,1,8,21,8,18,17,15.667,16.333,20
2023-10-01,68,1,9,23,21,8,24,17.333,17.167,19
2023-11-01,68,1,10,20,23,21,17,21.333,18.667,29
2023-12-01,68,1,11,19,20,23,17,20.667,18.167,14
2024-01-01,68,1,12,29,19,20,20,22.667,20.0,18
2024-02-01,68,1,1,14,29,19,21,20.667,21.0,12
2024-03-01,68,1,2,18,14,29,18,20.333,20.5,25
2024-04-01,68,1,3,12,18,14,11,14.667,18.667,30
2024-05-01,68,1,4,25,12,18,22,18.333,19.5,17
2024-06-01,68,1,5,30,25,12,18,22.333,21.333,21
2024-07-01,68,1,6,17,30,25,8,24.0,19.333,16
2024-08-01,68,1,7,21,17,30,21,22.667,20.5,11
2024-09-01,68,1,8,16,21,17,23,18.0,20.167,20
2024-10-01,68,1,9,11,16,21,20,16.0,20.0,11
2024-11-01,68,1,10,20,11,16,19,15.667,19.167,18
2024-12-01,68,1,11,11,20,11,29,14.0,16.0,20
2025-01-01,68,1,12,18,11,20,14,16.333,16.167,18
2025-02-01,68,1,1,20,18,11,18,16.333,16.0,20
2025-03-01,68,1,2,18,20,18,12,18.667,16.333,27
2025-04-01,68,1,3,20,18,20,25,19.333,17.833,18
2025-05-01,68,1,4,27,20,18,30,21.667,19.0,13
2025-06-01,68,1,5,18,27,20,17,21.667,20.167,14
2025-07-01,68,1,6,13,18,27,21,19.333,19.333,27
2025-08-01,68,1,7,14,13,18,16,15.0,18.333,21
2025-09-01,68,1,8,27,14,13,11,18.0,19.833,19
2025-10-01,68,1,9,21,27,14,20,20.667,20.0,19
2025-11-01,68,1,10,19,21,27,11,22.333,18.667,25
2025-12-01,68,1,11,19,19,21,18,19.667,18.833,16
2023-02-01,69,1,1,22,16,20,14,19.333,20.0,18
2023-03-01,69,1,2,19,22,16,8,19.0,20.0,17
2023-04-01,69,1,3,18,19,22,17,19.667,19.333,25
2023-05-01,69,1,4,17,18,19,17,18.0,18.667,25
2023-06-01,69,1,5,25,17,18,15,20.0,19.5,16
2023-07-01,69,1,6,25,25,17,14,22.333,21.0,19
2023-08-01,69,1,7,16,25,25,19,22.0,20.0,18
2023-09-01,69,1,8,19,16,25,22,20.0,20.0,20
2023-10-01,69,1,9,18,19,16,21,17.667,20.0,19
2023-11-01,69,1,10,20,18,19,20,19.0,20.5,18
2023-12-01,69,1,11,19,20,18,16,19.0,19.5,22
2024-01-01,69,1,12,18,19,20,22,19.0,18.333,19
2024-02-01,69,1,1,22,18,19,19,19.667,19.333,21
2024-03-01,69,1,2,19,22,18,18,19.667,19.333,23
2024-04-01,69,1,3,21,19,22,17,20.667,19.833,19
2024-05-01,69,1,4,23,21,19,25,21.0,20.333,16
2024-06-01,69,1,5,19,23,21,25,21.0,20.333,25
2024-07-01,69,1,6,16,19,23,16,19.333,20.0,21
2024-08-01,69,1,7,25,16,19,19,20.0,20.5,20
2024-09-01,69,1,8,21,25,16,18,20.667,20.833,17
2024-10-01,69,1,9,20,21,25,20,22.0,20.667,17
2024-11-01,69,1,10,17,20,21,19,19.333,19.667,16
2024-12-01,69,1,11,17,17,20,18,18.0,19.333,22
2025-01-01,69,1,12,16,17,17,22,16.667,19.333,14
2025-02-01,69,1,1,22,16,17,19,18.333,18.833,22
2025-03-01,69,1,2,14,22,16,21,17.333,17.667,13
2025-04-01,69,1,3,22,14,22,23,19.333,18.0,16
2025-05-01,69,1,4,13,22,14,19,16.333,17.333,18
2025-06-01,69,1,5,16,13,22,16,17.0,17.167,10
2025-07-01,69,1,6,18,16,13,25,15.667,17.5,19
2025-08-01,69,1,7,10,18,16,21,14.667,15.5,13
2025-09-01,69,1,8,19,10,18,20,15.667,16.333,13
2025-10-01,69,1,9,13,19,10,17,14.0,14.833,10
2025-11-01,69,1,10,13,13,19,17,15.0,14.833,23
2025-12-01,69,1,11,10,13,13,16,12.0,13.833,18
2023-02-01,70,1,1,23,14,20,22,19.0,19.833,14
2023-03-01,70,1,2,22,23,14,19,19.667,19.5,21
2023-04-01,70,1,3,14,22,23,18,19.667,18.833,15
2023-05-01,70,1,4,21,14,22,25,19.0,19.0,21
2023-06-01,70,1,5,15,21,14,14,16.667,18.167,11
2023-07-01,70,1,6,21,15,21,16,19.0,19.333,29
2023-08-01,70,1,7,11,21,15,24,15.667,17.333,25
2023-09-01,70,1,8,29,11,21,18,20.333,18.5,21
2023-10-01,70,1,9,25,29,11,20,21.667,20.333,25
2023-11-01,70,1,10,21,25,29,20,25.0,20.333,28
2023-12-01,70,1,11,25,21,25,14,23.667,22.0,22
2024-01-01,70,1,12,28,25,21,23,24.667,23.167,27
2024-02-01,70,1,1,22,28,25,22,25.0,25.0,20
2024-03-01,70,1,2,27,22,28,14,25.667,24.667,26
2024-04-01,70,1,3,20,27,22,21,23.0,23.833,15
2024-05-01,70,1,4,26,20,27,15,24.333,24.667,18
2024-06-01,70,1,5,15,26,20,21,20.333,23.0,12
2024-07-01,70,1,6,18,15,26,11,19.667,21.333,21
2024-08-01,70,1,7,12,18,15,29,15.0,19.667,22
2024-09-01,70,1,8,21,12,18,25,17.0,18.667,26
2024-10-01,70,1,9,22,21,12,21,18.333,19.0,16
2024-11-01,70,1,10,26,22,21,25,23.0,19.0,13
2024-12-01,70,1,11,16,26,22,28,21.333,19.167,16
2025-01-01,70,1,12,13,16,26,22,18.333,18.333,24
2025-02-01,70,1,1,16,13,16,27,15.0,19.0,14
2025-03-01,70,1,2,24,16,13,20,17.667,19.5,22
2025-04-01,70,1,3,14,24,16,26,18.0,18.167,15
2025-05-01,70,1,4,22,14,24,15,20.0,17.5,18
2025-06-01,70,1,5,15,22,14,18,17.0,17.333,11
2025-07-01,70,1,6,18,15,22,12,18.333,18.167,26
2025-08-01,70,1,7,11,18,15,21,14.667,17.333,13
2025-09-01,70,1,8,26,11,18,22,18.333,17.667,15
2025-10-01,70,1,9,13,26,11,26,16.667,17.5,17
2025-11-01,70,1,10,15,13,26,16,18.0,16.333,18
2025-12-01,70,1,11,17,15,13,13,15.0,16.667,19
2023-02-01,71,1,1,22,12,23,22,19.0,17.5,28
2023-03-01,71,1,2,29,22,12,14,21.0,20.333,17
2023-04-01,71,1,3,28,29,22,15,26.333,21.333,24
2023-05-01,71,1,4,17,28,29,18,24.667,21.833,18
2023-06-01,71,1,5,24,17,28,20,23.0,22.0,21
2023-07-01,71,1,6,18,24,17,19,19.667,23.0,21
2023-08-01,71,1,7,21,18,24,12,21.0,22.833,14
2023-09-01,71,1,8,21,21,18,22,20.0,21.5,20
2023-10-01,71,1,9,14,21,21,14,18.667,19.167,22
2023-11-01,71,1,10,20,14,21,23,18.333,19.667,20
2023-12-01,71,1,11,22,20,14,12,18.667,19.333,19
2024-01-01,71,1,12,20,22,20,22,20.667,19.667,23
2024-02-01,71,1,1,19,20,22,29,20.333,19.333,21
2024-03-01,71,1,2,23,19,20,28,20.667,19.667,16
2024-04-01,71,1,3,21,23,19,17,21.0,20.833,18
2024-05-01,71,1,4,16,21,23,24,20.0,20.167,18
2024-06-01,71,1,5,18,16,21,18,18.333,19.5,28
2024-07-01,71,1,6,18,18,16,21,17.333,19.167,20
2024-08-01,71,1,7,28,18,18,21,21.333,20.667,16
2024-09-01,71,1,8,20,28,18,14,22.0,20.167,24
2024-10-01,71,1,9,16,20,28,20,21.333,19.333,13
2024-11-01,71,1,10,24,16,20,22,20.0,20.667,10
2024-12-01,71,1,11,13,24,16,20,17.667,19.833,23
2025-01-01,71,1,12,10,13,24,19,15.667,18.5,20
2025-02-01,71,1,1,23,10,13,23,15.333,17.667,19
2025-03-01,71,1,2,20,23,10,21,17.667,17.667,23
2025-04-01,71,1,3,19,20,23,16,20.667,18.167,18
2025-05-01,71,1,4,23,19,20,18,20.667,18.0,23
2025-06-01,71,1,5,18,23,19,18,20.0,18.833,20
2025-07-01,71,1,6,23,18,23,28,21.333,21.0,23
2025-08-01,71,1,7,20,23,18,20,20.333,20.5,17
2025-09-01,71,1,8,23,20,23,16,22.0,21.0,22
2025-10-01,71,1,9,17,23,20,24,20.0,20.667,23
2025-11-01,71,1,10,22,17,23,13,20.667,20.5,24
2025-12-01,71,1,11,23,22,17,10,20.667,21.333,23
2023-02-01,72,1,1,17,17,15,16,16.333,16.833,15
2023-03-01,72,1,2,23,17,17,11,19.0,17.667,33
2023-04-01,72,1,3,15,23,17,19,18.333,17.5,15
2023-05-01,72,1,4,33,15,23,16,23.667,20.0,18
2023-06-01,72,1,5,15,33,15,12,21.0,20.0,19
2023-07-01,72,1,6,18,15,33,19,22.0,20.167,16
2023-08-01,72,1,7,19,18,15,18,17.333,20.5,15
2023-09-01,72,1,8,16,19,18,16,17.667,19.333,22
2023-10-01,72,1,9,15,16,19,18,16.667,19.333,21
2023-11-01,72,1,10,22,15,16,15,17.667,17.5,19
2023-12-01,72,1,11,21,22,15,17,19.333,18.5,30
2024-01-01,72,1,12,19,21,22,17,20.667,18.667,17
2024-02-01,72,1,1,30,19,21,23,23.333,20.5,14
2024-03-01,72,1,2,17,30,19,15,22.0,20.667,25
2024-04-01,72,1,3,14,17,30,33,20.333,20.5,17
2024-05-01,72,1,4,25,14,17,15,18.667,21.0,19
2024-06-01,72,1,5,17,25,14,18,18.667,20.333,10
2024-07-01,72,1,6,19,17,25,19,20.333,20.333,14
2024-08-01,72,1,7,10,19,17,16,15.333,17.0,17
2024-09-01,72,1,8,14,10,19,15,14.333,16.5,21
2024-10-01,72,1,9,17,14,10,22,13.667,17.0,10
2024-11-01,72,1,10,21,17,14,21,17.333,16.333,16
2024-12-01,72,1,11,10,21,17,19,16.0,15.167,22
2025-01-01,72,1,12,16,10,21,30,15.667,14.667,20
2025-02-01,72,1,1,22,16,10,17,16.0,16.667,14
2025-03-01,72,1,2,20,22,16,14,19.333,17.667,10
2025-04-01,72,1,3,14,20,22,25,18.667,17.167,20
2025-05-01,72,1,4,10,14,20,17,14.667,15.333,23
2025-06-01,72,1,5,20,10,14,19,14.667,17.0,24
2025-07-01,72,1,6,23,20,10,10,17.667,18.167,21
2025-08-01,72,1,7,24,23,20,14,22.333,18.5,21
2025-09-01,72,1,8,21,24,23,17,22.667,18.667,22
2025-10-01,72,1,9,21,21,24,21,22.0,19.833,17
2025-11-01,72,1,10,22,21,21,10,21.333,21.833,18
2025-12-01,72,1,11,17,22,21,16,20.0,21.333,13
2023-02-01,73,1,1,22,12,25,11,19.667,19.5,15
2023-03-01,73,1,2,13,22,12,18,15.667,17.667,15
2023-04-01,73,1,3,15,13,22,24,16.667,17.5,19
2023-05-01,73,1,4,15,15,13,18,14.333,17.0,21
2023-06-01,73,1,5,19,15,15,17,16.333,16.0,14
2023-07-01,73,1,6,21,19,15,23,18.333,17.5,18
2023-08-01,73,1,7,14,21,19,24,18.0,16.167,23
2023-09-01,73,1,8,18,14,21,16,17.667,17.0,18
2023-10-01,73,1,9,23,18,14,18,18.333,18.333,15
2023-11-01,73,1,10,18,23,18,25,19.667,18.833,19
2023-12-01,73,1,11,15,18,23,12,18.667,18.167,13
2024-01-01,73,1,12,19,15,18,22,17.333,17.833,22
2024-02-01,73,1,1,13,19,15,13,15.667,17.667,15
2024-03-01,73,1,2,22,13,19,15,18.0,18.333,19
2024-04-01,73,1,3,15,22,13,15,16.667,17.0,16
2024-05-01,73,1,4,19,15,22,19,18.667,17.167,18
2024-06-01,73,1,5,16,19,15,21,16.667,17.333,17
2024-07-01,73,1,6,18,16,19,14,17.667,17.167,22
2024-08-01,73,1,7,17,18,16,18,17.0,17.833,10
2024-09-01,73,1,8,22,17,18,23,19.0,17.833,16
2024-10-01,73,1,9,10,22,17,18,16.333,17.0,18
2024-11-01,73,1,10,16,10,22,15,16.0,16.5,9
2024-12-01,73,1,11,18,16,10,19,14.667,16.833,20
2025-01-01,73,1,12,9,18,16,13,14.333,15.333,21
2025-02-01,73,1,1,20,9,18,22,15.667,15.833,16
2025-03-01,73,1,2,21,20,9,15,16.667,15.667,24
2025-04-01,73,1,3,16,21,20,19,19.0,16.667,23
2025-05-01,73,1,4,24,16,21,16,20.333,18.0,16
2025-06-01,73,1,5,23,24,16,18,21.0,18.833,5
2025-07-01,73,1,6,16,23,24,17,21.0,20.0,16
2025-08-01,73,1,7,5,16,23,22,14.667,17.5,12
2025-09-01,73,1,8,16,5,16,10,12.333,16.667,16
2025-10-01,73,1,9,12,16,5,16,11.0,16.0,16
2025-11-01,73,1,10,16,12,16,18,14.667,14.667,12
2025-12-01,73,1,11,16,16,12,9,14.667,13.5,22
2023-02-01,74,1,1,12,22,19,22,17.667,18.833,22
2023-03-01,74,1,2,19,12,22,12,17.667,18.0,20
2023-04-01,74,1,3,22,19,12,17,17.667,18.167,18
2023-05-01,74,1,4,20,22,19,28,20.333,19.0,15
2023-06-01,74,1,5,18,20,22,16,20.0,18.833,14
2023-07-01,74,1,6,15,18,20,15,17.667,17.667,23
2023-08-01,74,1,7,14,15,18,24,15.667,18.0,11
2023-09-01,74,1,8,23,14,15,21,17.333,18.667,19
2023-10-01,74,1,9,11,23,14,15,16.0,16.833,19
2023-11-01,74,1,10,19,11,23,19,17.667,16.667,20
2023-12-01,74,1,11,19,19,11,22,16.333,16.833,21
2024-01-01,74,1,12,20,19,19,12,19.333,17.667,23
2024-02-01,74,1,1,21,20,19,19,20.0,18.833,14
2024-03-01,74,1,2,23,21,20,22,21.333,18.833,23
2024-04-01,74,1,3,14,23,21,20,19.333,19.333,19
2024-05-01,74,1,4,23,14,23,18,20.0,20.0,15
2024-06-01,74,1,5,19,23,14,15,18.667,20.0,21
2024-07-01,74,1,6,15,19,23,14,19.0,19.167,14
2024-08-01,74,1,7,21,15,19,23,18.333,19.167,21
2024-09-01,74,1,8,14,21,15,11,16.667,17.667,19
2024-10-01,74,1,9,21,14,21,19,18.667,18.833,16
2024-11-01,74,1,10,19,21,14,19,18.0,18.167,10
2024-12-01,74,1,11,16,19,21,20,18.667,17.667,22
2025-01-01,74,1,12,10,16,19,21,15.0,16.833,13
2025-02-01,74,1,1,22,10,16,23,16.0,17.0,20
2025-03-01,74,1,2,13,22,10,14,15.0,16.833,17
2025-04-01,74,1,3,20,13,22,23,18.333,16.667,16
2025-05-01,74,1,4,17,20,13,19,16.667,16.333,20
2025-06-01,74,1,5,16,17,20,15,17.667,16.333,13
2025-07-01,74,1,6,20,16,17,21,17.667,18.0,31
2025-08-01,74,1,7,13,20,16,14,16.333,16.5,25
2025-09-01,74,1,8,31,13,20,21,21.333,19.5,17
2025-10-01,74,1,9,25,31,13,19,23.0,20.333,19
2025-11-01,74,1,10,17,25,31,16,24.333,20.333,15
2025-12-01,74,1,11,19,17,25,10,20.333,20.833,20
2023-02-01,75,1,1,26,12,14,15,17.333,19.5,21
2023-03-01,75,1,2,17,26,12,18,18.333,17.667,16
2023-04-01,75,1,3,21,17,26,11,21.333,17.5,15
2023-05-01,75,1,4,16,21,17,22,18.0,17.667,20
2023-06-01,75,1,5,15,16,21,14,17.333,17.833,27
2023-07-01,75,1,6,20,15,16,22,17.0,19.167,11
2023-08-01,75,1,7,27,20,15,28,20.667,19.333,30
2023-09-01,75,1,8,11,27,20,22,19.333,18.333,17
2023-10-01,75,1,9,30,11,27,15,22.667,19.833,18
2023-11-01,75,1,10,17,30,11,14,19.333,20.0,22
2023-12-01,75,1,11,18,17,30,12,21.667,20.5,20
2024-01-01,75,1,12,22,18,17,26,19.0,20.833,17
2024-02-01,75,1,1,20,22,18,17,20.0,19.667,13
2024-03-01,75,1,2,17,20,22,21,19.667,20.667,12
2024-04-01,75,1,3,13,17,20,16,16.667,17.833,17
2024-05-01,75,1,4,12,13,17,15,14.0,17.0,18
2024-06-01,75,1,5,17,12,13,20,14.0,16.833,15
2024-07-01,75,1,6,18,17,12,27,15.667,16.167,16
2024-08-01,75,1,7,15,18,17,11,16.667,15.333,17
2024-09-01,75,1,8,16,15,18,30,16.333,15.167,16
2024-10-01,75,1,9,17,16,15,17,16.0,15.833,13
2024-11-01,75,1,10,16,17,16,18,16.333,16.5,14
2024-12-01,75,1,11,13,16,17,22,15.333,15.833,18
2025-01-01,75,1,12,14,13,16,20,14.333,15.167,13
2025-02-01,75,1,1,18,14,13,17,15.0,15.667,22
2025-03-01,75,1,2,13,18,14,13,15.0,15.167,29
2025-04-01,75,1,3,22,13,18,12,17.667,16.0,24
2025-05-01,75,1,4,29,22,13,17,21.333,18.167,19
2025-06-01,75,1,5,24,29,22,18,25.0,20.0,21
2025-07-01,75,1,6,19,24,29,15,24.0,20.833,22
2025-08-01,75,1,7,21,19,24,16,21.333,21.333,19
2025-09-01,75,1,8,22,21,19,17,20.667,22.833,22
2025-10-01,75,1,9,19,22,21,16,20.667,22.333,19
2025-11-01,75,1,10,22,19,22,13,21.0,21.167,17
2025-12-01,75,1,11,19,22,19,14,20.0,20.333,21
2023-02-01,76,1,1,12,11,14,19,12.333,14.833,17
2023-03-01,76,1,2,21,12,11,14,14.667,15.167,12
2023-04-01,76,1,3,17,21,12,32,16.667,15.0,27
2023-05-01,76,1,4,12,17,21,15,16.667,14.5,29
2023-06-01,76,1,5,27,12,17,24,18.667,16.667,16
2023-07-01,76,1,6,29,27,12,16,22.667,19.667,10
2023-08-01,76,1,7,16,29,27,19,24.0,20.333,18
2023-09-01,76,1,8,10,16,29,18,18.333,18.5,28
2023-10-01,76,1,9,18,10,16,15,14.667,18.667,14
2023-11-01,76,1,10,28,18,10,14,18.667,21.333,20
2023-12-01,76,1,11,14,28,18,11,20.0,19.167,16
2024-01-01,76,1,12,20,14,28,12,20.667,17.667,9
2024-02-01,76,1,1,16,20,14,21,16.667,17.667,16
2024-03-01,76,1,2,9,16,20,17,15.0,17.5,21
2024-04-01,76,1,3,16,9,16,12,13.667,17.167,18
2024-05-01,76,1,4,21,16,9,27,15.333,16.0,18
2024-06-01,76,1,5,18,21,16,29,18.333,16.667,24
2024-07-01,76,1,6,18,18,21,16,19.0,16.333,19
2024-08-01,76,1,7,24,18,18,10,20.0,17.667,19
2024-09-01,76,1,8,19,24,18,18,20.333,19.333,22
2024-10-01,76,1,9,19,19,24,28,20.667,19.833,20
2024-11-01,76,1,10,22,19,19,14,20.0,20.0,24
2024-12-01,76,1,11,20,22,19,20,20.333,20.333,19
2025-01-01,76,1,12,24,20,22,16,22.0,21.333,24
2025-02-01,76,1,1,19,24,20,9,21.0,20.5,25
2025-03-01,76,1,2,24,19,24,16,22.333,21.333,20
2025-04-01,76,1,3,25,24,19,21,22.667,22.333,21
2025-05-01,76,1,4,20,25,24,18,23.0,22.0,17
2025-06-01,76,1,5,21,20,25,18,22.0,22.167,18
2025-07-01,76,1,6,17,21,20,24,19.333,21.0,26
2025-08-01,76,1,7,18,17,21,19,18.667,20.833,20
2025-09-01,76,1,8,26,18,17,19,20.333,21.167,19
2025-10-01,76,1,9,20,26,18,22,21.333,20.333,21
2025-11-01,76,1,10,19,20,26,20,21.667,20.167,21
2025-12-01,76,1,11,21,19,20,24,20.0,20.167,15
2023-02-01,77,1,1,19,20,23,19,20.667,19.833,15
2023-03-01,77,1,2,22,19,20,14,20.333,19.5,27
2023-04-01,77,1,3,15,22,19,26,18.667,20.0,16
2023-05-01,77,1,4,27,15,22,17,21.333,21.0,27
2023-06-01,77,1,5,16,27,15,20,19.333,19.833,15
2023-07-01,77,1,6,27,16,27,24,23.333,21.0,19
2023-08-01,77,1,7,15,27,16,24,19.333,20.333,18
2023-09-01,77,1,8,19,15,27,12,20.333,19.833,24
2023-10-01,77,1,9,18,19,15,21,17.333,20.333,18
2023-11-01,77,1,10,24,18,19,23,20.333,19.833,18
2023-12-01,77,1,11,18,24,18,20,20.0,20.167,17
2024-01-01,77,1,12,18,18,24,19,20.0,18.667,18
2024-02-01,77,1,1,17,18,18,22,17.667,19.0,21
2024-03-01,77,1,2,18,17,18,15,17.667,18.833,12
2024-04-01,77,1,3,21,18,17,27,18.667,19.333,9
2024-05-01,77,1,4,12,21,18,16,17.0,17.333,14
2024-06-01,77,1,5,9,12,21,27,14.0,15.833,22
2024-07-01,77,1,6,14,9,12,15,11.667,15.167,21
2024-08-01,77,1,7,22,14,9,19,15.0,16.0,19
2024-09-01,77,1,8,21,22,14,18,19.0,16.5,19
2024-10-01,77,1,9,19,21,22,24,20.667,16.167,15
2024-11-01,77,1,10,19,19,21,18,19.667,17.333,16
2024-12-01,77,1,11,15,19,19,18,17.667,18.333,24
2025-01-01,77,1,12,16,15,19,17,16.667,18.667,22
2025-02-01,77,1,1,24,16,15,18,18.333,19.0,22
2025-03-01,77,1,2,22,24,16,21,20.667,19.167,18
2025-04-01,77,1,3,22,22,24,12,22.667,19.667,17
2025-05-01,77,1,4,18,22,22,9,20.667,19.5,14
2025-06-01,77,1,5,17,18,22,14,19.0,19.833,19
2025-07-01,77,1,6,14,17,18,22,16.333,19.5,15
2025-08-01,77,1,7,19,14,17,21,16.667,18.667,9
2025-09-01,77,1,8,15,19,14,19,16.0,17.5,17
2025-10-01,77,1,9,9,15,19,19,14.333,15.333,27
2025-11-01,77,1,10,17,9,15,15,13.667,15.167,23
2025-12-01,77,1,11,27,17,9,16,17.667,16.833,18
2023-02-01,78,1,1,23,14,12,18,16.333,18.333,16
2023-03-01,78,1,2,14,23,14,15,17.0,17.667,15
2023-04-01,78,1,3,16,14,23,12,17.667,16.5,22
2023-05-01,78,1,4,15,16,14,12,15.0,15.667,14
2023-06-01,78,1,5,22,15,16,11,17.667,17.333,19
2023-07-01,78,1,6,14,22,15,14,17.0,17.333,14
2023-08-01,78,1,7,19,14,22,18,18.333,16.667,21
2023-09-01,78,1,8,14,19,14,23,15.667,16.667,17
2023-10-01,78,1,9,21,14,19,20,18.0,17.5,20
2023-11-01,78,1,10,17,21,14,12,17.333,17.833,20
2023-12-01,78,1,11,20,17,21,14,19.333,17.5,26
2024-01-01,78,1,12,20,20,17,23,19.0,18.5,23
2024-02-01,78,1,1,26,20,20,14,22.0,19.667,24
2024-03-01,78,1,2,23,26,20,16,23.0,21.167,20
2024-04-01,78,1,3,24,23,26,15,24.333,21.667,23
2024-05-01,78,1,4,20,24,23,22,22.333,22.167,13
2024-06-01,78,1,5,23,20,24,14,22.333,22.667,11
2024-07-01,78,1,6,13,23,20,19,18.667,21.5,16
2024-08-01,78,1,7,11,13,23,14,15.667,19.0,23
2024-09-01,78,1,8,16,11,13,21,13.333,17.833,19
2024-10-01,78,1,9,23,16,11,17,16.667,17.667,18
2024-11-01,78,1,10,19,23,16,20,19.333,17.5,14
2024-12-01,78,1,11,18,19,23,20,20.0,16.667,17
2025-01-01,78,1,12,14,18,19,26,17.0,16.833,19
2025-02-01,78,1,1,17,14,18,23,16.333,17.833,8
2025-03-01,78,1,2,19,17,14,24,16.667,18.333,19
2025-04-01,78,1,3,8,19,17,20,14.667,15.833,19
2025-05-01,78,1,4,19,8,19,23,15.333,15.833,25
2025-06-01,78,1,5,19,19,8,13,15.333,16.0,16
2025-07-01,78,1,6,25,19,19,11,21.0,17.833,18
2025-08-01,78,1,7,16,25,19,16,20.0,17.667,15
2025-09-01,78,1,8,18,16,25,23,19.667,17.5,18
2025-10-01,78,1,9,15,18,16,19,16.333,18.667,17
2025-11-01,78,1,10,18,15,18,18,17.0,18.5,13
2025-12-01,78,1,11,17,18,15,14,16.667,18.167,15
2023-02-01,79,1,1,16,13,19,16,16.0,18.167,12
2023-03-01,79,1,2,23,16,13,18,17.333,18.667,22
2023-04-01,79,1,3,12,23,16,13,17.0,17.5,21
2023-05-01,79,1,4,22,12,23,23,19.0,17.5,17
2023-06-01,79,1,5,21,22,12,26,18.333,17.833,19
2023-07-01,79,1,6,17,21,22,18,20.0,18.5,17
2023-08-01,79,1,7,19,17,21,20,19.0,19.0,16
2023-09-01,79,1,8,17,19,17,19,17.667,18.0,19
2023-10-01,79,1,9,16,17,19,22,17.333,18.667,18
2023-11-01,79,1,10,19,16,17,19,17.333,18.167,14
2023-12-01,79,1,11,18,19,16,13,17.667,17.667,13
2024-01-01,79,1,12,14,18,19,16,17.0,17.167,15
2024-02-01,79,1,1,13,14,18,23,15.0,16.167,21
2024-03-01,79,1,2,15,13,14,12,14.0,15.833,15
2024-04-01,79,1,3,21,15,13,22,16.333,16.667,21
2024-05-01,79,1,4,15,21,15,21,17.0,16.0,16
2024-06-01,79,1,5,21,15,21,17,19.0,16.5,20
2024-07-01,79,1,6,16,21,15,19,17.333,16.833,18
2024-08-01,79,1,7,20,16,21,17,19.0,18.0,12
2024-09-01,79,1,8,18,20,16,16,18.0,18.5,14
2024-10-01,79,1,9,12,18,20,19,16.667,17.0,19
2024-11-01,79,1,10,14,12,18,18,14.667,16.833,15
2024-12-01,79,1,11,19,14,12,14,15.0,16.5,20
2025-01-01,79,1,12,15,19,14,13,16.0,16.333,17
2025-02-01,79,1,1,20,15,19,15,18.0,16.333,21
2025-03-01,79,1,2,17,20,15,21,17.333,16.167,14
2025-04-01,79,1,3,21,17,20,15,19.333,17.667,15
2025-05-01,79,1,4,14,21,17,21,17.333,17.667,17
2025-06-01,79,1,5,15,14,21,16,16.667,17.0,16
2025-07-01,79,1,6,17,15,14,20,15.333,17.333,24
2025-08-01,79,1,7,16,17,15,18,16.0,16.667,21
2025-09-01,79,1,8,24,16,17,12,19.0,17.833,14
2025-10-01,79,1,9,21,24,16,14,20.333,17.833,19
2025-11-01,79,1,10,14,21,24,19,19.667,17.833,22
2025-12-01,79,1,11,19,14,21,15,18.0,18.5,25
2023-02-01,80,1,1,15,10,19,8,14.667,18.333,14
2023-03-01,80,1,2,15,15,10,20,13.333,16.833,20
2023-04-01,80,1,3,14,15,15,17,14.667,16.5,17
2023-05-01,80,1,4,20,14,15,18,16.333,15.5,20
2023-06-01,80,1,5,17,20,14,15,17.0,15.167,13
2023-07-01,80,1,6,20,17,20,21,19.0,16.833,18
2023-08-01,80,1,7,13,20,17,24,16.667,16.5,22
2023-09-01,80,1,8,18,13,20,16,17.0,17.0,16
2023-10-01,80,1,9,22,18,13,26,17.667,18.333,17
2023-11-01,80,1,10,16,22,18,19,18.667,17.667,16
2023-12-01,80,1,11,17,16,22,10,18.333,17.667,8
2024-01-01,80,1,12,16,17,16,15,16.333,17.0,24
2024-02-01,80,1,1,8,16,17,15,13.667,16.167,11
2024-03-01,80,1,2,24,8,16,14,16.0,17.167,13
2024-04-01,80,1,3,11,24,8,20,14.333,15.333,23
2024-05-01,80,1,4,13,11,24,17,16.0,14.833,18
2024-06-01,80,1,5,23,13,11,20,15.667,15.833,23
2024-07-01,80,1,6,18,23,13,13,18.0,16.167,15
2024-08-01,80,1,7,23,18,23,18,21.333,18.667,21
2024-09-01,80,1,8,15,23,18,22,18.667,17.167,20
2024-10-01,80,1,9,21,15,23,16,19.667,18.833,18
2024-11-01,80,1,10,20,21,15,17,18.667,20.0,21
2024-12-01,80,1,11,18,20,21,16,19.667,19.167,22
2025-01-01,80,1,12,21,18,20,8,19.667,19.667,21
2025-02-01,80,1,1,22,21,18,24,20.333,19.5,13
2025-03-01,80,1,2,21,22,21,11,21.333,20.5,23
2025-04-01,80,1,3,13,21,22,13,18.667,19.167,13
2025-05-01,80,1,4,23,13,21,23,19.0,19.667,23
2025-06-01,80,1,5,13,23,13,18,16.333,18.833,25
2025-07-01,80,1,6,23,13,23,23,19.667,19.167,27
2025-08-01,80,1,7,25,23,13,15,20.333,19.667,23
2025-09-01,80,1,8,27,25,23,21,25.0,20.667,25
2025-10-01,80,1,9,23,27,25,20,25.0,22.333,21
2025-11-01,80,1,10,25,23,27,18,25.0,22.667,25
2025-12-01,80,1,11,21,25,23,21,23.0,24.0,20
2023-02-01,81,1,1,23,22,24,17,23.0,19.333,13
2023-03-01,81,1,2,16,23,22,14,20.333,20.0,22
2023-04-01,81,1,3,13,16,23,24,17.333,19.167,17
2023-05-01,81,1,4,22,13,16,19,17.0,20.0,11
2023-06-01,81,1,5,17,22,13,18,17.333,18.833,18
2023-07-01,81,1,6,11,17,22,25,16.667,17.0,15
2023-08-01,81,1,7,18,11,17,12,15.333,16.167,18
2023-09-01,81,1,8,15,18,11,18,14.667,16.0,15
2023-10-01,81,1,9,18,15,18,17,17.0,16.833,18
2023-11-01,81,1,10,15,18,15,24,16.0,15.667,18
2023-12-01,81,1,11,18,15,18,22,17.0,15.833,17
2024-01-01,81,1,12,18,18,15,23,17.0,17.0,26
2024-02-01,81,1,1,17,18,18,16,17.667,16.833,16
2024-03-01,81,1,2,26,17,18,13,20.333,18.667,15
2024-04-01,81,1,3,16,26,17,22,19.667,18.333,11
2024-05-01,81,1,4,15,16,26,17,19.0,18.333,22
2024-06-01,81,1,5,11,15,16,11,14.0,17.167,14
2024-07-01,81,1,6,22,11,15,18,16.0,17.833,18
2024-08-01,81,1,7,14,22,11,15,15.667,17.333,14
2024-09-01,81,1,8,18,14,22,18,18.0,16.0,23
2024-10-01,81,1,9,14,18,14,15,15.333,15.667,19
2024-11-01,81,1,10,23,14,18,18,18.333,17.0,11
2024-12-01,81,1,11,19,23,14,18,18.667,18.333,18
2025-01-01,81,1,12,11,19,23,17,17.667,16.5,13
2025-02-01,81,1,1,18,11,19,26,16.0,17.167,22
2025-03-01,81,1,2,13,18,11,16,14.0,16.333,25
2025-04-01,81,1,3,22,13,18,15,17.667,17.667,18
2025-05-01,81,1,4,25,22,13,11,20.0,18.0,27
2025-06-01,81,1,5,18,25,22,22,21.667,17.833,9
2025-07-01,81,1,6,27,18,25,14,23.333,20.5,18
2025-08-01,81,1,7,9,27,18,18,18.0,19.0,13
2025-09-01,81,1,8,18,9,27,14,18.0,19.833,15
2025-10-01,81,1,9,13,18,9,23,13.333,18.333,19
2025-11-01,81,1,10,15,13,18,19,15.333,16.667,12
2025-12-01,81,1,11,19,15,13,11,15.667,16.833,16
2023-02-01,82,1,1,21,19,12,19,17.333,20.5,24
2023-03-01,82,1,2,18,21,19,20,19.333,18.667,11
2023-04-01,82,1,3,24,18,21,22,21.0,19.167,22
2023-05-01,82,1,4,11,24,18,22,17.667,17.5,18
2023-06-01,82,1,5,22,11,24,15,19.0,19.167,15
2023-07-01,82,1,6,18,22,11,23,17.0,19.0,26
2023-08-01,82,1,7,15,18,22,29,18.333,18.0,15
2023-09-01,82,1,8,26,15,18,21,19.667,19.333,14
2023-10-01,82,1,9,15,26,15,21,18.667,17.833,19
2023-11-01,82,1,10,14,15,26,12,18.333,18.333,19
2023-12-01,82,1,11,19,14,15,19,16.0,17.833,17
2024-01-01,82,1,12,19,19,14,21,17.333,18.0,17
2024-02-01,82,1,1,17,19,19,18,18.333,18.333,17
2024-03-01,82,1,2,17,17,19,24,17.667,16.833,17
2024-04-01,82,1,3,17,17,17,11,17.0,17.167,20
2024-05-01,82,1,4,17,17,17,22,17.0,17.667,21
2024-06-01,82,1,5,20,17,17,18,18.0,17.833,19
2024-07-01,82,1,6,21,20,17,15,19.333,18.167,15
2024-08-01,82,1,7,19,21,20,26,20.0,18.5,26
2024-09-01,82,1,8,15,19,21,15,18.333,18.167,23
2024-10-01,82,1,9,26,15,19,14,20.0,19.667,25
2024-11-01,82,1,10,23,26,15,19,21.333,20.667,8
2024-12-01,82,1,11,25,23,26,19,24.667,21.5,19
2025-01-01,82,1,12,8,25,23,17,18.667,19.333,22
2025-02-01,82,1,1,19,8,25,17,17.333,19.333,14
2025-03-01,82,1,2,22,19,8,17,16.333,20.5,18
2025-04-01,82,1,3,14,22,19,17,18.333,18.5,18
2025-05-01,82,1,4,18,14,22,20,18.0,17.667,25
2025-06-01,82,1,5,18,18,14,21,16.667,16.5,19
2025-07-01,82,1,6,25,18,18,19,20.333,19.333,13
2025-08-01,82,1,7,19,25,18,15,20.667,19.333,20
2025-09-01,82,1,8,13,19,25,26,19.0,17.833,16
2025-10-01,82,1,9,20,13,19,23,17.333,18.833,23
2025-11-01,82,1,10,16,20,13,25,16.333,18.5,20
2025-12-01,82,1,11,23,16,20,8,19.667,19.333,14
2023-02-01,83,1,1,16,16,17,22,16.333,18.5,19
2023-03-01,83,1,2,14,16,16,24,15.333,17.333,17
2023-04-01,83,1,3,19,14,16,16,16.333,17.333,8
2023-05-01,83,1,4,17,19,14,18,16.667,16.5,17
2023-06-01,83,1,5,8,17,19,22,14.667,15.0,17
2023-07-01,83,1,6,17,8,17,19,14.0,15.167,11
2023-08-01,83,1,7,17,17,8,21,14.0,15.333,19
2023-09-01,83,1,8,11,17,17,19,15.0,14.833,17
2023-10-01,83,1,9,19,11,17,22,15.667,14.833,11
2023-11-01,83,1,10,17,19,11,17,15.667,14.833,22
2023-12-01,83,1,11,11,17,19,16,15.667,15.333,10
2024-01-01,83,1,12,22,11,17,16,16.667,16.167,25
2024-02-01,83,1,1,10,22,11,14,14.333,15.0,18
2024-03-01,83,1,2,25,10,22,19,19.0,17.333,15
2024-04-01,83,1,3,18,25,10,17,17.667,17.167,10
2024-05-01,83,1,4,15,18,25,8,19.333,16.833,22
2024-06-01,83,1,5,10,15,18,17,14.333,16.667,17
2024-07-01,83,1,6,22,10,15,17,15.667,16.667,9
2024-08-01,83,1,7,17,22,10,11,16.333,17.833,19
2024-09-01,83,1,8,9,17,22,19,16.0,15.167,14
2024-10-01,83,1,9,19,9,17,17,15.0,15.333,18
2024-11-01,83,1,10,14,19,9,11,14.0,15.167,17
2024-12-01,83,1,11,18,14,19,22,17.0,16.5,27
2025-01-01,83,1,12,17,18,14,10,16.333,15.667,17
2025-02-01,83,1,1,27,17,18,25,20.667,17.333,26
2025-03-01,83,1,2,17,27,17,18,20.333,18.667,25
2025-04-01,83,1,3,26,17,27,15,23.333,19.833,15
2025-05-01,83,1,4,25,26,17,10,22.667,21.667,16
2025-06-01,83,1,5,15,25,26,22,22.0,21.167,19
2025-07-01,83,1,6,16,15,25,17,18.667,21.0,20
2025-08-01,83,1,7,19,16,15,9,16.667,19.667,14
2025-09-01,83,1,8,20,19,16,19,18.333,20.167,12
2025-10-01,83,1,9,14,20,19,14,17.667,18.167,20
2025-11-01,83,1,10,12,14,20,18,15.333,16.0,12
2025-12-01,83,1,11,20,12,14,17,15.333,16.833,16
2023-02-01,84,1,1,14,14,15,14,14.333,16.167,15
2023-03-01,84,1,2,24,14,14,19,17.333,17.0,17
2023-04-01,84,1,3,15,24,14,25,17.667,16.333,12
2023-05-01,84,1,4,17,15,24,23,18.667,16.5,19
2023-06-01,84,1,5,12,17,15,15,14.667,16.0,22
2023-07-01,84,1,6,19,12,17,26,16.0,16.833,20
2023-08-01,84,1,7,22,19,12,19,17.667,18.167,13
2023-09-01,84,1,8,20,22,19,19,20.333,17.5,15
2023-10-01,84,1,9,13,20,22,16,18.333,17.167,26
2023-11-01,84,1,10,15,13,20,15,16.0,16.833,18
2023-12-01,84,1,11,26,15,13,14,18.0,19.167,14
2024-01-01,84,1,12,18,26,15,14,19.667,19.0,11
2024-02-01,84,1,1,14,18,26,24,19.333,17.667,17
2024-03-01,84,1,2,11,14,18,15,14.333,16.167,20
2024-04-01,84,1,3,17,11,14,17,14.0,16.833,19
2024-05-01,84,1,4,20,17,11,12,16.0,17.667,15
2024-06-01,84,1,5,19,20,17,19,18.667,16.5,18
2024-07-01,84,1,6,15,19,20,22,18.0,16.0,26
2024-08-01,84,1,7,18,15,19,20,17.333,16.667,21
2024-09-01,84,1,8,26,18,15,13,19.667,19.167,12
2024-10-01,84,1,9,21,26,18,15,21.667,19.833,29
2024-11-01,84,1,10,12,21,26,26,19.667,18.5,18
2024-12-01,84,1,11,29,12,21,18,20.667,20.167,15
2025-01-01,84,1,12,18,29,12,14,19.667,20.667,17
2025-02-01,84,1,1,15,18,29,11,20.667,20.167,18
2025-03-01,84,1,2,17,15,18,17,16.667,18.667,18
2025-04-01,84,1,3,18,17,15,20,16.667,18.167,27
2025-05-01,84,1,4,18,18,17,19,17.667,19.167,18
2025-06-01,84,1,5,27,18,18,15,21.0,18.833,21
2025-07-01,84,1,6,18,27,18,18,21.0,18.833,25
2025-08-01,84,1,7,21,18,27,26,22.0,19.833,26
2025-09-01,84,1,8,25,21,18,21,21.333,21.167,12
2025-10-01,84,1,9,26,25,21,12,24.0,22.5,17
2025-11-01,84,1,10,12,26,25,29,21.0,21.5,15
2025-12-01,84,1,11,17,12,26,18,18.333,19.833,22
2023-02-01,85,1,1,18,13,16,30,15.667,17.667,24
2023-03-01,85,1,2,18,18,13,19,16.333,17.333,16
2023-04-01,85,1,3,24,18,18,17,20.0,18.167,15
2023-05-01,85,1,4,16,24,18,16,19.333,17.5,8
2023-06-01,85,1,5,15,16,24,21,18.333,17.333,14
2023-07-01,85,1,6,8,15,16,13,13.0,16.5,14
2023-08-01,85,1,7,14,8,15,20,12.333,15.833,19
2023-09-01,85,1,8,14,14,8,19,12.0,15.167,15
2023-10-01,85,1,9,19,14,14,20,15.667,14.333,19
2023-11-01,85,1,10,15,19,14,16,16.0,14.167,16
2023-12-01,85,1,11,19,15,19,13,17.667,14.833,27
2024-01-01,85,1,12,16,19,15,18,16.667,16.167,24
2024-02-01,85,1,1,27,16,19,18,20.667,18.333,15
2024-03-01,85,1,2,24,27,16,24,22.333,20.0,26
2024-04-01,85,1,3,15,24,27,16,22.0,19.333,18
2024-05-01,85,1,4,26,15,24,15,21.667,21.167,19
2024-06-01,85,1,5,18,26,15,8,19.667,21.0,18
2024-07-01,85,1,6,19,18,26,14,21.0,21.5,22
2024-08-01,85,1,7,18,19,18,14,18.333,20.0,25
2024-09-01,85,1,8,22,18,19,19,19.667,19.667,18
2024-10-01,85,1,9,25,22,18,15,21.667,21.333,14
2024-11-01,85,1,10,18,25,22,19,21.667,20.0,26
2024-12-01,85,1,11,14,18,25,16,19.0,19.333,19
2025-01-01,85,1,12,26,14,18,27,19.333,20.5,25
2025-02-01,85,1,1,19,26,14,24,19.667,20.667,17
2025-03-01,85,1,2,25,19,26,15,23.333,21.167,19
2025-04-01,85,1,3,17,25,19,26,20.333,19.833,18
2025-05-01,85,1,4,19,17,25,18,20.333,20.0,18
2025-06-01,85,1,5,18,19,17,19,18.0,20.667,16
2025-07-01,85,1,6,18,18,19,18,18.333,19.333,15
2025-08-01,85,1,7,16,18,18,22,17.333,18.833,18
2025-09-01,85,1,8,15,16,18,25,16.333,17.167,25
2025-10-01,85,1,9,18,15,16,18,16.333,17.333,19
2025-11-01,85,1,10,25,18,15,14,19.333,18.333,15
2025-12-01,85,1,11,19,25,18,26,20.667,18.5,17
2023-02-01,86,1,1,11,13,22,17,15.333,16.333,15
2023-03-01,86,1,2,22,11,13,17,15.333,17.5,17
2023-04-01,86,1,3,15,22,11,16,16.0,16.167,20
2023-05-01,86,1,4,17,15,22,20,18.0,16.667,23
2023-06-01,86,1,5,20,17,15,25,17.333,16.333,13
2023-07-01,86,1,6,23,20,17,14,20.0,18.0,19
2023-08-01,86,1,7,13,23,20,15,18.667,18.333,13
2023-09-01,86,1,8,19,13,23,23,18.333,17.833,22
2023-10-01,86,1,9,13,19,13,14,15.0,17.5,22
2023-11-01,86,1,10,22,13,19,22,18.0,18.333,20
2023-12-01,86,1,11,22,22,13,13,19.0,18.667,18
2024-01-01,86,1,12,20,22,22,11,21.333,18.167,21
2024-02-01,86,1,1,18,20,22,22,20.0,19.0,14
2024-03-01,86,1,2,21,18,20,15,19.667,19.333,18
2024-04-01,86,1,3,14,21,18,17,17.667,19.5,16
2024-05-01,86,1,4,18,14,21,20,17.667,18.833,16
2024-06-01,86,1,5,16,18,14,23,16.0,17.833,20
2024-07-01,86,1,6,16,16,18,13,16.667,17.167,17
2024-08-01,86,1,7,20,16,16,19,17.333,17.5,14
2024-09-01,86,1,8,17,20,16,13,17.667,16.833,18
2024-10-01,86,1,9,14,17,20,22,17.0,16.833,22
2024-11-01,86,1,10,18,14,17,22,16.333,16.833,14
2024-12-01,86,1,11,22,18,14,20,18.0,17.833,11
2025-01-01,86,1,12,14,22,18,18,18.0,17.5,21
2025-02-01,86,1,1,11,14,22,21,15.667,16.0,12
2025-03-01,86,1,2,21,11,14,14,15.333,16.667,13
2025-04-01,86,1,3,12,21,11,18,14.667,16.333,18
2025-05-01,86,1,4,13,12,21,16,15.333,15.5,21
2025-06-01,86,1,5,18,13,12,16,14.333,14.833,21
2025-07-01,86,1,6,21,18,13,20,17.333,16.0,12
2025-08-01,86,1,7,21,21,18,17,20.0,17.667,22
2025-09-01,86,1,8,12,21,21,14,18.0,16.167,22
2025-10-01,86,1,9,22,12,21,18,18.333,17.833,12
2025-11-01,86,1,10,22,22,12,22,18.667,19.333,26
2025-12-01,86,1,11,12,22,22,14,18.667,18.333,26
2023-02-01,87,1,1,14,19,8,24,13.667,15.5,14
2023-03-01,87,1,2,16,14,19,19,16.333,14.667,12
2023-04-01,87,1,3,14,16,14,15,14.667,14.167,16
2023-05-01,87,1,4,12,14,16,13,14.0,13.833,22
2023-06-01,87,1,5,16,12,14,27,14.0,15.167,21
2023-07-01,87,1,6,22,16,12,21,16.667,15.667,16
2023-08-01,87,1,7,21,22,16,21,19.667,16.833,20
2023-09-01,87,1,8,16,21,22,17,19.667,16.833,17
2023-10-01,87,1,9,20,16,21,14,19.0,17.833,17
2023-11-01,87,1,10,17,20,16,8,17.667,18.667,20
2023-12-01,87,1,11,17,17,20,19,18.0,18.833,15
2024-01-01,87,1,12,20,17,17,14,18.0,18.5,16
2024-02-01,87,1,1,15,20,17,16,17.333,17.5,17
2024-03-01,87,1,2,16,15,20,14,17.0,17.5,19
2024-04-01,87,1,3,17,16,15,12,16.0,17.0,13
2024-05-01,87,1,4,19,17,16,16,17.333,17.333,18
2024-06-01,87,1,5,13,19,17,22,16.333,16.667,22
2024-07-01,87,1,6,18,13,19,21,16.667,16.333,14
2024-08-01,87,1,7,22,18,13,16,17.667,17.5,30
2024-09-01,87,1,8,14,22,18,20,18.0,17.167,27
2024-10-01,87,1,9,30,14,22,17,22.0,19.333,14
2024-11-01,87,1,10,27,30,14,17,23.667,20.667,12
2024-12-01,87,1,11,14,27,30,20,23.667,20.833,19
2025-01-01,87,1,12,12,14,27,15,17.667,19.833,18
2025-02-01,87,1,1,19,12,14,16,15.0,19.333,18
2025-03-01,87,1,2,18,19,12,17,16.333,20.0,23
2025-04-01,87,1,3,18,18,19,19,18.333,18.0,13
2025-05-01,87,1,4,23,18,18,13,19.667,17.333,23
2025-06-01,87,1,5,13,23,18,18,18.0,17.167,25
2025-07-01,87,1,6,23,13,23,22,19.667,19.0,14
2025-08-01,87,1,7,25,23,13,14,20.333,20.0,17
2025-09-01,87,1,8,14,25,23,30,20.667,19.333,20
2025-10-01,87,1,9,17,14,25,27,18.667,19.167,16
2025-11-01,87,1,10,20,17,14,14,17.0,18.667,20
2025-12-01,87,1,11,16,20,17,12,17.667,19.167,23
2023-02-01,88,1,1,17,23,14,13,18.0,16.5,19
2023-03-01,88,1,2,17,17,23,12,19.0,17.667,22
2023-04-01,88,1,3,19,17,17,21,17.667,17.333,21
2023-05-01,88,1,4,22,19,17,19,19.333,18.667,19
2023-06-01,88,1,5,21,22,19,22,20.667,19.833,16
2023-07-01,88,1,6,19,21,22,18,20.667,19.167,20
2023-08-01,88,1,7,16,19,21,10,18.667,19.0,15
2023-09-01,88,1,8,20,16,19,21,18.333,19.5,12
2023-10-01,88,1,9,15,20,16,14,17.0,18.833,19
2023-11-01,88,1,10,12,15,20,14,15.667,17.167,24
2023-12-01,88,1,11,19,12,15,23,15.333,16.833,19
2024-01-01,88,1,12,24,19,12,17,18.333,17.667,19
2024-02-01,88,1,1,19,24,19,17,20.667,18.167,15
2024-03-01,88,1,2,19,19,24,19,20.667,18.0,17
2024-04-01,88,1,3,15,19,19,22,17.667,18.0,22
2024-05-01,88,1,4,17,15,19,21,17.0,18.833,22
2024-06-01,88,1,5,22,17,15,19,18.0,19.333,20
2024-07-01,88,1,6,22,22,17,16,20.333,19.0,21
2024-08-01,88,1,7,20,22,22,20,21.333,19.167,19
2024-09-01,88,1,8,21,20,22,15,21.0,19.5,25
2024-10-01,88,1,9,19,21,20,12,20.0,20.167,24
2024-11-01,88,1,10,25,19,21,19,21.667,21.5,22
2024-12-01,88,1,11,24,25,19,24,22.667,21.833,22
2025-01-01,88,1,12,22,24,25,19,23.667,21.833,14
2025-02-01,88,1,1,22,22,24,19,22.667,22.167,15
2025-03-01,88,1,2,14,22,22,15,19.333,21.0,13
2025-04-01,88,1,3,15,14,22,17,17.0,20.333,20
2025-05-01,88,1,4,13,15,14,22,14.0,18.333,24
2025-06-01,88,1,5,20,13,15,22,16.0,17.667,17
2025-07-01,88,1,6,24,20,13,20,19.0,18.0,19
2025-08-01,88,1,7,17,24,20,21,20.333,17.167,18
2025-09-01,88,1,8,19,17,24,19,20.0,18.0,15
2025-10-01,88,1,9,18,19,17,25,18.0,18.5,27
2025-11-01,88,1,10,15,18,19,24,17.333,18.833,16
2025-12-01,88,1,11,27,15,18,22,20.0,20.0,18
2023-02-01,89,1,1,21,18,27,19,22.0,19.667,22
2023-03-01,89,1,2,25,21,18,17,21.333,21.333,22
2023-04-01,89,1,3,22,25,21,21,22.667,21.5,22
2023-05-01,89,1,4,22,22,25,26,23.0,22.5,22
2023-06-01,89,1,5,22,22,22,20,22.0,21.667,18
2023-07-01,89,1,6,22,22,22,10,22.0,22.333,26
2023-08-01,89,1,7,18,22,22,15,20.667,21.833,21
2023-09-01,89,1,8,26,18,22,21,22.0,22.0,17
2023-10-01,89,1,9,21,26,18,16,21.667,21.833,26
2023-11-01,89,1,10,17,21,26,27,21.333,21.0,30
2023-12-01,89,1,11,26,17,21,18,21.333,21.667,15
2024-01-01,89,1,12,30,26,17,21,24.333,23.0,18
2024-02-01,89,1,1,15,30,26,25,23.667,22.5,19
2024-03-01,89,1,2,18,15,30,22,21.0,21.167,9
2024-04-01,89,1,3,19,18,15,22,17.333,20.833,19
2024-05-01,89,1,4,9,19,18,22,15.333,19.5,22
2024-06-01,89,1,5,19,9,19,22,15.667,18.333,13
2024-07-01,89,1,6,22,19,9,18,16.667,17.0,24
2024-08-01,89,1,7,13,22,19,26,18.0,16.667,16
2024-09-01,89,1,8,24,13,22,21,19.667,17.667,21
2024-10-01,89,1,9,16,24,13,17,17.667,17.167,24
2024-11-01,89,1,10,21,16,24,26,20.333,19.167,18
2024-12-01,89,1,11,24,21,16,30,20.333,20.0,17
2025-01-01,89,1,12,18,24,21,15,21.0,19.333,22
2025-02-01,89,1,1,17,18,24,18,19.667,20.0,12
2025-03-01,89,1,2,22,17,18,19,19.0,19.667,18
2025-04-01,89,1,3,12,22,17,9,17.0,19.0,18
2025-05-01,89,1,4,18,12,22,19,17.333,18.5,23
2025-06-01,89,1,5,18,18,12,22,16.0,17.5,28
2025-07-01,89,1,6,23,18,18,13,19.667,18.333,23
2025-08-01,89,1,7,28,23,18,24,23.0,20.167,30
2025-09-01,89,1,8,23,28,23,16,24.667,20.333,22
2025-10-01,89,1,9,30,23,28,21,27.0,23.333,19
2025-11-01,89,1,10,22,30,23,24,25.0,24.0,27
2025-12-01,89,1,11,19,22,30,18,23.667,24.167,24
2023-02-01,90,1,1,17,14,25,21,18.667,18.5,15
2023-03-01,90,1,2,17,17,14,18,16.0,18.333,18
2023-04-01,90,1,3,15,17,17,14,16.333,17.833,26
2023-05-01,90,1,4,18,15,17,23,16.667,17.667,11
2023-06-01,90,1,5,26,18,15,20,19.667,17.833,14
2023-07-01,90,1,6,11,26,18,25,18.333,17.333,25
2023-08-01,90,1,7,14,11,26,18,17.0,16.833,16
2023-09-01,90,1,8,25,14,11,18,16.667,18.167,16
2023-10-01,90,1,9,16,25,14,19,18.333,18.333,17
2023-11-01,90,1,10,16,16,25,25,19.0,18.0,15
2023-12-01,90,1,11,17,16,16,14,16.333,16.5,24
2024-01-01,90,1,12,15,17,16,17,16.0,17.167,13
2024-02-01,90,1,1,24,15,17,17,18.667,18.833,16
2024-03-01,90,1,2,13,24,15,15,17.333,16.833,25
2024-04-01,90,1,3,16,13,24,18,17.667,16.833,13
2024-05-01,90,1,4,25,16,13,26,18.0,18.333,32
2024-06-01,90,1,5,13,25,16,11,18.0,17.667,23
2024-07-01,90,1,6,32,13,25,14,23.333,20.5,13
2024-08-01,90,1,7,23,32,13,25,22.667,20.333,22
2024-09-01,90,1,8,13,23,32,16,22.667,20.333,19
2024-10-01,90,1,9,22,13,23,16,19.333,21.333,17
2024-11-01,90,1,10,19,22,13,17,18.0,20.333,23
2024-12-01,90,1,11,17,19,22,15,19.333,21.0,20
2025-01-01,90,1,12,23,17,19,24,19.667,19.5,26
2025-02-01,90,1,1,20,23,17,13,20.0,19.0,20
2025-03-01,90,1,2,26,20,23,16,23.0,21.167,19
2025-04-01,90,1,3,20,26,20,25,22.0,20.833,14
2025-05-01,90,1,4,19,20,26,13,21.667,20.833,20
2025-06-01,90,1,5,14,19,20,32,17.667,20.333,29
2025-07-01,90,1,6,20,14,19,23,17.667,19.833,22
2025-08-01,90,1,7,29,20,14,13,21.0,21.333,16
2025-09-01,90,1,8,22,29,20,22,23.667,20.667,9
2025-10-01,90,1,9,16,22,29,19,22.333,20.0,21
2025-11-01,90,1,10,9,16,22,17,15.667,18.333,27
2025-12-01,90,1,11,21,9,16,23,15.333,19.5,16
2023-02-01,91,1,1,23,22,28,20,24.333,21.167,11
2023-03-01,91,1,2,22,23,22,10,22.333,22.5,24
2023-04-01,91,1,3,11,22,23,19,18.667,20.667,19
2023-05-01,91,1,4,24,11,22,20,19.0,21.667,13
2023-06-01,91,1,5,19,24,11,10,18.0,20.167,13
2023-07-01,91,1,6,13,19,24,17,18.667,18.667,20
2023-08-01,91,1,7,13,13,19,14,15.0,17.0,17
2023-09-01,91,1,8,20,13,13,22,15.333,16.667,15
2023-10-01,91,1,9,17,20,13,18,16.667,17.667,12
2023-11-01,91,1,10,15,17,20,28,17.333,16.167,20
2023-12-01,91,1,11,12,15,17,22,14.667,15.0,19
2024-01-01,91,1,12,20,12,15,23,15.667,16.167,17
2024-02-01,91,1,1,19,20,12,22,17.0,17.167,13
2024-03-01,91,1,2,17,19,20,11,18.667,16.667,16
2024-04-01,91,1,3,13,17,19,24,16.333,16.0,12
2024-05-01,91,1,4,16,13,17,19,15.333,16.167,18
2024-06-01,91,1,5,12,16,13,13,13.667,16.167,16
2024-07-01,91,1,6,18,12,16,13,15.333,15.833,28
2024-08-01,91,1,7,16,18,12,20,15.333,15.333,19
2024-09-01,91,1,8,28,16,18,17,20.667,17.167,22
2024-10-01,91,1,9,19,28,16,15,21.0,18.167,25
2024-11-01,91,1,10,22,19,28,12,23.0,19.167,14
2024-12-01,91,1,11,25,22,19,20,22.0,21.333,24
2025-01-01,91,1,12,14,25,22,19,20.333,20.667,22
2025-02-01,91,1,1,24,14,25,17,21.0,22.0,14
2025-03-01,91,1,2,22,24,14,13,20.0,21.0,19
2025-04-01,91,1,3,14,22,24,16,20.0,20.167,25
2025-05-01,91,1,4,19,14,22,12,18.333,19.667,15
2025-06-01,91,1,5,25,19,14,18,19.333,19.667,23
2025-07-01,91,1,6,15,25,19,16,19.667,19.833,19
2025-08-01,91,1,7,23,15,25,28,21.0,19.667,12
2025-09-01,91,1,8,19,23,15,19,19.0,19.167,22
2025-10-01,91,1,9,12,19,23,22,18.0,18.833,15
2025-11-01,91,1,10,22,12,19,25,17.667,19.333,16
2025-12-01,91,1,11,15,22,12,14,16.333,17.667,14
2023-02-01,92,1,1,11,16,19,19,15.333,17.167,19
2023-03-01,92,1,2,22,11,16,15,16.333,16.833,19
2023-04-01,92,1,3,19,22,11,24,17.333,17.5,17
2023-05-01,92,1,4,19,19,22,19,20.0,17.667,26
2023-06-01,92,1,5,17,19,19,13,18.333,17.333,20
2023-07-01,92,1,6,26,17,19,22,20.667,19.0,19
2023-08-01,92,1,7,20,26,17,24,21.0,20.5,13
2023-09-01,92,1,8,19,20,26,15,21.667,20.0,14
2023-10-01,92,1,9,13,19,20,18,17.333,19.0,17
2023-11-01,92,1,10,14,13,19,19,15.333,18.167,18
2023-12-01,92,1,11,17,14,13,16,14.667,18.167,27
2024-01-01,92,1,12,18,17,14,11,16.333,16.833,25
2024-02-01,92,1,1,27,18,17,22,20.667,18.0,19
2024-03-01,92,1,2,25,27,18,19,23.333,19.0,18
2024-04-01,92,1,3,19,25,27,19,23.667,20.0,21
2024-05-01,92,1,4,18,19,25,17,20.667,20.667,14
2024-06-01,92,1,5,21,18,19,26,19.333,21.333,19
2024-07-01,92,1,6,14,21,18,20,17.667,20.667,10
2024-08-01,92,1,7,19,14,21,19,18.0,19.333,20
2024-09-01,92,1,8,10,19,14,13,14.333,16.833,23
2024-10-01,92,1,9,20,10,19,14,16.333,17.0,19
2024-11-01,92,1,10,23,20,10,17,17.667,17.833,21
2024-12-01,92,1,11,19,23,20,18,20.667,17.5,19
2025-01-01,92,1,12,21,19,23,27,21.0,18.667,20
2025-02-01,92,1,1,19,21,19,25,19.667,18.667,19
2025-03-01,92,1,2,20,19,21,19,20.0,20.333,16
2025-04-01,92,1,3,19,20,19,18,19.333,20.167,21
2025-05-01,92,1,4,16,19,20,21,18.333,19.0,17
2025-06-01,92,1,5,21,16,19,14,18.667,19.333,19
2025-07-01,92,1,6,17,21,16,19,18.0,18.667,10
2025-08-01,92,1,7,19,17,21,10,19.0,18.667,26
2025-09-01,92,1,8,10,19,17,20,15.333,17.0,17
2025-10-01,92,1,9,26,10,19,23,18.333,18.167,23
2025-11-01,92,1,10,17,26,10,19,17.667,18.333,15
2025-12-01,92,1,11,23,17,26,21,22.0,18.667,24
2023-02-01,93,1,1,24,14,14,22,17.333,17.667,13
2023-03-01,93,1,2,19,24,14,14,19.0,17.0,25
2023-04-01,93,1,3,13,19,24,21,18.667,17.167,20
2023-05-01,93,1,4,25,13,19,24,19.0,18.167,30
2023-06-01,93,1,5,20,25,13,17,19.333,19.167,16
2023-07-01,93,1,6,30,20,25,17,25.0,21.833,16
2023-08-01,93,1,7,16,30,20,23,22.0,20.5,21
2023-09-01,93,1,8,16,16,30,12,20.667,20.0,16
2023-10-01,93,1,9,21,16,16,19,17.667,21.333,23
2023-11-01,93,1,10,16,21,16,14,17.667,19.833,23
2023-12-01,93,1,11,23,16,21,14,20.0,20.333,31
2024-01-01,93,1,12,23,23,16,24,20.667,19.167,12
2024-02-01,93,1,1,31,23,23,19,25.667,21.667,14
2024-03-01,93,1,2,12,31,23,13,22.0,21.0,19
2024-04-01,93,1,3,14,12,31,25,19.0,19.833,22
2024-05-01,93,1,4,19,14,12,20,15.0,20.333,24
2024-06-01,93,1,5,22,19,14,30,18.333,20.167,16
2024-07-01,93,1,6,24,22,19,16,21.667,20.333,19
2024-08-01,93,1,7,16,24,22,16,20.667,17.833,23
2024-09-01,93,1,8,19,16,24,21,19.667,19.0,20
2024-10-01,93,1,9,23,19,16,16,19.333,20.5,24
2024-11-01,93,1,10,20,23,19,23,20.667,20.667,23
2024-12-01,93,1,11,24,20,23,23,22.333,21.0,20
2025-01-01,93,1,12,23,24,20,31,22.333,20.833,18
2025-02-01,93,1,1,20,23,24,12,22.333,21.5,19
2025-03-01,93,1,2,18,20,23,14,20.333,21.333,22
2025-04-01,93,1,3,19,18,20,19,19.0,20.667,16
2025-05-01,93,1,4,22,19,18,22,19.667,21.0,18
2025-06-01,93,1,5,16,22,19,24,19.0,19.667,14
2025-07-01,93,1,6,18,16,22,16,18.667,18.833,21
2025-08-01,93,1,7,14,18,16,19,16.0,17.833,21
2025-09-01,93,1,8,21,14,18,23,17.667,18.333,22
2025-10-01,93,1,9,21,21,14,20,18.667,18.667,18
2025-11-01,93,1,10,22,21,21,24,21.333,18.667,22
2025-12-01,93,1,11,18,22,21,23,20.333,19.0,15
2023-02-01,94,1,1,17,17,18,15,17.333,16.5,19
2023-03-01,94,1,2,11,17,17,7,15.0,16.333,10
2023-04-01,94,1,3,19,11,17,11,15.667,17.333,20
2023-05-01,94,1,4,10,19,11,14,13.333,15.333,20
2023-06-01,94,1,5,20,10,19,19,16.333,15.667,28
2023-07-01,94,1,6,20,20,10,17,16.667,16.167,20
2023-08-01,94,1,7,28,20,20,12,22.667,18.0,17
2023-09-01,94,1,8,20,28,20,13,22.667,19.5,19
2023-10-01,94,1,9,17,20,28,22,21.667,19.167,27
2023-11-01,94,1,10,19,17,20,18,18.667,20.667,27
2023-12-01,94,1,11,27,19,17,17,21.0,21.833,19
2024-01-01,94,1,12,27,27,19,17,24.333,23.0,26
2024-02-01,94,1,1,19,27,27,11,24.333,21.5,21
2024-03-01,94,1,2,26,19,27,19,24.0,22.5,20
2024-04-01,94,1,3,21,26,19,10,22.0,23.167,22
2024-05-01,94,1,4,20,21,26,20,22.333,23.333,22
2024-06-01,94,1,5,22,20,21,20,21.0,22.5,15
2024-07-01,94,1,6,22,22,20,28,21.333,21.667,15
2024-08-01,94,1,7,15,22,22,20,19.667,21.0,31
2024-09-01,94,1,8,15,15,22,17,17.333,19.167,9
2024-10-01,94,1,9,31,15,15,19,20.333,20.833,22
2024-11-01,94,1,10,9,31,15,27,18.333,19.0,10
2024-12-01,94,1,11,22,9,31,27,20.667,19.0,21
2025-01-01,94,1,12,10,22,9,19,13.667,17.0,11
2025-02-01,94,1,1,21,10,22,26,17.667,18.0,13
2025-03-01,94,1,2,11,21,10,21,14.0,17.333,19
2025-04-01,94,1,3,13,11,21,20,15.0,14.333,20
2025-05-01,94,1,4,19,13,11,22,14.333,16.0,17
2025-06-01,94,1,5,20,19,13,22,17.333,15.667,22
2025-07-01,94,1,6,17,20,19,15,18.667,16.833,16
2025-08-01,94,1,7,22,17,20,15,19.667,17.0,21
2025-09-01,94,1,8,16,22,17,31,18.333,17.833,12
2025-10-01,94,1,9,21,16,22,9,19.667,19.167,10
2025-11-01,94,1,10,12,21,16,22,16.333,18.0,16
2025-12-01,94,1,11,10,12,21,10,14.333,16.333,17
2023-02-01,95,1,1,21,16,18,19,18.333,20.667,17
2023-03-01,95,1,2,16,21,16,18,17.667,18.167,15
2023-04-01,95,1,3,17,16,21,20,18.0,17.5,11
2023-05-01,95,1,4,15,17,16,15,16.0,17.167,21
2023-06-01,95,1,5,11,15,17,17,14.333,16.0,23
2023-07-01,95,1,6,21,11,15,25,15.667,16.833,25
2023-08-01,95,1,7,23,21,11,31,18.333,17.167,11
2023-09-01,95,1,8,25,23,21,21,23.0,18.667,13
2023-10-01,95,1,9,11,25,23,17,19.667,17.667,23
2023-11-01,95,1,10,13,11,25,18,16.333,17.333,15
2023-12-01,95,1,11,23,13,11,16,15.667,19.333,21
2024-01-01,95,1,12,15,23,13,21,17.0,18.333,16
2024-02-01,95,1,1,21,15,23,16,19.667,18.0,12
2024-03-01,95,1,2,16,21,15,17,17.333,16.5,21
2024-04-01,95,1,3,12,16,21,15,16.333,16.667,16
2024-05-01,95,1,4,21,12,16,11,16.333,18.0,26
2024-06-01,95,1,5,16,21,12,21,16.333,16.833,25
2024-07-01,95,1,6,26,16,21,23,21.0,18.667,17
2024-08-01,95,1,7,25,26,16,25,22.333,19.333,18
2024-09-01,95,1,8,17,25,26,11,22.667,19.5,16
2024-10-01,95,1,9,18,17,25,13,20.0,20.5,22
2024-11-01,95,1,10,16,18,17,23,17.0,19.667,20
2024-12-01,95,1,11,22,16,18,15,18.667,20.667,22
2025-01-01,95,1,12,20,22,16,21,19.333,19.667,25
2025-02-01,95,1,1,22,20,22,16,21.333,19.167,19
2025-03-01,95,1,2,25,22,20,12,22.333,20.5,16
2025-04-01,95,1,3,19,25,22,21,22.0,20.667,22
2025-05-01,95,1,4,16,19,25,16,20.0,20.667,15
2025-06-01,95,1,5,22,16,19,26,19.0,20.667,14
2025-07-01,95,1,6,15,22,16,25,17.667,19.833,21
2025-08-01,95,1,7,14,15,22,17,17.0,18.5,23
2025-09-01,95,1,8,21,14,15,18,16.667,17.833,17
2025-10-01,95,1,9,23,21,14,16,19.333,18.5,20
2025-11-01,95,1,10,17,23,21,22,20.333,18.667,24
2025-12-01,95,1,11,20,17,23,20,20.0,18.333,27
2023-02-01,96,1,1,22,23,16,16,20.333,21.0,16
2023-03-01,96,1,2,12,22,23,18,19.0,19.5,20
2023-04-01,96,1,3,16,12,22,26,16.667,17.667,23
2023-05-01,96,1,4,20,16,12,24,16.0,18.167,27
2023-06-01,96,1,5,23,20,16,21,19.667,19.333,17
2023-07-01,96,1,6,27,23,20,19,23.333,20.0,24
2023-08-01,96,1,7,17,27,23,21,22.333,19.167,17
2023-09-01,96,1,8,24,17,27,27,22.667,21.167,15
2023-10-01,96,1,9,17,24,17,17,19.333,21.333,24
2023-11-01,96,1,10,15,17,24,16,18.667,20.5,18
2023-12-01,96,1,11,24,15,17,23,18.667,20.667,14
2024-01-01,96,1,12,18,24,15,22,19.0,19.167,17
2024-02-01,96,1,1,14,18,24,12,18.667,18.667,16
2024-03-01,96,1,2,17,14,18,16,16.333,17.5,30
2024-04-01,96,1,3,16,17,14,20,15.667,17.333,24
2024-05-01,96,1,4,30,16,17,23,21.0,19.833,14
2024-06-01,96,1,5,24,30,16,27,23.333,19.833,13
2024-07-01,96,1,6,14,24,30,17,22.667,19.167,22
2024-08-01,96,1,7,13,14,24,24,17.0,19.0,23
2024-09-01,96,1,8,22,13,14,17,16.333,19.833,25
2024-10-01,96,1,9,23,22,13,15,19.333,21.0,17
2024-11-01,96,1,10,25,23,22,24,23.333,20.167,11
2024-12-01,96,1,11,17,25,23,18,21.667,19.0,19
2025-01-01,96,1,12,11,17,25,14,17.667,18.5,28
2025-02-01,96,1,1,19,11,17,17,15.667,19.5,17
2025-03-01,96,1,2,28,19,11,16,19.333,20.5,17
2025-04-01,96,1,3,17,28,19,30,21.333,19.5,20
2025-05-01,96,1,4,17,17,28,24,20.667,18.167,18
2025-06-01,96,1,5,20,17,17,14,18.0,18.667,20
2025-07-01,96,1,6,18,20,17,13,18.333,19.833,8
2025-08-01,96,1,7,20,18,20,22,19.333,20.0,20
2025-09-01,96,1,8,8,20,18,23,15.333,16.667,28
2025-10-01,96,1,9,20,8,20,25,16.0,17.167,18
2025-11-01,96,1,10,28,20,8,17,18.667,19.0,21
2025-12-01,96,1,11,18,28,20,11,22.0,18.667,28
2023-02-01,97,1,1,21,21,17,18,19.667,20.5,16
2023-03-01,97,1,2,25,21,21,6,22.333,20.5,19
2023-04-01,97,1,3,16,25,21,15,20.667,20.5,16
2023-05-01,97,1,4,19,16,25,15,20.0,19.833,21
2023-06-01,97,1,5,16,19,16,14,17.0,19.667,11
2023-07-01,97,1,6,21,16,19,20,18.667,19.667,15
2023-08-01,97,1,7,11,21,16,25,16.0,18.0,16
2023-09-01,97,1,8,15,11,21,16,15.667,16.333,11
2023-10-01,97,1,9,16,15,11,23,14.0,16.333,27
2023-11-01,97,1,10,11,16,15,17,14.0,15.0,19
2023-12-01,97,1,11,27,11,16,21,18.0,16.833,26
2024-01-01,97,1,12,19,27,11,21,19.0,16.5,13
2024-02-01,97,1,1,26,19,27,25,24.0,19.0,18
2024-03-01,97,1,2,13,26,19,16,19.333,18.667,20
2024-04-01,97,1,3,18,13,26,19,19.0,19.0,19
2024-05-01,97,1,4,20,18,13,16,17.0,20.5,23
2024-06-01,97,1,5,19,20,18,21,19.0,19.167,13
2024-07-01,97,1,6,23,19,20,11,20.667,19.833,20
2024-08-01,97,1,7,13,23,19,15,18.333,17.667,17
2024-09-01,97,1,8,20,13,23,16,18.667,18.833,20
2024-10-01,97,1,9,17,20,13,11,16.667,18.667,23
2024-11-01,97,1,10,20,17,20,27,19.0,18.667,14
2024-12-01,97,1,11,23,20,17,19,20.0,19.333,13
2025-01-01,97,1,12,14,23,20,26,19.0,17.833,20
2025-02-01,97,1,1,13,14,23,13,16.667,17.833,16
2025-03-01,97,1,2,20,13,14,18,15.667,17.833,19
2025-04-01,97,1,3,16,20,13,20,16.333,17.667,19
2025-05-01,97,1,4,19,16,20,19,18.333,17.5,20
2025-06-01,97,1,5,19,19,16,23,18.0,16.833,11
2025-07-01,97,1,6,20,19,19,13,19.333,17.833,19
2025-08-01,97,1,7,11,20,19,20,16.667,17.5,16
2025-09-01,97,1,8,19,11,20,17,16.667,17.333,14
2025-10-01,97,1,9,16,19,11,20,15.333,17.333,20
2025-11-01,97,1,10,14,16,19,23,16.333,16.5,18
2025-12-01,97,1,11,20,14,16,14,16.667,16.667,20
2023-02-01,98,1,1,25,19,23,21,22.333,20.5,15
2023-03-01,98,1,2,16,25,19,16,20.0,20.0,16
2023-04-01,98,1,3,15,16,25,22,18.667,19.333,16
2023-05-01,98,1,4,16,15,16,11,15.667,19.0,17
2023-06-01,98,1,5,16,16,15,20,15.667,17.833,25
2023-07-01,98,1,6,17,16,16,21,16.333,17.5,20
2023-08-01,98,1,7,25,17,16,19,19.333,17.5,16
2023-09-01,98,1,8,20,25,17,19,20.667,18.167,14
2023-10-01,98,1,9,16,20,25,18,20.333,18.333,18
2023-11-01,98,1,10,14,16,20,23,16.667,18.0,13
2023-12-01,98,1,11,18,14,16,19,16.0,18.333,27
2024-01-01,98,1,12,13,18,14,25,15.0,17.667,30
2024-02-01,98,1,1,27,13,18,16,19.333,18.0,13
2024-03-01,98,1,2,30,27,13,15,23.333,19.667,19
2024-04-01,98,1,3,13,30,27,16,23.333,19.167,23
2024-05-01,98,1,4,19,13,30,16,20.667,20.0,20
2024-06-01,98,1,5,23,19,13,17,18.333,20.833,18
2024-07-01,98,1,6,20,23,19,25,20.667,22.0,20
2024-08-01,98,1,7,18,20,23,20,20.333,20.5,21
2024-09-01,98,1,8,20,18,20,16,19.333,18.833,19
2024-10-01,98,1,9,21,20,18,14,19.667,20.167,11
2024-11-01,98,1,10,19,21,20,18,20.0,20.167,25
2024-12-01,98,1,11,11,19,21,13,17.0,18.167,17
2025-01-01,98,1,12,25,11,19,27,18.333,19.0,15
2025-02-01,98,1,1,17,25,11,30,17.667,18.833,20
2025-03-01,98,1,2,15,17,25,13,19.0,18.0,15
2025-04-01,98,1,3,20,15,17,19,17.333,17.833,11
2025-05-01,98,1,4,15,20,15,23,16.667,17.167,21
2025-06-01,98,1,5,11,15,20,20,15.333,17.167,20
2025-07-01,98,1,6,21,11,15,18,15.667,16.5,20
2025-08-01,98,1,7,20,21,11,20,17.333,17.0,9
2025-09-01,98,1,8,20,20,21,21,20.333,17.833,16
2025-10-01,98,1,9,9,20,20,19,16.333,16.0,26
2025-11-01,98,1,10,16,9,20,11,15.0,16.167,18
2025-12-01,98,1,11,26,16,9,25,17.0,18.667,19
2023-02-01,99,1,1,24,22,13,17,19.667,18.5,20
2023-03-01,99,1,2,14,24,22,15,20.0,17.667,22
2023-04-01,99,1,3,20,14,24,26,19.333,18.5,18
2023-05-01,99,1,4,22,20,14,12,18.667,19.167,19
2023-06-01,99,1,5,18,22,20,16,20.0,20.0,10
2023-07-01,99,1,6,19,18,22,24,19.667,19.5,14
2023-08-01,99,1,7,10,19,18,19,15.667,17.167,16
2023-09-01,99,1,8,14,10,19,15,14.333,17.167,14
2023-10-01,99,1,9,16,14,10,18,13.333,16.5,17
2023-11-01,99,1,10,14,16,14,13,14.667,15.167,14
2023-12-01,99,1,11,17,14,16,22,15.667,15.0,15
2024-01-01,99,1,12,14,17,14,24,15.0,14.167,19
2024-02-01,99,1,1,15,14,17,14,15.333,15.0,17
2024-03-01,99,1,2,19,15,14,20,16.0,15.833,15
2024-04-01,99,1,3,17,19,15,22,17.0,16.0,27
2024-05-01,99,1,4,15,17,19,18,17.0,16.167,17
2024-06-01,99,1,5,27,15,17,19,19.667,17.833,19
2024-07-01,99,1,6,17,27,15,10,19.667,18.333,18
2024-08-01,99,1,7,19,17,27,14,21.0,19.0,24
2024-09-01,99,1,8,18,19,17,16,18.0,18.833,21
2024-10-01,99,1,9,24,18,19,14,20.333,20.0,19
2024-11-01,99,1,10,21,24,18,17,21.0,21.0,18
2024-12-01,99,1,11,19,21,24,14,21.333,19.667,12
2025-01-01,99,1,12,18,19,21,15,19.333,19.833,14
2025-02-01,99,1,1,12,18,19,19,16.333,18.667,12
2025-03-01,99,1,2,14,12,18,17,14.667,18.0,19
2025-04-01,99,1,3,12,14,12,15,12.667,16.0,17
2025-05-01,99,1,4,19,12,14,27,15.0,15.667,16
2025-06-01,99,1,5,17,19,12,17,16.0,15.333,13
2025-07-01,99,1,6,16,17,19,19,17.333,15.0,12
2025-08-01,99,1,7,13,16,17,18,15.333,15.167,16
2025-09-01,99,1,8,12,13,16,24,13.667,14.833,23
2025-10-01,99,1,9,16,12,13,21,13.667,15.5,12
2025-11-01,99,1,10,23,16,12,19,17.0,16.167,15
2025-12-01,99,1,11,12,23,16,18,17.0,15.333,25
2023-02-01,100,1,1,23,18,20,21,20.333,17.0,13
2023-03-01,100,1,2,19,23,18,18,20.0,18.333,16
2023-04-01,100,1,3,13,19,23,19,18.333,18.5,18
2023-05-01,100,1,4,16,13,19,19,16.0,18.167,18
2023-06-01,100,1,5,18,16,13,18,15.667,17.833,18
2023-07-01,100,1,6,18,18,16,16,17.333,17.833,18
2023-08-01,100,1,7,18,18,18,11,18.0,17.0,15
2023-09-01,100,1,8,18,18,18,12,18.0,16.833,20
2023-10-01,100,1,9,15,18,18,18,17.0,17.167,14
2023-11-01,100,1,10,20,15,18,20,17.667,17.833,10
2023-12-01,100,1,11,14,20,15,18,16.333,17.167,15
2024-01-01,100,1,12,10,14,20,23,14.667,15.833,24
2024-02-01,100,1,1,15,10,14,19,13.0,15.333,24
2024-03-01,100,1,2,24,15,10,13,16.333,16.333,26
2024-04-01,100,1,3,24,24,15,16,21.0,17.833,25
2024-05-01,100,1,4,26,24,24,18,24.667,18.833,21
2024-06-01,100,1,5,25,26,24,18,25.0,20.667,13
2024-07-01,100,1,6,21,25,26,18,24.0,22.5,17
2024-08-01,100,1,7,13,21,25,18,19.667,22.167,18
2024-09-01,100,1,8,17,13,21,15,17.0,21.0,22
2024-10-01,100,1,9,18,17,13,20,16.0,20.0,17
2024-11-01,100,1,10,22,18,17,14,19.0,19.333,19
2024-12-01,100,1,11,17,22,18,10,19.0,18.0,28
2025-01-01,100,1,12,19,17,22,15,19.333,17.667,16
2025-02-01,100,1,1,28,19,17,24,21.333,20.167,11
2025-03-01,100,1,2,16,28,19,24,21.0,20.0,24
2025-04-01,100,1,3,11,16,28,26,18.333,18.833,12
2025-05-01,100,1,4,24,11,16,25,17.0,19.167,10
2025-06-01,100,1,5,12,24,11,21,15.667,18.333,21
2025-07-01,100,1,6,10,12,24,13,15.333,16.833,18
2025-08-01,100,1,7,21,10,12,17,14.333,15.667,22
2025-09-01,100,1,8,18,21,10,18,16.333,16.0,22
2025-10-01,100,1,9,22,18,21,22,20.333,17.833,16
2025-11-01,100,1,10,22,22,18,17,20.667,17.5,12
2025-12-01,100,1,11,16,22,22,19,20.0,18.167,24
2023-02-01,101,2,1,6,4,3,4,4.333,5.0,10
2023-03-01,101,2,2,5,6,4,5,5.0,4.667,5
2023-04-01,101,2,3,10,5,6,11,7.0,5.333,4
2023-05-01,101,2,4,5,10,5,3,6.667,5.5,11
2023-06-01,101,2,5,4,5,10,7,6.333,5.667,4
2023-07-01,101,2,6,11,4,5,4,6.667,6.833,7
2023-08-01,101,2,7,4,11,4,7,6.333,6.5,7
2023-09-01,101,2,8,7,4,11,6,7.333,6.833,5
2023-10-01,101,2,9,7,7,4,4,6.0,6.333,6
2023-11-01,101,2,10,5,7,7,3,6.333,6.333,9
2023-12-01,101,2,11,6,5,7,4,6.0,6.667,7
2024-01-01,101,2,12,9,6,5,6,6.667,6.333,6
2024-02-01,101,2,1,7,9,6,5,7.333,6.833,7
2024-03-01,101,2,2,6,7,9,10,7.333,6.667,5
2024-04-01,101,2,3,7,6,7,5,6.667,6.667,8
2024-05-01,101,2,4,5,7,6,4,6.0,6.667,3
2024-06-01,101,2,5,8,5,7,11,6.667,7.0,11
2024-07-01,101,2,6,3,8,5,4,5.333,6.0,9
2024-08-01,101,2,7,11,3,8,7,7.333,6.667,7
2024-09-01,101,2,8,9,11,3,7,7.667,7.167,14
2024-10-01,101,2,9,7,9,11,5,9.0,7.167,6
2024-11-01,101,2,10,14,7,9,6,10.0,8.667,5
2024-12-01,101,2,11,6,14,7,9,9.0,8.333,8
2025-01-01,101,2,12,5,6,14,7,8.333,8.667,16
2025-02-01,101,2,1,8,5,6,6,6.333,8.167,5
2025-03-01,101,2,2,16,8,5,7,9.667,9.333,8
2025-04-01,101,2,3,5,16,8,5,9.667,9.0,3
2025-05-01,101,2,4,8,5,16,8,9.667,8.0,8
2025-06-01,101,2,5,3,8,5,3,5.333,7.5,4
2025-07-01,101,2,6,8,3,8,11,6.333,8.0,8
2025-08-01,101,2,7,4,8,3,9,5.0,7.333,7
2025-09-01,101,2,8,8,4,8,7,6.667,6.0,7
2025-10-01,101,2,9,7,8,4,14,6.333,6.333,8
2025-11-01,101,2,10,7,7,8,6,7.333,6.167,4
2025-12-01,101,2,11,8,7,7,5,7.333,7.0,6
2023-02-01,102,2,1,8,8,11,8,9.0,7.167,3
2023-03-01,102,2,2,8,8,8,7,8.0,7.667,3
2023-04-01,102,2,3,3,8,8,10,6.333,7.333,6
2023-05-01,102,2,4,3,3,8,7,4.667,6.833,5
2023-06-01,102,2,5,6,3,3,4,4.0,6.0,6
2023-07-01,102,2,6,5,6,3,5,4.667,5.5,9
2023-08-01,102,2,7,6,5,6,5,5.667,5.167,11
2023-09-01,102,2,8,9,6,5,5,6.667,5.333,5
2023-10-01,102,2,9,11,9,6,6,8.667,6.667,11
2023-11-01,102,2,10,5,11,9,11,8.333,7.0,11
2023-12-01,102,2,11,11,5,11,8,9.0,7.833,5
2024-01-01,102,2,12,11,11,5,8,9.0,8.833,7
2024-02-01,102,2,1,5,11,11,8,9.0,8.667,10
2024-03-01,102,2,2,7,5,11,3,7.667,8.333,5
2024-04-01,102,2,3,10,7,5,3,7.333,8.167,4
2024-05-01,102,2,4,5,10,7,6,7.333,8.167,9
2024-06-01,102,2,5,4,5,10,5,6.333,7.0,7
2024-07-01,102,2,6,9,4,5,6,6.0,6.667,11
2024-08-01,102,2,7,7,9,4,9,6.667,7.0,3
2024-09-01,102,2,8,11,7,9,11,9.0,7.667,2
2024-10-01,102,2,9,3,11,7,5,7.0,6.5,9
2024-11-01,102,2,10,2,3,11,11,5.333,6.0,4
2024-12-01,102,2,11,9,2,3,11,4.667,6.833,9
2025-01-01,102,2,12,4,9,2,5,5.0,6.0,14
2025-02-01,102,2,1,9,4,9,7,7.333,6.333,7
2025-03-01,102,2,2,14,9,4,10,9.0,6.833,8
2025-04-01,102,2,3,7,14,9,5,10.0,7.5,11
2025-05-01,102,2,4,8,7,14,4,9.667,8.5,5
2025-06-01,102,2,5,11,8,7,9,8.667,8.833,9
2025-07-01,102,2,6,5,11,8,7,8.0,9.0,4
2025-08-01,102,2,7,9,5,11,11,8.333,9.0,5
2025-09-01,102,2,8,4,9,5,3,6.0,7.333,6
2025-10-01,102,2,9,5,4,9,2,6.0,7.0,3
2025-11-01,102,2,10,6,5,4,9,5.0,6.667,9
2025-12-01,102,2,11,3,6,5,4,4.667,5.333,4
2023-02-01,103,2,1,4,9,6,9,6.333,7.333,5
2023-03-01,103,2,2,4,4,9,14,5.667,6.667,12
2023-04-01,103,2,3,5,4,4,15,4.333,6.0,2
2023-05-01,103,2,4,12,5,4,5,7.0,6.667,4
2023-06-01,103,2,5,2,12,5,10,6.333,6.0,11
2023-07-01,103,2,6,4,2,12,5,6.0,5.167,5
2023-08-01,103,2,7,11,4,2,8,5.667,6.333,3
2023-09-01,103,2,8,5,11,4,9,6.667,6.5,3
2023-10-01,103,2,9,3,5,11,8,6.333,6.167,5
2023-11-01,103,2,10,3,3,5,6,3.667,4.667,6
2023-12-01,103,2,11,5,3,3,9,3.667,5.167,7
2024-01-01,103,2,12,6,5,3,4,4.667,5.5,13
2024-02-01,103,2,1,7,6,5,4,6.0,4.833,11
2024-03-01,103,2,2,13,7,6,5,8.667,6.167,9
2024-04-01,103,2,3,11,13,7,12,10.333,7.5,9
2024-05-01,103,2,4,9,11,13,2,11.0,8.5,9
2024-06-01,103,2,5,9,9,11,4,9.667,9.167,5
2024-07-01,103,2,6,9,9,9,11,9.0,9.667,7
2024-08-01,103,2,7,5,9,9,5,7.667,9.333,11
2024-09-01,103,2,8,7,5,9,3,7.0,8.333,4
2024-10-01,103,2,9,11,7,5,3,7.667,8.333,9
2024-11-01,103,2,10,4,11,7,5,7.333,7.5,8
2024-12-01,103,2,11,9,4,11,6,8.0,7.5,5
2025-01-01,103,2,12,8,9,4,7,7.0,7.333,5
2025-02-01,103,2,1,5,8,9,13,7.333,7.333,10
2025-03-01,103,2,2,5,5,8,11,6.0,7.0,2
2025-04-01,103,2,3,10,5,5,9,6.667,6.833,6
2025-05-01,103,2,4,2,10,5,9,5.667,6.5,6
2025-06-01,103,2,5,6,2,10,9,6.0,6.0,7
2025-07-01,103,2,6,6,6,2,5,4.667,5.667,3
2025-08-01,103,2,7,7,6,6,7,6.333,6.0,8
2025-09-01,103,2,8,3,7,6,11,5.333,5.667,3
2025-10-01,103,2,9,8,3,7,4,6.0,5.333,8
2025-11-01,103,2,10,3,8,3,9,4.667,5.5,5
2025-12-01,103,2,11,8,3,8,8,6.333,5.833,7
2023-02-01,104,2,1,5,13,10,10,9.333,8.5,6
2023-03-01,104,2,2,9,5,13,8,9.0,9.167,14
2023-04-01,104,2,3,6,9,5,6,6.667,9.167,7
2023-05-01,104,2,4,14,6,9,8,9.667,9.5,13
2023-06-01,104,2,5,7,14,6,11,9.0,9.0,6
2023-07-01,104,2,6,13,7,14,6,11.333,9.0,10
2023-08-01,104,2,7,6,13,7,5,8.667,9.167,1
2023-09-01,104,2,8,10,6,13,6,9.667,9.333,7
2023-10-01,104,2,9,1,10,6,12,5.667,8.5,11
2023-11-01,104,2,10,7,1,10,10,6.0,7.333,7
2023-12-01,104,2,11,11,7,1,13,6.333,8.0,7
2024-01-01,104,2,12,7,11,7,5,8.333,7.0,3
2024-02-01,104,2,1,7,7,11,9,8.333,7.167,6
2024-03-01,104,2,2,3,7,7,6,5.667,6.0,5
2024-04-01,104,2,3,6,3,7,14,5.333,6.833,2
2024-05-01,104,2,4,5,6,3,7,4.667,6.5,5
2024-06-01,104,2,5,2,5,6,13,4.333,5.0,8
2024-07-01,104,2,6,5,2,5,6,4.0,4.667,1
2024-08-01,104,2,7,8,5,2,10,5.0,4.833,5
2024-09-01,104,2,8,1,8,5,1,4.667,4.5,5
2024-10-01,104,2,9,5,1,8,7,4.667,4.333,12
2024-11-01,104,2,10,5,5,1,11,3.667,4.333,9
2024-12-01,104,2,11,12,5,5,7,7.333,6.0,7
2025-01-01,104,2,12,9,12,5,7,8.667,6.667,12
2025-02-01,104,2,1,7,9,12,3,9.333,6.5,9
2025-03-01,104,2,2,12,7,9,6,9.333,8.333,6
2025-04-01,104,2,3,9,12,7,5,9.333,9.0,15
2025-05-01,104,2,4,6,9,12,2,9.0,9.167,5
2025-06-01,104,2,5,15,6,9,5,10.0,9.667,7
2025-07-01,104,2,6,5,15,6,8,8.667,9.0,11
2025-08-01,104,2,7,7,5,15,1,9.0,9.0,6
2025-09-01,104,2,8,11,7,5,5,7.667,8.833,6
2025-10-01,104,2,9,6,11,7,5,8.0,8.333,6
2025-11-01,104,2,10,6,6,11,12,7.667,8.333,4
2025-12-01,104,2,11,6,6,6,9,6.0,6.833,6
2023-02-01,105,2,1,5,7,8,9,6.667,6.167,8
2023-03-01,105,2,2,4,5,7,4,5.333,6.5,13
2023-04-01,105,2,3,8,4,5,5,5.667,7.0,3
2023-05-01,105,2,4,13,8,4,11,8.333,7.5,6
2023-06-01,105,2,5,3,13,8,6,8.0,6.667,5
2023-07-01,105,2,6,6,3,13,5,7.333,6.5,7
2023-08-01,105,2,7,5,6,3,2,4.667,6.5,5
2023-09-01,105,2,8,7,5,6,5,6.0,7.0,8
2023-10-01,105,2,9,5,7,5,10,5.667,6.5,7
2023-11-01,105,2,10,8,5,7,8,6.667,5.667,10
2023-12-01,105,2,11,7,8,5,7,6.667,6.333,7
2024-01-01,105,2,12,10,7,8,5,8.333,7.0,16
2024-02-01,105,2,1,7,10,7,4,8.0,7.333,5
2024-03-01,105,2,2,16,7,10,8,11.0,8.833,8
2024-04-01,105,2,3,5,16,7,13,9.333,8.833,7
2024-05-01,105,2,4,8,5,16,3,9.667,8.833,7
2024-06-01,105,2,5,7,8,5,6,6.667,8.833,9
2024-07-01,105,2,6,7,7,8,5,7.333,8.333,7
2024-08-01,105,2,7,9,7,7,7,7.667,8.667,6
2024-09-01,105,2,8,7,9,7,5,7.667,7.167,7
2024-10-01,105,2,9,6,7,9,8,7.333,7.333,6
2024-11-01,105,2,10,7,6,7,7,6.667,7.167,10
2024-12-01,105,2,11,6,7,6,10,6.333,7.0,1
2025-01-01,105,2,12,10,6,7,7,7.667,7.5,8
2025-02-01,105,2,1,1,10,6,16,5.667,6.167,7
2025-03-01,105,2,2,8,1,10,5,6.333,6.333,7
2025-04-01,105,2,3,7,8,1,8,5.333,6.5,5
2025-05-01,105,2,4,7,7,8,7,7.333,6.5,8
2025-06-01,105,2,5,5,7,7,7,6.333,6.333,1
2025-07-01,105,2,6,8,5,7,9,6.667,6.0,8
2025-08-01,105,2,7,1,8,5,7,4.667,6.0,6
2025-09-01,105,2,8,8,1,8,6,5.667,6.0,6
2025-10-01,105,2,9,6,8,1,7,5.0,5.833,10
2025-11-01,105,2,10,6,6,8,6,6.667,5.667,10
2025-12-01,105,2,11,10,6,6,10,7.333,6.5,8
2023-02-01,106,2,1,3,7,7,5,5.667,6.167,8
2023-03-01,106,2,2,7,3,7,11,5.667,5.5,6
2023-04-01,106,2,3,8,7,3,10,6.0,6.5,7
2023-05-01,106,2,4,6,8,7,5,7.0,6.333,5
2023-06-01,106,2,5,7,6,8,9,7.0,6.333,11
2023-07-01,106,2,6,5,7,6,10,6.0,6.0,7
2023-08-01,106,2,7,11,5,7,11,7.667,7.333,9
2023-09-01,106,2,8,7,11,5,2,7.667,7.333,10
2023-10-01,106,2,9,9,7,11,7,9.0,7.5,6
2023-11-01,106,2,10,10,9,7,7,8.667,8.167,4
2023-12-01,106,2,11,6,10,9,7,8.333,8.0,5
2024-01-01,106,2,12,4,6,10,3,6.667,7.833,7
2024-02-01,106,2,1,5,4,6,7,5.0,6.833,6
2024-03-01,106,2,2,7,5,4,8,5.333,6.833,8
2024-04-01,106,2,3,6,7,5,6,6.0,6.333,9
2024-05-01,106,2,4,8,6,7,7,7.0,6.0,11
2024-06-01,106,2,5,9,8,6,5,7.667,6.5,10
2024-07-01,106,2,6,11,9,8,11,9.333,7.667,8
2024-08-01,106,2,7,10,11,9,7,10.0,8.5,10
2024-09-01,106,2,8,8,10,11,9,9.667,8.667,8
2024-10-01,106,2,9,10,8,10,10,9.333,9.333,3
2024-11-01,106,2,10,8,10,8,6,8.667,9.333,10
2024-12-01,106,2,11,3,8,10,4,7.0,8.333,7
2025-01-01,106,2,12,10,3,8,5,7.0,8.167,11
2025-02-01,106,2,1,7,10,3,7,6.667,7.667,5
2025-03-01,106,2,2,11,7,10,6,9.333,8.167,4
2025-04-01,106,2,3,5,11,7,8,7.667,7.333,9
2025-05-01,106,2,4,4,5,11,9,6.667,6.667,6
2025-06-01,106,2,5,9,4,5,11,6.0,7.667,7
2025-07-01,106,2,6,6,9,4,10,6.333,7.0,6
2025-08-01,106,2,7,7,6,9,8,7.333,7.0,10
2025-09-01,106,2,8,6,7,6,10,6.333,6.167,9
2025-10-01,106,2,9,10,6,7,8,7.667,7.0,3
2025-11-01,106,2,10,9,10,6,3,8.333,7.833,11
2025-12-01,106,2,11,3,9,10,10,7.333,6.833,3
2023-02-01,107,2,1,3,3,7,7,4.333,5.833,4
2023-03-01,107,2,2,8,3,3,9,4.667,5.333,8
2023-04-01,107,2,3,4,8,3,8,5.0,4.833,7
2023-05-01,107,2,4,8,4,8,2,6.667,5.5,6
2023-06-01,107,2,5,7,8,4,11,6.333,5.5,4
2023-07-01,107,2,6,6,7,8,8,7.0,6.0,8
2023-08-01,107,2,7,4,6,7,11,5.667,6.167,4
2023-09-01,107,2,8,8,4,6,7,6.0,6.167,7
2023-10-01,107,2,9,4,8,4,4,5.333,6.167,2
2023-11-01,107,2,10,7,4,8,7,6.333,6.0,7
2023-12-01,107,2,11,2,7,4,3,4.333,5.167,5
2024-01-01,107,2,12,7,2,7,3,5.333,5.333,8
2024-02-01,107,2,1,5,7,2,8,4.667,5.5,6
2024-03-01,107,2,2,8,5,7,4,6.667,5.5,6
2024-04-01,107,2,3,6,8,5,8,6.333,5.833,6
2024-05-01,107,2,4,6,6,8,7,6.667,5.667,10
2024-06-01,107,2,5,6,6,6,6,6.0,6.333,11
2024-07-01,107,2,6,10,6,6,4,7.333,6.833,7
2024-08-01,107,2,7,11,10,6,8,9.0,7.833,7
2024-09-01,107,2,8,7,11,10,4,9.333,7.667,5
2024-10-01,107,2,9,7,7,11,7,8.333,7.833,10
2024-11-01,107,2,10,5,7,7,2,6.333,7.667,9
2024-12-01,107,2,11,10,5,7,7,7.333,8.333,6
2025-01-01,107,2,12,9,10,5,5,8.0,8.167,7
2025-02-01,107,2,1,6,9,10,8,8.333,7.333,8
2025-03-01,107,2,2,7,6,9,6,7.333,7.333,10
2025-04-01,107,2,3,8,7,6,6,7.0,7.5,6
2025-05-01,107,2,4,10,8,7,6,8.333,8.333,7
2025-06-01,107,2,5,6,10,8,10,8.0,7.667,4
2025-07-01,107,2,6,7,6,10,11,7.667,7.333,5
2025-08-01,107,2,7,4,7,6,7,5.667,7.0,9
2025-09-01,107,2,8,5,4,7,7,5.333,6.667,4
2025-10-01,107,2,9,9,5,4,5,6.0,6.833,7
2025-11-01,107,2,10,4,9,5,10,6.0,5.833,8
2025-12-01,107,2,11,7,4,9,9,6.667,6.0,3
2023-02-01,108,2,1,3,7,10,7,6.667,6.667,4
2023-03-01,108,2,2,10,3,7,7,6.667,7.167,7
2023-04-01,108,2,3,4,10,3,8,5.667,6.833,8
2023-05-01,108,2,4,7,4,10,4,7.0,6.833,7
2023-06-01,108,2,5,8,7,4,8,6.333,6.5,6
2023-07-01,108,2,6,7,8,7,8,7.333,6.5,11
2023-08-01,108,2,7,6,7,8,7,7.0,7.0,8
2023-09-01,108,2,8,11,6,7,6,8.0,7.167,5
2023-10-01,108,2,9,8,11,6,7,8.333,7.833,10
2023-11-01,108,2,10,5,8,11,10,8.0,7.5,9
2023-12-01,108,2,11,10,5,8,7,7.667,7.833,2
2024-01-01,108,2,12,9,10,5,3,8.0,8.167,3
2024-02-01,108,2,1,2,9,10,10,7.0,7.5,8
2024-03-01,108,2,2,3,2,9,4,4.667,6.167,11
2024-04-01,108,2,3,8,3,2,7,4.333,6.167,7
2024-05-01,108,2,4,11,8,3,8,7.333,7.167,5
2024-06-01,108,2,5,7,11,8,7,8.667,6.667,8
2024-07-01,108,2,6,5,7,11,6,7.667,6.0,7
2024-08-01,108,2,7,8,5,7,11,6.667,7.0,7
2024-09-01,108,2,8,7,8,5,8,6.667,7.667,3
2024-10-01,108,2,9,7,7,8,5,7.333,7.5,10
2024-11-01,108,2,10,3,7,7,10,5.667,6.167,5
2024-12-01,108,2,11,10,3,7,9,6.667,6.667,5
2025-01-01,108,2,12,5,10,3,2,6.0,6.667,6
2025-02-01,108,2,1,5,5,10,3,6.667,6.167,2
2025-03-01,108,2,2,6,5,5,8,5.333,6.0,4
2025-04-01,108,2,3,2,6,5,11,4.333,5.167,2
2025-05-01,108,2,4,4,2,6,7,4.0,5.333,9
2025-06-01,108,2,5,2,4,2,5,2.667,4.0,5
2025-07-01,108,2,6,9,2,4,8,5.0,4.667,11
2025-08-01,108,2,7,5,9,2,7,5.333,4.667,5
2025-09-01,108,2,8,11,5,9,7,8.333,5.5,8
2025-10-01,108,2,9,5,11,5,3,7.0,6.0,9
2025-11-01,108,2,10,8,5,11,10,8.0,6.667,4
2025-12-01,108,2,11,9,8,5,5,7.333,7.833,8
2023-02-01,109,3,1,8,4,7,7,6.333,7.0,11
2023-03-01,109,3,2,11,8,4,3,7.667,6.833,9
2023-04-01,109,3,3,11,11,8,7,10.0,7.833,7
2023-05-01,109,3,4,9,11,11,9,10.333,8.333,2
2023-06-01,109,3,5,7,9,11,3,9.0,8.333,10
2023-07-01,109,3,6,2,7,9,7,6.0,8.0,10
2023-08-01,109,3,7,10,2,7,12,6.333,8.333,4
2023-09-01,109,3,8,10,10,2,5,7.333,8.167,7
2023-10-01,109,3,9,4,10,10,6,8.0,7.0,6
2023-11-01,109,3,10,7,4,10,7,7.0,6.667,2
2023-12-01,109,3,11,6,7,4,4,5.667,6.5,6
2024-01-01,109,3,12,2,6,7,8,5.0,6.5,4
2024-02-01,109,3,1,6,2,6,11,4.667,5.833,6
2024-03-01,109,3,2,4,6,2,11,4.0,4.833,7
2024-04-01,109,3,3,6,4,6,9,5.333,5.167,9
2024-05-01,109,3,4,7,6,4,7,5.667,5.167,4
2024-06-01,109,3,5,9,7,6,2,7.333,5.667,7
2024-07-01,109,3,6,4,9,7,10,6.667,6.0,5
2024-08-01,109,3,7,7,4,9,10,6.667,6.167,7
2024-09-01,109,3,8,5,7,4,4,5.333,6.333,8
2024-10-01,109,3,9,7,5,7,7,6.333,6.5,8
2024-11-01,109,3,10,8,7,5,6,6.667,6.667,6
2024-12-01,109,3,11,8,8,7,2,7.667,6.5,6
2025-01-01,109,3,12,6,8,8,6,7.333,6.833,6
2025-02-01,109,3,1,6,6,8,4,6.667,6.667,12
2025-03-01,109,3,2,6,6,6,6,6.0,6.833,8
2025-04-01,109,3,3,12,6,6,7,8.0,7.667,4
2025-05-01,109,3,4,8,12,6,9,8.667,7.667,12
2025-06-01,109,3,5,4,8,12,4,8.0,7.0,6
2025-07-01,109,3,6,12,4,8,7,8.0,8.0,9
2025-08-01,109,3,7,6,12,4,5,7.333,8.0,5
2025-09-01,109,3,8,9,6,12,7,9.0,8.5,8
2025-10-01,109,3,9,5,9,6,8,6.667,7.333,7
2025-11-01,109,3,10,8,5,9,8,7.333,7.333,4
2025-12-01,109,3,11,7,8,5,6,6.667,7.833,12
2023-02-01,110,3,1,7,7,3,10,5.667,6.667,3
2023-03-01,110,3,2,7,7,7,8,7.0,6.833,3
2023-04-01,110,3,3,3,7,7,9,5.667,6.0,3
2023-05-01,110,3,4,3,3,7,13,4.333,5.0,12
2023-06-01,110,3,5,3,3,3,4,3.0,5.0,7
2023-07-01,110,3,6,12,3,3,3,6.0,5.833,13
2023-08-01,110,3,7,7,12,3,6,7.333,5.833,9
2023-09-01,110,3,8,13,7,12,8,10.667,6.833,4
2023-10-01,110,3,9,9,13,7,9,9.667,7.833,8
2023-11-01,110,3,10,4,9,13,3,8.667,8.0,6
2023-12-01,110,3,11,8,4,9,7,7.0,8.833,10
2024-01-01,110,3,12,6,8,4,7,6.0,7.833,10
2024-02-01,110,3,1,10,6,8,7,8.0,8.333,10
2024-03-01,110,3,2,10,10,6,3,8.667,7.833,5
2024-04-01,110,3,3,10,10,10,3,10.0,8.0,3
2024-05-01,110,3,4,5,10,10,3,8.333,8.167,6
2024-06-01,110,3,5,3,5,10,12,6.0,7.333,10
2024-07-01,110,3,6,6,3,5,7,4.667,7.333,9
2024-08-01,110,3,7,10,6,3,13,6.333,7.333,10
2024-09-01,110,3,8,9,10,6,9,8.333,7.167,6
2024-10-01,110,3,9,10,9,10,4,9.667,7.167,8
2024-11-01,110,3,10,6,10,9,8,8.333,7.333,9
2024-12-01,110,3,11,8,6,10,6,8.0,8.167,10
2025-01-01,110,3,12,9,8,6,10,7.667,8.667,15
2025-02-01,110,3,1,10,9,8,10,9.0,8.667,6
2025-03-01,110,3,2,15,10,9,10,11.333,9.667,8
2025-04-01,110,3,3,6,15,10,5,10.333,9.0,10
2025-05-01,110,3,4,8,6,15,3,9.667,9.333,5
2025-06-01,110,3,5,10,8,6,6,8.0,9.667,6
2025-07-01,110,3,6,5,10,8,10,7.667,9.0,5
2025-08-01,110,3,7,6,5,10,9,7.0,8.333,6
2025-09-01,110,3,8,5,6,5,10,5.333,6.667,5
2025-10-01,110,3,9,6,5,6,6,5.667,6.667,5
2025-11-01,110,3,10,5,6,5,8,5.333,6.167,9
2025-12-01,110,3,11,5,5,6,9,5.333,5.333,10
2023-02-01,111,3,1,3,6,8,5,5.667,6.167,6
2023-03-01,111,3,2,9,3,6,4,6.0,6.333,8
2023-04-01,111,3,3,6,9,3,7,6.0,6.333,5
2023-05-01,111,3,4,8,6,9,11,7.667,6.667,11
2023-06-01,111,3,5,5,8,6,5,6.333,6.167,8
2023-07-01,111,3,6,11,5,8,6,8.0,7.0,7
2023-08-01,111,3,7,8,11,5,8,8.0,7.833,6
2023-09-01,111,3,8,7,8,11,6,8.667,7.5,8
2023-10-01,111,3,9,6,7,8,6,7.0,7.5,8
2023-11-01,111,3,10,8,6,7,8,7.0,7.5,9
2023-12-01,111,3,11,8,8,6,6,7.333,8.0,6
2024-01-01,111,3,12,9,8,8,3,8.333,7.667,1
2024-02-01,111,3,1,6,9,8,9,7.667,7.333,6
2024-03-01,111,3,2,1,6,9,6,5.333,6.333,5
2024-04-01,111,3,3,6,1,6,8,4.333,6.333,7
2024-05-01,111,3,4,5,6,1,5,4.0,5.833,7
2024-06-01,111,3,5,7,5,6,11,6.0,5.667,11
2024-07-01,111,3,6,7,7,5,8,6.333,5.333,6
2024-08-01,111,3,7,11,7,7,7,8.333,6.167,7
2024-09-01,111,3,8,6,11,7,6,8.0,7.0,5
2024-10-01,111,3,9,7,6,11,8,8.0,7.167,6
2024-11-01,111,3,10,5,7,6,8,6.0,7.167,8
2024-12-01,111,3,11,6,5,7,9,6.0,7.0,4
2025-01-01,111,3,12,8,6,5,6,6.333,7.167,7
2025-02-01,111,3,1,4,8,6,1,6.0,6.0,5
2025-03-01,111,3,2,7,4,8,6,6.333,6.167,5
2025-04-01,111,3,3,5,7,4,5,5.333,5.833,8
2025-05-01,111,3,4,5,5,7,7,5.667,5.833,5
2025-06-01,111,3,5,8,5,5,7,6.0,6.167,7
2025-07-01,111,3,6,5,8,5,11,6.0,5.667,7
2025-08-01,111,3,7,7,5,8,6,6.667,6.167,10
2025-09-01,111,3,8,7,7,5,7,6.333,6.167,12
2025-10-01,111,3,9,10,7,7,5,8.0,7.0,4
2025-11-01,111,3,10,12,10,7,6,9.667,8.167,9
2025-12-01,111,3,11,4,12,10,8,8.667,7.5,4
2023-02-01,112,3,1,6,5,5,10,5.333,6.167,4
2023-03-01,112,3,2,9,6,5,5,6.667,6.5,7
2023-04-01,112,3,3,4,9,6,13,6.333,6.167,9
2023-05-01,112,3,4,7,4,9,3,6.667,6.0,8
2023-06-01,112,3,5,9,7,4,9,6.667,6.667,6
2023-07-01,112,3,6,8,9,7,11,8.0,7.167,8
2023-08-01,112,3,7,6,8,9,7,7.667,7.167,3
2023-09-01,112,3,8,8,6,8,6,7.333,7.0,9
2023-10-01,112,3,9,3,8,6,8,5.667,6.833,5
2023-11-01,112,3,10,9,3,8,5,6.667,7.167,6
2023-12-01,112,3,11,5,9,3,5,5.667,6.5,4
2024-01-01,112,3,12,6,5,9,6,6.667,6.167,8
2024-02-01,112,3,1,4,6,5,9,5.0,5.833,5
2024-03-01,112,3,2,8,4,6,4,6.0,5.833,11
2024-04-01,112,3,3,5,8,4,7,5.667,6.167,8
2024-05-01,112,3,4,11,5,8,9,8.0,6.5,5
2024-06-01,112,3,5,8,11,5,8,8.0,7.0,6
2024-07-01,112,3,6,5,8,11,6,8.0,6.833,7
2024-08-01,112,3,7,6,5,8,8,6.333,7.167,5
2024-09-01,112,3,8,7,6,5,3,6.0,7.0,2
2024-10-01,112,3,9,5,7,6,9,6.0,7.0,7
2024-11-01,112,3,10,2,5,7,5,4.667,5.5,8
2024-12-01,112,3,11,7,2,5,6,4.667,5.333,8
2025-01-01,112,3,12,8,7,2,4,5.667,5.833,9
2025-02-01,112,3,1,8,8,7,8,7.667,6.167,8
2025-03-01,112,3,2,9,8,8,5,8.333,6.5,8
2025-04-01,112,3,3,8,9,8,11,8.333,7.0,8
2025-05-01,112,3,4,8,8,9,8,8.333,8.0,9
2025-06-01,112,3,5,8,8,8,5,8.0,8.167,5
2025-07-01,112,3,6,9,8,8,6,8.333,8.333,10
2025-08-01,112,3,7,5,9,8,7,7.333,7.833,11
2025-09-01,112,3,8,10,5,9,5,8.0,8.0,11
2025-10-01,112,3,9,11,10,5,2,8.667,8.5,5
2025-11-01,112,3,10,11,11,10,7,10.667,9.0,2
2025-12-01,112,3,11,5,11,11,8,9.0,8.5,10
2023-02-01,113,3,1,5,9,9,10,7.667,7.0,6
2023-03-01,113,3,2,4,5,9,7,6.0,6.167,7
2023-04-01,113,3,3,6,4,5,12,5.0,5.833,5
2023-05-01,113,3,4,7,6,4,9,5.667,6.667,11
2023-06-01,113,3,5,5,7,6,6,6.0,6.0,3
2023-07-01,113,3,6,11,5,7,8,7.667,6.333,8
2023-08-01,113,3,7,3,11,5,9,6.333,6.0,7
2023-09-01,113,3,8,8,3,11,8,7.333,6.667,7
2023-10-01,113,3,9,7,8,3,2,6.0,6.833,3
2023-11-01,113,3,10,7,7,8,9,7.333,6.833,5
2023-12-01,113,3,11,3,7,7,9,5.667,6.5,7
2024-01-01,113,3,12,5,3,7,5,5.0,5.5,7
2024-02-01,113,3,1,7,5,3,4,5.0,6.167,1
2024-03-01,113,3,2,7,7,5,6,6.333,6.0,8
2024-04-01,113,3,3,1,7,7,7,5.0,5.0,9
2024-05-01,113,3,4,8,1,7,5,5.333,5.167,3
2024-06-01,113,3,5,9,8,1,11,6.0,6.167,5
2024-07-01,113,3,6,3,9,8,3,6.667,5.833,5
2024-08-01,113,3,7,5,3,9,8,5.667,5.5,1
2024-09-01,113,3,8,5,5,3,7,4.333,5.167,7
2024-10-01,113,3,9,1,5,5,7,3.667,5.167,6
2024-11-01,113,3,10,7,1,5,3,4.333,5.0,4
2024-12-01,113,3,11,6,7,1,5,4.667,4.5,5
2025-01-01,113,3,12,4,6,7,7,5.667,4.667,7
2025-02-01,113,3,1,5,4,6,7,5.0,4.667,4
2025-03-01,113,3,2,7,5,4,1,5.333,5.0,4
2025-04-01,113,3,3,4,7,5,8,5.333,5.5,8
2025-05-01,113,3,4,4,4,7,9,5.0,5.0,3
2025-06-01,113,3,5,8,4,4,3,5.333,5.333,9
2025-07-01,113,3,6,3,8,4,5,5.0,5.167,7
2025-08-01,113,3,7,9,3,8,5,6.667,5.833,7
2025-09-01,113,3,8,7,9,3,1,6.333,5.833,6
2025-10-01,113,3,9,7,7,9,7,7.667,6.333,11
2025-11-01,113,3,10,6,7,7,6,6.667,6.667,11
2025-12-01,113,3,11,11,6,7,4,8.0,7.167,3
2023-02-01,114,3,1,13,3,7,7,7.667,7.0,5
2023-03-01,114,3,2,4,13,3,9,6.667,6.333,8
2023-04-01,114,3,3,5,4,13,9,7.333,6.0,9
2023-05-01,114,3,4,8,5,4,6,5.667,6.667,5
2023-06-01,114,3,5,9,8,5,6,7.333,7.0,15
2023-07-01,114,3,6,5,9,8,5,7.333,7.333,4
2023-08-01,114,3,7,15,5,9,8,9.667,7.667,6
2023-09-01,114,3,8,4,15,5,7,8.0,7.667,5
2023-10-01,114,3,9,6,4,15,4,8.333,7.833,4
2023-11-01,114,3,10,5,6,4,7,5.0,7.333,6
2023-12-01,114,3,11,4,5,6,3,5.0,6.5,7
2024-01-01,114,3,12,6,4,5,13,5.0,6.667,4
2024-02-01,114,3,1,7,6,4,4,5.667,5.333,3
2024-03-01,114,3,2,4,7,6,5,5.667,5.333,5
2024-04-01,114,3,3,3,4,7,8,4.667,4.833,13
2024-05-01,114,3,4,5,3,4,9,4.0,4.833,4
2024-06-01,114,3,5,13,5,3,5,7.0,6.333,6
2024-07-01,114,3,6,4,13,5,15,7.333,6.0,10
2024-08-01,114,3,7,6,4,13,4,7.667,5.833,3
2024-09-01,114,3,8,10,6,4,6,6.667,6.833,7
2024-10-01,114,3,9,3,10,6,5,6.333,6.833,10
2024-11-01,114,3,10,7,3,10,4,6.667,7.167,11
2024-12-01,114,3,11,10,7,3,6,6.667,6.667,11
2025-01-01,114,3,12,11,10,7,7,9.333,7.833,8
2025-02-01,114,3,1,11,11,10,4,10.667,8.667,10
2025-03-01,114,3,2,8,11,11,3,10.0,8.333,5
2025-04-01,114,3,3,10,8,11,5,9.667,9.5,4
2025-05-01,114,3,4,5,10,8,13,7.667,9.167,5
2025-06-01,114,3,5,4,5,10,4,6.333,8.167,5
2025-07-01,114,3,6,5,4,5,6,4.667,7.167,6
2025-08-01,114,3,7,5,5,4,10,4.667,6.167,8
2025-09-01,114,3,8,6,5,5,3,5.333,5.833,10
2025-10-01,114,3,9,8,6,5,7,6.333,5.5,9
2025-11-01,114,3,10,10,8,6,10,8.0,6.333,13
2025-12-01,114,3,11,9,10,8,11,9.0,7.167,10
2023-02-01,115,3,1,7,7,8,8,7.333,7.833,7
2023-03-01,115,3,2,14,7,7,3,9.333,8.5,7
2023-04-01,115,3,3,7,14,7,8,9.333,8.667,9
2023-05-01,115,3,4,7,7,14,9,9.333,8.333,12
2023-06-01,115,3,5,9,7,7,10,7.667,8.5,4
2023-07-01,115,3,6,12,9,7,8,9.333,9.333,9
2023-08-01,115,3,7,4,12,9,10,8.333,8.833,8
2023-09-01,115,3,8,9,4,12,6,8.333,8.0,8
2023-10-01,115,3,9,8,9,4,9,7.0,8.167,4
2023-11-01,115,3,10,8,8,9,8,8.333,8.333,11
2023-12-01,115,3,11,4,8,8,7,6.667,7.5,4
2024-01-01,115,3,12,11,4,8,7,7.667,7.333,11
2024-02-01,115,3,1,4,11,4,14,6.333,7.333,6
2024-03-01,115,3,2,11,4,11,7,8.667,7.667,5
2024-04-01,115,3,3,6,11,4,7,7.0,7.333,9
2024-05-01,115,3,4,5,6,11,9,7.333,6.833,2
2024-06-01,115,3,5,9,5,6,12,6.667,7.667,8
2024-07-01,115,3,6,2,9,5,4,5.333,6.167,2
2024-08-01,115,3,7,8,2,9,9,6.333,6.833,12
2024-09-01,115,3,8,2,8,2,8,4.0,5.333,5
2024-10-01,115,3,9,12,2,8,8,7.333,6.333,6
2024-11-01,115,3,10,5,12,2,4,6.333,6.333,8
2024-12-01,115,3,11,6,5,12,11,7.667,5.833,7
2025-01-01,115,3,12,8,6,5,4,6.333,6.833,4
2025-02-01,115,3,1,7,8,6,11,7.0,6.667,4
2025-03-01,115,3,2,4,7,8,6,6.333,7.0,1
2025-04-01,115,3,3,4,4,7,5,5.0,5.667,7
2025-05-01,115,3,4,1,4,4,9,3.0,5.0,11
2025-06-01,115,3,5,7,1,4,2,4.0,5.167,5
2025-07-01,115,3,6,11,7,1,8,6.333,5.667,8
2025-08-01,115,3,7,5,11,7,2,7.667,5.333,7
2025-09-01,115,3,8,8,5,11,12,8.0,6.0,6
2025-10-01,115,3,9,7,8,5,5,6.667,6.5,7
2025-11-01,115,3,10,6,7,8,6,7.0,7.333,6
2025-12-01,115,3,11,7,6,7,8,6.667,7.333,8
2023-02-01,116,3,1,6,6,7,7,6.333,6.0,10
2023-03-01,116,3,2,5,6,6,5,5.667,6.0,7
2023-04-01,116,3,3,10,5,6,6,7.0,6.333,5
2023-05-01,116,3,4,7,10,5,7,7.333,6.833,1
2023-06-01,116,3,5,5,7,10,5,7.333,6.5,10
2023-07-01,116,3,6,1,5,7,9,4.333,5.667,5
2023-08-01,116,3,7,10,1,5,5,5.333,6.333,6
2023-09-01,116,3,8,5,10,1,8,5.333,6.333,6
2023-10-01,116,3,9,6,5,10,4,7.0,5.667,4
2023-11-01,116,3,10,6,6,5,7,5.667,5.5,6
2023-12-01,116,3,11,4,6,6,6,5.333,5.333,5
2024-01-01,116,3,12,6,4,6,6,5.333,6.167,11
2024-02-01,116,3,1,5,6,4,5,5.0,5.333,9
2024-03-01,116,3,2,11,5,6,10,7.333,6.333,8
2024-04-01,116,3,3,9,11,5,7,8.333,6.833,7
2024-05-01,116,3,4,8,9,11,5,9.333,7.167,5
2024-06-01,116,3,5,7,8,9,1,8.0,7.667,3
2024-07-01,116,3,6,5,7,8,10,6.667,7.5,6
2024-08-01,116,3,7,3,5,7,5,5.0,7.167,4
2024-09-01,116,3,8,6,3,5,6,4.667,6.333,3
2024-10-01,116,3,9,4,6,3,6,4.333,5.5,5
2024-11-01,116,3,10,3,4,6,4,4.333,4.667,8
2024-12-01,116,3,11,5,3,4,6,4.0,4.333,5
2025-01-01,116,3,12,8,5,3,5,5.333,4.833,5
2025-02-01,116,3,1,5,8,5,11,6.0,5.167,3
2025-03-01,116,3,2,5,5,8,9,6.0,5.0,4
2025-04-01,116,3,3,3,5,5,8,4.333,4.833,3
2025-05-01,116,3,4,4,3,5,7,4.0,5.0,19
2025-06-01,116,3,5,3,4,3,5,3.333,4.667,14
2025-07-01,116,3,6,19,3,4,3,8.667,6.5,5
2025-08-01,116,3,7,14,19,3,6,12.0,8.0,8
2025-09-01,116,3,8,5,14,19,4,12.667,8.0,7
2025-10-01,116,3,9,8,5,14,3,9.0,8.833,8
2025-11-01,116,3,10,7,8,5,5,6.667,9.333,8
2025-12-01,116,3,11,8,7,8,8,7.667,10.167,7
2023-02-01,117,4,1,9,3,5,12,5.667,5.333,7
2023-03-01,117,4,2,7,9,3,6,6.333,5.667,4
2023-04-01,117,4,3,7,7,9,9,7.667,6.167,10
2023-05-01,117,4,4,4,7,7,4,6.0,5.833,6
2023-06-01,117,4,5,10,4,7,7,7.0,6.667,7
2023-07-01,117,4,6,6,10,4,5,6.667,7.167,6
2023-08-01,117,4,7,7,6,10,5,7.667,6.833,9
2023-09-01,117,4,8,6,7,6,4,6.333,6.667,10
2023-10-01,117,4,9,9,6,7,6,7.333,7.0,8
2023-11-01,117,4,10,10,9,6,5,8.333,8.0,5
2023-12-01,117,4,11,8,10,9,3,9.0,7.667,7
2024-01-01,117,4,12,5,8,10,9,7.667,7.5,13
2024-02-01,117,4,1,7,5,8,7,6.667,7.5,4
2024-03-01,117,4,2,13,7,5,7,8.333,8.667,7
2024-04-01,117,4,3,4,13,7,4,8.0,7.833,11
2024-05-01,117,4,4,7,4,13,10,8.0,7.333,9
2024-06-01,117,4,5,11,7,4,6,7.333,7.833,6
2024-07-01,117,4,6,9,11,7,7,9.0,8.5,7
2024-08-01,117,4,7,6,9,11,6,8.667,8.333,12
2024-09-01,117,4,8,7,6,9,9,7.333,7.333,4
2024-10-01,117,4,9,12,7,6,10,8.333,8.667,8
2024-11-01,117,4,10,4,12,7,8,7.667,8.167,5
2024-12-01,117,4,11,8,4,12,5,8.0,7.667,6
2025-01-01,117,4,12,5,8,4,7,5.667,7.0,9
2025-02-01,117,4,1,6,5,8,13,6.333,7.0,10
2025-03-01,117,4,2,9,6,5,4,6.667,7.333,6
2025-04-01,117,4,3,10,9,6,7,8.333,7.0,5
2025-05-01,117,4,4,6,10,9,11,8.333,7.333,6
2025-06-01,117,4,5,5,6,10,9,7.0,6.833,5
2025-07-01,117,4,6,6,5,6,6,5.667,7.0,13
2025-08-01,117,4,7,5,6,5,7,5.333,6.833,6
2025-09-01,117,4,8,13,5,6,12,8.0,7.5,11
2025-10-01,117,4,9,6,13,5,4,8.0,6.833,7
2025-11-01,117,4,10,11,6,13,8,10.0,7.667,5
2025-12-01,117,4,11,7,11,6,5,8.0,8.0,3
2023-02-01,118,4,1,5,5,7,3,5.667,6.167,3
2023-03-01,118,4,2,9,5,5,3,6.333,6.5,4
2023-04-01,118,4,3,3,9,5,5,5.667,6.167,7
2023-05-01,118,4,4,4,3,9,9,5.333,5.5,6
2023-06-01,118,4,5,7,4,3,6,4.667,5.5,6
2023-07-01,118,4,6,6,7,4,6,5.667,5.667,6
2023-08-01,118,4,7,6,6,7,7,6.333,5.833,9
2023-09-01,118,4,8,6,6,6,5,6.0,5.333,5
2023-10-01,118,4,9,9,6,6,8,7.0,6.333,8
2023-11-01,118,4,10,5,9,6,7,6.667,6.5,5
2023-12-01,118,4,11,8,5,9,5,7.333,6.667,7
2024-01-01,118,4,12,5,8,5,5,6.0,6.5,7
2024-02-01,118,4,1,7,5,8,9,6.667,6.667,7
2024-03-01,118,4,2,7,7,5,3,6.333,6.833,11
2024-04-01,118,4,3,7,7,7,4,7.0,6.5,5
2024-05-01,118,4,4,11,7,7,7,8.333,7.5,6
2024-06-01,118,4,5,5,11,7,6,7.667,7.0,8
2024-07-01,118,4,6,6,5,11,6,7.333,7.167,6
2024-08-01,118,4,7,8,6,5,6,6.333,7.333,3
2024-09-01,118,4,8,6,8,6,9,6.667,7.167,2
2024-10-01,118,4,9,3,6,8,5,5.667,6.5,5
2024-11-01,118,4,10,2,3,6,8,3.667,5.0,8
2024-12-01,118,4,11,5,2,3,5,3.333,5.0,12
2025-01-01,118,4,12,8,5,2,7,5.0,5.333,4
2025-02-01,118,4,1,12,8,5,7,8.333,6.0,3
2025-03-01,118,4,2,4,12,8,7,8.0,5.667,5
2025-04-01,118,4,3,3,4,12,11,6.333,5.667,8
2025-05-01,118,4,4,5,3,4,5,4.0,6.167,4
2025-06-01,118,4,5,8,5,3,6,5.333,6.667,11
2025-07-01,118,4,6,4,8,5,8,5.667,6.0,4
2025-08-01,118,4,7,11,4,8,6,7.667,5.833,2
2025-09-01,118,4,8,4,11,4,3,6.333,5.833,10
2025-10-01,118,4,9,2,4,11,2,5.667,5.667,11
2025-11-01,118,4,10,10,2,4,5,5.333,6.5,11
2025-12-01,118,4,11,11,10,2,8,7.667,7.0,5
2023-02-01,119,4,1,3,6,4,12,4.333,6.167,7
2023-03-01,119,4,2,7,3,6,9,5.333,6.167,7
2023-04-01,119,4,3,7,7,3,5,5.667,6.0,4
2023-05-01,119,4,4,7,7,7,7,7.0,5.667,9
2023-06-01,119,4,5,4,7,7,9,6.0,5.667,8
2023-07-01,119,4,6,9,4,7,4,6.667,6.167,10
2023-08-01,119,4,7,8,9,4,7,7.0,7.0,7
2023-09-01,119,4,8,10,8,9,8,9.0,7.5,9
2023-10-01,119,4,9,7,10,8,9,8.333,7.5,9
2023-11-01,119,4,10,9,7,10,4,8.667,7.833,4
2023-12-01,119,4,11,9,9,7,6,8.333,8.667,6
2024-01-01,119,4,12,4,9,9,3,7.333,7.833,6
2024-02-01,119,4,1,6,4,9,7,6.333,7.5,3
2024-03-01,119,4,2,6,6,4,7,5.333,6.833,6
2024-04-01,119,4,3,3,6,6,7,5.0,6.167,11
2024-05-01,119,4,4,6,3,6,4,5.0,5.667,7
2024-06-01,119,4,5,11,6,3,9,6.667,6.0,8
2024-07-01,119,4,6,7,11,6,8,8.0,6.5,6
2024-08-01,119,4,7,8,7,11,10,8.667,6.833,5
2024-09-01,119,4,8,6,8,7,7,7.0,6.833,8
2024-10-01,119,4,9,5,6,8,9,6.333,7.167,6
2024-11-01,119,4,10,8,5,6,9,6.333,7.5,13
2024-12-01,119,4,11,6,8,5,4,6.333,6.667,6
2025-01-01,119,4,12,13,6,8,6,9.0,7.667,10
2025-02-01,119,4,1,6,13,6,6,8.333,7.333,5
2025-03-01,119,4,2,10,6,13,3,9.667,8.0,6
2025-04-01,119,4,3,5,10,6,6,7.0,8.0,7
2025-05-01,119,4,4,6,5,10,11,7.0,7.667,8
2025-06-01,119,4,5,7,6,5,7,6.0,7.833,6
2025-07-01,119,4,6,8,7,6,8,7.0,7.0,10
2025-08-01,119,4,7,6,8,7,6,7.0,7.0,5
2025-09-01,119,4,8,10,6,8,5,8.0,7.0,5
2025-10-01,119,4,9,5,10,6,8,7.0,7.0,8
2025-11-01,119,4,10,5,5,10,6,6.667,6.833,4
2025-12-01,119,4,11,8,5,5,13,6.0,7.0,9
2023-02-01,120,4,1,9,12,7,8,9.333,7.5,5
2023-03-01,120,4,2,4,9,12,3,8.333,7.167,4
2023-04-01,120,4,3,5,4,9,7,6.0,7.333,5
2023-05-01,120,4,4,4,5,4,7,4.333,6.833,8
2023-06-01,120,4,5,5,4,5,5,4.667,6.5,14
2023-07-01,120,4,6,8,5,4,7,5.667,5.833,7
2023-08-01,120,4,7,14,8,5,6,9.0,6.667,9
2023-09-01,120,4,8,7,14,8,4,9.667,7.167,4
2023-10-01,120,4,9,9,7,14,7,10.0,7.833,8
2023-11-01,120,4,10,4,9,7,7,6.667,7.833,6
2023-12-01,120,4,11,8,4,9,12,7.0,8.333,7
2024-01-01,120,4,12,6,8,4,9,6.0,8.0,5
2024-02-01,120,4,1,7,6,8,4,7.0,6.833,4
2024-03-01,120,4,2,5,7,6,5,6.0,6.5,8
2024-04-01,120,4,3,4,5,7,4,5.333,5.667,6
2024-05-01,120,4,4,8,4,5,5,5.667,6.333,4
2024-06-01,120,4,5,6,8,4,8,6.0,6.0,10
2024-07-01,120,4,6,4,6,8,14,6.0,5.667,4
2024-08-01,120,4,7,10,4,6,7,6.667,6.167,10
2024-09-01,120,4,8,4,10,4,9,6.0,6.0,8
2024-10-01,120,4,9,10,4,10,4,8.0,7.0,5
2024-11-01,120,4,10,8,10,4,8,7.333,7.0,6
2024-12-01,120,4,11,5,8,10,6,7.667,6.833,5
2025-01-01,120,4,12,6,5,8,7,6.333,7.167,8
2025-02-01,120,4,1,5,6,5,5,5.333,6.333,11
2025-03-01,120,4,2,8,5,6,4,6.333,7.0,5
2025-04-01,120,4,3,11,8,5,8,8.0,7.167,7
2025-05-01,120,4,4,5,11,8,6,8.0,6.667,12
2025-06-01,120,4,5,7,5,11,4,7.667,7.0,3
2025-07-01,120,4,6,12,7,5,10,8.0,8.0,7
2025-08-01,120,4,7,3,12,7,4,7.333,7.667,6
2025-09-01,120,4,8,7,3,12,10,7.333,7.5,6
2025-10-01,120,4,9,6,7,3,8,5.333,6.667,5
2025-11-01,120,4,10,6,6,7,5,6.333,6.833,6
2025-12-01,120,4,11,5,6,6,6,5.667,6.5,6
2023-02-01,121,4,1,4,10,10,5,8.0,8.833,7
2023-03-01,121,4,2,10,4,10,3,8.0,9.0,7
2023-04-01,121,4,3,7,10,4,6,7.0,7.833,6
2023-05-01,121,4,4,7,7,10,4,8.0,8.0,5
2023-06-01,121,4,5,6,7,7,6,6.667,7.333,8
2023-07-01,121,4,6,5,6,7,8,6.0,6.5,6
2023-08-01,121,4,7,8,5,6,9,6.333,7.167,5
2023-09-01,121,4,8,6,8,5,14,6.333,6.5,5
2023-10-01,121,4,9,5,6,8,6,6.333,6.167,8
2023-11-01,121,4,10,5,5,6,10,5.333,5.833,4
2023-12-01,121,4,11,8,5,5,10,6.0,6.167,10
2024-01-01,121,4,12,4,8,5,4,5.667,6.0,6
2024-02-01,121,4,1,10,4,8,10,7.333,6.333,9
2024-03-01,121,4,2,6,10,4,7,6.667,6.333,6
2024-04-01,121,4,3,9,6,10,7,8.333,7.0,4
2024-05-01,121,4,4,6,9,6,6,7.0,7.167,6
2024-06-01,121,4,5,4,6,9,5,6.333,6.5,5
2024-07-01,121,4,6,6,4,6,8,5.333,6.833,5
2024-08-01,121,4,7,5,6,4,6,5.0,6.0,5
2024-09-01,121,4,8,5,5,6,5,5.333,5.833,5
2024-10-01,121,4,9,5,5,5,5,5.0,5.167,11
2024-11-01,121,4,10,5,5,5,8,5.0,5.0,7
2024-12-01,121,4,11,11,5,5,4,7.0,6.167,6
2025-01-01,121,4,12,7,11,5,10,7.667,6.333,8
2025-02-01,121,4,1,6,7,11,6,8.0,6.5,7
2025-03-01,121,4,2,8,6,7,9,7.0,7.0,5
2025-04-01,121,4,3,7,8,6,6,7.0,7.333,9
2025-05-01,121,4,4,5,7,8,4,6.667,7.333,4
2025-06-01,121,4,5,9,5,7,6,7.0,7.0,6
2025-07-01,121,4,6,4,9,5,5,6.0,6.5,6
2025-08-01,121,4,7,6,4,9,5,6.333,6.5,12
2025-09-01,121,4,8,6,6,4,5,5.333,6.167,7
2025-10-01,121,4,9,12,6,6,5,8.0,7.0,9
2025-11-01,121,4,10,7,12,6,11,8.333,7.333,5
2025-12-01,121,4,11,9,7,12,7,9.333,7.333,8
2023-02-01,122,4,1,6,8,8,10,7.333,7.833,8
2023-03-01,122,4,2,5,6,8,3,6.333,7.5,4
2023-04-01,122,4,3,8,5,6,10,6.333,7.0,7
2023-05-01,122,4,4,4,8,5,5,5.667,6.5,7
2023-06-01,122,4,5,7,4,8,7,6.333,6.333,3
2023-07-01,122,4,6,7,7,4,10,6.0,6.167,3
2023-08-01,122,4,7,3,7,7,7,5.667,5.667,5
2023-09-01,122,4,8,3,3,7,11,4.333,5.333,12
2023-10-01,122,4,9,5,3,3,7,3.667,4.833,12
2023-11-01,122,4,10,12,5,3,8,6.667,6.167,8
2023-12-01,122,4,11,12,12,5,8,9.667,7.0,13
2024-01-01,122,4,12,8,12,12,6,10.667,7.167,7
2024-02-01,122,4,1,13,8,12,5,11.0,8.833,7
2024-03-01,122,4,2,7,13,8,8,9.333,9.5,6
2024-04-01,122,4,3,7,7,13,4,9.0,9.833,4
2024-05-01,122,4,4,6,7,7,7,6.667,8.833,7
2024-06-01,122,4,5,4,6,7,7,5.667,7.5,2
2024-07-01,122,4,6,7,4,6,3,5.667,7.333,6
2024-08-01,122,4,7,2,7,4,3,4.333,5.5,15
2024-09-01,122,4,8,6,2,7,5,5.0,5.333,10
2024-10-01,122,4,9,15,6,2,12,7.667,6.667,10
2024-11-01,122,4,10,10,15,6,12,10.333,7.333,8
2024-12-01,122,4,11,10,10,15,8,11.667,8.333,8
2025-01-01,122,4,12,8,10,10,13,9.333,8.5,7
2025-02-01,122,4,1,8,8,10,7,8.667,9.5,4
2025-03-01,122,4,2,7,8,8,7,7.667,9.667,10
2025-04-01,122,4,3,4,7,8,6,6.333,7.833,4
2025-05-01,122,4,4,10,4,7,4,7.0,7.833,5
2025-06-01,122,4,5,4,10,4,7,6.0,6.833,3
2025-07-01,122,4,6,5,4,10,2,6.333,6.333,10
2025-08-01,122,4,7,3,5,4,6,4.0,5.5,9
2025-09-01,122,4,8,10,3,5,15,6.0,6.0,7
2025-10-01,122,4,9,9,10,3,10,7.333,6.833,8
2025-11-01,122,4,10,7,9,10,10,8.667,6.333,7
2025-12-01,122,4,11,8,7,9,8,8.0,7.0,3
2023-02-01,123,4,1,8,10,10,4,9.333,8.167,4
2023-03-01,123,4,2,4,8,10,8,7.333,7.333,14
2023-04-01,123,4,3,4,4,8,9,5.333,7.0,8
2023-05-01,123,4,4,14,4,4,7,7.333,8.333,5
2023-06-01,123,4,5,8,14,4,15,8.667,8.0,6
2023-07-01,123,4,6,5,8,14,5,9.0,7.167,8
2023-08-01,123,4,7,6,5,8,9,6.333,6.833,5
2023-09-01,123,4,8,8,6,5,6,6.333,7.5,9
2023-10-01,123,4,9,5,8,6,6,6.333,7.667,11
2023-11-01,123,4,10,9,5,8,10,7.333,6.833,6
2023-12-01,123,4,11,11,9,5,10,8.333,7.333,10
2024-01-01,123,4,12,6,11,9,8,8.667,7.5,9
2024-02-01,123,4,1,10,6,11,4,9.0,8.167,8
2024-03-01,123,4,2,9,10,6,4,8.333,8.333,4
2024-04-01,123,4,3,8,9,10,14,9.0,8.833,3
2024-05-01,123,4,4,4,8,9,8,7.0,8.0,9
2024-06-01,123,4,5,3,4,8,5,5.0,6.667,8
2024-07-01,123,4,6,9,3,4,6,5.333,7.167,11
2024-08-01,123,4,7,8,9,3,8,6.667,6.833,8
2024-09-01,123,4,8,11,8,9,5,9.333,7.167,10
2024-10-01,123,4,9,8,11,8,9,9.0,7.167,9
2024-11-01,123,4,10,10,8,11,11,9.667,8.167,10
2024-12-01,123,4,11,9,10,8,6,9.0,9.167,3
2025-01-01,123,4,12,10,9,10,10,9.667,9.333,2
2025-02-01,123,4,1,3,10,9,9,7.333,8.5,3
2025-03-01,123,4,2,2,3,10,8,5.0,7.0,9
2025-04-01,123,4,3,3,2,3,4,2.667,6.167,7
2025-05-01,123,4,4,9,3,2,3,4.667,6.0,8
2025-06-01,123,4,5,7,9,3,9,6.333,5.667,12
2025-07-01,123,4,6,8,7,9,8,8.0,5.333,7
2025-08-01,123,4,7,12,8,7,11,9.0,6.833,9
2025-09-01,123,4,8,7,12,8,8,9.0,7.667,7
2025-10-01,123,4,9,9,7,12,10,9.333,8.667,3
2025-11-01,123,4,10,7,9,7,9,7.667,8.333,10
2025-12-01,123,4,11,3,7,9,10,6.333,7.667,11
2023-02-01,124,4,1,8,5,8,6,7.0,6.667,7
2023-03-01,124,4,2,6,8,5,12,6.333,7.0,6
2023-04-01,124,4,3,7,6,8,11,7.0,6.667,6
2023-05-01,124,4,4,6,7,6,5,6.333,6.667,12
2023-06-01,124,4,5,6,6,7,8,6.333,6.333,6
2023-07-01,124,4,6,12,6,6,8,8.0,7.5,8
2023-08-01,124,4,7,6,12,6,4,8.0,7.167,8
2023-09-01,124,4,8,8,6,12,9,8.667,7.5,5
2023-10-01,124,4,9,8,8,6,6,7.333,7.667,6
2023-11-01,124,4,10,5,8,8,8,7.0,7.5,10
2023-12-01,124,4,11,6,5,8,5,6.333,7.5,8
2024-01-01,124,4,12,10,6,5,8,7.0,7.167,9
2024-02-01,124,4,1,8,10,6,6,8.0,7.5,5
2024-03-01,124,4,2,9,8,10,7,9.0,7.667,6
2024-04-01,124,4,3,5,9,8,6,7.333,7.167,9
2024-05-01,124,4,4,6,5,9,6,6.667,7.333,8
2024-06-01,124,4,5,9,6,5,12,6.667,7.833,7
2024-07-01,124,4,6,8,9,6,6,7.667,7.5,7
2024-08-01,124,4,7,7,8,9,8,8.0,7.333,3
2024-09-01,124,4,8,7,7,8,8,7.333,7.0,4
2024-10-01,124,4,9,3,7,7,5,5.667,6.667,10
2024-11-01,124,4,10,4,3,7,6,4.667,6.333,8
2024-12-01,124,4,11,10,4,3,10,5.667,6.5,2
2025-01-01,124,4,12,8,10,4,8,7.333,6.5,3
2025-02-01,124,4,1,2,8,10,9,6.667,5.667,5
2025-03-01,124,4,2,3,2,8,5,4.333,5.0,8
2025-04-01,124,4,3,5,3,2,6,3.333,5.333,4
2025-05-01,124,4,4,8,5,3,9,5.333,6.0,2
2025-06-01,124,4,5,4,8,5,8,5.667,5.0,7
2025-07-01,124,4,6,2,4,8,7,4.667,4.0,5
2025-08-01,124,4,7,7,2,4,7,4.333,4.833,6
2025-09-01,124,4,8,5,7,2,3,4.667,5.167,5
2025-10-01,124,4,9,6,5,7,4,6.0,5.333,8
2025-11-01,124,4,10,5,6,5,10,5.333,4.833,8
2025-12-01,124,4,11,8,5,6,8,6.333,5.5,6
2023-02-01,125,5,1,8,5,5,4,6.0,6.333,7
2023-03-01,125,5,2,8,8,5,10,7.0,6.833,10
2023-04-01,125,5,3,7,8,8,8,7.667,7.0,8
2023-05-01,125,5,4,10,7,8,12,8.333,7.167,10
2023-06-01,125,5,5,8,10,7,7,8.333,7.667,7
2023-07-01,125,5,6,10,8,10,10,9.333,8.5,6
2023-08-01,125,5,7,7,10,8,5,8.333,8.333,11
2023-09-01,125,5,8,6,7,10,6,7.667,8.0,5
2023-10-01,125,5,9,11,6,7,9,8.0,8.667,7
2023-11-01,125,5,10,5,11,6,5,7.333,7.833,5
2023-12-01,125,5,11,7,5,11,5,7.667,7.667,8
2024-01-01,125,5,12,5,7,5,8,5.667,6.833,6
2024-02-01,125,5,1,8,5,7,8,6.667,7.0,4
2024-03-01,125,5,2,6,8,5,7,6.333,7.0,6
2024-04-01,125,5,3,4,6,8,10,6.0,5.833,3
2024-05-01,125,5,4,6,4,6,8,5.333,6.0,8
2024-06-01,125,5,5,3,6,4,10,4.333,5.333,12
2024-07-01,125,5,6,8,3,6,7,5.667,5.833,4
2024-08-01,125,5,7,12,8,3,6,7.667,6.5,4
2024-09-01,125,5,8,4,12,8,11,8.0,6.167,6
2024-10-01,125,5,9,4,4,12,5,6.667,6.167,5
2024-11-01,125,5,10,6,4,4,7,4.667,6.167,5
2024-12-01,125,5,11,5,6,4,5,5.0,6.5,4
2025-01-01,125,5,12,5,5,6,8,5.333,6.0,13
2025-02-01,125,5,1,4,5,5,6,4.667,4.667,7
2025-03-01,125,5,2,13,4,5,4,7.333,6.167,7
2025-04-01,125,5,3,7,13,4,6,8.0,6.667,6
2025-05-01,125,5,4,7,7,13,3,9.0,6.833,3
2025-06-01,125,5,5,6,7,7,8,6.667,7.0,10
2025-07-01,125,5,6,3,6,7,12,5.333,6.667,6
2025-08-01,125,5,7,10,3,6,4,6.333,7.667,7
2025-09-01,125,5,8,6,10,3,4,6.333,6.5,11
2025-10-01,125,5,9,7,6,10,6,7.667,6.5,9
2025-11-01,125,5,10,11,7,6,5,8.0,7.167,9
2025-12-01,125,5,11,9,11,7,5,9.0,7.667,2
2023-02-01,126,5,1,6,8,9,4,7.667,7.333,6
2023-03-01,126,5,2,8,6,8,8,7.333,7.5,4
2023-04-01,126,5,3,6,8,6,7,6.667,7.5,4
2023-05-01,126,5,4,4,6,8,8,6.0,6.833,3
2023-06-01,126,5,5,4,4,6,8,4.667,6.0,4
2023-07-01,126,5,6,3,4,4,5,3.667,5.167,6
2023-08-01,126,5,7,4,3,4,7,3.667,4.833,11
2023-09-01,126,5,8,6,4,3,6,4.333,4.5,6
2023-10-01,126,5,9,11,6,4,8,7.0,5.333,13
2023-11-01,126,5,10,6,11,6,9,7.667,5.667,14
2023-12-01,126,5,11,13,6,11,8,10.0,7.167,6
2024-01-01,126,5,12,14,13,6,6,11.0,9.0,4
2024-02-01,126,5,1,6,14,13,8,11.0,9.333,11
2024-03-01,126,5,2,4,6,14,6,8.0,9.0,8
2024-04-01,126,5,3,11,4,6,4,7.0,9.0,4
2024-05-01,126,5,4,8,11,4,4,7.667,9.333,8
2024-06-01,126,5,5,4,8,11,3,7.667,7.833,3
2024-07-01,126,5,6,8,4,8,4,6.667,6.833,5
2024-08-01,126,5,7,3,8,4,6,5.0,6.333,9
2024-09-01,126,5,8,5,3,8,11,5.333,6.5,9
2024-10-01,126,5,9,9,5,3,6,5.667,6.167,8
2024-11-01,126,5,10,9,9,5,13,7.667,6.333,6
2024-12-01,126,5,11,8,9,9,14,8.667,7.0,9
2025-01-01,126,5,12,6,8,9,6,7.667,6.667,9
2025-02-01,126,5,1,9,6,8,4,7.667,7.667,8
2025-03-01,126,5,2,9,9,6,11,8.0,8.333,7
2025-04-01,126,5,3,8,9,9,8,8.667,8.167,5
2025-05-01,126,5,4,7,8,9,4,8.0,7.833,11
2025-06-01,126,5,5,5,7,8,8,6.667,7.333,7
2025-07-01,126,5,6,11,5,7,3,7.667,8.167,6
2025-08-01,126,5,7,7,11,5,5,7.667,7.833,4
2025-09-01,126,5,8,6,7,11,9,8.0,7.333,5
2025-10-01,126,5,9,4,6,7,9,5.667,6.667,8
2025-11-01,126,5,10,5,4,6,8,5.0,6.333,11
2025-12-01,126,5,11,8,5,4,6,5.667,6.833,5
2023-02-01,127,5,1,6,11,6,9,7.667,6.667,7
2023-03-01,127,5,2,14,6,11,8,10.333,7.833,10
2023-04-01,127,5,3,7,14,6,7,9.0,8.167,10
2023-05-01,127,5,4,10,7,14,7,10.333,9.0,6
2023-06-01,127,5,5,10,10,7,11,9.0,9.667,7
2023-07-01,127,5,6,6,10,10,6,8.667,8.833,9
2023-08-01,127,5,7,7,6,10,7,7.667,9.0,9
2023-09-01,127,5,8,9,7,6,5,7.333,8.167,9
2023-10-01,127,5,9,9,9,7,5,8.333,8.5,5
2023-11-01,127,5,10,9,9,9,6,9.0,8.333,4
2023-12-01,127,5,11,5,9,9,11,7.667,7.5,5
2024-01-01,127,5,12,4,5,9,6,6.0,7.167,5
2024-02-01,127,5,1,5,4,5,14,4.667,6.833,5
2024-03-01,127,5,2,5,5,4,7,4.667,6.167,6
2024-04-01,127,5,3,5,5,5,10,5.0,5.5,6
2024-05-01,127,5,4,6,5,5,10,5.333,5.0,10
2024-06-01,127,5,5,6,6,5,6,5.667,5.167,9
2024-07-01,127,5,6,10,6,6,7,7.333,6.167,7
2024-08-01,127,5,7,9,10,6,9,8.333,6.833,4
2024-09-01,127,5,8,7,9,10,9,8.667,7.167,12
2024-10-01,127,5,9,4,7,9,9,6.667,7.0,9
2024-11-01,127,5,10,12,4,7,5,7.667,8.0,8
2024-12-01,127,5,11,9,12,4,4,8.333,8.5,4
2025-01-01,127,5,12,8,9,12,5,9.667,8.167,6
2025-02-01,127,5,1,4,8,9,5,7.0,7.333,4
2025-03-01,127,5,2,6,4,8,5,6.0,7.167,9
2025-04-01,127,5,3,4,6,4,6,4.667,7.167,2
2025-05-01,127,5,4,9,4,6,6,6.333,6.667,6
2025-06-01,127,5,5,2,9,4,10,5.0,5.5,8
2025-07-01,127,5,6,6,2,9,9,5.667,5.167,6
2025-08-01,127,5,7,8,6,2,7,5.333,5.833,9
2025-09-01,127,5,8,6,8,6,4,6.667,5.833,10
2025-10-01,127,5,9,9,6,8,12,7.667,6.667,6
2025-11-01,127,5,10,10,9,6,9,8.333,6.833,10
2025-12-01,127,5,11,6,10,9,8,8.333,7.5,4
2023-02-01,128,5,1,5,8,6,8,6.333,7.5,5
2023-03-01,128,5,2,7,5,8,2,6.667,7.167,6
2023-04-01,128,5,3,5,7,5,4,5.667,6.667,4
2023-05-01,128,5,4,6,5,7,1,6.0,6.167,7
2023-06-01,128,5,5,4,6,5,7,5.0,5.833,6
2023-07-01,128,5,6,7,4,6,8,5.667,5.667,10
2023-08-01,128,5,7,6,7,4,9,5.667,5.833,8
2023-09-01,128,5,8,10,6,7,8,7.667,6.333,5
2023-10-01,128,5,9,8,10,6,9,8.0,6.833,13
2023-11-01,128,5,10,5,8,10,6,7.667,6.667,6
2023-12-01,128,5,11,13,5,8,8,8.667,8.167,4
2024-01-01,128,5,12,6,13,5,5,8.0,8.0,10
2024-02-01,128,5,1,4,6,13,7,7.667,7.667,13
2024-03-01,128,5,2,10,4,6,5,6.667,7.667,7
2024-04-01,128,5,3,13,10,4,6,9.0,8.5,4
2024-05-01,128,5,4,7,13,10,4,10.0,8.833,6
2024-06-01,128,5,5,4,7,13,7,8.0,7.333,4
2024-07-01,128,5,6,6,4,7,6,5.667,7.333,5
2024-08-01,128,5,7,4,6,4,10,4.667,7.333,7
2024-09-01,128,5,8,5,4,6,8,5.0,6.5,4
2024-10-01,128,5,9,7,5,4,5,5.333,5.5,7
2024-11-01,128,5,10,4,7,5,13,5.333,5.0,10
2024-12-01,128,5,11,7,4,7,6,6.0,5.5,5
2025-01-01,128,5,12,10,7,4,4,7.0,6.167,5
2025-02-01,128,5,1,5,10,7,10,7.333,6.333,8
2025-03-01,128,5,2,5,5,10,13,6.667,6.333,4
2025-04-01,128,5,3,8,5,5,7,6.0,6.5,4
2025-05-01,128,5,4,4,8,5,4,5.667,6.5,14
2025-06-01,128,5,5,4,4,8,6,5.333,6.0,5
2025-07-01,128,5,6,14,4,4,4,7.333,6.667,7
2025-08-01,128,5,7,5,14,4,5,7.667,6.667,8
2025-09-01,128,5,8,7,5,14,7,8.667,7.0,5
2025-10-01,128,5,9,8,7,5,4,6.667,7.0,5
2025-11-01,128,5,10,5,8,7,7,6.667,7.167,5
2025-12-01,128,5,11,5,5,8,10,6.0,7.333,6
2023-02-01,129,5,1,7,5,9,9,7.0,6.333,4
2023-03-01,129,5,2,6,7,5,6,6.0,6.833,6
2023-04-01,129,5,3,4,6,7,6,5.667,6.0,4
2023-05-01,129,5,4,6,4,6,11,5.333,6.167,8
2023-06-01,129,5,5,4,6,4,8,4.667,5.333,7
2023-07-01,129,5,6,8,4,6,5,6.0,5.833,10
2023-08-01,129,5,7,7,8,4,3,6.333,5.833,5
2023-09-01,129,5,8,10,7,8,9,8.333,6.5,8
2023-10-01,129,5,9,5,10,7,5,7.333,6.667,5
2023-11-01,129,5,10,8,5,10,9,7.667,7.0,4
2023-12-01,129,5,11,5,8,5,5,6.0,7.167,5
2024-01-01,129,5,12,4,5,8,7,5.667,6.5,8
2024-02-01,129,5,1,5,4,5,6,4.667,6.167,5
2024-03-01,129,5,2,8,5,4,4,5.667,5.833,9
2024-04-01,129,5,3,5,8,5,6,6.0,5.833,5
2024-05-01,129,5,4,9,5,8,4,7.333,6.0,0
2024-06-01,129,5,5,5,9,5,8,6.333,6.0,11
2024-07-01,129,5,6,0,5,9,7,4.667,5.333,4
2024-08-01,129,5,7,11,0,5,10,5.333,6.333,8
2024-09-01,129,5,8,4,11,0,5,5.0,5.667,2
2024-10-01,129,5,9,8,4,11,8,7.667,6.167,4
2024-11-01,129,5,10,2,8,4,5,4.667,5.0,2
2024-12-01,129,5,11,4,2,8,4,4.667,4.833,8
2025-01-01,129,5,12,2,4,2,5,2.667,5.167,5
2025-02-01,129,5,1,8,2,4,8,4.667,4.667,5
2025-03-01,129,5,2,5,8,2,5,5.0,4.833,4
2025-04-01,129,5,3,5,5,8,9,6.0,4.333,4
2025-05-01,129,5,4,4,5,5,5,4.667,4.667,6
2025-06-01,129,5,5,4,4,5,0,4.333,4.667,13
2025-07-01,129,5,6,6,4,4,11,4.667,5.333,3
2025-08-01,129,5,7,13,6,4,4,7.667,6.167,9
2025-09-01,129,5,8,3,13,6,8,7.333,5.833,6
2025-10-01,129,5,9,9,3,13,2,8.333,6.5,8
2025-11-01,129,5,10,6,9,3,4,6.0,6.833,5
2025-12-01,129,5,11,8,6,9,2,7.667,7.5,9
2023-02-01,130,5,1,5,5,9,8,6.333,7.5,10
2023-03-01,130,5,2,4,5,5,13,4.667,7.167,6
2023-04-01,130,5,3,10,4,5,6,6.333,7.167,5
2023-05-01,130,5,4,6,10,4,8,6.667,6.5,6
2023-06-01,130,5,5,5,6,10,4,7.0,5.833,8
2023-07-01,130,5,6,6,5,6,5,5.667,6.0,7
2023-08-01,130,5,7,8,6,5,6,6.333,6.5,5
2023-09-01,130,5,8,7,8,6,10,7.0,7.0,5
2023-10-01,130,5,9,5,7,8,10,6.667,6.167,6
2023-11-01,130,5,10,5,5,7,9,5.667,6.0,9
2023-12-01,130,5,11,6,5,5,5,5.333,6.167,9
2024-01-01,130,5,12,9,6,5,5,6.667,6.667,7
2024-02-01,130,5,1,9,9,6,4,8.0,6.833,9
2024-03-01,130,5,2,7,9,9,10,8.333,6.833,5
2024-04-01,130,5,3,9,7,9,6,8.333,7.5,11
2024-05-01,130,5,4,5,9,7,5,7.0,7.5,9
2024-06-01,130,5,5,11,5,9,6,8.333,8.333,5
2024-07-01,130,5,6,9,11,5,8,8.333,8.333,12
2024-08-01,130,5,7,5,9,11,7,8.333,7.667,13
2024-09-01,130,5,8,12,5,9,5,8.667,8.5,12
2024-10-01,130,5,9,13,12,5,5,10.0,9.167,5
2024-11-01,130,5,10,12,13,12,6,12.333,10.333,6
2024-12-01,130,5,11,5,12,13,9,10.0,9.333,8
2025-01-01,130,5,12,6,5,12,9,7.667,8.833,11
2025-02-01,130,5,1,8,6,5,7,6.333,9.333,5
2025-03-01,130,5,2,11,8,6,9,8.333,9.167,7
2025-04-01,130,5,3,5,11,8,5,8.0,7.833,10
2025-05-01,130,5,4,7,5,11,11,7.667,7.0,7
2025-06-01,130,5,5,10,7,5,9,7.333,7.833,2
2025-07-01,130,5,6,7,10,7,5,8.0,8.0,6
2025-08-01,130,5,7,2,7,10,12,6.333,7.0,5
2025-09-01,130,5,8,6,2,7,13,5.0,6.167,5
2025-10-01,130,5,9,5,6,2,12,4.333,6.167,8
2025-11-01,130,5,10,5,5,6,5,5.333,5.833,12
2025-12-01,130,5,11,8,5,5,6,6.0,5.5,10
2023-02-01,131,5,1,4,9,5,13,6.0,6.333,6
2023-03-01,131,5,2,5,4,9,8,6.0,5.667,5
2023-04-01,131,5,3,6,5,4,3,5.0,6.0,8
2023-05-01,131,5,4,5,6,5,6,5.333,5.667,5
2023-06-01,131,5,5,8,5,6,6,6.333,6.167,3
2023-07-01,131,5,6,5,8,5,1,6.0,5.5,6
2023-08-01,131,5,7,3,5,8,9,5.333,5.333,9
2023-09-01,131,5,8,6,3,5,4,4.667,5.5,5
2023-10-01,131,5,9,9,6,3,7,6.0,6.0,5
2023-11-01,131,5,10,5,9,6,5,6.667,6.0,4
2023-12-01,131,5,11,5,5,9,9,6.333,5.5,7
2024-01-01,131,5,12,4,5,5,4,4.667,5.333,13
2024-02-01,131,5,1,7,4,5,5,5.333,6.0,11
2024-03-01,131,5,2,13,7,4,6,8.0,7.167,10
2024-04-01,131,5,3,11,13,7,5,10.333,7.5,11
2024-05-01,131,5,4,10,11,13,8,11.333,8.333,10
2024-06-01,131,5,5,11,10,11,5,10.667,9.333,9
2024-07-01,131,5,6,10,11,10,3,10.333,10.333,11
2024-08-01,131,5,7,9,10,11,6,10.0,10.667,3
2024-09-01,131,5,8,11,9,10,9,10.0,10.333,4
2024-10-01,131,5,9,3,11,9,5,7.667,9.0,6
2024-11-01,131,5,10,4,3,11,5,6.0,8.0,4
2024-12-01,131,5,11,6,4,3,4,4.333,7.167,6
2025-01-01,131,5,12,4,6,4,7,4.667,6.167,10
2025-02-01,131,5,1,6,4,6,13,5.333,5.667,7
2025-03-01,131,5,2,10,6,4,11,6.667,5.5,7
2025-04-01,131,5,3,7,10,6,10,7.667,6.167,12
2025-05-01,131,5,4,7,7,10,11,8.0,6.667,6
2025-06-01,131,5,5,12,7,7,10,8.667,7.667,5
2025-07-01,131,5,6,6,12,7,9,8.333,8.0,5
2025-08-01,131,5,7,5,6,12,11,7.667,7.833,5
2025-09-01,131,5,8,5,5,6,3,5.333,7.0,5
2025-10-01,131,5,9,5,5,5,4,5.0,6.667,7
2025-11-01,131,5,10,5,5,5,6,5.0,6.333,5
2025-12-01,131,5,11,7,5,5,4,5.667,5.5,11
2023-02-01,132,5,1,10,9,4,3,7.667,7.333,6
2023-03-01,132,5,2,9,10,9,3,9.333,7.333,9
2023-04-01,132,5,3,6,9,10,10,8.333,6.667,6
2023-05-01,132,5,4,9,6,9,6,8.0,7.833,7
2023-06-01,132,5,5,6,9,6,7,7.0,8.167,3
2023-07-01,132,5,6,7,6,9,8,7.333,7.833,8
2023-08-01,132,5,7,3,7,6,9,5.333,6.667,10
2023-09-01,132,5,8,8,3,7,10,6.0,6.5,6
2023-10-01,132,5,9,10,8,3,2,7.0,7.167,7
2023-11-01,132,5,10,6,10,8,4,8.0,6.667,6
2023-12-01,132,5,11,7,6,10,9,7.667,6.833,3
2024-01-01,132,5,12,6,7,6,10,6.333,6.667,8
2024-02-01,132,5,1,3,6,7,9,5.333,6.667,3
2024-03-01,132,5,2,8,3,6,6,5.667,6.667,13
2024-04-01,132,5,3,3,8,3,9,4.667,5.5,4
2024-05-01,132,5,4,13,3,8,6,8.0,6.667,6
2024-06-01,132,5,5,4,13,3,7,6.667,6.167,8
2024-07-01,132,5,6,6,4,13,3,7.667,6.167,6
2024-08-01,132,5,7,8,6,4,8,6.0,7.0,7
2024-09-01,132,5,8,6,8,6,10,6.667,6.667,9
2024-10-01,132,5,9,7,6,8,6,7.0,7.333,2
2024-11-01,132,5,10,9,7,6,7,7.333,6.667,7
2024-12-01,132,5,11,2,9,7,6,6.0,6.333,9
2025-01-01,132,5,12,7,2,9,3,6.0,6.5,7
2025-02-01,132,5,1,9,7,2,8,6.0,6.667,9
2025-03-01,132,5,2,7,9,7,3,7.667,6.833,10
2025-04-01,132,5,3,9,7,9,13,8.333,7.167,13
2025-05-01,132,5,4,10,9,7,4,8.667,7.333,4
2025-06-01,132,5,5,13,10,9,6,10.667,9.167,5
2025-07-01,132,5,6,4,13,10,8,9.0,8.667,10
2025-08-01,132,5,7,5,4,13,6,7.333,8.0,6
2025-09-01,132,5,8,10,5,4,7,6.333,8.5,7
2025-10-01,132,5,9,6,10,5,9,7.0,8.0,5
2025-11-01,132,5,10,7,6,10,2,7.667,7.5,9
2025-12-01,132,5,11,5,7,6,7,6.0,6.167,8
2023-02-01,133,6,1,3,4,11,9,6.0,6.667,10
2023-03-01,133,6,2,7,3,4,5,4.667,7.0,6
2023-04-01,133,6,3,10,7,3,6,6.667,7.333,4
2023-05-01,133,6,4,6,10,7,4,7.667,6.833,10
2023-06-01,133,6,5,4,6,10,9,6.667,5.667,7
2023-07-01,133,6,6,10,4,6,8,6.667,6.667,14
2023-08-01,133,6,7,7,10,4,5,7.0,7.333,4
2023-09-01,133,6,8,14,7,10,8,10.333,8.5,5
2023-10-01,133,6,9,4,14,7,9,8.333,7.5,8
2023-11-01,133,6,10,5,4,14,11,7.667,7.333,9
2023-12-01,133,6,11,8,5,4,4,5.667,8.0,10
2024-01-01,133,6,12,9,8,5,3,7.333,7.833,10
2024-02-01,133,6,1,10,9,8,7,9.0,8.333,8
2024-03-01,133,6,2,10,10,9,10,9.667,7.667,9
2024-04-01,133,6,3,8,10,10,6,9.333,8.333,6
2024-05-01,133,6,4,9,8,10,4,9.0,9.0,12
2024-06-01,133,6,5,6,9,8,10,7.667,8.667,7
2024-07-01,133,6,6,12,6,9,7,9.0,9.167,11
2024-08-01,133,6,7,7,12,6,14,8.333,8.667,12
2024-09-01,133,6,8,11,7,12,4,10.0,8.833,6
2024-10-01,133,6,9,12,11,7,5,10.0,9.5,3
2024-11-01,133,6,10,6,12,11,8,9.667,9.0,6
2024-12-01,133,6,11,3,6,12,9,7.0,8.5,2
2025-01-01,133,6,12,6,3,6,10,5.0,7.5,9
2025-02-01,133,6,1,2,6,3,10,3.667,6.667,9
2025-03-01,133,6,2,9,2,6,8,5.667,6.333,7
2025-04-01,133,6,3,9,9,2,9,6.667,5.833,8
2025-05-01,133,6,4,7,9,9,6,8.333,6.0,4
2025-06-01,133,6,5,8,7,9,12,8.0,6.833,11
2025-07-01,133,6,6,4,8,7,7,6.333,6.5,5
2025-08-01,133,6,7,11,4,8,11,7.667,8.0,6
2025-09-01,133,6,8,5,11,4,12,6.667,7.333,7
2025-10-01,133,6,9,6,5,11,6,7.333,6.833,5
2025-11-01,133,6,10,7,6,5,3,6.0,6.833,7
2025-12-01,133,6,11,5,7,6,6,6.0,6.333,6
2023-02-01,134,6,1,8,5,10,5,7.667,6.833,3
2023-03-01,134,6,2,11,8,5,6,8.0,7.167,10
2023-04-01,134,6,3,3,11,8,6,7.333,7.333,8
2023-05-01,134,6,4,10,3,11,6,8.0,7.833,5
2023-06-01,134,6,5,8,10,3,8,7.0,7.5,6
2023-07-01,134,6,6,5,8,10,4,7.667,7.5,6
2023-08-01,134,6,7,6,5,8,9,6.333,7.167,6
2023-09-01,134,6,8,6,6,5,2,5.667,6.333,9
2023-10-01,134,6,9,6,6,6,7,6.0,6.833,8
2023-11-01,134,6,10,9,6,6,10,7.0,6.667,5
2023-12-01,134,6,11,8,9,6,5,7.667,6.667,8
2024-01-01,134,6,12,5,8,9,8,7.333,6.667,6
2024-02-01,134,6,1,8,5,8,11,7.0,7.0,7
2024-03-01,134,6,2,6,8,5,3,6.333,7.0,5
2024-04-01,134,6,3,7,6,8,10,7.0,7.167,3
2024-05-01,134,6,4,5,7,6,8,6.0,6.5,12
2024-06-01,134,6,5,3,5,7,5,5.0,5.667,6
2024-07-01,134,6,6,12,3,5,6,6.667,6.833,6
2024-08-01,134,6,7,6,12,3,6,7.0,6.5,5
2024-09-01,134,6,8,6,6,12,6,8.0,6.5,10
2024-10-01,134,6,9,5,6,6,9,5.667,6.167,6
2024-11-01,134,6,10,10,5,6,8,7.0,7.0,2
2024-12-01,134,6,11,6,10,5,5,7.0,7.5,10
2025-01-01,134,6,12,2,6,10,8,6.0,5.833,8
2025-02-01,134,6,1,10,2,6,6,6.0,6.5,6
2025-03-01,134,6,2,8,10,2,7,6.667,6.833,2
2025-04-01,134,6,3,6,8,10,5,8.0,7.0,13
2025-05-01,134,6,4,2,6,8,3,5.333,5.667,11
2025-06-01,134,6,5,13,2,6,12,7.0,6.833,2
2025-07-01,134,6,6,11,13,2,6,8.667,8.333,7
2025-08-01,134,6,7,2,11,13,6,8.667,7.0,7
2025-09-01,134,6,8,7,2,11,5,6.667,6.833,5
2025-10-01,134,6,9,7,7,2,10,5.333,7.0,4
2025-11-01,134,6,10,5,7,7,6,6.333,7.5,6
2025-12-01,134,6,11,4,5,7,2,5.333,6.0,8
2023-02-01,135,6,1,4,2,8,11,4.667,6.5,8
2023-03-01,135,6,2,7,4,2,5,4.333,5.833,6
2023-04-01,135,6,3,8,7,4,8,6.333,6.5,5
2023-05-01,135,6,4,6,8,7,2,7.0,5.833,4
2023-06-01,135,6,5,5,6,8,4,6.333,5.333,8
2023-07-01,135,6,6,4,5,6,6,5.0,5.667,9
2023-08-01,135,6,7,8,4,5,11,5.667,6.333,6
2023-09-01,135,6,8,9,8,4,4,7.0,6.667,5
2023-10-01,135,6,9,6,9,8,10,7.667,6.333,5
2023-11-01,135,6,10,5,6,9,8,6.667,6.167,5
2023-12-01,135,6,11,5,5,6,2,5.333,6.167,6
2024-01-01,135,6,12,5,5,5,4,5.0,6.333,5
2024-02-01,135,6,1,6,5,5,7,5.333,6.0,7
2024-03-01,135,6,2,5,6,5,8,5.333,5.333,8
2024-04-01,135,6,3,7,5,6,6,6.0,5.5,7
2024-05-01,135,6,4,8,7,5,5,6.667,6.0,10
2024-06-01,135,6,5,7,8,7,4,7.333,6.333,10
2024-07-01,135,6,6,10,7,8,8,8.333,7.167,8
2024-08-01,135,6,7,10,10,7,9,9.0,7.833,7
2024-09-01,135,6,8,8,10,10,6,9.333,8.333,7
2024-10-01,135,6,9,7,8,10,5,8.333,8.333,5
2024-11-01,135,6,10,7,7,8,5,7.333,8.167,6
2024-12-01,135,6,11,5,7,7,5,6.333,7.833,7
2025-01-01,135,6,12,6,5,7,6,6.0,7.167,10
2025-02-01,135,6,1,7,6,5,5,6.0,6.667,9
2025-03-01,135,6,2,10,7,6,7,7.667,7.0,6
2025-04-01,135,6,3,9,10,7,8,8.667,7.333,3
2025-05-01,135,6,4,6,9,10,7,8.333,7.167,5
2025-06-01,135,6,5,3,6,9,10,6.0,6.833,6
2025-07-01,135,6,6,5,3,6,10,4.667,6.667,7
2025-08-01,135,6,7,6,5,3,8,4.667,6.5,3
2025-09-01,135,6,8,7,6,5,7,6.0,6.0,12
2025-10-01,135,6,9,3,7,6,7,5.333,5.0,10
2025-11-01,135,6,10,12,3,7,5,7.333,6.0,11
2025-12-01,135,6,11,10,12,3,6,8.333,7.167,5
2023-02-01,136,6,1,6,7,6,6,6.333,6.333,5
2023-03-01,136,6,2,9,6,7,7,7.333,6.5,12
2023-04-01,136,6,3,5,9,6,8,6.667,6.0,8
2023-05-01,136,6,4,12,5,9,4,8.667,7.5,4
2023-06-01,136,6,5,8,12,5,10,8.333,7.833,8
2023-07-01,136,6,6,4,8,12,5,8.0,7.333,6
2023-08-01,136,6,7,8,4,8,8,6.667,7.667,9
2023-09-01,136,6,8,6,8,4,8,6.0,7.167,12
2023-10-01,136,6,9,9,6,8,3,7.667,7.833,7
2023-11-01,136,6,10,12,9,6,6,9.0,7.833,9
2023-12-01,136,6,11,7,12,9,7,9.333,7.667,9
2024-01-01,136,6,12,9,7,12,6,9.333,8.5,9
2024-02-01,136,6,1,9,9,7,9,8.333,8.667,8
2024-03-01,136,6,2,9,9,9,5,9.0,9.167,2
2024-04-01,136,6,3,8,9,9,12,8.667,9.0,8
2024-05-01,136,6,4,2,8,9,8,6.333,7.333,9
2024-06-01,136,6,5,8,2,8,4,6.0,7.5,6
2024-07-01,136,6,6,9,8,2,8,6.333,7.5,5
2024-08-01,136,6,7,6,9,8,6,7.667,7.0,6
2024-09-01,136,6,8,5,6,9,9,6.667,6.333,5
2024-10-01,136,6,9,6,5,6,12,5.667,6.0,5
2024-11-01,136,6,10,5,6,5,7,5.333,6.5,6
2024-12-01,136,6,11,5,5,6,9,5.333,6.0,3
2025-01-01,136,6,12,6,5,5,9,5.333,5.5,7
2025-02-01,136,6,1,3,6,5,9,4.667,5.0,5
2025-03-01,136,6,2,7,3,6,8,5.333,5.333,9
2025-04-01,136,6,3,5,7,3,2,5.0,5.167,4
2025-05-01,136,6,4,9,5,7,8,7.0,5.833,10
2025-06-01,136,6,5,4,9,5,9,6.0,5.667,7
2025-07-01,136,6,6,10,4,9,6,7.667,6.333,11
2025-08-01,136,6,7,7,10,4,5,7.0,7.0,5
2025-09-01,136,6,8,11,7,10,6,9.333,7.667,7
2025-10-01,136,6,9,5,11,7,5,7.667,7.667,5
2025-11-01,136,6,10,7,5,11,5,7.667,7.333,5
2025-12-01,136,6,11,5,7,5,6,5.667,7.5,7
2023-02-01,137,6,1,9,7,10,6,8.667,8.0,11
2023-03-01,137,6,2,5,9,7,6,7.0,8.167,5
2023-04-01,137,6,3,11,5,9,3,8.333,8.167,7
2023-05-01,137,6,4,5,11,5,4,7.0,7.833,9
2023-06-01,137,6,5,7,5,11,10,7.667,7.333,4
2023-07-01,137,6,6,9,7,5,11,7.0,7.667,7
2023-08-01,137,6,7,4,9,7,4,6.667,6.833,7
2023-09-01,137,6,8,7,4,9,11,6.667,7.167,6
2023-10-01,137,6,9,7,7,4,7,6.0,6.5,7
2023-11-01,137,6,10,6,7,7,10,6.667,6.667,10
2023-12-01,137,6,11,7,6,7,7,6.667,6.667,8
2024-01-01,137,6,12,10,7,6,9,7.667,6.833,3
2024-02-01,137,6,1,8,10,7,5,8.333,7.5,4
2024-03-01,137,6,2,3,8,10,11,7.0,6.833,7
2024-04-01,137,6,3,4,3,8,5,5.0,6.333,4
2024-05-01,137,6,4,7,4,3,7,4.667,6.5,6
2024-06-01,137,6,5,4,7,4,9,5.0,6.0,7
2024-07-01,137,6,6,6,4,7,4,5.667,5.333,9
2024-08-01,137,6,7,7,6,4,7,5.667,5.167,8
2024-09-01,137,6,8,9,7,6,7,7.333,6.167,8
2024-10-01,137,6,9,8,9,7,6,8.0,6.833,5
2024-11-01,137,6,10,8,8,9,7,8.333,7.0,10
2024-12-01,137,6,11,5,8,8,10,7.0,7.167,8
2025-01-01,137,6,12,10,5,8,8,7.667,7.833,6
2025-02-01,137,6,1,8,10,5,3,7.667,8.0,7
2025-03-01,137,6,2,6,8,10,4,8.0,7.5,10
2025-04-01,137,6,3,7,6,8,7,7.0,7.333,6
2025-05-01,137,6,4,10,7,6,4,7.667,7.667,3
2025-06-01,137,6,5,6,10,7,6,7.667,7.833,7
2025-07-01,137,6,6,3,6,10,7,6.333,6.667,6
2025-08-01,137,6,7,7,3,6,9,5.333,6.5,2
2025-09-01,137,6,8,6,7,3,8,5.333,6.5,12
2025-10-01,137,6,9,2,6,7,8,5.0,5.667,5
2025-11-01,137,6,10,12,2,6,5,6.667,6.0,7
2025-12-01,137,6,11,5,12,2,10,6.333,5.833,11
2023-02-01,138,6,1,10,9,9,6,9.333,7.167,11
2023-03-01,138,6,2,5,10,9,6,8.0,7.5,11
2023-04-01,138,6,3,11,5,10,3,8.667,8.5,5
2023-05-01,138,6,4,11,11,5,5,9.0,9.167,7
2023-06-01,138,6,5,5,11,11,7,9.0,8.5,10
2023-07-01,138,6,6,7,5,11,7,7.667,8.167,4
2023-08-01,138,6,7,10,7,5,3,7.333,8.167,5
2023-09-01,138,6,8,4,10,7,5,7.0,8.0,4
2023-10-01,138,6,9,5,4,10,7,6.333,7.0,8
2023-11-01,138,6,10,4,5,4,9,4.333,5.833,10
2023-12-01,138,6,11,8,4,5,9,5.667,6.333,9
2024-01-01,138,6,12,10,8,4,10,7.333,6.833,2
2024-02-01,138,6,1,9,10,8,5,9.0,6.667,10
2024-03-01,138,6,2,2,9,10,11,7.0,6.333,8
2024-04-01,138,6,3,10,2,9,11,7.0,7.167,11
2024-05-01,138,6,4,8,10,2,5,6.667,7.833,4
2024-06-01,138,6,5,11,8,10,7,9.667,8.333,9
2024-07-01,138,6,6,4,11,8,10,7.667,7.333,8
2024-08-01,138,6,7,9,4,11,4,8.0,7.333,9
2024-09-01,138,6,8,8,9,4,5,7.0,8.333,7
2024-10-01,138,6,9,9,8,9,4,8.667,8.167,5
2024-11-01,138,6,10,7,9,8,8,8.0,8.0,7
2024-12-01,138,6,11,5,7,9,10,7.0,7.0,9
2025-01-01,138,6,12,7,5,7,9,6.333,7.5,6
2025-02-01,138,6,1,9,7,5,2,7.0,7.5,9
2025-03-01,138,6,2,6,9,7,10,7.333,7.167,8
2025-04-01,138,6,3,9,6,9,8,8.0,7.167,9
2025-05-01,138,6,4,8,9,6,11,7.667,7.333,4
2025-06-01,138,6,5,9,8,9,4,8.667,8.0,10
2025-07-01,138,6,6,4,9,8,9,7.0,7.5,5
2025-08-01,138,6,7,10,4,9,8,7.667,7.667,5
2025-09-01,138,6,8,5,10,4,9,6.333,7.5,6
2025-10-01,138,6,9,5,5,10,7,6.667,6.833,7
2025-11-01,138,6,10,6,5,5,5,5.333,6.5,9
2025-12-01,138,6,11,7,6,5,7,6.0,6.167,10
2023-02-01,139,6,1,7,6,11,7,8.0,6.0,8
2023-03-01,139,6,2,4,7,6,8,5.667,6.167,4
2023-04-01,139,6,3,8,4,7,9,6.333,6.833,7
2023-05-01,139,6,4,4,8,4,5,5.333,6.667,12
2023-06-01,139,6,5,7,4,8,10,6.333,6.0,5
2023-07-01,139,6,6,12,7,4,5,7.667,7.0,12
2023-08-01,139,6,7,5,12,7,3,8.0,6.667,6
2023-09-01,139,6,8,12,5,12,4,9.667,8.0,4
2023-10-01,139,6,9,6,12,5,5,7.667,7.667,12
2023-11-01,139,6,10,4,6,12,11,7.333,7.667,5
2023-12-01,139,6,11,12,4,6,6,7.333,8.5,8
2024-01-01,139,6,12,5,12,4,7,7.0,7.333,5
2024-02-01,139,6,1,8,5,12,4,8.333,7.833,12
2024-03-01,139,6,2,5,8,5,8,6.0,6.667,6
2024-04-01,139,6,3,12,5,8,4,8.333,7.667,6
2024-05-01,139,6,4,6,12,5,7,7.667,8.0,6
2024-06-01,139,6,5,6,6,12,12,8.0,7.0,10
2024-07-01,139,6,6,6,6,6,5,6.0,7.167,11
2024-08-01,139,6,7,10,6,6,12,7.333,7.5,4
2024-09-01,139,6,8,11,10,6,6,9.0,8.5,7
2024-10-01,139,6,9,4,11,10,4,8.333,7.167,9
2024-11-01,139,6,10,7,4,11,12,7.333,7.333,7
2024-12-01,139,6,11,9,7,4,5,6.667,7.833,10
2025-01-01,139,6,12,7,9,7,8,7.667,8.0,9
2025-02-01,139,6,1,10,7,9,5,8.667,8.0,4
2025-03-01,139,6,2,9,10,7,12,8.667,7.667,8
2025-04-01,139,6,3,4,9,10,6,7.667,7.667,7
2025-05-01,139,6,4,8,4,9,6,7.0,7.833,7
2025-06-01,139,6,5,7,8,4,6,6.333,7.5,4
2025-07-01,139,6,6,7,7,8,10,7.333,7.5,12
2025-08-01,139,6,7,4,7,7,11,6.0,6.5,9
2025-09-01,139,6,8,12,4,7,4,7.667,7.0,8
2025-10-01,139,6,9,9,12,4,7,8.333,7.833,6
2025-11-01,139,6,10,8,9,12,9,9.667,7.833,10
2025-12-01,139,6,11,6,8,9,7,7.667,7.667,9
2023-02-01,140,6,1,7,8,3,3,6.0,6.833,4
2023-03-01,140,6,2,5,7,8,8,6.667,6.167,6
2023-04-01,140,6,3,4,5,7,9,5.333,5.5,4
2023-05-01,140,6,4,6,4,5,7,5.0,5.5,10
2023-06-01,140,6,5,4,6,4,6,4.667,5.667,3
2023-07-01,140,6,6,10,4,6,6,6.667,6.0,9
2023-08-01,140,6,7,3,10,4,9,5.667,5.333,8
2023-09-01,140,6,8,9,3,10,8,7.333,6.0,5
2023-10-01,140,6,9,8,9,3,6,6.667,6.667,6
2023-11-01,140,6,10,5,8,9,3,7.333,6.5,4
2023-12-01,140,6,11,6,5,8,8,6.333,6.833,6
2024-01-01,140,6,12,4,6,5,7,5.0,5.833,7
2024-02-01,140,6,1,6,4,6,5,5.333,6.333,3
2024-03-01,140,6,2,7,6,4,4,5.667,6.0,4
2024-04-01,140,6,3,3,7,6,6,5.333,5.167,9
2024-05-01,140,6,4,4,3,7,4,4.667,5.0,7
2024-06-01,140,6,5,9,4,3,10,5.333,5.5,8
2024-07-01,140,6,6,7,9,4,3,6.667,6.0,11
2024-08-01,140,6,7,8,7,9,9,8.0,6.333,5
2024-09-01,140,6,8,11,8,7,8,8.667,7.0,10
2024-10-01,140,6,9,5,11,8,5,8.0,7.333,2
2024-11-01,140,6,10,10,5,11,6,8.667,8.333,8
2024-12-01,140,6,11,2,10,5,4,5.667,7.167,8
2025-01-01,140,6,12,8,2,10,6,6.667,7.333,8
2025-02-01,140,6,1,8,8,2,7,6.0,7.333,4
2025-03-01,140,6,2,8,8,8,3,8.0,6.833,5
2025-04-01,140,6,3,4,8,8,4,6.667,6.667,10
2025-05-01,140,6,4,5,4,8,9,5.667,5.833,12
2025-06-01,140,6,5,10,5,4,7,6.333,7.167,7
2025-07-01,140,6,6,12,10,5,8,9.0,7.833,6
2025-08-01,140,6,7,7,12,10,11,9.667,7.667,11
2025-09-01,140,6,8,6,7,12,5,8.333,7.333,5
2025-10-01,140,6,9,11,6,7,10,8.0,8.5,8
2025-11-01,140,6,10,5,11,6,2,7.333,8.5,5
2025-12-01,140,6,11,8,5,11,8,8.0,8.167,10
2023-02-01,141,7,1,3,3,9,8,5.0,5.667,3
2023-03-01,141,7,2,1,3,3,7,2.333,4.5,8
2023-04-01,141,7,3,3,1,3,9,2.333,3.333,4
2023-05-01,141,7,4,8,3,1,5,4.0,4.5,10
2023-06-01,141,7,5,4,8,3,4,5.0,3.667,5
2023-07-01,141,7,6,10,4,8,5,7.333,4.833,7
2023-08-01,141,7,7,5,10,4,8,6.333,5.167,8
2023-09-01,141,7,8,7,5,10,10,7.333,6.167,3
2023-10-01,141,7,9,8,7,5,1,6.667,7.0,9
2023-11-01,141,7,10,3,8,7,9,6.0,6.167,7
2023-12-01,141,7,11,9,3,8,3,6.667,7.0,6
2024-01-01,141,7,12,7,9,3,3,6.333,6.5,13
2024-02-01,141,7,1,6,7,9,1,7.333,6.667,11
2024-03-01,141,7,2,13,6,7,3,8.667,7.667,7
2024-04-01,141,7,3,11,13,6,8,10.0,8.167,4
2024-05-01,141,7,4,7,11,13,4,10.333,8.833,5
2024-06-01,141,7,5,4,7,11,10,7.333,8.0,8
2024-07-01,141,7,6,5,4,7,5,5.333,7.667,9
2024-08-01,141,7,7,8,5,4,7,5.667,8.0,7
2024-09-01,141,7,8,9,8,5,8,7.333,7.333,7
2024-10-01,141,7,9,7,9,8,3,8.0,6.667,5
2024-11-01,141,7,10,7,7,9,9,7.667,6.667,3
2024-12-01,141,7,11,5,7,7,7,6.333,6.833,8
2025-01-01,141,7,12,3,5,7,6,5.0,6.5,11
2025-02-01,141,7,1,8,3,5,13,5.333,6.5,7
2025-03-01,141,7,2,11,8,3,11,7.333,6.833,8
2025-04-01,141,7,3,7,11,8,7,8.667,6.833,8
2025-05-01,141,7,4,8,7,11,4,8.667,7.0,5
2025-06-01,141,7,5,8,8,7,5,7.667,7.5,8
2025-07-01,141,7,6,5,8,8,8,7.0,7.833,8
2025-08-01,141,7,7,8,5,8,9,7.0,7.833,6
2025-09-01,141,7,8,8,8,5,7,7.0,7.333,7
2025-10-01,141,7,9,6,8,8,7,7.333,7.167,5
2025-11-01,141,7,10,7,6,8,5,7.0,7.0,7
2025-12-01,141,7,11,5,7,6,3,6.0,6.5,6
2023-02-01,142,7,1,8,4,5,7,5.667,6.167,2
2023-03-01,142,7,2,10,8,4,9,7.333,6.667,3
2023-04-01,142,7,3,2,10,8,5,6.667,5.667,10
2023-05-01,142,7,4,3,2,10,6,5.0,5.333,3
2023-06-01,142,7,5,10,3,2,9,5.0,6.167,7
2023-07-01,142,7,6,3,10,3,6,5.333,6.0,8
2023-08-01,142,7,7,7,3,10,7,6.667,5.833,11
2023-09-01,142,7,8,8,7,3,8,6.0,5.5,10
2023-10-01,142,7,9,11,8,7,5,8.667,7.0,8
2023-11-01,142,7,10,10,11,8,5,9.667,8.167,4
2023-12-01,142,7,11,8,10,11,4,9.667,7.833,10
2024-01-01,142,7,12,4,8,10,8,7.333,8.0,8
2024-02-01,142,7,1,10,4,8,10,7.333,8.5,5
2024-03-01,142,7,2,8,10,4,2,7.333,8.5,11
2024-04-01,142,7,3,5,8,10,3,7.667,7.5,5
2024-05-01,142,7,4,11,5,8,10,8.0,7.667,8
2024-06-01,142,7,5,5,11,5,3,7.0,7.167,6
2024-07-01,142,7,6,8,5,11,7,8.0,7.833,10
2024-08-01,142,7,7,6,8,5,8,6.333,7.167,8
2024-09-01,142,7,8,10,6,8,11,8.0,7.5,8
2024-10-01,142,7,9,8,10,6,10,8.0,8.0,2
2024-11-01,142,7,10,8,8,10,8,8.667,7.5,12
2024-12-01,142,7,11,2,8,8,4,6.0,7.0,5
2025-01-01,142,7,12,12,2,8,10,7.333,7.667,8
2025-02-01,142,7,1,5,12,2,8,6.333,7.5,9
2025-03-01,142,7,2,8,5,12,5,8.333,7.167,5
2025-04-01,142,7,3,9,8,5,11,7.333,7.333,5
2025-05-01,142,7,4,5,9,8,5,7.333,6.833,9
2025-06-01,142,7,5,5,5,9,8,6.333,7.333,2
2025-07-01,142,7,6,9,5,5,6,6.333,6.833,4
2025-08-01,142,7,7,2,9,5,10,5.333,6.333,7
2025-09-01,142,7,8,4,2,9,8,5.0,5.667,6
2025-10-01,142,7,9,7,4,2,8,4.333,5.333,5
2025-11-01,142,7,10,6,7,4,2,5.667,5.5,10
2025-12-01,142,7,11,5,6,7,12,6.0,5.5,6
2023-02-01,143,7,1,7,8,5,7,6.667,7.5,7
2023-03-01,143,7,2,3,7,8,7,6.0,6.167,7
2023-04-01,143,7,3,7,3,7,4,5.667,6.167,3
2023-05-01,143,7,4,7,7,3,7,5.667,6.167,7
2023-06-01,143,7,5,3,7,7,9,5.667,5.833,2
2023-07-01,143,7,6,7,3,7,3,5.667,5.667,9
2023-08-01,143,7,7,2,7,3,11,4.0,4.833,11
2023-09-01,143,7,8,9,2,7,7,6.0,5.833,4
2023-10-01,143,7,9,11,9,2,7,7.333,6.5,12
2023-11-01,143,7,10,4,11,9,5,8.0,6.0,7
2023-12-01,143,7,11,12,4,11,8,9.0,7.5,8
2024-01-01,143,7,12,7,12,4,7,7.667,7.5,10
2024-02-01,143,7,1,8,7,12,3,9.0,8.5,7
2024-03-01,143,7,2,10,8,7,7,8.333,8.667,9
2024-04-01,143,7,3,7,10,8,7,8.333,8.0,7
2024-05-01,143,7,4,9,7,10,3,8.667,8.833,1
2024-06-01,143,7,5,7,9,7,7,7.667,8.0,9
2024-07-01,143,7,6,1,7,9,2,5.667,7.0,13
2024-08-01,143,7,7,9,1,7,9,5.667,7.167,11
2024-09-01,143,7,8,13,9,1,11,7.667,7.667,5
2024-10-01,143,7,9,11,13,9,4,11.0,8.333,7
2024-11-01,143,7,10,5,11,13,12,9.667,7.667,8
2024-12-01,143,7,11,7,5,11,7,7.667,7.667,8
2025-01-01,143,7,12,8,7,5,8,6.667,8.833,4
2025-02-01,143,7,1,8,8,7,10,7.667,8.667,6
2025-03-01,143,7,2,4,8,8,7,6.667,7.167,5
2025-04-01,143,7,3,6,4,8,9,6.0,6.333,9
2025-05-01,143,7,4,5,6,4,7,5.0,6.333,3
2025-06-01,143,7,5,9,5,6,1,6.667,6.667,6
2025-07-01,143,7,6,3,9,5,9,5.667,5.833,5
2025-08-01,143,7,7,6,3,9,13,6.0,5.5,7
2025-09-01,143,7,8,5,6,3,11,4.667,5.667,5
2025-10-01,143,7,9,7,5,6,5,6.0,5.833,5
2025-11-01,143,7,10,5,7,5,7,5.667,5.833,1
2025-12-01,143,7,11,5,5,7,8,5.667,5.167,5
2023-02-01,144,7,1,2,8,5,10,5.0,6.167,11
2023-03-01,144,7,2,12,2,8,5,7.333,6.667,14
2023-04-01,144,7,3,11,12,2,4,8.333,7.333,4
2023-05-01,144,7,4,14,11,12,8,12.333,8.667,7
2023-06-01,144,7,5,4,14,11,5,9.667,8.5,11
2023-07-01,144,7,6,7,4,14,6,8.333,8.333,1
2023-08-01,144,7,7,11,7,4,9,7.333,9.833,15
2023-09-01,144,7,8,1,11,7,7,6.333,8.0,9
2023-10-01,144,7,9,15,1,11,6,9.0,8.667,9
2023-11-01,144,7,10,9,15,1,5,8.333,7.833,9
2023-12-01,144,7,11,9,9,15,8,11.0,8.667,11
2024-01-01,144,7,12,9,9,9,2,9.0,9.0,8
2024-02-01,144,7,1,11,9,9,12,9.667,9.0,7
2024-03-01,144,7,2,8,11,9,11,9.333,10.167,3
2024-04-01,144,7,3,7,8,11,14,8.667,8.833,8
2024-05-01,144,7,4,3,7,8,4,6.0,7.833,3
2024-06-01,144,7,5,8,3,7,7,6.0,7.667,8
2024-07-01,144,7,6,3,8,3,11,4.667,6.667,3
2024-08-01,144,7,7,8,3,8,1,6.333,6.167,5
2024-09-01,144,7,8,3,8,3,15,4.667,5.333,9
2024-10-01,144,7,9,5,3,8,9,5.333,5.0,7
2024-11-01,144,7,10,9,5,3,9,5.667,6.0,7
2024-12-01,144,7,11,7,9,5,9,7.0,5.833,9
2025-01-01,144,7,12,7,7,9,11,7.667,6.5,4
2025-02-01,144,7,1,9,7,7,8,7.667,6.667,4
2025-03-01,144,7,2,4,9,7,7,6.667,6.833,6
2025-04-01,144,7,3,4,4,9,3,5.667,6.667,5
2025-05-01,144,7,4,6,4,4,8,4.667,6.167,11
2025-06-01,144,7,5,5,6,4,3,5.0,5.833,10
2025-07-01,144,7,6,11,5,6,8,7.333,6.5,5
2025-08-01,144,7,7,10,11,5,3,8.667,6.667,7
2025-09-01,144,7,8,5,10,11,5,8.667,6.833,7
2025-10-01,144,7,9,7,5,10,9,7.333,7.333,9
2025-11-01,144,7,10,7,7,5,7,6.333,7.5,8
2025-12-01,144,7,11,9,7,7,7,7.667,8.167,4
2023-02-01,145,7,1,7,7,6,8,6.667,8.167,2
2023-03-01,145,7,2,8,7,7,4,7.333,8.333,7
2023-04-01,145,7,3,2,8,7,12,5.667,6.833,8
2023-05-01,145,7,4,7,2,8,4,5.667,6.167,10
2023-06-01,145,7,5,8,7,2,4,5.667,6.5,9
2023-07-01,145,7,6,10,8,7,8,8.333,7.0,7
2023-08-01,145,7,7,9,10,8,7,9.0,7.333,6
2023-09-01,145,7,8,7,9,10,11,8.667,7.167,7
2023-10-01,145,7,9,6,7,9,11,7.333,7.833,12
2023-11-01,145,7,10,7,6,7,6,6.667,7.833,8
2023-12-01,145,7,11,12,7,6,7,8.333,8.5,5
2024-01-01,145,7,12,8,12,7,7,9.0,8.167,8
2024-02-01,145,7,1,5,8,12,8,8.333,7.5,14
2024-03-01,145,7,2,8,5,8,2,7.0,7.667,10
2024-04-01,145,7,3,14,8,5,7,9.0,9.0,4
2024-05-01,145,7,4,10,14,8,8,10.667,9.5,7
2024-06-01,145,7,5,4,10,14,10,9.333,8.167,6
2024-07-01,145,7,6,7,4,10,9,7.0,8.0,9
2024-08-01,145,7,7,6,7,4,7,5.667,8.167,5
2024-09-01,145,7,8,9,6,7,6,7.333,8.333,6
2024-10-01,145,7,9,5,9,6,7,6.667,6.833,8
2024-11-01,145,7,10,6,5,9,12,6.667,6.167,8
2024-12-01,145,7,11,8,6,5,8,6.333,6.833,5
2025-01-01,145,7,12,8,8,6,5,7.333,7.0,7
2025-02-01,145,7,1,5,8,8,8,7.0,6.833,5
2025-03-01,145,7,2,7,5,8,14,6.667,6.5,7
2025-04-01,145,7,3,5,7,5,10,5.667,6.5,12
2025-05-01,145,7,4,7,5,7,4,6.333,6.667,5
2025-06-01,145,7,5,12,7,5,7,8.0,7.333,9
2025-07-01,145,7,6,5,12,7,6,8.0,6.833,8
2025-08-01,145,7,7,9,5,12,9,8.667,7.5,6
2025-09-01,145,7,8,8,9,5,5,7.333,7.667,6
2025-10-01,145,7,9,6,8,9,6,7.667,7.833,8
2025-11-01,145,7,10,6,6,8,8,6.667,7.667,9
2025-12-01,145,7,11,8,6,6,8,6.667,7.0,6
2023-02-01,146,7,1,6,5,1,7,4.0,6.833,10
2023-03-01,146,7,2,10,6,5,6,7.0,7.0,3
2023-04-01,146,7,3,10,10,6,9,8.667,7.333,11
2023-05-01,146,7,4,3,10,10,5,7.667,5.833,9
2023-06-01,146,7,5,11,3,10,11,8.0,7.5,5
2023-07-01,146,7,6,9,11,3,8,7.667,8.167,6
2023-08-01,146,7,7,5,9,11,9,8.333,8.0,10
2023-09-01,146,7,8,6,5,9,8,6.667,7.333,9
2023-10-01,146,7,9,10,6,5,12,7.0,7.333,6
2023-11-01,146,7,10,9,10,6,1,8.333,8.333,7
2023-12-01,146,7,11,6,9,10,5,8.333,7.5,9
2024-01-01,146,7,12,7,6,9,6,7.333,7.167,4
2024-02-01,146,7,1,9,7,6,10,7.333,7.833,4
2024-03-01,146,7,2,4,9,7,10,6.667,7.5,6
2024-04-01,146,7,3,4,4,9,3,5.667,6.5,10
2024-05-01,146,7,4,6,4,4,11,4.667,6.0,13
2024-06-01,146,7,5,10,6,4,9,6.667,6.667,8
2024-07-01,146,7,6,13,10,6,5,9.667,7.667,9
2024-08-01,146,7,7,8,13,10,6,10.333,7.5,3
2024-09-01,146,7,8,9,8,13,10,10.0,8.333,5
2024-10-01,146,7,9,3,9,8,9,6.667,8.167,7
2024-11-01,146,7,10,5,3,9,6,5.667,8.0,3
2024-12-01,146,7,11,7,5,3,7,5.0,7.5,8
2025-01-01,146,7,12,3,7,5,9,5.0,5.833,6
2025-02-01,146,7,1,8,3,7,4,6.0,5.833,5
2025-03-01,146,7,2,6,8,3,4,5.667,5.333,7
2025-04-01,146,7,3,5,6,8,6,6.333,5.667,7
2025-05-01,146,7,4,7,5,6,10,6.0,6.0,10
2025-06-01,146,7,5,7,7,5,13,6.333,6.0,9
2025-07-01,146,7,6,10,7,7,8,8.0,7.167,9
2025-08-01,146,7,7,9,10,7,9,8.667,7.333,6
2025-09-01,146,7,8,9,9,10,3,9.333,7.833,7
2025-10-01,146,7,9,6,9,9,5,8.0,8.0,4
2025-11-01,146,7,10,7,6,9,7,7.333,8.0,7
2025-12-01,146,7,11,4,7,6,3,5.667,7.5,1
2023-02-01,147,7,1,3,3,7,12,4.333,5.333,9
2023-03-01,147,7,2,6,3,3,8,4.0,5.167,9
2023-04-01,147,7,3,9,6,3,3,6.0,5.667,12
2023-05-01,147,7,4,9,9,6,8,8.0,6.167,8
2023-06-01,147,7,5,12,9,9,4,10.0,7.0,7
2023-07-01,147,7,6,8,12,9,4,9.667,7.833,8
2023-08-01,147,7,7,7,8,12,7,9.0,8.5,5
2023-09-01,147,7,8,8,7,8,6,7.667,8.833,6
2023-10-01,147,7,9,5,8,7,6,6.667,8.167,9
2023-11-01,147,7,10,6,5,8,7,6.333,7.667,7
2023-12-01,147,7,11,9,6,5,3,6.667,7.167,3
2024-01-01,147,7,12,7,9,6,3,7.333,7.0,4
2024-02-01,147,7,1,3,7,9,6,6.333,6.333,11
2024-03-01,147,7,2,4,3,7,9,4.667,5.667,11
2024-04-01,147,7,3,11,4,3,9,6.0,6.667,13
2024-05-01,147,7,4,11,11,4,12,8.667,7.5,9
2024-06-01,147,7,5,13,11,11,8,11.667,8.167,11
2024-07-01,147,7,6,9,13,11,7,11.0,8.5,9
2024-08-01,147,7,7,11,9,13,8,11.0,9.833,6
2024-09-01,147,7,8,9,11,9,5,9.667,10.667,8
2024-10-01,147,7,9,6,9,11,6,8.667,9.833,10
2024-11-01,147,7,10,8,6,9,9,7.667,9.333,10
2024-12-01,147,7,11,10,8,6,7,8.0,8.833,13
2025-01-01,147,7,12,10,10,8,3,9.333,9.0,3
2025-02-01,147,7,1,13,10,10,4,11.0,9.333,2
2025-03-01,147,7,2,3,13,10,11,8.667,8.333,8
2025-04-01,147,7,3,2,3,13,11,6.0,7.667,12
2025-05-01,147,7,4,8,2,3,13,4.333,7.667,4
2025-06-01,147,7,5,12,8,2,9,7.333,8.0,10
2025-07-01,147,7,6,4,12,8,11,8.0,7.0,4
2025-08-01,147,7,7,10,4,12,9,8.667,6.5,5
2025-09-01,147,7,8,4,10,4,6,6.0,6.667,8
2025-10-01,147,7,9,5,4,10,8,6.333,7.167,5
2025-11-01,147,7,10,8,5,4,10,5.667,7.167,8
2025-12-01,147,7,11,5,8,5,10,6.0,6.0,3
2023-02-01,148,7,1,7,4,9,7,6.667,6.167,5
2023-03-01,148,7,2,7,7,4,2,6.0,6.167,8
2023-04-01,148,7,3,5,7,7,9,6.333,6.5,1
2023-05-01,148,7,4,8,5,7,9,6.667,6.667,14
2023-06-01,148,7,5,1,8,5,9,4.667,5.333,10
2023-07-01,148,7,6,14,1,8,6,7.667,7.0,8
2023-08-01,148,7,7,10,14,1,7,8.333,7.5,4
2023-09-01,148,7,8,8,10,14,3,10.667,7.667,3
2023-10-01,148,7,9,4,8,10,7,7.333,7.5,6
2023-11-01,148,7,10,3,4,8,9,5.0,6.667,5
2023-12-01,148,7,11,6,3,4,4,4.333,7.5,3
2024-01-01,148,7,12,5,6,3,7,4.667,6.0,4
2024-02-01,148,7,1,3,5,6,7,4.667,4.833,5
2024-03-01,148,7,2,4,3,5,5,4.0,4.167,9
2024-04-01,148,7,3,5,4,3,8,4.0,4.333,6
2024-05-01,148,7,4,9,5,4,1,6.0,5.333,4
2024-06-01,148,7,5,6,9,5,14,6.667,5.333,8
2024-07-01,148,7,6,4,6,9,10,6.333,5.167,4
2024-08-01,148,7,7,8,4,6,8,6.0,6.0,12
2024-09-01,148,7,8,4,8,4,4,5.333,6.0,4
2024-10-01,148,7,9,12,4,8,3,8.0,7.167,8
2024-11-01,148,7,10,4,12,4,6,6.667,6.333,6
2024-12-01,148,7,11,8,4,12,5,8.0,6.667,7
2025-01-01,148,7,12,6,8,4,3,6.0,7.0,5
2025-02-01,148,7,1,7,6,8,4,7.0,6.833,6
2025-03-01,148,7,2,5,7,6,5,6.0,7.0,6
2025-04-01,148,7,3,6,5,7,9,6.0,6.0,4
2025-05-01,148,7,4,6,6,5,6,5.667,6.333,12
2025-06-01,148,7,5,4,6,6,4,5.333,5.667,2
2025-07-01,148,7,6,12,4,6,8,7.333,6.667,3
2025-08-01,148,7,7,2,12,4,4,6.0,5.833,6
2025-09-01,148,7,8,3,2,12,12,5.667,5.5,11
2025-10-01,148,7,9,6,3,2,4,3.667,5.5,4
2025-11-01,148,7,10,11,6,3,8,6.667,6.333,5
2025-12-01,148,7,11,4,11,6,6,7.0,6.333,3
2023-02-01,149,8,1,12,7,6,9,8.333,7.167,7
2023-03-01,149,8,2,6,12,7,5,8.333,6.833,13
2023-04-01,149,8,3,7,6,12,7,8.333,7.5,6
2023-05-01,149,8,4,13,7,6,6,8.667,8.5,6
2023-06-01,149,8,5,6,13,7,6,8.667,8.5,5
2023-07-01,149,8,6,6,6,13,7,8.333,8.333,7
2023-08-01,149,8,7,5,6,6,8,5.667,7.167,9
2023-09-01,149,8,8,7,5,6,3,6.0,7.333,0
2023-10-01,149,8,9,9,7,5,7,7.0,7.667,7
2023-11-01,149,8,10,0,9,7,6,5.333,5.5,7
2023-12-01,149,8,11,7,0,9,7,5.333,5.667,5
2024-01-01,149,8,12,7,7,0,12,4.667,5.833,9
2024-02-01,149,8,1,5,7,7,6,6.333,5.833,4
2024-03-01,149,8,2,9,5,7,7,7.0,6.167,8
2024-04-01,149,8,3,4,9,5,13,6.0,5.333,6
2024-05-01,149,8,4,8,4,9,6,7.0,6.667,5
2024-06-01,149,8,5,6,8,4,6,6.0,6.5,4
2024-07-01,149,8,6,5,6,8,5,6.333,6.167,8
2024-08-01,149,8,7,4,5,6,7,5.0,6.0,8
2024-09-01,149,8,8,8,4,5,9,5.667,5.833,7
2024-10-01,149,8,9,8,8,4,0,6.667,6.5,9
2024-11-01,149,8,10,7,8,8,7,7.667,6.333,6
2024-12-01,149,8,11,9,7,8,7,8.0,6.833,11
2025-01-01,149,8,12,6,9,7,5,7.333,7.0,7
2025-02-01,149,8,1,11,6,9,9,8.667,8.167,11
2025-03-01,149,8,2,7,11,6,4,8.0,8.0,5
2025-04-01,149,8,3,11,7,11,8,9.667,8.5,6
2025-05-01,149,8,4,5,11,7,6,7.667,8.167,9
2025-06-01,149,8,5,6,5,11,5,7.333,7.667,9
2025-07-01,149,8,6,9,6,5,4,6.667,8.167,9
2025-08-01,149,8,7,9,9,6,8,8.0,7.833,7
2025-09-01,149,8,8,9,9,9,8,9.0,8.167,4
2025-10-01,149,8,9,7,9,9,7,8.333,7.5,4
2025-11-01,149,8,10,4,7,9,9,6.667,7.333,12
2025-12-01,149,8,11,4,4,7,6,5.0,7.0,6
2023-02-01,150,8,1,8,2,4,7,4.667,4.833,3
2023-03-01,150,8,2,9,8,2,4,6.333,5.333,7
2023-04-01,150,8,3,3,9,8,10,6.667,5.333,4
2023-05-01,150,8,4,7,3,9,9,6.333,5.5,6
2023-06-01,150,8,5,4,7,3,11,4.667,5.5,11
2023-07-01,150,8,6,6,4,7,9,5.667,6.167,8
2023-08-01,150,8,7,11,6,4,6,7.0,6.667,3
2023-09-01,150,8,8,8,11,6,3,8.333,6.5,10
2023-10-01,150,8,9,3,8,11,6,7.333,6.5,8
2023-11-01,150,8,10,10,3,8,4,7.0,7.0,10
2023-12-01,150,8,11,8,10,3,2,7.0,7.667,9
2024-01-01,150,8,12,10,8,10,8,9.333,8.333,8
2024-02-01,150,8,1,9,10,8,9,9.0,8.0,5
2024-03-01,150,8,2,8,9,10,3,9.0,8.0,2
2024-04-01,150,8,3,5,8,9,7,7.333,8.333,11
2024-05-01,150,8,4,2,5,8,4,5.0,7.0,9
2024-06-01,150,8,5,11,2,5,6,6.0,7.5,4
2024-07-01,150,8,6,9,11,2,11,7.333,7.333,8
2024-08-01,150,8,7,4,9,11,8,8.0,6.5,14
2024-09-01,150,8,8,8,4,9,3,7.0,6.5,7
2024-10-01,150,8,9,14,8,4,10,8.667,8.0,7
2024-11-01,150,8,10,7,14,8,8,9.667,8.833,9
2024-12-01,150,8,11,7,7,14,10,9.333,8.167,5
2025-01-01,150,8,12,9,7,7,9,7.667,8.167,8
2025-02-01,150,8,1,5,9,7,8,7.0,8.333,11
2025-03-01,150,8,2,8,5,9,5,7.333,8.333,2
2025-04-01,150,8,3,11,8,5,2,8.0,7.833,8
2025-05-01,150,8,4,2,11,8,11,7.0,7.0,11
2025-06-01,150,8,5,8,2,11,9,7.0,7.167,11
2025-07-01,150,8,6,11,8,2,4,7.0,7.5,11
2025-08-01,150,8,7,11,11,8,8,10.0,8.5,10
2025-09-01,150,8,8,11,11,11,14,11.0,9.0,4
2025-10-01,150,8,9,10,11,11,7,10.667,8.833,6
2025-11-01,150,8,10,4,10,11,7,8.333,9.167,7
2025-12-01,150,8,11,6,4,10,9,6.667,8.833,10
2023-02-01,151,8,1,7,7,3,9,5.667,6.167,1
2023-03-01,151,8,2,11,7,7,7,8.333,7.167,3
2023-04-01,151,8,3,1,11,7,7,6.333,6.167,5
2023-05-01,151,8,4,3,1,11,5,5.0,5.333,9
2023-06-01,151,8,5,5,3,1,4,3.0,5.667,13
2023-07-01,151,8,6,9,5,3,5,5.667,6.0,10
2023-08-01,151,8,7,13,9,5,5,9.0,7.0,3
2023-09-01,151,8,8,10,13,9,7,10.667,6.833,3
2023-10-01,151,8,9,3,10,13,8,8.667,7.167,11
2023-11-01,151,8,10,3,3,10,3,5.333,7.167,5
2023-12-01,151,8,11,11,3,3,7,5.667,8.167,5
2024-01-01,151,8,12,5,11,3,7,6.333,7.5,8
2024-02-01,151,8,1,5,5,11,11,7.0,6.167,10
2024-03-01,151,8,2,8,5,5,1,6.0,5.833,7
2024-04-01,151,8,3,10,8,5,3,7.667,7.0,5
2024-05-01,151,8,4,7,10,8,5,8.333,7.667,3
2024-06-01,151,8,5,5,7,10,9,7.333,6.667,5
2024-07-01,151,8,6,3,5,7,13,5.0,6.333,5
2024-08-01,151,8,7,5,3,5,10,4.333,6.333,7
2024-09-01,151,8,8,5,5,3,3,4.333,5.833,6
2024-10-01,151,8,9,7,5,5,3,5.667,5.333,9
2024-11-01,151,8,10,6,7,5,11,6.0,5.167,6
2024-12-01,151,8,11,9,6,7,5,7.333,5.833,2
2025-01-01,151,8,12,6,9,6,5,7.0,6.333,7
2025-02-01,151,8,1,2,6,9,8,5.667,5.833,10
2025-03-01,151,8,2,7,2,6,10,5.0,6.167,7
2025-04-01,151,8,3,10,7,2,7,6.333,6.667,6
2025-05-01,151,8,4,7,10,7,5,8.0,6.833,4
2025-06-01,151,8,5,6,7,10,3,7.667,6.333,7
2025-07-01,151,8,6,4,6,7,5,5.667,6.0,4
2025-08-01,151,8,7,7,4,6,5,5.667,6.833,7
2025-09-01,151,8,8,4,7,4,7,5.0,6.333,10
2025-10-01,151,8,9,7,4,7,6,6.0,5.833,3
2025-11-01,151,8,10,10,7,4,9,7.0,6.333,8
2025-12-01,151,8,11,3,10,7,6,6.667,5.833,3
2023-02-01,152,8,1,2,6,9,7,5.667,6.5,8
2023-03-01,152,8,2,7,2,6,2,5.0,5.833,7
2023-04-01,152,8,3,8,7,2,5,5.667,6.0,7
2023-05-01,152,8,4,7,8,7,9,7.333,6.5,5
2023-06-01,152,8,5,7,7,8,3,7.333,6.167,2
2023-07-01,152,8,6,5,7,7,12,6.333,6.0,5
2023-08-01,152,8,7,2,5,7,11,4.667,6.0,7
2023-09-01,152,8,8,5,2,5,7,4.0,5.667,5
2023-10-01,152,8,9,7,5,2,4,4.667,5.5,8
2023-11-01,152,8,10,5,7,5,9,5.667,5.167,4
2023-12-01,152,8,11,8,5,7,6,6.667,5.333,7
2024-01-01,152,8,12,4,8,5,2,5.667,5.167,7
2024-02-01,152,8,1,7,4,8,7,6.333,6.0,6
2024-03-01,152,8,2,7,7,4,8,6.0,6.333,4
2024-04-01,152,8,3,6,7,7,7,6.667,6.167,5
2024-05-01,152,8,4,4,6,7,7,5.667,6.0,3
2024-06-01,152,8,5,5,4,6,5,5.0,5.5,6
2024-07-01,152,8,6,3,5,4,2,4.0,5.333,6
2024-08-01,152,8,7,6,3,5,5,4.667,5.167,6
2024-09-01,152,8,8,6,6,3,7,5.0,5.0,5
2024-10-01,152,8,9,6,6,6,5,6.0,5.0,15
2024-11-01,152,8,10,5,6,6,8,5.667,5.167,10
2024-12-01,152,8,11,15,5,6,4,8.667,6.833,7
2025-01-01,152,8,12,10,15,5,7,10.0,8.0,8
2025-02-01,152,8,1,7,10,15,7,10.667,8.167,3
2025-03-01,152,8,2,8,7,10,6,8.333,8.5,8
2025-04-01,152,8,3,3,8,7,4,6.0,8.0,5
2025-05-01,152,8,4,8,3,8,5,6.333,8.5,11
2025-06-01,152,8,5,5,8,3,3,5.333,6.833,3
2025-07-01,152,8,6,11,5,8,6,8.0,7.0,6
2025-08-01,152,8,7,3,11,5,6,6.333,6.333,6
2025-09-01,152,8,8,6,3,11,6,6.667,6.0,6
2025-10-01,152,8,9,6,6,3,5,5.0,6.5,6
2025-11-01,152,8,10,6,6,6,15,6.0,6.167,7
2025-12-01,152,8,11,6,6,6,10,6.0,6.333,5
2023-02-01,153,8,1,3,6,9,6,6.0,6.333,5
2023-03-01,153,8,2,4,3,6,6,4.333,5.5,9
2023-04-01,153,8,3,5,4,3,5,4.0,5.333,6
2023-05-01,153,8,4,9,5,4,9,6.0,6.0,6
2023-06-01,153,8,5,6,9,5,6,6.667,5.5,5
2023-07-01,153,8,6,6,6,9,7,7.0,5.5,8
2023-08-01,153,8,7,5,6,6,9,5.667,5.833,9
2023-09-01,153,8,8,8,5,6,6,6.333,6.5,6
2023-10-01,153,8,9,9,8,5,5,7.333,7.167,8
2023-11-01,153,8,10,6,9,8,9,7.667,6.667,7
2023-12-01,153,8,11,8,6,9,6,7.667,7.0,6
2024-01-01,153,8,12,7,8,6,3,7.0,7.167,5
2024-02-01,153,8,1,6,7,8,4,7.0,7.333,5
2024-03-01,153,8,2,5,6,7,5,6.0,6.833,6
2024-04-01,153,8,3,5,5,6,9,5.333,6.167,4
2024-05-01,153,8,4,6,5,5,6,5.333,6.167,8
2024-06-01,153,8,5,4,6,5,6,5.0,5.5,9
2024-07-01,153,8,6,8,4,6,5,6.0,5.667,8
2024-08-01,153,8,7,9,8,4,8,7.0,6.167,6
2024-09-01,153,8,8,8,9,8,9,8.333,6.667,20
2024-10-01,153,8,9,6,8,9,6,7.667,6.833,5
2024-11-01,153,8,10,20,6,8,8,11.333,9.167,9
2024-12-01,153,8,11,5,20,6,7,10.333,9.333,10
2025-01-01,153,8,12,9,5,20,6,11.333,9.5,4
2025-02-01,153,8,1,10,9,5,5,8.0,9.667,3
2025-03-01,153,8,2,4,10,9,5,7.667,9.0,10
2025-04-01,153,8,3,3,4,10,6,5.667,8.5,5
2025-05-01,153,8,4,10,3,4,4,5.667,6.833,10
2025-06-01,153,8,5,5,10,3,8,6.0,6.833,5
2025-07-01,153,8,6,10,5,10,9,8.333,7.0,1
2025-08-01,153,8,7,5,10,5,8,6.667,6.167,9
2025-09-01,153,8,8,1,5,10,6,5.333,5.667,7
2025-10-01,153,8,9,9,1,5,20,5.0,6.667,5
2025-11-01,153,8,10,7,9,1,5,5.667,6.167,7
2025-12-01,153,8,11,5,7,9,9,7.0,6.167,8
2023-02-01,154,8,1,6,4,7,1,5.667,5.667,12
2023-03-01,154,8,2,8,6,4,10,6.0,5.667,2
2023-04-01,154,8,3,12,8,6,7,8.667,7.0,11
2023-05-01,154,8,4,2,12,8,6,7.333,6.5,3
2023-06-01,154,8,5,11,2,12,9,8.333,7.167,6
2023-07-01,154,8,6,3,11,2,7,5.333,7.0,10
2023-08-01,154,8,7,6,3,11,8,6.667,7.0,8
2023-09-01,154,8,8,10,6,3,4,6.333,7.333,4
2023-10-01,154,8,9,8,10,6,5,8.0,6.667,7
2023-11-01,154,8,10,4,8,10,7,7.333,7.0,3
2023-12-01,154,8,11,7,4,8,4,6.333,6.333,4
2024-01-01,154,8,12,3,7,4,6,4.667,6.333,3
2024-02-01,154,8,1,4,3,7,8,4.667,6.0,5
2024-03-01,154,8,2,3,4,3,12,3.333,4.833,5
2024-04-01,154,8,3,5,3,4,2,4.0,4.333,6
2024-05-01,154,8,4,5,5,3,11,4.333,4.5,10
2024-06-01,154,8,5,6,5,5,3,5.333,4.333,10
2024-07-01,154,8,6,10,6,5,6,7.0,5.5,3
2024-08-01,154,8,7,10,10,6,10,8.667,6.5,8
2024-09-01,154,8,8,3,10,10,8,7.667,6.5,1
2024-10-01,154,8,9,8,3,10,4,7.0,7.0,9
2024-11-01,154,8,10,1,8,3,7,4.0,6.333,6
2024-12-01,154,8,11,9,1,8,3,6.0,6.833,1
2025-01-01,154,8,12,6,9,1,4,5.333,6.167,6
2025-02-01,154,8,1,1,6,9,3,5.333,4.667,4
2025-03-01,154,8,2,6,1,6,5,4.333,5.167,7
2025-04-01,154,8,3,4,6,1,5,3.667,4.5,5
2025-05-01,154,8,4,7,4,6,6,5.667,5.5,9
2025-06-01,154,8,5,5,7,4,10,5.333,4.833,3
2025-07-01,154,8,6,9,5,7,10,7.0,5.333,5
2025-08-01,154,8,7,3,9,5,3,5.667,5.667,6
2025-09-01,154,8,8,5,3,9,8,5.667,5.5,9
2025-10-01,154,8,9,6,5,3,1,4.667,5.833,7
2025-11-01,154,8,10,9,6,5,9,6.667,6.167,7
2025-12-01,154,8,11,7,9,6,6,7.333,6.5,5
2023-02-01,155,8,1,7,6,7,13,6.667,8.167,8
2023-03-01,155,8,2,5,7,6,9,6.0,7.0,10
2023-04-01,155,8,3,8,5,7,9,6.667,7.167,7
2023-05-01,155,8,4,10,8,5,8,7.667,7.167,10
2023-06-01,155,8,5,7,10,8,8,8.333,7.167,10
2023-07-01,155,8,6,10,7,10,9,9.0,7.833,8
2023-08-01,155,8,7,10,10,7,12,9.0,8.333,10
2023-09-01,155,8,8,8,10,10,7,9.333,8.833,6
2023-10-01,155,8,9,10,8,10,10,9.333,9.167,8
2023-11-01,155,8,10,6,10,8,7,8.0,8.5,3
2023-12-01,155,8,11,8,6,10,6,8.0,8.667,9
2024-01-01,155,8,12,3,8,6,7,5.667,7.5,8
2024-02-01,155,8,1,9,3,8,5,6.667,7.333,7
2024-03-01,155,8,2,8,9,3,8,6.667,7.333,6
2024-04-01,155,8,3,7,8,9,10,8.0,6.833,4
2024-05-01,155,8,4,6,7,8,7,7.0,6.833,12
2024-06-01,155,8,5,4,6,7,10,5.667,6.167,11
2024-07-01,155,8,6,12,4,6,10,7.333,7.667,5
2024-08-01,155,8,7,11,12,4,8,9.0,8.0,11
2024-09-01,155,8,8,5,11,12,10,9.333,7.5,10
2024-10-01,155,8,9,11,5,11,6,9.0,8.167,7
2024-11-01,155,8,10,10,11,5,8,8.667,8.833,7
2024-12-01,155,8,11,7,10,11,3,9.333,9.333,7
2025-01-01,155,8,12,7,7,10,9,8.0,8.5,7
2025-02-01,155,8,1,7,7,7,8,7.0,7.833,5
2025-03-01,155,8,2,7,7,7,7,7.0,8.167,5
2025-04-01,155,8,3,5,7,7,6,6.333,7.167,9
2025-05-01,155,8,4,5,5,7,4,5.667,6.333,6
2025-06-01,155,8,5,9,5,5,12,6.333,6.667,5
2025-07-01,155,8,6,6,9,5,11,6.667,6.5,10
2025-08-01,155,8,7,5,6,9,5,6.667,6.167,9
2025-09-01,155,8,8,10,5,6,11,7.0,6.667,5
2025-10-01,155,8,9,9,10,5,10,8.0,7.333,8
2025-11-01,155,8,10,5,9,10,7,8.0,7.333,5
2025-12-01,155,8,11,8,5,9,7,7.333,7.167,12
2023-02-01,156,8,1,6,4,7,8,5.667,6.667,6
2023-03-01,156,8,2,6,6,4,7,5.333,6.5,6
2023-04-01,156,8,3,6,6,6,9,6.0,5.833,10
2023-05-01,156,8,4,6,6,6,5,6.0,5.833,9
2023-06-01,156,8,5,10,6,6,6,7.333,6.333,9
2023-07-01,156,8,6,9,10,6,11,8.333,7.167,3
2023-08-01,156,8,7,9,9,10,7,9.333,7.667,9
2023-09-01,156,8,8,3,9,9,10,7.0,7.167,8
2023-10-01,156,8,9,9,3,9,6,7.0,7.667,9
2023-11-01,156,8,10,8,9,3,7,6.667,8.0,5
2023-12-01,156,8,11,9,8,9,4,8.667,7.833,12
2024-01-01,156,8,12,5,9,8,6,7.333,7.167,7
2024-02-01,156,8,1,12,5,9,6,8.667,7.667,4
2024-03-01,156,8,2,7,12,5,6,8.0,8.333,6
2024-04-01,156,8,3,4,7,12,6,7.667,7.5,8
2024-05-01,156,8,4,6,4,7,10,5.667,7.167,5
2024-06-01,156,8,5,8,6,4,9,6.0,7.0,6
2024-07-01,156,8,6,5,8,6,9,6.333,7.0,11
2024-08-01,156,8,7,6,5,8,3,6.333,6.0,6
2024-09-01,156,8,8,11,6,5,9,7.333,6.667,7
2024-10-01,156,8,9,6,11,6,8,7.667,7.0,13
2024-11-01,156,8,10,7,6,11,9,8.0,7.167,10
2024-12-01,156,8,11,13,7,6,5,8.667,8.0,8
2025-01-01,156,8,12,10,13,7,12,10.0,8.833,9
2025-02-01,156,8,1,8,10,13,7,10.333,9.167,6
2025-03-01,156,8,2,9,8,10,4,9.0,8.833,9
2025-04-01,156,8,3,6,9,8,6,7.667,8.833,10
2025-05-01,156,8,4,9,6,9,8,8.0,9.167,7
2025-06-01,156,8,5,10,9,6,5,8.333,8.667,7
2025-07-01,156,8,6,7,10,9,6,8.667,8.167,5
2025-08-01,156,8,7,7,7,10,11,8.0,8.0,9
2025-09-01,156,8,8,5,7,7,6,6.333,7.333,6
2025-10-01,156,8,9,9,5,7,7,7.0,7.833,9
2025-11-01,156,8,10,6,9,5,13,6.667,7.333,6
2025-12-01,156,8,11,9,6,9,10,8.0,7.167,10
2023-02-01,157,9,1,5,5,3,6,4.333,5.833,2
2023-03-01,157,9,2,6,5,5,13,5.333,6.167,4
2023-04-01,157,9,3,2,6,5,10,4.333,4.167,7
2023-05-01,157,9,4,4,2,6,5,4.0,4.167,5
2023-06-01,157,9,5,7,4,2,5,4.333,4.833,4
2023-07-01,157,9,6,5,7,4,5,5.333,4.833,6
2023-08-01,157,9,7,4,5,7,4,5.333,4.667,6
2023-09-01,157,9,8,6,4,5,14,5.0,4.667,8
2023-10-01,157,9,9,6,6,4,4,5.333,5.333,13
2023-11-01,157,9,10,8,6,6,3,6.667,6.0,9
2023-12-01,157,9,11,13,8,6,5,9.0,7.0,6
2024-01-01,157,9,12,9,13,8,5,10.0,7.667,12
2024-02-01,157,9,1,6,9,13,6,9.333,8.0,4
2024-03-01,157,9,2,12,6,9,2,9.0,9.0,10
2024-04-01,157,9,3,4,12,6,4,7.333,8.667,7
2024-05-01,157,9,4,10,4,12,7,8.667,9.0,8
2024-06-01,157,9,5,7,10,4,5,7.0,8.0,7
2024-07-01,157,9,6,8,7,10,4,8.333,7.833,8
2024-08-01,157,9,7,7,8,7,6,7.333,8.0,4
2024-09-01,157,9,8,8,7,8,6,7.667,7.333,4
2024-10-01,157,9,9,4,8,7,8,6.333,7.333,7
2024-11-01,157,9,10,4,4,8,13,5.333,6.333,10
2024-12-01,157,9,11,7,4,4,9,5.0,6.333,7
2025-01-01,157,9,12,10,7,4,6,7.0,6.667,8
2025-02-01,157,9,1,7,10,7,12,8.0,6.667,4
2025-03-01,157,9,2,8,7,10,4,8.333,6.667,12
2025-04-01,157,9,3,4,8,7,10,6.333,6.667,9
2025-05-01,157,9,4,12,4,8,7,8.0,8.0,5
2025-06-01,157,9,5,9,12,4,8,8.333,8.333,3
2025-07-01,157,9,6,5,9,12,7,8.667,7.5,10
2025-08-01,157,9,7,3,5,9,8,5.667,6.833,12
2025-09-01,157,9,8,10,3,5,4,6.0,7.167,12
2025-10-01,157,9,9,12,10,3,4,8.333,8.5,1
2025-11-01,157,9,10,12,12,10,7,11.333,8.5,7
2025-12-01,157,9,11,1,12,12,10,8.333,7.167,6
2023-02-01,158,9,1,7,5,10,11,7.333,6.667,4
2023-03-01,158,9,2,8,7,5,5,6.667,7.5,5
2023-04-01,158,9,3,4,8,7,7,6.333,7.0,4
2023-05-01,158,9,4,5,4,8,10,5.667,6.5,7
2023-06-01,158,9,5,4,5,4,5,4.333,5.5,7
2023-07-01,158,9,6,7,4,5,9,5.333,5.833,3
2023-08-01,158,9,7,7,7,4,3,6.0,5.833,5
2023-09-01,158,9,8,3,7,7,7,5.667,5.0,6
2023-10-01,158,9,9,5,3,7,8,5.0,5.167,6
2023-11-01,158,9,10,6,5,3,10,4.667,5.333,4
2023-12-01,158,9,11,6,6,5,5,5.667,5.667,8
2024-01-01,158,9,12,4,6,6,7,5.333,5.167,8
2024-02-01,158,9,1,8,4,6,8,6.0,5.333,6
2024-03-01,158,9,2,8,8,4,4,6.667,6.167,8
2024-04-01,158,9,3,6,8,8,5,7.333,6.333,10
2024-05-01,158,9,4,8,6,8,4,7.333,6.667,5
2024-06-01,158,9,5,10,8,6,7,8.0,7.333,8
2024-07-01,158,9,6,5,10,8,7,7.667,7.5,8
2024-08-01,158,9,7,8,5,10,3,7.667,7.5,8
2024-09-01,158,9,8,8,8,5,5,7.0,7.5,5
2024-10-01,158,9,9,8,8,8,6,8.0,7.833,7
2024-11-01,158,9,10,5,8,8,6,7.0,7.333,5
2024-12-01,158,9,11,7,5,8,4,6.667,6.833,5
2025-01-01,158,9,12,5,7,5,8,5.667,6.833,5
2025-02-01,158,9,1,5,5,7,8,5.667,6.333,4
2025-03-01,158,9,2,5,5,5,6,5.0,5.833,5
2025-04-01,158,9,3,4,5,5,8,4.667,5.167,6
2025-05-01,158,9,4,5,4,5,10,4.667,5.167,7
2025-06-01,158,9,5,6,5,4,5,5.0,5.0,11
2025-07-01,158,9,6,7,6,5,8,6.0,5.333,7
2025-08-01,158,9,7,11,7,6,8,8.0,6.333,10
2025-09-01,158,9,8,7,11,7,8,8.333,6.667,6
2025-10-01,158,9,9,10,7,11,5,9.333,7.667,11
2025-11-01,158,9,10,6,10,7,7,7.667,7.833,4
2025-12-01,158,9,11,11,6,10,5,9.0,8.667,9
2023-02-01,159,9,1,6,6,6,6,6.0,6.333,9
2023-03-01,159,9,2,12,6,6,6,8.0,7.333,6
2023-04-01,159,9,3,9,12,6,8,9.0,7.333,4
2023-05-01,159,9,4,6,9,12,8,9.0,7.5,7
2023-06-01,159,9,5,4,6,9,3,6.333,7.167,5
2023-07-01,159,9,6,7,4,6,4,5.667,7.333,5
2023-08-01,159,9,7,5,7,4,6,5.333,7.167,7
2023-09-01,159,9,8,5,5,7,9,5.667,6.0,4
2023-10-01,159,9,9,7,5,5,5,5.667,5.667,12
2023-11-01,159,9,10,4,7,5,6,5.333,5.333,7
2023-12-01,159,9,11,12,4,7,6,7.667,6.667,7
2024-01-01,159,9,12,7,12,4,6,7.667,6.667,5
2024-02-01,159,9,1,7,7,12,12,8.667,7.0,8
2024-03-01,159,9,2,5,7,7,9,6.333,7.0,4
2024-04-01,159,9,3,8,5,7,6,6.667,7.167,12
2024-05-01,159,9,4,4,8,5,4,5.667,7.167,5
2024-06-01,159,9,5,12,4,8,7,8.0,7.167,3
2024-07-01,159,9,6,5,12,4,5,7.0,6.833,11
2024-08-01,159,9,7,3,5,12,5,6.667,6.167,7
2024-09-01,159,9,8,11,3,5,7,6.333,7.167,10
2024-10-01,159,9,9,7,11,3,4,7.0,7.0,3
2024-11-01,159,9,10,10,7,11,12,9.333,8.0,4
2024-12-01,159,9,11,3,10,7,7,6.667,6.5,8
2025-01-01,159,9,12,4,3,10,7,5.667,6.333,10
2025-02-01,159,9,1,8,4,3,5,5.0,7.167,7
2025-03-01,159,9,2,10,8,4,8,7.333,7.0,3
2025-04-01,159,9,3,7,10,8,4,8.333,7.0,6
2025-05-01,159,9,4,3,7,10,12,6.667,5.833,6
2025-06-01,159,9,5,6,3,7,5,5.333,6.333,6
2025-07-01,159,9,6,6,6,3,3,5.0,6.667,5
2025-08-01,159,9,7,6,6,6,11,6.0,6.333,8
2025-09-01,159,9,8,5,6,6,7,5.667,5.5,5
2025-10-01,159,9,9,8,5,6,10,6.333,5.667,5
2025-11-01,159,9,10,5,8,5,3,6.0,6.0,15
2025-12-01,159,9,11,5,5,8,4,6.0,5.833,8
2023-02-01,160,9,1,8,6,13,5,9.0,7.667,7
2023-03-01,160,9,2,6,8,6,8,6.667,7.833,5
2023-04-01,160,9,3,7,6,8,2,7.0,8.0,9
2023-05-01,160,9,4,5,7,6,1,6.0,7.5,7
2023-06-01,160,9,5,9,5,7,3,7.0,6.833,8
2023-07-01,160,9,6,7,9,5,9,7.0,7.0,5
2023-08-01,160,9,7,8,7,9,5,8.0,7.0,6
2023-09-01,160,9,8,5,8,7,6,6.667,6.833,2
2023-10-01,160,9,9,6,5,8,8,6.333,6.667,7
2023-11-01,160,9,10,2,6,5,13,4.333,6.167,10
2023-12-01,160,9,11,7,2,6,6,5.0,5.833,6
2024-01-01,160,9,12,10,7,2,8,6.333,6.333,2
2024-02-01,160,9,1,6,10,7,6,7.667,6.0,3
2024-03-01,160,9,2,2,6,10,7,6.0,5.5,7
2024-04-01,160,9,3,3,2,6,5,3.667,5.0,3
2024-05-01,160,9,4,7,3,2,9,4.0,5.833,12
2024-06-01,160,9,5,3,7,3,7,4.333,5.167,9
2024-07-01,160,9,6,12,3,7,8,7.333,5.5,3
2024-08-01,160,9,7,9,12,3,5,8.0,6.0,11
2024-09-01,160,9,8,3,9,12,6,8.0,6.167,9
2024-10-01,160,9,9,11,3,9,2,7.667,7.5,9
2024-11-01,160,9,10,9,11,3,7,7.667,7.833,7
2024-12-01,160,9,11,9,9,11,10,9.667,8.833,12
2025-01-01,160,9,12,7,9,9,6,8.333,8.0,8
2025-02-01,160,9,1,12,7,9,2,9.333,8.5,6
2025-03-01,160,9,2,8,12,7,3,9.0,9.333,2
2025-04-01,160,9,3,6,8,12,7,8.667,8.5,3
2025-05-01,160,9,4,2,6,8,3,5.333,7.333,8
2025-06-01,160,9,5,3,2,6,12,3.667,6.333,4
2025-07-01,160,9,6,8,3,2,9,4.333,6.5,5
2025-08-01,160,9,7,4,8,3,3,5.0,5.167,10
2025-09-01,160,9,8,5,4,8,11,5.667,4.667,7
2025-10-01,160,9,9,10,5,4,9,6.333,5.333,8
2025-11-01,160,9,10,7,10,5,9,7.333,6.167,11
2025-12-01,160,9,11,8,7,10,7,8.333,7.0,12
2023-02-01,161,9,1,10,12,10,5,10.667,9.333,12
2023-03-01,161,9,2,7,10,12,8,9.667,9.167,4
2023-04-01,161,9,3,12,7,10,6,9.667,10.333,9
2023-05-01,161,9,4,4,12,7,7,7.667,9.167,5
2023-06-01,161,9,5,9,4,12,6,8.333,9.0,8
2023-07-01,161,9,6,5,9,4,8,6.0,7.833,9
2023-08-01,161,9,7,8,5,9,8,7.333,7.5,8
2023-09-01,161,9,8,9,8,5,5,7.333,7.833,8
2023-10-01,161,9,9,8,9,8,11,8.333,7.167,9
2023-11-01,161,9,10,8,8,9,10,8.333,7.833,12
2023-12-01,161,9,11,9,8,8,12,8.333,7.833,2
2024-01-01,161,9,12,12,9,8,10,9.667,9.0,4
2024-02-01,161,9,1,2,12,9,7,7.667,8.0,2
2024-03-01,161,9,2,4,2,12,12,6.0,7.167,8
2024-04-01,161,9,3,2,4,2,4,2.667,6.167,10
2024-05-01,161,9,4,8,2,4,9,4.667,6.167,8
2024-06-01,161,9,5,10,8,2,5,6.667,6.333,11
2024-07-01,161,9,6,8,10,8,8,8.667,5.667,3
2024-08-01,161,9,7,11,8,10,9,9.667,7.167,6
2024-09-01,161,9,8,3,11,8,8,7.333,7.0,7
2024-10-01,161,9,9,6,3,11,8,6.667,7.667,11
2024-11-01,161,9,10,7,6,3,9,5.333,7.5,3
2024-12-01,161,9,11,11,7,6,12,8.0,7.667,3
2025-01-01,161,9,12,3,11,7,2,7.0,6.833,9
2025-02-01,161,9,1,3,3,11,4,5.667,5.5,7
2025-03-01,161,9,2,9,3,3,2,5.0,6.5,9
2025-04-01,161,9,3,7,9,3,8,6.333,6.667,8
2025-05-01,161,9,4,9,7,9,10,8.333,7.0,7
2025-06-01,161,9,5,8,9,7,8,8.0,6.5,2
2025-07-01,161,9,6,7,8,9,11,8.0,7.167,4
2025-08-01,161,9,7,2,7,8,3,5.667,7.0,10
2025-09-01,161,9,8,4,2,7,6,4.333,6.167,6
2025-10-01,161,9,9,10,4,2,7,5.333,6.667,8
2025-11-01,161,9,10,6,10,4,11,6.667,6.167,9
2025-12-01,161,9,11,8,6,10,3,8.0,6.167,10
2023-02-01,162,9,1,9,9,10,4,9.333,9.0,4
2023-03-01,162,9,2,4,9,9,8,7.333,8.167,5
2023-04-01,162,9,3,4,4,9,6,5.667,7.833,6
2023-05-01,162,9,4,5,4,4,6,4.333,6.833,5
2023-06-01,162,9,5,6,5,4,4,5.0,6.167,3
2023-07-01,162,9,6,5,6,5,4,5.333,5.5,6
2023-08-01,162,9,7,3,5,6,9,4.667,4.5,9
2023-09-01,162,9,8,6,3,5,6,4.667,4.833,9
2023-10-01,162,9,9,9,6,3,11,6.0,5.667,4
2023-11-01,162,9,10,9,9,6,10,8.0,6.333,5
2023-12-01,162,9,11,4,9,9,9,7.333,6.0,14
2024-01-01,162,9,12,5,4,9,9,6.0,6.0,9
2024-02-01,162,9,1,14,5,4,4,7.667,7.833,7
2024-03-01,162,9,2,9,14,5,4,9.333,8.333,6
2024-04-01,162,9,3,7,9,14,5,10.0,8.0,4
2024-05-01,162,9,4,6,7,9,6,7.333,7.5,4
2024-06-01,162,9,5,4,6,7,5,5.667,7.5,11
2024-07-01,162,9,6,4,4,6,3,4.667,7.333,9
2024-08-01,162,9,7,11,4,4,6,6.333,6.833,7
2024-09-01,162,9,8,9,11,4,9,8.0,6.833,13
2024-10-01,162,9,9,7,9,11,9,9.0,6.833,6
2024-11-01,162,9,10,13,7,9,4,9.667,8.0,11
2024-12-01,162,9,11,6,13,7,5,8.667,8.333,3
2025-01-01,162,9,12,11,6,13,14,10.0,9.5,8
2025-02-01,162,9,1,3,11,6,9,6.667,8.167,3
2025-03-01,162,9,2,8,3,11,7,7.333,8.0,3
2025-04-01,162,9,3,3,8,3,6,4.667,7.333,7
2025-05-01,162,9,4,3,3,8,4,4.667,5.667,13
2025-06-01,162,9,5,7,3,3,4,4.333,5.833,7
2025-07-01,162,9,6,13,7,3,11,7.667,6.167,3
2025-08-01,162,9,7,7,13,7,9,9.0,6.833,6
2025-09-01,162,9,8,3,7,13,7,7.667,6.0,14
2025-10-01,162,9,9,6,3,7,13,5.333,6.5,6
2025-11-01,162,9,10,14,6,3,6,7.667,8.333,7
2025-12-01,162,9,11,6,14,6,11,8.667,8.167,7
2023-02-01,163,9,1,6,11,6,5,7.667,7.333,5
2023-03-01,163,9,2,11,6,11,6,9.333,8.167,8
2023-04-01,163,9,3,5,11,6,9,7.333,7.833,8
2023-05-01,163,9,4,8,5,11,10,8.0,7.833,11
2023-06-01,163,9,5,8,8,5,8,7.0,8.167,8
2023-07-01,163,9,6,11,8,8,9,9.0,8.167,4
2023-08-01,163,9,7,8,11,8,6,9.0,8.5,8
2023-09-01,163,9,8,4,8,11,7,7.667,7.333,4
2023-10-01,163,9,9,8,4,8,8,6.667,7.833,6
2023-11-01,163,9,10,4,8,4,6,5.333,7.167,7
2023-12-01,163,9,11,6,4,8,11,6.0,6.833,3
2024-01-01,163,9,12,7,6,4,6,5.667,6.167,7
2024-02-01,163,9,1,3,7,6,11,5.333,5.333,12
2024-03-01,163,9,2,7,3,7,5,5.667,5.833,7
2024-04-01,163,9,3,12,7,3,8,7.333,6.5,2
2024-05-01,163,9,4,7,12,7,8,8.667,7.0,5
2024-06-01,163,9,5,2,7,12,11,7.0,6.333,11
2024-07-01,163,9,6,5,2,7,8,4.667,6.0,9
2024-08-01,163,9,7,11,5,2,4,6.0,7.333,4
2024-09-01,163,9,8,9,11,5,8,8.333,7.667,8
2024-10-01,163,9,9,4,9,11,4,8.0,6.333,2
2024-11-01,163,9,10,8,4,9,6,7.0,6.5,8
2024-12-01,163,9,11,2,8,4,7,4.667,6.5,8
2025-01-01,163,9,12,8,2,8,3,6.0,7.0,2
2025-02-01,163,9,1,8,8,2,7,6.0,6.5,3
2025-03-01,163,9,2,2,8,8,12,6.0,5.333,3
2025-04-01,163,9,3,3,2,8,7,4.333,5.167,13
2025-05-01,163,9,4,3,3,2,2,2.667,4.333,9
2025-06-01,163,9,5,13,3,3,5,6.333,6.167,11
2025-07-01,163,9,6,9,13,3,11,8.333,6.333,5
2025-08-01,163,9,7,11,9,13,9,11.0,6.833,5
2025-09-01,163,9,8,5,11,9,4,8.333,7.333,6
2025-10-01,163,9,9,5,5,11,8,7.0,7.667,11
2025-11-01,163,9,10,6,5,5,2,5.333,8.167,7
2025-12-01,163,9,11,11,6,5,8,7.333,7.833,3
2023-02-01,164,9,1,6,1,4,4,3.667,5.167,6
2023-03-01,164,9,2,9,6,1,8,5.333,5.667,4
2023-04-01,164,9,3,6,9,6,6,7.0,5.0,2
2023-05-01,164,9,4,4,6,9,11,6.333,5.0,5
2023-06-01,164,9,5,2,4,6,4,4.0,4.667,7
2023-07-01,164,9,6,5,2,4,9,3.667,5.333,8
2023-08-01,164,9,7,7,5,2,6,4.667,5.5,11
2023-09-01,164,9,8,8,7,5,10,6.667,5.333,7
2023-10-01,164,9,9,11,8,7,4,8.667,6.167,4
2023-11-01,164,9,10,7,11,8,4,8.667,6.667,9
2023-12-01,164,9,11,4,7,11,1,7.333,7.0,5
2024-01-01,164,9,12,9,4,7,6,6.667,7.667,3
2024-02-01,164,9,1,5,9,4,9,6.0,7.333,7
2024-03-01,164,9,2,3,5,9,6,5.667,6.5,5
2024-04-01,164,9,3,7,3,5,4,5.0,5.833,9
2024-05-01,164,9,4,5,7,3,2,5.0,5.5,6
2024-06-01,164,9,5,9,5,7,5,7.0,6.333,9
2024-07-01,164,9,6,6,9,5,7,6.667,5.833,5
2024-08-01,164,9,7,9,6,9,8,8.0,6.5,7
2024-09-01,164,9,8,5,9,6,11,6.667,6.833,11
2024-10-01,164,9,9,7,5,9,7,7.0,6.833,10
2024-11-01,164,9,10,11,7,5,4,7.667,7.833,4
2024-12-01,164,9,11,10,11,7,9,9.333,8.0,5
2025-01-01,164,9,12,4,10,11,5,8.333,7.667,5
2025-02-01,164,9,1,5,4,10,3,6.333,7.0,3
2025-03-01,164,9,2,5,5,4,7,4.667,7.0,9
2025-04-01,164,9,3,3,5,5,5,4.333,6.333,7
2025-05-01,164,9,4,9,3,5,9,5.667,6.0,8
2025-06-01,164,9,5,7,9,3,6,6.333,5.5,8
2025-07-01,164,9,6,8,7,9,9,8.0,6.167,5
2025-08-01,164,9,7,8,8,7,5,7.667,6.667,6
2025-09-01,164,9,8,5,8,8,7,7.0,6.667,8
2025-10-01,164,9,9,6,5,8,11,6.333,7.167,10
2025-11-01,164,9,10,8,6,5,10,6.333,7.0,6
2025-12-01,164,9,11,10,8,6,4,8.0,7.5,4
