month_start,station_id,district_id,case_count,serious_case_count
2022-01-01,1,1,20,8
2022-02-01,1,1,12,6
2022-03-01,1,1,27,14
2022-04-01,1,1,29,9
2022-05-01,1,1,21,10
2022-06-01,1,1,21,5
2022-07-01,1,1,12,2
2022-08-01,1,1,14,5
2022-09-01,1,1,16,3
2022-10-01,1,1,26,11
2022-11-01,1,1,23,7
2022-12-01,1,1,28,14
2023-01-01,1,1,15,7
2023-02-01,1,1,19,10
2023-03-01,1,1,24,13
2023-04-01,1,1,18,8
2023-05-01,1,1,22,8
2023-06-01,1,1,17,7
2023-07-01,1,1,19,4
2023-08-01,1,1,20,8
2023-09-01,1,1,19,8
2023-10-01,1,1,14,6
2023-11-01,1,1,12,6
2023-12-01,1,1,18,5
2024-01-01,1,1,14,6
2024-02-01,1,1,15,5
2024-03-01,1,1,19,5
2024-04-01,1,1,16,4
2024-05-01,1,1,19,6
2024-06-01,1,1,17,7
2024-07-01,1,1,15,7
2024-08-01,1,1,19,9
2024-09-01,1,1,13,6
2024-10-01,1,1,26,10
2024-11-01,1,1,26,8
2024-12-01,1,1,16,7
2025-01-01,1,1,16,4
2025-02-01,1,1,25,8
2025-03-01,1,1,21,12
2025-04-01,1,1,20,6
2025-05-01,1,1,27,14
2025-06-01,1,1,24,4
2025-07-01,1,1,30,12
2025-08-01,1,1,22,6
2025-09-01,1,1,20,9
2025-10-01,1,1,22,6
2025-11-01,1,1,19,9
2025-12-01,1,1,19,12
2026-01-01,1,1,20,10
2026-02-01,1,1,19,9
2026-03-01,1,1,13,3
2026-04-01,1,1,14,5
2026-05-01,1,1,16,5
2026-06-01,1,1,19,7
2022-01-01,2,1,10,1
2022-02-01,2,1,18,8
2022-03-01,2,1,18,6
2022-04-01,2,1,9,4
2022-05-01,2,1,14,6
2022-06-01,2,1,26,11
2022-07-01,2,1,17,3
2022-08-01,2,1,16,11
2022-09-01,2,1,15,4
2022-10-01,2,1,17,4
2022-11-01,2,1,22,11
2022-12-01,2,1,14,3
2023-01-01,2,1,21,9
2023-02-01,2,1,13,4
2023-03-01,2,1,15,6
2023-04-01,2,1,27,14
2023-05-01,2,1,21,11
2023-06-01,2,1,24,8
2023-07-01,2,1,21,7
2023-08-01,2,1,25,10
2023-09-01,2,1,21,10
2023-10-01,2,1,15,7
2023-11-01,2,1,14,3
2023-12-01,2,1,13,7
2024-01-01,2,1,17,6
2024-02-01,2,1,7,4
2024-03-01,2,1,7,0
2024-04-01,2,1,19,8
2024-05-01,2,1,18,9
2024-06-01,2,1,18,8
2024-07-01,2,1,14,3
2024-08-01,2,1,17,7
2024-09-01,2,1,19,9
2024-10-01,2,1,26,9
2024-11-01,2,1,19,8
2024-12-01,2,1,16,8
2025-01-01,2,1,19,7
2025-02-01,2,1,13,6
2025-03-01,2,1,19,8
2025-04-01,2,1,16,10
2025-05-01,2,1,22,11
2025-06-01,2,1,22,11
2025-07-01,2,1,26,10
2025-08-01,2,1,17,7
2025-09-01,2,1,21,9
2025-10-01,2,1,19,7
2025-11-01,2,1,19,4
2025-12-01,2,1,24,11
2026-01-01,2,1,25,6
2026-02-01,2,1,17,5
2026-03-01,2,1,20,4
2026-04-01,2,1,12,1
2026-05-01,2,1,16,5
2026-06-01,2,1,19,6
2022-01-01,3,1,25,9
2022-02-01,3,1,15,6
2022-03-01,3,1,11,6
2022-04-01,3,1,24,10
2022-05-01,3,1,17,8
2022-06-01,3,1,15,4
2022-07-01,3,1,11,1
2022-08-01,3,1,17,9
2022-09-01,3,1,17,9
2022-10-01,3,1,22,7
2022-11-01,3,1,18,4
2022-12-01,3,1,24,10
2023-01-01,3,1,20,10
2023-02-01,3,1,17,10
2023-03-01,3,1,19,7
2023-04-01,3,1,19,8
2023-05-01,3,1,14,5
2023-06-01,3,1,22,13
2023-07-01,3,1,15,6
2023-08-01,3,1,22,4
2023-09-01,3,1,15,8
2023-10-01,3,1,25,6
2023-11-01,3,1,16,5
2023-12-01,3,1,17,7
2024-01-01,3,1,17,5
2024-02-01,3,1,19,6
2024-03-01,3,1,17,9
2024-04-01,3,1,19,7
2024-05-01,3,1,19,6
2024-06-01,3,1,19,3
2024-07-01,3,1,19,5
2024-08-01,3,1,24,7
2024-09-01,3,1,18,9
2024-10-01,3,1,13,4
2024-11-01,3,1,20,10
2024-12-01,3,1,14,2
2025-01-01,3,1,21,8
2025-02-01,3,1,15,6
2025-03-01,3,1,27,13
2025-04-01,3,1,20,6
2025-05-01,3,1,18,6
2025-06-01,3,1,13,5
2025-07-01,3,1,24,14
2025-08-01,3,1,20,6
2025-09-01,3,1,12,5
2025-10-01,3,1,14,8
2025-11-01,3,1,16,4
2025-12-01,3,1,22,8
2026-01-01,3,1,20,6
2026-02-01,3,1,17,7
2026-03-01,3,1,26,10
2026-04-01,3,1,19,4
2026-05-01,3,1,22,14
2026-06-01,3,1,28,13
2022-01-01,4,1,16,7
2022-02-01,4,1,21,13
2022-03-01,4,1,26,8
2022-04-01,4,1,16,9
2022-05-01,4,1,16,7
2022-06-01,4,1,17,6
2022-07-01,4,1,17,6
2022-08-01,4,1,14,5
2022-09-01,4,1,18,5
2022-10-01,4,1,21,10
2022-11-01,4,1,16,5
2022-12-01,4,1,10,4
2023-01-01,4,1,26,10
2023-02-01,4,1,19,8
2023-03-01,4,1,13,4
2023-04-01,4,1,17,5
2023-05-01,4,1,21,7
2023-06-01,4,1,19,8
2023-07-01,4,1,19,5
2023-08-01,4,1,15,5
2023-09-01,4,1,18,8
2023-10-01,4,1,18,6
2023-11-01,4,1,12,2
2023-12-01,4,1,14,4
2024-01-01,4,1,24,13
2024-02-01,4,1,21,8
2024-03-01,4,1,19,6
2024-04-01,4,1,18,4
2024-05-01,4,1,15,6
2024-06-01,4,1,25,9
2024-07-01,4,1,14,3
2024-08-01,4,1,17,8
2024-09-01,4,1,14,4
2024-10-01,4,1,16,4
2024-11-01,4,1,24,7
2024-12-01,4,1,11,6
2025-01-01,4,1,19,8
2025-02-01,4,1,19,5
2025-03-01,4,1,15,7
2025-04-01,4,1,16,7
2025-05-01,4,1,13,4
2025-06-01,4,1,17,7
2025-07-01,4,1,14,7
2025-08-01,4,1,18,6
2025-09-01,4,1,13,3
2025-10-01,4,1,15,6
2025-11-01,4,1,18,8
2025-12-01,4,1,17,6
2026-01-01,4,1,19,6
2026-02-01,4,1,22,8
2026-03-01,4,1,20,5
2026-04-01,4,1,24,11
2026-05-01,4,1,20,10
2026-06-01,4,1,20,7
2022-01-01,5,1,23,6
2022-02-01,5,1,14,3
2022-03-01,5,1,19,6
2022-04-01,5,1,17,6
2022-05-01,5,1,26,10
2022-06-01,5,1,15,6
2022-07-01,5,1,25,5
2022-08-01,5,1,25,16
2022-09-01,5,1,17,6
2022-10-01,5,1,19,11
2022-11-01,5,1,18,5
2022-12-01,5,1,24,9
2023-01-01,5,1,20,5
2023-02-01,5,1,17,5
2023-03-01,5,1,15,5
2023-04-01,5,1,15,2
2023-05-01,5,1,24,13
2023-06-01,5,1,18,3
2023-07-01,5,1,17,7
2023-08-01,5,1,16,7
2023-09-01,5,1,12,6
2023-10-01,5,1,15,7
2023-11-01,5,1,20,4
2023-12-01,5,1,22,7
2024-01-01,5,1,18,3
2024-02-01,5,1,20,11
2024-03-01,5,1,27,9
2024-04-01,5,1,12,6
2024-05-01,5,1,24,11
2024-06-01,5,1,25,10
2024-07-01,5,1,16,4
2024-08-01,5,1,12,4
2024-09-01,5,1,15,6
2024-10-01,5,1,20,6
2024-11-01,5,1,13,7
2024-12-01,5,1,18,9
2025-01-01,5,1,25,8
2025-02-01,5,1,13,3
2025-03-01,5,1,17,4
2025-04-01,5,1,14,4
2025-05-01,5,1,27,7
2025-06-01,5,1,25,9
2025-07-01,5,1,23,10
2025-08-01,5,1,23,8
2025-09-01,5,1,23,7
2025-10-01,5,1,13,8
2025-11-01,5,1,23,13
2025-12-01,5,1,17,7
2026-01-01,5,1,15,7
2026-02-01,5,1,17,8
2026-03-01,5,1,11,6
2026-04-01,5,1,22,6
2026-05-01,5,1,10,6
2026-06-01,5,1,17,6
2022-01-01,6,1,14,4
2022-02-01,6,1,18,7
2022-03-01,6,1,11,3
2022-04-01,6,1,21,9
2022-05-01,6,1,14,6
2022-06-01,6,1,25,11
2022-07-01,6,1,20,11
2022-08-01,6,1,16,6
2022-09-01,6,1,10,4
2022-10-01,6,1,27,12
2022-11-01,6,1,18,8
2022-12-01,6,1,11,4
2023-01-01,6,1,11,2
2023-02-01,6,1,14,6
2023-03-01,6,1,18,6
2023-04-01,6,1,17,6
2023-05-01,6,1,11,5
2023-06-01,6,1,16,6
2023-07-01,6,1,14,2
2023-08-01,6,1,14,5
2023-09-01,6,1,18,6
2023-10-01,6,1,24,13
2023-11-01,6,1,20,6
2023-12-01,6,1,27,10
2024-01-01,6,1,18,4
2024-02-01,6,1,23,8
2024-03-01,6,1,21,10
2024-04-01,6,1,15,4
2024-05-01,6,1,31,15
2024-06-01,6,1,17,8
2024-07-01,6,1,22,7
2024-08-01,6,1,21,8
2024-09-01,6,1,17,7
2024-10-01,6,1,21,7
2024-11-01,6,1,14,4
2024-12-01,6,1,17,6
2025-01-01,6,1,16,8
2025-02-01,6,1,15,7
2025-03-01,6,1,16,6
2025-04-01,6,1,17,5
2025-05-01,6,1,10,2
2025-06-01,6,1,22,12
2025-07-01,6,1,11,3
2025-08-01,6,1,23,9
2025-09-01,6,1,18,6
2025-10-01,6,1,24,10
2025-11-01,6,1,31,12
2025-12-01,6,1,20,7
2026-01-01,6,1,11,4
2026-02-01,6,1,16,9
2026-03-01,6,1,14,7
2026-04-01,6,1,25,10
2026-05-01,6,1,16,4
2026-06-01,6,1,21,6
2022-01-01,7,1,19,6
2022-02-01,7,1,14,7
2022-03-01,7,1,20,10
2022-04-01,7,1,21,9
2022-05-01,7,1,14,6
2022-06-01,7,1,16,4
2022-07-01,7,1,14,4
2022-08-01,7,1,19,9
2022-09-01,7,1,25,14
2022-10-01,7,1,17,6
2022-11-01,7,1,22,9
2022-12-01,7,1,17,5
2023-01-01,7,1,26,7
2023-02-01,7,1,20,9
2023-03-01,7,1,19,7
2023-04-01,7,1,22,8
2023-05-01,7,1,20,5
2023-06-01,7,1,24,7
2023-07-01,7,1,27,9
2023-08-01,7,1,18,7
2023-09-01,7,1,17,9
2023-10-01,7,1,19,12
2023-11-01,7,1,28,7
2023-12-01,7,1,14,7
2024-01-01,7,1,21,9
2024-02-01,7,1,20,6
2024-03-01,7,1,20,8
2024-04-01,7,1,20,8
2024-05-01,7,1,17,9
2024-06-01,7,1,13,4
2024-07-01,7,1,25,12
2024-08-01,7,1,19,9
2024-09-01,7,1,24,10
2024-10-01,7,1,22,6
2024-11-01,7,1,13,5
2024-12-01,7,1,15,6
2025-01-01,7,1,18,9
2025-02-01,7,1,12,9
2025-03-01,7,1,23,6
2025-04-01,7,1,17,5
2025-05-01,7,1,17,6
2025-06-01,7,1,15,4
2025-07-01,7,1,9,5
2025-08-01,7,1,20,6
2025-09-01,7,1,18,8
2025-10-01,7,1,21,6
2025-11-01,7,1,20,9
2025-12-01,7,1,21,7
2026-01-01,7,1,16,4
2026-02-01,7,1,18,8
2026-03-01,7,1,25,11
2026-04-01,7,1,20,7
2026-05-01,7,1,30,10
2026-06-01,7,1,14,4
2022-01-01,8,1,25,5
2022-02-01,8,1,17,5
2022-03-01,8,1,23,12
2022-04-01,8,1,25,14
2022-05-01,8,1,23,12
2022-06-01,8,1,23,11
2022-07-01,8,1,15,2
2022-08-01,8,1,20,6
2022-09-01,8,1,12,6
2022-10-01,8,1,18,4
2022-11-01,8,1,28,12
2022-12-01,8,1,17,5
2023-01-01,8,1,16,3
2023-02-01,8,1,15,4
2023-03-01,8,1,19,7
2023-04-01,8,1,27,9
2023-05-01,8,1,17,8
2023-06-01,8,1,18,9
2023-07-01,8,1,23,7
2023-08-01,8,1,15,2
2023-09-01,8,1,16,6
2023-10-01,8,1,23,13
2023-11-01,8,1,19,9
2023-12-01,8,1,28,5
2024-01-01,8,1,24,12
2024-02-01,8,1,33,13
2024-03-01,8,1,20,10
2024-04-01,8,1,17,6
2024-05-01,8,1,18,12
2024-06-01,8,1,17,6
2024-07-01,8,1,17,7
2024-08-01,8,1,20,8
2024-09-01,8,1,18,7
2024-10-01,8,1,22,7
2024-11-01,8,1,24,13
2024-12-01,8,1,18,12
2025-01-01,8,1,14,6
2025-02-01,8,1,16,8
2025-03-01,8,1,15,6
2025-04-01,8,1,21,7
2025-05-01,8,1,20,9
2025-06-01,8,1,18,5
2025-07-01,8,1,21,6
2025-08-01,8,1,25,13
2025-09-01,8,1,22,9
2025-10-01,8,1,23,4
2025-11-01,8,1,14,4
2025-12-01,8,1,21,4
2026-01-01,8,1,23,6
2026-02-01,8,1,23,10
2026-03-01,8,1,24,8
2026-04-01,8,1,18,10
2026-05-01,8,1,20,7
2026-06-01,8,1,17,4
2022-01-01,9,1,24,6
2022-02-01,9,1,17,5
2022-03-01,9,1,20,9
2022-04-01,9,1,29,9
2022-05-01,9,1,20,3
2022-06-01,9,1,18,10
2022-07-01,9,1,18,9
2022-08-01,9,1,9,1
2022-09-01,9,1,23,5
2022-10-01,9,1,19,9
2022-11-01,9,1,11,3
2022-12-01,9,1,16,4
2023-01-01,9,1,26,9
2023-02-01,9,1,19,11
2023-03-01,9,1,17,10
2023-04-01,9,1,23,8
2023-05-01,9,1,17,6
2023-06-01,9,1,17,5
2023-07-01,9,1,18,6
2023-08-01,9,1,14,6
2023-09-01,9,1,16,8
2023-10-01,9,1,13,3
2023-11-01,9,1,24,10
2023-12-01,9,1,24,11
2024-01-01,9,1,20,6
2024-02-01,9,1,21,9
2024-03-01,9,1,21,7
2024-04-01,9,1,27,13
2024-05-01,9,1,10,3
2024-06-01,9,1,11,6
2024-07-01,9,1,17,7
2024-08-01,9,1,23,13
2024-09-01,9,1,12,6
2024-10-01,9,1,21,10
2024-11-01,9,1,16,6
2024-12-01,9,1,24,10
2025-01-01,9,1,17,7
2025-02-01,9,1,18,7
2025-03-01,9,1,16,4
2025-04-01,9,1,18,5
2025-05-01,9,1,11,3
2025-06-01,9,1,17,6
2025-07-01,9,1,22,8
2025-08-01,9,1,24,13
2025-09-01,9,1,16,4
2025-10-01,9,1,13,9
2025-11-01,9,1,30,9
2025-12-01,9,1,24,6
2026-01-01,9,1,17,5
2026-02-01,9,1,17,8
2026-03-01,9,1,9,5
2026-04-01,9,1,21,8
2026-05-01,9,1,17,5
2026-06-01,9,1,23,9
2022-01-01,10,1,11,4
2022-02-01,10,1,13,4
2022-03-01,10,1,15,8
2022-04-01,10,1,12,5
2022-05-01,10,1,23,12
2022-06-01,10,1,18,6
2022-07-01,10,1,15,5
2022-08-01,10,1,20,6
2022-09-01,10,1,28,13
2022-10-01,10,1,20,7
2022-11-01,10,1,21,9
2022-12-01,10,1,15,6
2023-01-01,10,1,18,4
2023-02-01,10,1,14,6
2023-03-01,10,1,20,4
2023-04-01,10,1,14,6
2023-05-01,10,1,24,7
2023-06-01,10,1,27,15
2023-07-01,10,1,17,9
2023-08-01,10,1,8,0
2023-09-01,10,1,8,3
2023-10-01,10,1,16,3
2023-11-01,10,1,19,8
2023-12-01,10,1,24,8
2024-01-01,10,1,31,18
2024-02-01,10,1,14,6
2024-03-01,10,1,23,4
2024-04-01,10,1,23,13
2024-05-01,10,1,14,9
2024-06-01,10,1,16,6
2024-07-01,10,1,14,5
2024-08-01,10,1,16,5
2024-09-01,10,1,27,11
2024-10-01,10,1,14,7
2024-11-01,10,1,17,8
2024-12-01,10,1,18,9
2025-01-01,10,1,21,6
2025-02-01,10,1,12,3
2025-03-01,10,1,24,14
2025-04-01,10,1,32,14
2025-05-01,10,1,16,4
2025-06-01,10,1,21,9
2025-07-01,10,1,14,6
2025-08-01,10,1,16,5
2025-09-01,10,1,19,5
2025-10-01,10,1,25,10
2025-11-01,10,1,18,6
2025-12-01,10,1,20,8
2026-01-01,10,1,20,6
2026-02-01,10,1,19,6
2026-03-01,10,1,14,8
2026-04-01,10,1,16,10
2026-05-01,10,1,19,5
2026-06-01,10,1,21,10
2022-01-01,11,1,15,6
2022-02-01,11,1,9,4
2022-03-01,11,1,23,10
2022-04-01,11,1,20,9
2022-05-01,11,1,18,7
2022-06-01,11,1,12,5
2022-07-01,11,1,30,13
2022-08-01,11,1,18,5
2022-09-01,11,1,13,4
2022-10-01,11,1,25,12
2022-11-01,11,1,18,7
2022-12-01,11,1,13,6
2023-01-01,11,1,16,6
2023-02-01,11,1,12,6
2023-03-01,11,1,17,6
2023-04-01,11,1,21,4
2023-05-01,11,1,20,6
2023-06-01,11,1,19,8
2023-07-01,11,1,35,18
2023-08-01,11,1,20,5
2023-09-01,11,1,22,8
2023-10-01,11,1,20,11
2023-11-01,11,1,8,4
2023-12-01,11,1,16,8
2024-01-01,11,1,21,8
2024-02-01,11,1,13,7
2024-03-01,11,1,24,12
2024-04-01,11,1,21,12
2024-05-01,11,1,22,6
2024-06-01,11,1,21,6
2024-07-01,11,1,21,10
2024-08-01,11,1,14,5
2024-09-01,11,1,20,12
2024-10-01,11,1,18,7
2024-11-01,11,1,17,3
2024-12-01,11,1,18,7
2025-01-01,11,1,17,8
2025-02-01,11,1,21,8
2025-03-01,11,1,31,15
2025-04-01,11,1,12,3
2025-05-01,11,1,24,12
2025-06-01,11,1,16,3
2025-07-01,11,1,15,1
2025-08-01,11,1,19,13
2025-09-01,11,1,16,2
2025-10-01,11,1,17,2
2025-11-01,11,1,28,7
2025-12-01,11,1,19,5
2026-01-01,11,1,16,6
2026-02-01,11,1,21,9
2026-03-01,11,1,24,12
2026-04-01,11,1,23,4
2026-05-01,11,1,19,8
2026-06-01,11,1,19,6
2022-01-01,12,1,14,5
2022-02-01,12,1,17,9
2022-03-01,12,1,19,7
2022-04-01,12,1,15,5
2022-05-01,12,1,14,5
2022-06-01,12,1,21,10
2022-07-01,12,1,25,7
2022-08-01,12,1,17,5
2022-09-01,12,1,28,9
2022-10-01,12,1,13,4
2022-11-01,12,1,15,7
2022-12-01,12,1,19,8
2023-01-01,12,1,15,5
2023-02-01,12,1,13,7
2023-03-01,12,1,17,3
2023-04-01,12,1,19,6
2023-05-01,12,1,17,7
2023-06-01,12,1,18,8
2023-07-01,12,1,20,7
2023-08-01,12,1,16,7
2023-09-01,12,1,18,8
2023-10-01,12,1,14,3
2023-11-01,12,1,22,11
2023-12-01,12,1,28,12
2024-01-01,12,1,18,6
2024-02-01,12,1,16,6
2024-03-01,12,1,19,5
2024-04-01,12,1,17,5
2024-05-01,12,1,19,7
2024-06-01,12,1,20,9
2024-07-01,12,1,21,12
2024-08-01,12,1,15,7
2024-09-01,12,1,21,10
2024-10-01,12,1,24,7
2024-11-01,12,1,17,6
2024-12-01,12,1,15,6
2025-01-01,12,1,18,5
2025-02-01,12,1,8,3
2025-03-01,12,1,19,5
2025-04-01,12,1,21,6
2025-05-01,12,1,19,5
2025-06-01,12,1,19,8
2025-07-01,12,1,23,12
2025-08-01,12,1,20,3
2025-09-01,12,1,16,5
2025-10-01,12,1,17,7
2025-11-01,12,1,20,7
2025-12-01,12,1,22,10
2026-01-01,12,1,21,10
2026-02-01,12,1,14,9
2026-03-01,12,1,21,8
2026-04-01,12,1,15,7
2026-05-01,12,1,20,6
2026-06-01,12,1,22,10
2022-01-01,13,1,20,13
2022-02-01,13,1,29,10
2022-03-01,13,1,14,3
2022-04-01,13,1,31,16
2022-05-01,13,1,15,7
2022-06-01,13,1,17,9
2022-07-01,13,1,10,6
2022-08-01,13,1,17,7
2022-09-01,13,1,22,4
2022-10-01,13,1,22,9
2022-11-01,13,1,20,9
2022-12-01,13,1,20,7
2023-01-01,13,1,19,10
2023-02-01,13,1,11,4
2023-03-01,13,1,17,6
2023-04-01,13,1,11,6
2023-05-01,13,1,15,7
2023-06-01,13,1,20,5
2023-07-01,13,1,24,13
2023-08-01,13,1,15,5
2023-09-01,13,1,20,8
2023-10-01,13,1,17,6
2023-11-01,13,1,15,5
2023-12-01,13,1,26,12
2024-01-01,13,1,19,3
2024-02-01,13,1,21,12
2024-03-01,13,1,17,1
2024-04-01,13,1,11,4
2024-05-01,13,1,22,14
2024-06-01,13,1,23,12
2024-07-01,13,1,20,8
2024-08-01,13,1,13,4
2024-09-01,13,1,18,7
2024-10-01,13,1,20,4
2024-11-01,13,1,8,6
2024-12-01,13,1,13,5
2025-01-01,13,1,19,10
2025-02-01,13,1,12,5
2025-03-01,13,1,22,10
2025-04-01,13,1,21,7
2025-05-01,13,1,18,12
2025-06-01,13,1,20,7
2025-07-01,13,1,24,9
2025-08-01,13,1,19,8
2025-09-01,13,1,15,7
2025-10-01,13,1,22,12
2025-11-01,13,1,19,9
2025-12-01,13,1,16,9
2026-01-01,13,1,19,8
2026-02-01,13,1,21,9
2026-03-01,13,1,21,4
2026-04-01,13,1,16,10
2026-05-01,13,1,28,12
2026-06-01,13,1,25,11
2022-01-01,14,1,25,8
2022-02-01,14,1,11,4
2022-03-01,14,1,17,4
2022-04-01,14,1,18,3
2022-05-01,14,1,13,7
2022-06-01,14,1,27,14
2022-07-01,14,1,12,4
2022-08-01,14,1,16,8
2022-09-01,14,1,10,2
2022-10-01,14,1,19,6
2022-11-01,14,1,22,8
2022-12-01,14,1,17,5
2023-01-01,14,1,16,10
2023-02-01,14,1,29,9
2023-03-01,14,1,18,8
2023-04-01,14,1,22,8
2023-05-01,14,1,19,7
2023-06-01,14,1,15,6
2023-07-01,14,1,23,13
2023-08-01,14,1,22,11
2023-09-01,14,1,23,6
2023-10-01,14,1,12,4
2023-11-01,14,1,24,9
2023-12-01,14,1,18,7
2024-01-01,14,1,20,5
2024-02-01,14,1,22,11
2024-03-01,14,1,15,9
2024-04-01,14,1,22,13
2024-05-01,14,1,22,8
2024-06-01,14,1,19,9
2024-07-01,14,1,14,6
2024-08-01,14,1,12,5
2024-09-01,14,1,17,7
2024-10-01,14,1,19,7
2024-11-01,14,1,11,4
2024-12-01,14,1,13,3
2025-01-01,14,1,20,7
2025-02-01,14,1,15,7
2025-03-01,14,1,24,10
2025-04-01,14,1,25,6
2025-05-01,14,1,13,6
2025-06-01,14,1,12,7
2025-07-01,14,1,11,1
2025-08-01,14,1,21,5
2025-09-01,14,1,16,1
2025-10-01,14,1,23,8
2025-11-01,14,1,10,3
2025-12-01,14,1,13,6
2026-01-01,14,1,16,9
2026-02-01,14,1,14,4
2026-03-01,14,1,28,9
2026-04-01,14,1,35,9
2026-05-01,14,1,14,5
2026-06-01,14,1,21,7
2022-01-01,15,1,22,8
2022-02-01,15,1,8,5
2022-03-01,15,1,23,5
2022-04-01,15,1,20,11
2022-05-01,15,1,24,6
2022-06-01,15,1,25,8
2022-07-01,15,1,23,9
2022-08-01,15,1,20,6
2022-09-01,15,1,25,9
2022-10-01,15,1,11,3
2022-11-01,15,1,15,7
2022-12-01,15,1,15,5
2023-01-01,15,1,17,7
2023-02-01,15,1,16,8
2023-03-01,15,1,18,9
2023-04-01,15,1,23,7
2023-05-01,15,1,30,11
2023-06-01,15,1,13,4
2023-07-01,15,1,22,10
2023-08-01,15,1,17,7
2023-09-01,15,1,23,11
2023-10-01,15,1,21,6
2023-11-01,15,1,20,6
2023-12-01,15,1,17,6
2024-01-01,15,1,15,7
2024-02-01,15,1,17,7
2024-03-01,15,1,15,5
2024-04-01,15,1,14,9
2024-05-01,15,1,11,8
2024-06-01,15,1,21,5
2024-07-01,15,1,16,5
2024-08-01,15,1,15,7
2024-09-01,15,1,21,6
2024-10-01,15,1,25,10
2024-11-01,15,1,15,2
2024-12-01,15,1,15,7
2025-01-01,15,1,17,9
2025-02-01,15,1,16,5
2025-03-01,15,1,20,9
2025-04-01,15,1,16,7
2025-05-01,15,1,8,2
2025-06-01,15,1,15,3
2025-07-01,15,1,11,6
2025-08-01,15,1,21,4
2025-09-01,15,1,22,7
2025-10-01,15,1,15,5
2025-11-01,15,1,17,6
2025-12-01,15,1,15,7
2026-01-01,15,1,28,6
2026-02-01,15,1,19,6
2026-03-01,15,1,16,5
2026-04-01,15,1,20,8
2026-05-01,15,1,15,8
2026-06-01,15,1,12,3
2022-01-01,16,1,22,9
2022-02-01,16,1,20,8
2022-03-01,16,1,16,4
2022-04-01,16,1,17,7
2022-05-01,16,1,17,6
2022-06-01,16,1,20,5
2022-07-01,16,1,20,8
2022-08-01,16,1,19,6
2022-09-01,16,1,13,2
2022-10-01,16,1,18,8
2022-11-01,16,1,13,4
2022-12-01,16,1,11,4
2023-01-01,16,1,21,8
2023-02-01,16,1,17,5
2023-03-01,16,1,25,10
2023-04-01,16,1,18,4
2023-05-01,16,1,16,4
2023-06-01,16,1,18,7
2023-07-01,16,1,18,7
2023-08-01,16,1,22,12
2023-09-01,16,1,16,7
2023-10-01,16,1,19,6
2023-11-01,16,1,21,7
2023-12-01,16,1,14,5
2024-01-01,16,1,17,5
2024-02-01,16,1,16,7
2024-03-01,16,1,24,10
2024-04-01,16,1,17,8
2024-05-01,16,1,19,9
2024-06-01,16,1,13,4
2024-07-01,16,1,16,3
2024-08-01,16,1,17,8
2024-09-01,16,1,17,6
2024-10-01,16,1,26,7
2024-11-01,16,1,15,6
2024-12-01,16,1,20,11
2025-01-01,16,1,21,6
2025-02-01,16,1,17,9
2025-03-01,16,1,21,10
2025-04-01,16,1,24,9
2025-05-01,16,1,20,6
2025-06-01,16,1,11,3
2025-07-01,16,1,27,10
2025-08-01,16,1,21,7
2025-09-01,16,1,11,8
2025-10-01,16,1,14,5
2025-11-01,16,1,20,9
2025-12-01,16,1,19,6
2026-01-01,16,1,37,15
2026-02-01,16,1,18,4
2026-03-01,16,1,20,3
2026-04-01,16,1,14,6
2026-05-01,16,1,23,5
2026-06-01,16,1,15,6
2022-01-01,17,1,20,8
2022-02-01,17,1,12,2
2022-03-01,17,1,15,7
2022-04-01,17,1,19,6
2022-05-01,17,1,15,6
2022-06-01,17,1,18,6
2022-07-01,17,1,22,8
2022-08-01,17,1,29,9
2022-09-01,17,1,21,5
2022-10-01,17,1,15,6
2022-11-01,17,1,19,6
2022-12-01,17,1,18,6
2023-01-01,17,1,22,7
2023-02-01,17,1,14,7
2023-03-01,17,1,26,11
2023-04-01,17,1,28,9
2023-05-01,17,1,18,8
2023-06-01,17,1,19,8
2023-07-01,17,1,20,8
2023-08-01,17,1,21,6
2023-09-01,17,1,17,11
2023-10-01,17,1,15,7
2023-11-01,17,1,19,5
2023-12-01,17,1,21,8
2024-01-01,17,1,12,3
2024-02-01,17,1,19,7
2024-03-01,17,1,18,4
2024-04-01,17,1,17,8
2024-05-01,17,1,17,7
2024-06-01,17,1,26,11
2024-07-01,17,1,19,9
2024-08-01,17,1,15,9
2024-09-01,17,1,25,7
2024-10-01,17,1,15,6
2024-11-01,17,1,16,7
2024-12-01,17,1,23,9
2025-01-01,17,1,20,6
2025-02-01,17,1,18,7
2025-03-01,17,1,30,15
2025-04-01,17,1,19,9
2025-05-01,17,1,24,9
2025-06-01,17,1,17,7
2025-07-01,17,1,21,10
2025-08-01,17,1,21,10
2025-09-01,17,1,18,10
2025-10-01,17,1,19,9
2025-11-01,17,1,19,6
2025-12-01,17,1,17,5
2026-01-01,17,1,16,7
2026-02-01,17,1,17,6
2026-03-01,17,1,18,7
2026-04-01,17,1,15,3
2026-05-01,17,1,19,12
2026-06-01,17,1,11,3
2022-01-01,18,1,21,6
2022-02-01,18,1,10,4
2022-03-01,18,1,15,7
2022-04-01,18,1,26,14
2022-05-01,18,1,22,7
2022-06-01,18,1,19,10
2022-07-01,18,1,9,3
2022-08-01,18,1,15,10
2022-09-01,18,1,16,6
2022-10-01,18,1,14,7
2022-11-01,18,1,21,9
2022-12-01,18,1,16,6
2023-01-01,18,1,22,12
2023-02-01,18,1,11,4
2023-03-01,18,1,15,8
2023-04-01,18,1,23,9
2023-05-01,18,1,19,7
2023-06-01,18,1,21,7
2023-07-01,18,1,23,6
2023-08-01,18,1,20,8
2023-09-01,18,1,24,9
2023-10-01,18,1,17,9
2023-11-01,18,1,14,5
2023-12-01,18,1,22,8
2024-01-01,18,1,21,10
2024-02-01,18,1,16,8
2024-03-01,18,1,23,10
2024-04-01,18,1,23,7
2024-05-01,18,1,22,7
2024-06-01,18,1,11,5
2024-07-01,18,1,14,3
2024-08-01,18,1,18,7
2024-09-01,18,1,23,9
2024-10-01,18,1,19,9
2024-11-01,18,1,13,6
2024-12-01,18,1,17,6
2025-01-01,18,1,23,7
2025-02-01,18,1,21,6
2025-03-01,18,1,33,12
2025-04-01,18,1,17,5
2025-05-01,18,1,25,10
2025-06-01,18,1,22,5
2025-07-01,18,1,22,9
2025-08-01,18,1,20,12
2025-09-01,18,1,10,3
2025-10-01,18,1,19,5
2025-11-01,18,1,14,7
2025-12-01,18,1,17,7
2026-01-01,18,1,20,4
2026-02-01,18,1,16,5
2026-03-01,18,1,20,8
2026-04-01,18,1,20,7
2026-05-01,18,1,21,5
2026-06-01,18,1,25,8
2022-01-01,19,1,15,6
2022-02-01,19,1,12,3
2022-03-01,19,1,22,6
2022-04-01,19,1,15,5
2022-05-01,19,1,13,7
2022-06-01,19,1,8,2
2022-07-01,19,1,19,6
2022-08-01,19,1,23,9
2022-09-01,19,1,21,7
2022-10-01,19,1,17,9
2022-11-01,19,1,23,10
2022-12-01,19,1,21,8
2023-01-01,19,1,19,7
2023-02-01,19,1,17,10
2023-03-01,19,1,21,8
2023-04-01,19,1,11,5
2023-05-01,19,1,25,11
2023-06-01,19,1,22,9
2023-07-01,19,1,11,6
2023-08-01,19,1,22,4
2023-09-01,19,1,17,8
2023-10-01,19,1,20,5
2023-11-01,19,1,17,3
2023-12-01,19,1,20,7
2024-01-01,19,1,18,8
2024-02-01,19,1,14,4
2024-03-01,19,1,28,10
2024-04-01,19,1,27,11
2024-05-01,19,1,25,10
2024-06-01,19,1,24,10
2024-07-01,19,1,21,5
2024-08-01,19,1,18,8
2024-09-01,19,1,17,5
2024-10-01,19,1,14,5
2024-11-01,19,1,23,11
2024-12-01,19,1,8,3
2025-01-01,19,1,19,6
2025-02-01,19,1,20,7
2025-03-01,19,1,28,14
2025-04-01,19,1,23,7
2025-05-01,19,1,13,4
2025-06-01,19,1,19,4
2025-07-01,19,1,18,8
2025-08-01,19,1,15,6
2025-09-01,19,1,21,8
2025-10-01,19,1,15,7
2025-11-01,19,1,15,4
2025-12-01,19,1,26,11
2026-01-01,19,1,17,7
2026-02-01,19,1,18,6
2026-03-01,19,1,20,6
2026-04-01,19,1,24,13
2026-05-01,19,1,15,3
2026-06-01,19,1,26,9
2022-01-01,20,1,25,13
2022-02-01,20,1,13,3
2022-03-01,20,1,27,9
2022-04-01,20,1,13,4
2022-05-01,20,1,23,11
2022-06-01,20,1,14,6
2022-07-01,20,1,16,7
2022-08-01,20,1,22,5
2022-09-01,20,1,13,6
2022-10-01,20,1,14,6
2022-11-01,20,1,20,3
2022-12-01,20,1,18,5
2023-01-01,20,1,23,12
2023-02-01,20,1,17,7
2023-03-01,20,1,26,15
2023-04-01,20,1,15,5
2023-05-01,20,1,19,6
2023-06-01,20,1,11,7
2023-07-01,20,1,24,6
2023-08-01,20,1,17,2
2023-09-01,20,1,17,9
2023-10-01,20,1,18,5
2023-11-01,20,1,20,5
2023-12-01,20,1,11,5
2024-01-01,20,1,19,6
2024-02-01,20,1,21,4
2024-03-01,20,1,22,10
2024-04-01,20,1,20,6
2024-05-01,20,1,15,4
2024-06-01,20,1,16,7
2024-07-01,20,1,15,6
2024-08-01,20,1,10,1
2024-09-01,20,1,13,6
2024-10-01,20,1,17,5
2024-11-01,20,1,12,7
2024-12-01,20,1,22,9
2025-01-01,20,1,14,4
2025-02-01,20,1,15,8
2025-03-01,20,1,14,7
2025-04-01,20,1,15,6
2025-05-01,20,1,16,7
2025-06-01,20,1,28,10
2025-07-01,20,1,17,9
2025-08-01,20,1,26,9
2025-09-01,20,1,16,5
2025-10-01,20,1,21,8
2025-11-01,20,1,19,5
2025-12-01,20,1,22,6
2026-01-01,20,1,14,7
2026-02-01,20,1,19,9
2026-03-01,20,1,21,9
2026-04-01,20,1,12,5
2026-05-01,20,1,19,5
2026-06-01,20,1,21,11
2022-01-01,21,1,16,4
2022-02-01,21,1,27,8
2022-03-01,21,1,18,8
2022-04-01,21,1,24,9
2022-05-01,21,1,18,10
2022-06-01,21,1,19,9
2022-07-01,21,1,20,11
2022-08-01,21,1,22,5
2022-09-01,21,1,18,7
2022-10-01,21,1,19,6
2022-11-01,21,1,23,8
2022-12-01,21,1,25,9
2023-01-01,21,1,20,8
2023-02-01,21,1,13,4
2023-03-01,21,1,28,13
2023-04-01,21,1,19,10
2023-05-01,21,1,22,8
2023-06-01,21,1,19,8
2023-07-01,21,1,24,11
2023-08-01,21,1,21,8
2023-09-01,21,1,16,6
2023-10-01,21,1,20,9
2023-11-01,21,1,15,3
2023-12-01,21,1,17,8
2024-01-01,21,1,18,6
2024-02-01,21,1,18,6
2024-03-01,21,1,19,10
2024-04-01,21,1,28,11
2024-05-01,21,1,20,6
2024-06-01,21,1,15,7
2024-07-01,21,1,25,9
2024-08-01,21,1,19,5
2024-09-01,21,1,19,9
2024-10-01,21,1,18,10
2024-11-01,21,1,15,5
2024-12-01,21,1,17,8
2025-01-01,21,1,16,4
2025-02-01,21,1,13,3
2025-03-01,21,1,15,6
2025-04-01,21,1,14,6
2025-05-01,21,1,21,8
2025-06-01,21,1,21,7
2025-07-01,21,1,9,3
2025-08-01,21,1,26,8
2025-09-01,21,1,26,9
2025-10-01,21,1,21,8
2025-11-01,21,1,16,6
2025-12-01,21,1,18,9
2026-01-01,21,1,15,9
2026-02-01,21,1,11,6
2026-03-01,21,1,17,8
2026-04-01,21,1,16,5
2026-05-01,21,1,25,7
2026-06-01,21,1,13,5
2022-01-01,22,1,17,7
2022-02-01,22,1,17,5
2022-03-01,22,1,16,7
2022-04-01,22,1,23,12
2022-05-01,22,1,18,9
2022-06-01,22,1,25,7
2022-07-01,22,1,15,6
2022-08-01,22,1,16,6
2022-09-01,22,1,22,5
2022-10-01,22,1,18,5
2022-11-01,22,1,21,8
2022-12-01,22,1,19,8
2023-01-01,22,1,22,12
2023-02-01,22,1,13,3
2023-03-01,22,1,15,3
2023-04-01,22,1,22,9
2023-05-01,22,1,16,3
2023-06-01,22,1,18,5
2023-07-01,22,1,25,12
2023-08-01,22,1,16,5
2023-09-01,22,1,17,4
2023-10-01,22,1,17,4
2023-11-01,22,1,20,5
2023-12-01,22,1,18,7
2024-01-01,22,1,23,11
2024-02-01,22,1,14,6
2024-03-01,22,1,11,5
2024-04-01,22,1,19,8
2024-05-01,22,1,14,5
2024-06-01,22,1,16,8
2024-07-01,22,1,18,7
2024-08-01,22,1,20,9
2024-09-01,22,1,16,6
2024-10-01,22,1,14,7
2024-11-01,22,1,19,3
2024-12-01,22,1,28,7
2025-01-01,22,1,24,12
2025-02-01,22,1,14,4
2025-03-01,22,1,17,6
2025-04-01,22,1,17,7
2025-05-01,22,1,13,5
2025-06-01,22,1,22,11
2025-07-01,22,1,17,8
2025-08-01,22,1,19,8
2025-09-01,22,1,18,4
2025-10-01,22,1,22,9
2025-11-01,22,1,27,11
2025-12-01,22,1,14,2
2026-01-01,22,1,19,6
2026-02-01,22,1,18,4
2026-03-01,22,1,15,4
2026-04-01,22,1,15,5
2026-05-01,22,1,17,7
2026-06-01,22,1,19,8
2022-01-01,23,1,18,4
2022-02-01,23,1,21,5
2022-03-01,23,1,27,10
2022-04-01,23,1,17,4
2022-05-01,23,1,12,2
2022-06-01,23,1,23,7
2022-07-01,23,1,17,4
2022-08-01,23,1,20,6
2022-09-01,23,1,22,11
2022-10-01,23,1,18,6
2022-11-01,23,1,16,5
2022-12-01,23,1,19,3
2023-01-01,23,1,16,4
2023-02-01,23,1,19,6
2023-03-01,23,1,17,4
2023-04-01,23,1,20,1
2023-05-01,23,1,17,6
2023-06-01,23,1,16,4
2023-07-01,23,1,19,5
2023-08-01,23,1,19,7
2023-09-01,23,1,16,7
2023-10-01,23,1,22,8
2023-11-01,23,1,13,4
2023-12-01,23,1,14,8
2024-01-01,23,1,23,9
2024-02-01,23,1,13,2
2024-03-01,23,1,26,8
2024-04-01,23,1,19,11
2024-05-01,23,1,26,6
2024-06-01,23,1,16,5
2024-07-01,23,1,7,4
2024-08-01,23,1,18,5
2024-09-01,23,1,17,6
2024-10-01,23,1,15,5
2024-11-01,23,1,22,7
2024-12-01,23,1,19,6
2025-01-01,23,1,14,4
2025-02-01,23,1,15,3
2025-03-01,23,1,21,8
2025-04-01,23,1,9,4
2025-05-01,23,1,18,6
2025-06-01,23,1,18,6
2025-07-01,23,1,18,4
2025-08-01,23,1,21,10
2025-09-01,23,1,20,7
2025-10-01,23,1,16,3
2025-11-01,23,1,20,11
2025-12-01,23,1,15,3
2026-01-01,23,1,23,12
2026-02-01,23,1,17,7
2026-03-01,23,1,17,4
2026-04-01,23,1,22,10
2026-05-01,23,1,20,7
2026-06-01,23,1,20,7
2022-01-01,24,1,16,6
2022-02-01,24,1,18,8
2022-03-01,24,1,21,5
2022-04-01,24,1,21,6
2022-05-01,24,1,24,11
2022-06-01,24,1,18,5
2022-07-01,24,1,18,7
2022-08-01,24,1,14,4
2022-09-01,24,1,24,12
2022-10-01,24,1,22,8
2022-11-01,24,1,17,7
2022-12-01,24,1,22,6
2023-01-01,24,1,16,1
2023-02-01,24,1,16,7
2023-03-01,24,1,21,6
2023-04-01,24,1,20,9
2023-05-01,24,1,20,8
2023-06-01,24,1,18,5
2023-07-01,24,1,26,11
2023-08-01,24,1,17,4
2023-09-01,24,1,14,5
2023-10-01,24,1,17,8
2023-11-01,24,1,18,5
2023-12-01,24,1,22,7
2024-01-01,24,1,23,8
2024-02-01,24,1,18,5
2024-03-01,24,1,20,6
2024-04-01,24,1,15,7
2024-05-01,24,1,14,8
2024-06-01,24,1,18,7
2024-07-01,24,1,18,4
2024-08-01,24,1,13,5
2024-09-01,24,1,20,9
2024-10-01,24,1,23,12
2024-11-01,24,1,18,7
2024-12-01,24,1,19,6
2025-01-01,24,1,19,5
2025-02-01,24,1,20,4
2025-03-01,24,1,17,8
2025-04-01,24,1,24,6
2025-05-01,24,1,18,6
2025-06-01,24,1,16,8
2025-07-01,24,1,21,9
2025-08-01,24,1,21,8
2025-09-01,24,1,16,9
2025-10-01,24,1,18,4
2025-11-01,24,1,17,5
2025-12-01,24,1,17,6
2026-01-01,24,1,21,6
2026-02-01,24,1,14,8
2026-03-01,24,1,18,10
2026-04-01,24,1,20,10
2026-05-01,24,1,19,7
2026-06-01,24,1,22,8
2022-01-01,25,1,20,7
2022-02-01,25,1,20,7
2022-03-01,25,1,19,8
2022-04-01,25,1,24,4
2022-05-01,25,1,20,8
2022-06-01,25,1,17,5
2022-07-01,25,1,16,7
2022-08-01,25,1,12,5
2022-09-01,25,1,23,10
2022-10-01,25,1,25,7
2022-11-01,25,1,16,8
2022-12-01,25,1,12,1
2023-01-01,25,1,20,8
2023-02-01,25,1,22,11
2023-03-01,25,1,16,5
2023-04-01,25,1,18,6
2023-05-01,25,1,15,6
2023-06-01,25,1,26,6
2023-07-01,25,1,14,3
2023-08-01,25,1,15,3
2023-09-01,25,1,16,7
2023-10-01,25,1,14,6
2023-11-01,25,1,11,3
2023-12-01,25,1,21,4
2024-01-01,25,1,15,5
2024-02-01,25,1,10,6
2024-03-01,25,1,22,7
2024-04-01,25,1,20,8
2024-05-01,25,1,24,11
2024-06-01,25,1,18,7
2024-07-01,25,1,12,3
2024-08-01,25,1,21,10
2024-09-01,25,1,13,3
2024-10-01,25,1,22,9
2024-11-01,25,1,18,6
2024-12-01,25,1,13,5
2025-01-01,25,1,20,8
2025-02-01,25,1,11,4
2025-03-01,25,1,23,9
2025-04-01,25,1,20,8
2025-05-01,25,1,20,8
2025-06-01,25,1,17,6
2025-07-01,25,1,25,5
2025-08-01,25,1,17,8
2025-09-01,25,1,22,9
2025-10-01,25,1,11,4
2025-11-01,25,1,17,4
2025-12-01,25,1,15,7
2026-01-01,25,1,20,12
2026-02-01,25,1,12,4
2026-03-01,25,1,23,11
2026-04-01,25,1,12,3
2026-05-01,25,1,15,4
2026-06-01,25,1,20,8
2022-01-01,26,1,18,7
2022-02-01,26,1,16,7
2022-03-01,26,1,14,3
2022-04-01,26,1,14,4
2022-05-01,26,1,11,3
2022-06-01,26,1,15,12
2022-07-01,26,1,16,5
2022-08-01,26,1,20,5
2022-09-01,26,1,18,7
2022-10-01,26,1,19,8
2022-11-01,26,1,24,11
2022-12-01,26,1,21,4
2023-01-01,26,1,15,5
2023-02-01,26,1,22,8
2023-03-01,26,1,21,7
2023-04-01,26,1,21,10
2023-05-01,26,1,26,8
2023-06-01,26,1,14,9
2023-07-01,26,1,12,3
2023-08-01,26,1,17,5
2023-09-01,26,1,19,7
2023-10-01,26,1,23,9
2023-11-01,26,1,24,9
2023-12-01,26,1,30,10
2024-01-01,26,1,19,8
2024-02-01,26,1,17,7
2024-03-01,26,1,20,8
2024-04-01,26,1,19,8
2024-05-01,26,1,20,6
2024-06-01,26,1,16,6
2024-07-01,26,1,17,11
2024-08-01,26,1,19,7
2024-09-01,26,1,19,9
2024-10-01,26,1,14,5
2024-11-01,26,1,19,4
2024-12-01,26,1,16,4
2025-01-01,26,1,23,7
2025-02-01,26,1,13,1
2025-03-01,26,1,23,7
2025-04-01,26,1,28,5
2025-05-01,26,1,26,8
2025-06-01,26,1,19,5
2025-07-01,26,1,24,8
2025-08-01,26,1,17,4
2025-09-01,26,1,22,7
2025-10-01,26,1,17,6
2025-11-01,26,1,18,6
2025-12-01,26,1,25,12
2026-01-01,26,1,13,3
2026-02-01,26,1,15,8
2026-03-01,26,1,16,8
2026-04-01,26,1,22,6
2026-05-01,26,1,18,10
2026-06-01,26,1,19,7
2022-01-01,27,1,21,8
2022-02-01,27,1,21,11
2022-03-01,27,1,20,11
2022-04-01,27,1,22,2
2022-05-01,27,1,17,5
2022-06-01,27,1,15,4
2022-07-01,27,1,21,6
2022-08-01,27,1,16,8
2022-09-01,27,1,18,6
2022-10-01,27,1,20,4
2022-11-01,27,1,26,11
2022-12-01,27,1,18,6
2023-01-01,27,1,28,12
2023-02-01,27,1,16,10
2023-03-01,27,1,18,8
2023-04-01,27,1,18,6
2023-05-01,27,1,18,6
2023-06-01,27,1,16,7
2023-07-01,27,1,15,6
2023-08-01,27,1,18,4
2023-09-01,27,1,11,6
2023-10-01,27,1,15,6
2023-11-01,27,1,20,8
2023-12-01,27,1,15,4
2024-01-01,27,1,18,9
2024-02-01,27,1,20,5
2024-03-01,27,1,21,8
2024-04-01,27,1,18,6
2024-05-01,27,1,19,10
2024-06-01,27,1,20,12
2024-07-01,27,1,21,10
2024-08-01,27,1,16,5
2024-09-01,27,1,15,4
2024-10-01,27,1,16,7
2024-11-01,27,1,20,9
2024-12-01,27,1,21,9
2025-01-01,27,1,13,7
2025-02-01,27,1,16,5
2025-03-01,27,1,16,7
2025-04-01,27,1,15,7
2025-05-01,27,1,20,11
2025-06-01,27,1,21,4
2025-07-01,27,1,20,7
2025-08-01,27,1,24,11
2025-09-01,27,1,19,8
2025-10-01,27,1,27,12
2025-11-01,27,1,17,7
2025-12-01,27,1,12,5
2026-01-01,27,1,17,5
2026-02-01,27,1,19,7
2026-03-01,27,1,20,6
2026-04-01,27,1,18,5
2026-05-01,27,1,14,4
2026-06-01,27,1,13,9
2022-01-01,28,1,20,11
2022-02-01,28,1,14,7
2022-03-01,28,1,19,9
2022-04-01,28,1,15,7
2022-05-01,28,1,20,14
2022-06-01,28,1,13,4
2022-07-01,28,1,15,7
2022-08-01,28,1,22,6
2022-09-01,28,1,6,2
2022-10-01,28,1,18,5
2022-11-01,28,1,15,4
2022-12-01,28,1,13,5
2023-01-01,28,1,18,4
2023-02-01,28,1,19,7
2023-03-01,28,1,15,3
2023-04-01,28,1,28,10
2023-05-01,28,1,13,5
2023-06-01,28,1,16,6
2023-07-01,28,1,20,8
2023-08-01,28,1,13,7
2023-09-01,28,1,17,8
2023-10-01,28,1,17,8
2023-11-01,28,1,15,5
2023-12-01,28,1,26,11
2024-01-01,28,1,27,12
2024-02-01,28,1,15,6
2024-03-01,28,1,24,11
2024-04-01,28,1,16,7
2024-05-01,28,1,17,6
2024-06-01,28,1,14,6
2024-07-01,28,1,27,10
2024-08-01,28,1,24,13
2024-09-01,28,1,26,7
2024-10-01,28,1,23,5
2024-11-01,28,1,15,9
2024-12-01,28,1,23,9
2025-01-01,28,1,18,8
2025-02-01,28,1,21,9
2025-03-01,28,1,19,9
2025-04-01,28,1,16,8
2025-05-01,28,1,16,6
2025-06-01,28,1,19,7
2025-07-01,28,1,21,8
2025-08-01,28,1,24,7
2025-09-01,28,1,20,9
2025-10-01,28,1,22,11
2025-11-01,28,1,16,4
2025-12-01,28,1,17,6
2026-01-01,28,1,20,7
2026-02-01,28,1,17,5
2026-03-01,28,1,16,4
2026-04-01,28,1,25,8
2026-05-01,28,1,19,9
2026-06-01,28,1,18,8
2022-01-01,29,1,18,6
2022-02-01,29,1,17,5
2022-03-01,29,1,12,4
2022-04-01,29,1,15,4
2022-05-01,29,1,23,6
2022-06-01,29,1,15,4
2022-07-01,29,1,20,10
2022-08-01,29,1,11,2
2022-09-01,29,1,17,6
2022-10-01,29,1,23,10
2022-11-01,29,1,14,6
2022-12-01,29,1,16,6
2023-01-01,29,1,16,8
2023-02-01,29,1,11,2
2023-03-01,29,1,18,6
2023-04-01,29,1,17,5
2023-05-01,29,1,18,9
2023-06-01,29,1,18,10
2023-07-01,29,1,30,12
2023-08-01,29,1,19,6
2023-09-01,29,1,15,5
2023-10-01,29,1,19,8
2023-11-01,29,1,9,3
2023-12-01,29,1,21,8
2024-01-01,29,1,21,9
2024-02-01,29,1,16,4
2024-03-01,29,1,18,9
2024-04-01,29,1,22,8
2024-05-01,29,1,27,11
2024-06-01,29,1,22,9
2024-07-01,29,1,25,11
2024-08-01,29,1,18,6
2024-09-01,29,1,23,11
2024-10-01,29,1,15,6
2024-11-01,29,1,18,7
2024-12-01,29,1,21,10
2025-01-01,29,1,21,10
2025-02-01,29,1,22,8
2025-03-01,29,1,18,9
2025-04-01,29,1,19,11
2025-05-01,29,1,23,7
2025-06-01,29,1,13,6
2025-07-01,29,1,21,6
2025-08-01,29,1,15,9
2025-09-01,29,1,24,9
2025-10-01,29,1,26,7
2025-11-01,29,1,13,4
2025-12-01,29,1,27,5
2026-01-01,29,1,22,5
2026-02-01,29,1,20,8
2026-03-01,29,1,16,5
2026-04-01,29,1,22,6
2026-05-01,29,1,19,10
2026-06-01,29,1,24,9
2022-01-01,30,1,15,3
2022-02-01,30,1,15,6
2022-03-01,30,1,17,8
2022-04-01,30,1,15,7
2022-05-01,30,1,17,6
2022-06-01,30,1,18,7
2022-07-01,30,1,19,6
2022-08-01,30,1,13,6
2022-09-01,30,1,16,6
2022-10-01,30,1,28,7
2022-11-01,30,1,12,1
2022-12-01,30,1,26,11
2023-01-01,30,1,23,8
2023-02-01,30,1,16,4
2023-03-01,30,1,19,7
2023-04-01,30,1,20,8
2023-05-01,30,1,9,2
2023-06-01,30,1,24,12
2023-07-01,30,1,16,7
2023-08-01,30,1,30,14
2023-09-01,30,1,19,6
2023-10-01,30,1,16,7
2023-11-01,30,1,21,6
2023-12-01,30,1,14,7
2024-01-01,30,1,16,5
2024-02-01,30,1,23,8
2024-03-01,30,1,16,7
2024-04-01,30,1,18,7
2024-05-01,30,1,18,8
2024-06-01,30,1,18,4
2024-07-01,30,1,16,8
2024-08-01,30,1,29,9
2024-09-01,30,1,20,6
2024-10-01,30,1,16,7
2024-11-01,30,1,16,7
2024-12-01,30,1,22,10
2025-01-01,30,1,17,6
2025-02-01,30,1,13,4
2025-03-01,30,1,23,6
2025-04-01,30,1,21,8
2025-05-01,30,1,23,11
2025-06-01,30,1,16,8
2025-07-01,30,1,19,6
2025-08-01,30,1,22,7
2025-09-01,30,1,11,5
2025-10-01,30,1,16,7
2025-11-01,30,1,18,10
2025-12-01,30,1,22,8
2026-01-01,30,1,17,10
2026-02-01,30,1,19,8
2026-03-01,30,1,21,9
2026-04-01,30,1,16,8
2026-05-01,30,1,17,5
2026-06-01,30,1,18,6
2022-01-01,31,1,21,8
2022-02-01,31,1,12,8
2022-03-01,31,1,23,10
2022-04-01,31,1,18,6
2022-05-01,31,1,17,2
2022-06-01,31,1,17,8
2022-07-01,31,1,17,3
2022-08-01,31,1,22,9
2022-09-01,31,1,11,4
2022-10-01,31,1,18,8
2022-11-01,31,1,19,9
2022-12-01,31,1,20,8
2023-01-01,31,1,26,9
2023-02-01,31,1,17,7
2023-03-01,31,1,18,3
2023-04-01,31,1,15,5
2023-05-01,31,1,22,7
2023-06-01,31,1,21,12
2023-07-01,31,1,18,7
2023-08-01,31,1,21,5
2023-09-01,31,1,20,8
2023-10-01,31,1,12,5
2023-11-01,31,1,13,3
2023-12-01,31,1,27,9
2024-01-01,31,1,17,6
2024-02-01,31,1,18,8
2024-03-01,31,1,14,5
2024-04-01,31,1,24,7
2024-05-01,31,1,11,2
2024-06-01,31,1,18,7
2024-07-01,31,1,18,6
2024-08-01,31,1,19,7
2024-09-01,31,1,17,7
2024-10-01,31,1,18,8
2024-11-01,31,1,12,6
2024-12-01,31,1,18,5
2025-01-01,31,1,24,9
2025-02-01,31,1,26,13
2025-03-01,31,1,13,6
2025-04-01,31,1,9,3
2025-05-01,31,1,11,1
2025-06-01,31,1,14,5
2025-07-01,31,1,14,4
2025-08-01,31,1,23,9
2025-09-01,31,1,20,9
2025-10-01,31,1,22,7
2025-11-01,31,1,13,4
2025-12-01,31,1,25,9
2026-01-01,31,1,23,7
2026-02-01,31,1,19,7
2026-03-01,31,1,14,4
2026-04-01,31,1,17,9
2026-05-01,31,1,19,4
2026-06-01,31,1,17,5
2022-01-01,32,1,25,13
2022-02-01,32,1,20,4
2022-03-01,32,1,12,8
2022-04-01,32,1,14,6
2022-05-01,32,1,18,10
2022-06-01,32,1,26,10
2022-07-01,32,1,20,9
2022-08-01,32,1,25,8
2022-09-01,32,1,16,5
2022-10-01,32,1,12,3
2022-11-01,32,1,17,6
2022-12-01,32,1,11,7
2023-01-01,32,1,26,13
2023-02-01,32,1,19,8
2023-03-01,32,1,25,9
2023-04-01,32,1,21,8
2023-05-01,32,1,22,4
2023-06-01,32,1,29,10
2023-07-01,32,1,23,9
2023-08-01,32,1,14,4
2023-09-01,32,1,22,9
2023-10-01,32,1,17,8
2023-11-01,32,1,18,7
2023-12-01,32,1,16,9
2024-01-01,32,1,19,8
2024-02-01,32,1,22,5
2024-03-01,32,1,13,4
2024-04-01,32,1,15,5
2024-05-01,32,1,20,8
2024-06-01,32,1,18,5
2024-07-01,32,1,21,4
2024-08-01,32,1,23,11
2024-09-01,32,1,11,3
2024-10-01,32,1,25,6
2024-11-01,32,1,17,3
2024-12-01,32,1,16,6
2025-01-01,32,1,21,8
2025-02-01,32,1,16,2
2025-03-01,32,1,17,7
2025-04-01,32,1,9,4
2025-05-01,32,1,19,5
2025-06-01,32,1,26,10
2025-07-01,32,1,20,6
2025-08-01,32,1,17,5
2025-09-01,32,1,19,3
2025-10-01,32,1,22,13
2025-11-01,32,1,16,3
2025-12-01,32,1,16,6
2026-01-01,32,1,20,7
2026-02-01,32,1,25,10
2026-03-01,32,1,19,9
2026-04-01,32,1,15,9
2026-05-01,32,1,21,8
2026-06-01,32,1,18,6
2022-01-01,33,1,18,9
2022-02-01,33,1,20,7
2022-03-01,33,1,24,7
2022-04-01,33,1,26,9
2022-05-01,33,1,19,7
2022-06-01,33,1,19,9
2022-07-01,33,1,20,11
2022-08-01,33,1,24,9
2022-09-01,33,1,16,5
2022-10-01,33,1,11,3
2022-11-01,33,1,21,5
2022-12-01,33,1,14,3
2023-01-01,33,1,22,6
2023-02-01,33,1,24,8
2023-03-01,33,1,19,5
2023-04-01,33,1,22,6
2023-05-01,33,1,21,11
2023-06-01,33,1,17,8
2023-07-01,33,1,12,3
2023-08-01,33,1,20,6
2023-09-01,33,1,20,8
2023-10-01,33,1,16,7
2023-11-01,33,1,16,3
2023-12-01,33,1,24,6
2024-01-01,33,1,13,5
2024-02-01,33,1,14,6
2024-03-01,33,1,23,8
2024-04-01,33,1,16,6
2024-05-01,33,1,28,7
2024-06-01,33,1,23,14
2024-07-01,33,1,19,8
2024-08-01,33,1,18,5
2024-09-01,33,1,19,6
2024-10-01,33,1,14,4
2024-11-01,33,1,22,10
2024-12-01,33,1,16,2
2025-01-01,33,1,23,11
2025-02-01,33,1,14,9
2025-03-01,33,1,24,10
2025-04-01,33,1,24,6
2025-05-01,33,1,15,6
2025-06-01,33,1,20,4
2025-07-01,33,1,24,5
2025-08-01,33,1,19,12
2025-09-01,33,1,23,8
2025-10-01,33,1,24,4
2025-11-01,33,1,17,3
2025-12-01,33,1,23,11
2026-01-01,33,1,13,5
2026-02-01,33,1,21,9
2026-03-01,33,1,30,10
2026-04-01,33,1,14,7
2026-05-01,33,1,24,9
2026-06-01,33,1,17,5
2022-01-01,34,1,21,6
2022-02-01,34,1,15,2
2022-03-01,34,1,17,11
2022-04-01,34,1,8,4
2022-05-01,34,1,10,4
2022-06-01,34,1,17,4
2022-07-01,34,1,23,10
2022-08-01,34,1,20,9
2022-09-01,34,1,18,4
2022-10-01,34,1,13,5
2022-11-01,34,1,18,6
2022-12-01,34,1,18,6
2023-01-01,34,1,25,12
2023-02-01,34,1,8,2
2023-03-01,34,1,24,9
2023-04-01,34,1,22,4
2023-05-01,34,1,19,7
2023-06-01,34,1,22,7
2023-07-01,34,1,23,8
2023-08-01,34,1,30,13
2023-09-01,34,1,20,5
2023-10-01,34,1,23,8
2023-11-01,34,1,20,4
2023-12-01,34,1,29,16
2024-01-01,34,1,19,12
2024-02-01,34,1,19,4
2024-03-01,34,1,21,8
2024-04-01,34,1,12,4
2024-05-01,34,1,23,7
2024-06-01,34,1,22,9
2024-07-01,34,1,13,3
2024-08-01,34,1,17,6
2024-09-01,34,1,26,10
2024-10-01,34,1,23,8
2024-11-01,34,1,22,9
2024-12-01,34,1,22,7
2025-01-01,34,1,7,2
2025-02-01,34,1,13,2
2025-03-01,34,1,20,6
2025-04-01,34,1,20,7
2025-05-01,34,1,19,8
2025-06-01,34,1,15,7
2025-07-01,34,1,21,11
2025-08-01,34,1,15,6
2025-09-01,34,1,25,11
2025-10-01,34,1,16,6
2025-11-01,34,1,17,6
2025-12-01,34,1,22,9
2026-01-01,34,1,20,9
2026-02-01,34,1,25,8
2026-03-01,34,1,26,11
2026-04-01,34,1,20,6
2026-05-01,34,1,22,9
2026-06-01,34,1,15,9
2022-01-01,35,1,16,7
2022-02-01,35,1,19,4
2022-03-01,35,1,17,5
2022-04-01,35,1,25,9
2022-05-01,35,1,23,14
2022-06-01,35,1,17,2
2022-07-01,35,1,17,8
2022-08-01,35,1,15,9
2022-09-01,35,1,18,7
2022-10-01,35,1,23,6
2022-11-01,35,1,16,5
2022-12-01,35,1,23,8
2023-01-01,35,1,19,8
2023-02-01,35,1,19,7
2023-03-01,35,1,22,11
2023-04-01,35,1,23,7
2023-05-01,35,1,16,5
2023-06-01,35,1,13,5
2023-07-01,35,1,17,7
2023-08-01,35,1,22,10
2023-09-01,35,1,21,7
2023-10-01,35,1,19,7
2023-11-01,35,1,16,9
2023-12-01,35,1,16,4
2024-01-01,35,1,20,11
2024-02-01,35,1,21,9
2024-03-01,35,1,30,12
2024-04-01,35,1,16,5
2024-05-01,35,1,26,10
2024-06-01,35,1,19,6
2024-07-01,35,1,16,8
2024-08-01,35,1,20,10
2024-09-01,35,1,26,12
2024-10-01,35,1,22,8
2024-11-01,35,1,12,6
2024-12-01,35,1,21,5
2025-01-01,35,1,31,6
2025-02-01,35,1,15,6
2025-03-01,35,1,15,8
2025-04-01,35,1,21,10
2025-05-01,35,1,17,8
2025-06-01,35,1,19,7
2025-07-01,35,1,17,7
2025-08-01,35,1,8,4
2025-09-01,35,1,18,6
2025-10-01,35,1,26,5
2025-11-01,35,1,16,3
2025-12-01,35,1,17,6
2026-01-01,35,1,14,2
2026-02-01,35,1,21,10
2026-03-01,35,1,21,11
2026-04-01,35,1,25,11
2026-05-01,35,1,12,5
2026-06-01,35,1,20,8
2022-01-01,36,1,16,6
2022-02-01,36,1,19,9
2022-03-01,36,1,27,11
2022-04-01,36,1,15,3
2022-05-01,36,1,17,4
2022-06-01,36,1,28,9
2022-07-01,36,1,12,6
2022-08-01,36,1,21,4
2022-09-01,36,1,22,10
2022-10-01,36,1,15,4
2022-11-01,36,1,14,7
2022-12-01,36,1,18,4
2023-01-01,36,1,12,5
2023-02-01,36,1,15,5
2023-03-01,36,1,18,6
2023-04-01,36,1,18,3
2023-05-01,36,1,21,6
2023-06-01,36,1,20,8
2023-07-01,36,1,18,10
2023-08-01,36,1,24,8
2023-09-01,36,1,22,9
2023-10-01,36,1,15,4
2023-11-01,36,1,15,5
2023-12-01,36,1,23,11
2024-01-01,36,1,18,5
2024-02-01,36,1,22,8
2024-03-01,36,1,17,4
2024-04-01,36,1,22,11
2024-05-01,36,1,17,6
2024-06-01,36,1,14,6
2024-07-01,36,1,23,8
2024-08-01,36,1,10,2
2024-09-01,36,1,24,9
2024-10-01,36,1,15,6
2024-11-01,36,1,26,16
2024-12-01,36,1,14,7
2025-01-01,36,1,14,5
2025-02-01,36,1,17,7
2025-03-01,36,1,13,6
2025-04-01,36,1,26,12
2025-05-01,36,1,18,6
2025-06-01,36,1,16,3
2025-07-01,36,1,12,3
2025-08-01,36,1,19,6
2025-09-01,36,1,14,3
2025-10-01,36,1,21,7
2025-11-01,36,1,16,10
2025-12-01,36,1,21,9
2026-01-01,36,1,18,4
2026-02-01,36,1,19,7
2026-03-01,36,1,18,8
2026-04-01,36,1,16,8
2026-05-01,36,1,23,9
2026-06-01,36,1,18,4
2022-01-01,37,1,22,10
2022-02-01,37,1,21,11
2022-03-01,37,1,20,8
2022-04-01,37,1,13,4
2022-05-01,37,1,10,3
2022-06-01,37,1,15,3
2022-07-01,37,1,22,11
2022-08-01,37,1,24,11
2022-09-01,37,1,18,9
2022-10-01,37,1,10,3
2022-11-01,37,1,25,14
2022-12-01,37,1,19,6
2023-01-01,37,1,18,7
2023-02-01,37,1,17,8
2023-03-01,37,1,24,8
2023-04-01,37,1,26,8
2023-05-01,37,1,18,8
2023-06-01,37,1,19,8
2023-07-01,37,1,17,5
2023-08-01,37,1,17,7
2023-09-01,37,1,17,4
2023-10-01,37,1,24,13
2023-11-01,37,1,20,6
2023-12-01,37,1,21,9
2024-01-01,37,1,16,7
2024-02-01,37,1,21,7
2024-03-01,37,1,16,3
2024-04-01,37,1,20,6
2024-05-01,37,1,18,7
2024-06-01,37,1,22,8
2024-07-01,37,1,20,10
2024-08-01,37,1,17,6
2024-09-01,37,1,18,7
2024-10-01,37,1,25,9
2024-11-01,37,1,19,5
2024-12-01,37,1,22,4
2025-01-01,37,1,17,7
2025-02-01,37,1,15,2
2025-03-01,37,1,23,9
2025-04-01,37,1,19,8
2025-05-01,37,1,19,5
2025-06-01,37,1,16,6
2025-07-01,37,1,11,5
2025-08-01,37,1,23,7
2025-09-01,37,1,14,5
2025-10-01,37,1,23,13
2025-11-01,37,1,14,7
2025-12-01,37,1,19,9
2026-01-01,37,1,14,4
2026-02-01,37,1,18,9
2026-03-01,37,1,13,3
2026-04-01,37,1,16,5
2026-05-01,37,1,24,12
2026-06-01,37,1,19,8
2022-01-01,38,1,21,12
2022-02-01,38,1,8,2
2022-03-01,38,1,13,5
2022-04-01,38,1,13,5
2022-05-01,38,1,15,5
2022-06-01,38,1,17,9
2022-07-01,38,1,24,12
2022-08-01,38,1,20,10
2022-09-01,38,1,20,6
2022-10-01,38,1,21,12
2022-11-01,38,1,16,7
2022-12-01,38,1,26,7
2023-01-01,38,1,29,10
2023-02-01,38,1,17,6
2023-03-01,38,1,26,7
2023-04-01,38,1,17,5
2023-05-01,38,1,17,11
2023-06-01,38,1,20,9
2023-07-01,38,1,25,10
2023-08-01,38,1,14,6
2023-09-01,38,1,16,8
2023-10-01,38,1,20,8
2023-11-01,38,1,15,5
2023-12-01,38,1,22,8
2024-01-01,38,1,17,3
2024-02-01,38,1,21,6
2024-03-01,38,1,20,8
2024-04-01,38,1,25,6
2024-05-01,38,1,13,2
2024-06-01,38,1,22,7
2024-07-01,38,1,20,10
2024-08-01,38,1,17,7
2024-09-01,38,1,17,5
2024-10-01,38,1,18,4
2024-11-01,38,1,14,2
2024-12-01,38,1,21,8
2025-01-01,38,1,19,7
2025-02-01,38,1,14,8
2025-03-01,38,1,13,8
2025-04-01,38,1,15,2
2025-05-01,38,1,8,4
2025-06-01,38,1,17,12
2025-07-01,38,1,12,6
2025-08-01,38,1,20,10
2025-09-01,38,1,10,5
2025-10-01,38,1,20,9
2025-11-01,38,1,12,4
2025-12-01,38,1,11,2
2026-01-01,38,1,22,11
2026-02-01,38,1,11,7
2026-03-01,38,1,11,3
2026-04-01,38,1,16,5
2026-05-01,38,1,17,7
2026-06-01,38,1,23,8
2022-01-01,39,1,19,4
2022-02-01,39,1,18,5
2022-03-01,39,1,24,9
2022-04-01,39,1,22,5
2022-05-01,39,1,26,14
2022-06-01,39,1,20,3
2022-07-01,39,1,19,6
2022-08-01,39,1,16,5
2022-09-01,39,1,19,6
2022-10-01,39,1,15,1
2022-11-01,39,1,17,6
2022-12-01,39,1,18,11
2023-01-01,39,1,19,8
2023-02-01,39,1,14,3
2023-03-01,39,1,16,3
2023-04-01,39,1,22,3
2023-05-01,39,1,13,8
2023-06-01,39,1,23,8
2023-07-01,39,1,22,14
2023-08-01,39,1,16,6
2023-09-01,39,1,18,6
2023-10-01,39,1,18,4
2023-11-01,39,1,15,8
2023-12-01,39,1,19,3
2024-01-01,39,1,13,8
2024-02-01,39,1,24,6
2024-03-01,39,1,15,7
2024-04-01,39,1,19,11
2024-05-01,39,1,22,8
2024-06-01,39,1,20,3
2024-07-01,39,1,18,6
2024-08-01,39,1,18,8
2024-09-01,39,1,23,8
2024-10-01,39,1,17,8
2024-11-01,39,1,15,7
2024-12-01,39,1,15,3
2025-01-01,39,1,12,3
2025-02-01,39,1,19,6
2025-03-01,39,1,19,8
2025-04-01,39,1,21,6
2025-05-01,39,1,21,8
2025-06-01,39,1,14,6
2025-07-01,39,1,15,5
2025-08-01,39,1,29,11
2025-09-01,39,1,7,2
2025-10-01,39,1,13,5
2025-11-01,39,1,22,8
2025-12-01,39,1,24,10
2026-01-01,39,1,26,8
2026-02-01,39,1,22,5
2026-03-01,39,1,19,7
2026-04-01,39,1,25,6
2026-05-01,39,1,16,8
2026-06-01,39,1,13,3
2022-01-01,40,1,12,2
2022-02-01,40,1,17,5
2022-03-01,40,1,16,6
2022-04-01,40,1,20,7
2022-05-01,40,1,19,7
2022-06-01,40,1,17,6
2022-07-01,40,1,14,2
2022-08-01,40,1,17,5
2022-09-01,40,1,18,6
2022-10-01,40,1,18,5
2022-11-01,40,1,22,5
2022-12-01,40,1,16,6
2023-01-01,40,1,24,6
2023-02-01,40,1,10,5
2023-03-01,40,1,29,16
2023-04-01,40,1,30,10
2023-05-01,40,1,27,11
2023-06-01,40,1,20,13
2023-07-01,40,1,21,5
2023-08-01,40,1,24,7
2023-09-01,40,1,11,4
2023-10-01,40,1,11,2
2023-11-01,40,1,24,8
2023-12-01,40,1,15,5
2024-01-01,40,1,10,3
2024-02-01,40,1,17,8
2024-03-01,40,1,17,7
2024-04-01,40,1,21,10
2024-05-01,40,1,17,6
2024-06-01,40,1,13,6
2024-07-01,40,1,17,6
2024-08-01,40,1,18,6
2024-09-01,40,1,21,7
2024-10-01,40,1,18,9
2024-11-01,40,1,16,3
2024-12-01,40,1,18,7
2025-01-01,40,1,21,7
2025-02-01,40,1,21,10
2025-03-01,40,1,14,7
2025-04-01,40,1,23,8
2025-05-01,40,1,20,9
2025-06-01,40,1,19,6
2025-07-01,40,1,21,10
2025-08-01,40,1,23,9
2025-09-01,40,1,20,10
2025-10-01,40,1,19,6
2025-11-01,40,1,14,8
2025-12-01,40,1,21,8
2026-01-01,40,1,14,6
2026-02-01,40,1,18,6
2026-03-01,40,1,19,10
2026-04-01,40,1,17,4
2026-05-01,40,1,16,10
2026-06-01,40,1,20,5
2022-01-01,41,1,18,10
2022-02-01,41,1,24,11
2022-03-01,41,1,19,8
2022-04-01,41,1,18,9
2022-05-01,41,1,18,9
2022-06-01,41,1,16,7
2022-07-01,41,1,14,4
2022-08-01,41,1,23,10
2022-09-01,41,1,15,7
2022-10-01,41,1,27,11
2022-11-01,41,1,26,9
2022-12-01,41,1,20,6
2023-01-01,41,1,17,10
2023-02-01,41,1,11,3
2023-03-01,41,1,21,7
2023-04-01,41,1,16,5
2023-05-01,41,1,14,7
2023-06-01,41,1,20,11
2023-07-01,41,1,23,11
2023-08-01,41,1,19,6
2023-09-01,41,1,24,7
2023-10-01,41,1,19,10
2023-11-01,41,1,20,5
2023-12-01,41,1,16,3
2024-01-01,41,1,19,8
2024-02-01,41,1,21,9
2024-03-01,41,1,18,2
2024-04-01,41,1,15,7
2024-05-01,41,1,19,5
2024-06-01,41,1,19,7
2024-07-01,41,1,16,5
2024-08-01,41,1,22,5
2024-09-01,41,1,23,10
2024-10-01,41,1,24,10
2024-11-01,41,1,17,10
2024-12-01,41,1,24,8
2025-01-01,41,1,16,6
2025-02-01,41,1,12,6
2025-03-01,41,1,22,9
2025-04-01,41,1,13,7
2025-05-01,41,1,14,6
2025-06-01,41,1,19,6
2025-07-01,41,1,15,7
2025-08-01,41,1,22,9
2025-09-01,41,1,17,5
2025-10-01,41,1,21,12
2025-11-01,41,1,21,8
2025-12-01,41,1,14,6
2026-01-01,41,1,14,6
2026-02-01,41,1,18,11
2026-03-01,41,1,16,5
2026-04-01,41,1,22,3
2026-05-01,41,1,20,5
2026-06-01,41,1,14,8
2022-01-01,42,1,21,5
2022-02-01,42,1,22,11
2022-03-01,42,1,21,5
2022-04-01,42,1,14,9
2022-05-01,42,1,13,5
2022-06-01,42,1,29,9
2022-07-01,42,1,18,7
2022-08-01,42,1,13,2
2022-09-01,42,1,15,7
2022-10-01,42,1,28,7
2022-11-01,42,1,17,6
2022-12-01,42,1,17,6
2023-01-01,42,1,26,6
2023-02-01,42,1,14,4
2023-03-01,42,1,23,8
2023-04-01,42,1,12,8
2023-05-01,42,1,14,6
2023-06-01,42,1,21,8
2023-07-01,42,1,12,4
2023-08-01,42,1,17,4
2023-09-01,42,1,21,10
2023-10-01,42,1,23,8
2023-11-01,42,1,11,5
2023-12-01,42,1,27,12
2024-01-01,42,1,14,5
2024-02-01,42,1,17,6
2024-03-01,42,1,18,4
2024-04-01,42,1,12,3
2024-05-01,42,1,15,5
2024-06-01,42,1,18,10
2024-07-01,42,1,17,6
2024-08-01,42,1,22,5
2024-09-01,42,1,12,5
2024-10-01,42,1,24,8
2024-11-01,42,1,19,11
2024-12-01,42,1,17,7
2025-01-01,42,1,24,12
2025-02-01,42,1,24,10
2025-03-01,42,1,19,6
2025-04-01,42,1,16,4
2025-05-01,42,1,10,7
2025-06-01,42,1,14,2
2025-07-01,42,1,13,6
2025-08-01,42,1,19,5
2025-09-01,42,1,23,7
2025-10-01,42,1,18,5
2025-11-01,42,1,13,4
2025-12-01,42,1,17,5
2026-01-01,42,1,22,7
2026-02-01,42,1,19,6
2026-03-01,42,1,20,7
2026-04-01,42,1,17,7
2026-05-01,42,1,15,5
2026-06-01,42,1,21,10
2022-01-01,43,1,16,5
2022-02-01,43,1,19,4
2022-03-01,43,1,27,14
2022-04-01,43,1,16,9
2022-05-01,43,1,15,5
2022-06-01,43,1,19,5
2022-07-01,43,1,18,4
2022-08-01,43,1,27,10
2022-09-01,43,1,19,7
2022-10-01,43,1,18,9
2022-11-01,43,1,14,4
2022-12-01,43,1,11,4
2023-01-01,43,1,22,8
2023-02-01,43,1,14,6
2023-03-01,43,1,13,4
2023-04-01,43,1,13,6
2023-05-01,43,1,19,3
2023-06-01,43,1,16,6
2023-07-01,43,1,25,11
2023-08-01,43,1,21,9
2023-09-01,43,1,13,5
2023-10-01,43,1,21,11
2023-11-01,43,1,23,10
2023-12-01,43,1,25,6
2024-01-01,43,1,20,11
2024-02-01,43,1,18,8
2024-03-01,43,1,16,7
2024-04-01,43,1,19,12
2024-05-01,43,1,15,5
2024-06-01,43,1,22,10
2024-07-01,43,1,18,9
2024-08-01,43,1,26,7
2024-09-01,43,1,23,9
2024-10-01,43,1,18,7
2024-11-01,43,1,14,4
2024-12-01,43,1,21,9
2025-01-01,43,1,22,7
2025-02-01,43,1,18,7
2025-03-01,43,1,15,6
2025-04-01,43,1,16,4
2025-05-01,43,1,25,12
2025-06-01,43,1,18,7
2025-07-01,43,1,25,9
2025-08-01,43,1,23,7
2025-09-01,43,1,16,5
2025-10-01,43,1,16,9
2025-11-01,43,1,17,4
2025-12-01,43,1,16,6
2026-01-01,43,1,19,9
2026-02-01,43,1,27,13
2026-03-01,43,1,31,12
2026-04-01,43,1,20,7
2026-05-01,43,1,23,10
2026-06-01,43,1,16,4
2022-01-01,44,1,23,12
2022-02-01,44,1,24,11
2022-03-01,44,1,16,10
2022-04-01,44,1,14,7
2022-05-01,44,1,18,9
2022-06-01,44,1,15,5
2022-07-01,44,1,25,6
2022-08-01,44,1,13,3
2022-09-01,44,1,18,5
2022-10-01,44,1,21,12
2022-11-01,44,1,21,7
2022-12-01,44,1,26,11
2023-01-01,44,1,26,11
2023-02-01,44,1,21,7
2023-03-01,44,1,14,6
2023-04-01,44,1,15,7
2023-05-01,44,1,23,6
2023-06-01,44,1,20,10
2023-07-01,44,1,15,10
2023-08-01,44,1,17,7
2023-09-01,44,1,16,8
2023-10-01,44,1,19,4
2023-11-01,44,1,19,10
2023-12-01,44,1,16,6
2024-01-01,44,1,12,4
2024-02-01,44,1,24,10
2024-03-01,44,1,16,5
2024-04-01,44,1,20,6
2024-05-01,44,1,17,5
2024-06-01,44,1,23,4
2024-07-01,44,1,12,3
2024-08-01,44,1,18,9
2024-09-01,44,1,13,10
2024-10-01,44,1,17,9
2024-11-01,44,1,22,7
2024-12-01,44,1,19,7
2025-01-01,44,1,12,3
2025-02-01,44,1,17,8
2025-03-01,44,1,16,7
2025-04-01,44,1,15,8
2025-05-01,44,1,16,5
2025-06-01,44,1,17,6
2025-07-01,44,1,18,5
2025-08-01,44,1,19,9
2025-09-01,44,1,19,4
2025-10-01,44,1,22,11
2025-11-01,44,1,19,6
2025-12-01,44,1,13,5
2026-01-01,44,1,21,10
2026-02-01,44,1,14,4
2026-03-01,44,1,21,5
2026-04-01,44,1,17,11
2026-05-01,44,1,21,5
2026-06-01,44,1,21,6
2022-01-01,45,1,13,5
2022-02-01,45,1,19,6
2022-03-01,45,1,15,7
2022-04-01,45,1,17,4
2022-05-01,45,1,14,1
2022-06-01,45,1,15,5
2022-07-01,45,1,23,9
2022-08-01,45,1,17,10
2022-09-01,45,1,19,4
2022-10-01,45,1,22,10
2022-11-01,45,1,14,9
2022-12-01,45,1,20,5
2023-01-01,45,1,17,4
2023-02-01,45,1,13,4
2023-03-01,45,1,18,6
2023-04-01,45,1,22,11
2023-05-01,45,1,17,4
2023-06-01,45,1,17,6
2023-07-01,45,1,12,2
2023-08-01,45,1,15,8
2023-09-01,45,1,11,8
2023-10-01,45,1,25,8
2023-11-01,45,1,22,8
2023-12-01,45,1,18,6
2024-01-01,45,1,20,11
2024-02-01,45,1,11,3
2024-03-01,45,1,24,6
2024-04-01,45,1,11,6
2024-05-01,45,1,16,7
2024-06-01,45,1,15,3
2024-07-01,45,1,22,10
2024-08-01,45,1,23,9
2024-09-01,45,1,18,6
2024-10-01,45,1,11,4
2024-11-01,45,1,22,10
2024-12-01,45,1,16,8
2025-01-01,45,1,21,8
2025-02-01,45,1,17,3
2025-03-01,45,1,16,7
2025-04-01,45,1,20,8
2025-05-01,45,1,22,6
2025-06-01,45,1,14,6
2025-07-01,45,1,18,9
2025-08-01,45,1,16,10
2025-09-01,45,1,19,4
2025-10-01,45,1,18,8
2025-11-01,45,1,19,8
2025-12-01,45,1,17,7
2026-01-01,45,1,21,9
2026-02-01,45,1,23,11
2026-03-01,45,1,22,9
2026-04-01,45,1,10,1
2026-05-01,45,1,24,11
2026-06-01,45,1,24,8
2022-01-01,46,1,15,5
2022-02-01,46,1,23,6
2022-03-01,46,1,19,5
2022-04-01,46,1,16,7
2022-05-01,46,1,20,6
2022-06-01,46,1,12,7
2022-07-01,46,1,19,7
2022-08-01,46,1,17,4
2022-09-01,46,1,14,5
2022-10-01,46,1,24,7
2022-11-01,46,1,20,8
2022-12-01,46,1,22,8
2023-01-01,46,1,19,8
2023-02-01,46,1,19,7
2023-03-01,46,1,20,12
2023-04-01,46,1,16,7
2023-05-01,46,1,15,3
2023-06-01,46,1,13,6
2023-07-01,46,1,19,5
2023-08-01,46,1,18,8
2023-09-01,46,1,16,6
2023-10-01,46,1,17,5
2023-11-01,46,1,19,7
2023-12-01,46,1,22,12
2024-01-01,46,1,21,6
2024-02-01,46,1,13,6
2024-03-01,46,1,22,11
2024-04-01,46,1,17,8
2024-05-01,46,1,14,6
2024-06-01,46,1,13,3
2024-07-01,46,1,15,2
2024-08-01,46,1,15,3
2024-09-01,46,1,26,7
2024-10-01,46,1,14,5
2024-11-01,46,1,14,8
2024-12-01,46,1,18,6
2025-01-01,46,1,22,10
2025-02-01,46,1,12,7
2025-03-01,46,1,12,8
2025-04-01,46,1,17,2
2025-05-01,46,1,28,13
2025-06-01,46,1,20,6
2025-07-01,46,1,20,6
2025-08-01,46,1,19,9
2025-09-01,46,1,21,14
2025-10-01,46,1,16,5
2025-11-01,46,1,18,10
2025-12-01,46,1,16,7
2026-01-01,46,1,16,6
2026-02-01,46,1,23,7
2026-03-01,46,1,26,7
2026-04-01,46,1,16,5
2026-05-01,46,1,25,10
2026-06-01,46,1,17,6
2022-01-01,47,1,12,7
2022-02-01,47,1,22,6
2022-03-01,47,1,18,10
2022-04-01,47,1,22,5
2022-05-01,47,1,23,9
2022-06-01,47,1,14,1
2022-07-01,47,1,10,4
2022-08-01,47,1,30,13
2022-09-01,47,1,7,2
2022-10-01,47,1,20,5
2022-11-01,47,1,15,5
2022-12-01,47,1,15,10
2023-01-01,47,1,20,8
2023-02-01,47,1,15,5
2023-03-01,47,1,20,8
2023-04-01,47,1,21,6
2023-05-01,47,1,19,8
2023-06-01,47,1,15,2
2023-07-01,47,1,18,7
2023-08-01,47,1,14,3
2023-09-01,47,1,18,7
2023-10-01,47,1,16,5
2023-11-01,47,1,17,6
2023-12-01,47,1,24,11
2024-01-01,47,1,19,9
2024-02-01,47,1,17,6
2024-03-01,47,1,28,12
2024-04-01,47,1,19,9
2024-05-01,47,1,22,9
2024-06-01,47,1,26,7
2024-07-01,47,1,19,9
2024-08-01,47,1,18,5
2024-09-01,47,1,16,9
2024-10-01,47,1,23,7
2024-11-01,47,1,15,7
2024-12-01,47,1,15,5
2025-01-01,47,1,20,9
2025-02-01,47,1,24,8
2025-03-01,47,1,18,8
2025-04-01,47,1,13,7
2025-05-01,47,1,15,6
2025-06-01,47,1,27,12
2025-07-01,47,1,19,8
2025-08-01,47,1,14,8
2025-09-01,47,1,25,10
2025-10-01,47,1,21,10
2025-11-01,47,1,16,8
2025-12-01,47,1,19,9
2026-01-01,47,1,22,11
2026-02-01,47,1,15,4
2026-03-01,47,1,20,8
2026-04-01,47,1,14,7
2026-05-01,47,1,20,12
2026-06-01,47,1,16,10
2022-01-01,48,1,16,2
2022-02-01,48,1,19,5
2022-03-01,48,1,26,9
2022-04-01,48,1,21,10
2022-05-01,48,1,20,7
2022-06-01,48,1,17,5
2022-07-01,48,1,13,4
2022-08-01,48,1,17,6
2022-09-01,48,1,19,8
2022-10-01,48,1,16,6
2022-11-01,48,1,18,8
2022-12-01,48,1,15,6
2023-01-01,48,1,15,2
2023-02-01,48,1,21,4
2023-03-01,48,1,21,8
2023-04-01,48,1,14,6
2023-05-01,48,1,19,9
2023-06-01,48,1,23,11
2023-07-01,48,1,11,3
2023-08-01,48,1,18,4
2023-09-01,48,1,13,3
2023-10-01,48,1,18,9
2023-11-01,48,1,15,4
2023-12-01,48,1,26,7
2024-01-01,48,1,20,10
2024-02-01,48,1,26,9
2024-03-01,48,1,19,9
2024-04-01,48,1,17,3
2024-05-01,48,1,21,8
2024-06-01,48,1,18,6
2024-07-01,48,1,18,7
2024-08-01,48,1,21,6
2024-09-01,48,1,19,4
2024-10-01,48,1,13,4
2024-11-01,48,1,16,8
2024-12-01,48,1,19,8
2025-01-01,48,1,19,7
2025-02-01,48,1,12,6
2025-03-01,48,1,14,6
2025-04-01,48,1,20,9
2025-05-01,48,1,18,7
2025-06-01,48,1,18,7
2025-07-01,48,1,18,8
2025-08-01,48,1,31,14
2025-09-01,48,1,21,7
2025-10-01,48,1,20,11
2025-11-01,48,1,7,1
2025-12-01,48,1,12,6
2026-01-01,48,1,16,7
2026-02-01,48,1,16,4
2026-03-01,48,1,18,6
2026-04-01,48,1,23,9
2026-05-01,48,1,25,11
2026-06-01,48,1,18,10
2022-01-01,49,1,20,6
2022-02-01,49,1,21,10
2022-03-01,49,1,25,7
2022-04-01,49,1,20,8
2022-05-01,49,1,19,7
2022-06-01,49,1,18,8
2022-07-01,49,1,19,4
2022-08-01,49,1,29,12
2022-09-01,49,1,26,12
2022-10-01,49,1,17,6
2022-11-01,49,1,14,3
2022-12-01,49,1,18,7
2023-01-01,49,1,20,3
2023-02-01,49,1,12,4
2023-03-01,49,1,18,7
2023-04-01,49,1,16,6
2023-05-01,49,1,12,4
2023-06-01,49,1,16,4
2023-07-01,49,1,24,9
2023-08-01,49,1,14,3
2023-09-01,49,1,13,5
2023-10-01,49,1,28,11
2023-11-01,49,1,20,13
2023-12-01,49,1,14,6
2024-01-01,49,1,24,12
2024-02-01,49,1,18,9
2024-03-01,49,1,20,12
2024-04-01,49,1,15,6
2024-05-01,49,1,25,9
2024-06-01,49,1,19,7
2024-07-01,49,1,14,6
2024-08-01,49,1,14,4
2024-09-01,49,1,11,5
2024-10-01,49,1,17,6
2024-11-01,49,1,11,4
2024-12-01,49,1,22,10
2025-01-01,49,1,19,8
2025-02-01,49,1,14,5
2025-03-01,49,1,21,10
2025-04-01,49,1,17,10
2025-05-01,49,1,23,8
2025-06-01,49,1,19,7
2025-07-01,49,1,28,9
2025-08-01,49,1,17,6
2025-09-01,49,1,13,2
2025-10-01,49,1,12,5
2025-11-01,49,1,23,8
2025-12-01,49,1,14,6
2026-01-01,49,1,22,6
2026-02-01,49,1,12,3
2026-03-01,49,1,16,7
2026-04-01,49,1,17,6
2026-05-01,49,1,16,5
2026-06-01,49,1,22,7
2022-01-01,50,1,13,5
2022-02-01,50,1,24,12
2022-03-01,50,1,18,6
2022-04-01,50,1,26,11
2022-05-01,50,1,21,8
2022-06-01,50,1,20,10
2022-07-01,50,1,22,2
2022-08-01,50,1,18,5
2022-09-01,50,1,16,6
2022-10-01,50,1,14,2
2022-11-01,50,1,21,10
2022-12-01,50,1,20,7
2023-01-01,50,1,16,5
2023-02-01,50,1,15,7
2023-03-01,50,1,15,5
2023-04-01,50,1,22,9
2023-05-01,50,1,22,8
2023-06-01,50,1,16,6
2023-07-01,50,1,16,4
2023-08-01,50,1,13,5
2023-09-01,50,1,28,5
2023-10-01,50,1,12,3
2023-11-01,50,1,18,6
2023-12-01,50,1,17,6
2024-01-01,50,1,24,10
2024-02-01,50,1,19,6
2024-03-01,50,1,13,7
2024-04-01,50,1,13,4
2024-05-01,50,1,13,1
2024-06-01,50,1,6,1
2024-07-01,50,1,17,7
2024-08-01,50,1,20,7
2024-09-01,50,1,21,7
2024-10-01,50,1,10,1
2024-11-01,50,1,26,9
2024-12-01,50,1,29,14
2025-01-01,50,1,18,5
2025-02-01,50,1,11,3
2025-03-01,50,1,18,9
2025-04-01,50,1,17,6
2025-05-01,50,1,19,8
2025-06-01,50,1,29,12
2025-07-01,50,1,28,6
2025-08-01,50,1,9,5
2025-09-01,50,1,18,5
2025-10-01,50,1,25,9
2025-11-01,50,1,14,5
2025-12-01,50,1,15,2
2026-01-01,50,1,11,3
2026-02-01,50,1,10,4
2026-03-01,50,1,20,4
2026-04-01,50,1,11,2
2026-05-01,50,1,21,8
2026-06-01,50,1,16,5
2022-01-01,51,1,23,10
2022-02-01,51,1,19,6
2022-03-01,51,1,23,6
2022-04-01,51,1,15,5
2022-05-01,51,1,19,9
2022-06-01,51,1,21,9
2022-07-01,51,1,22,10
2022-08-01,51,1,20,8
2022-09-01,51,1,18,7
2022-10-01,51,1,19,6
2022-11-01,51,1,21,10
2022-12-01,51,1,30,12
2023-01-01,51,1,27,8
2023-02-01,51,1,19,5
2023-03-01,51,1,13,5
2023-04-01,51,1,22,11
2023-05-01,51,1,18,5
2023-06-01,51,1,16,5
2023-07-01,51,1,22,7
2023-08-01,51,1,18,7
2023-09-01,51,1,21,9
2023-10-01,51,1,27,15
2023-11-01,51,1,28,11
2023-12-01,51,1,25,15
2024-01-01,51,1,17,5
2024-02-01,51,1,21,11
2024-03-01,51,1,20,9
2024-04-01,51,1,22,8
2024-05-01,51,1,11,4
2024-06-01,51,1,15,3
2024-07-01,51,1,27,9
2024-08-01,51,1,25,13
2024-09-01,51,1,23,10
2024-10-01,51,1,19,9
2024-11-01,51,1,19,10
2024-12-01,51,1,14,4
2025-01-01,51,1,21,9
2025-02-01,51,1,17,5
2025-03-01,51,1,19,5
2025-04-01,51,1,19,10
2025-05-01,51,1,10,3
2025-06-01,51,1,10,3
2025-07-01,51,1,15,7
2025-08-01,51,1,25,11
2025-09-01,51,1,14,5
2025-10-01,51,1,25,13
2025-11-01,51,1,19,7
2025-12-01,51,1,21,9
2026-01-01,51,1,20,7
2026-02-01,51,1,14,5
2026-03-01,51,1,26,9
2026-04-01,51,1,17,7
2026-05-01,51,1,24,13
2026-06-01,51,1,15,3
2022-01-01,52,1,17,6
2022-02-01,52,1,15,3
2022-03-01,52,1,27,15
2022-04-01,52,1,14,4
2022-05-01,52,1,21,9
2022-06-01,52,1,24,7
2022-07-01,52,1,18,6
2022-08-01,52,1,15,4
2022-09-01,52,1,17,6
2022-10-01,52,1,18,9
2022-11-01,52,1,16,7
2022-12-01,52,1,18,5
2023-01-01,52,1,11,5
2023-02-01,52,1,14,4
2023-03-01,52,1,19,12
2023-04-01,52,1,11,2
2023-05-01,52,1,21,5
2023-06-01,52,1,18,2
2023-07-01,52,1,19,6
2023-08-01,52,1,23,10
2023-09-01,52,1,14,5
2023-10-01,52,1,23,12
2023-11-01,52,1,17,6
2023-12-01,52,1,15,5
2024-01-01,52,1,16,5
2024-02-01,52,1,18,7
2024-03-01,52,1,18,7
2024-04-01,52,1,18,6
2024-05-01,52,1,17,11
2024-06-01,52,1,19,5
2024-07-01,52,1,19,11
2024-08-01,52,1,21,13
2024-09-01,52,1,25,8
2024-10-01,52,1,19,3
2024-11-01,52,1,20,8
2024-12-01,52,1,18,6
2025-01-01,52,1,20,11
2025-02-01,52,1,19,5
2025-03-01,52,1,21,13
2025-04-01,52,1,17,10
2025-05-01,52,1,24,11
2025-06-01,52,1,18,8
2025-07-01,52,1,24,10
2025-08-01,52,1,19,5
2025-09-01,52,1,14,8
2025-10-01,52,1,10,4
2025-11-01,52,1,11,4
2025-12-01,52,1,20,8
2026-01-01,52,1,15,6
2026-02-01,52,1,13,4
2026-03-01,52,1,20,7
2026-04-01,52,1,12,1
2026-05-01,52,1,16,4
2026-06-01,52,1,10,3
2022-01-01,53,1,23,10
2022-02-01,53,1,20,7
2022-03-01,53,1,15,7
2022-04-01,53,1,26,7
2022-05-01,53,1,25,3
2022-06-01,53,1,23,13
2022-07-01,53,1,17,6
2022-08-01,53,1,15,9
2022-09-01,53,1,24,9
2022-10-01,53,1,16,6
2022-11-01,53,1,26,12
2022-12-01,53,1,16,3
2023-01-01,53,1,14,6
2023-02-01,53,1,13,6
2023-03-01,53,1,23,8
2023-04-01,53,1,25,7
2023-05-01,53,1,14,7
2023-06-01,53,1,24,9
2023-07-01,53,1,18,8
2023-08-01,53,1,21,9
2023-09-01,53,1,9,6
2023-10-01,53,1,18,4
2023-11-01,53,1,15,7
2023-12-01,53,1,18,6
2024-01-01,53,1,21,7
2024-02-01,53,1,21,4
2024-03-01,53,1,14,6
2024-04-01,53,1,12,5
2024-05-01,53,1,18,7
2024-06-01,53,1,16,6
2024-07-01,53,1,28,8
2024-08-01,53,1,22,5
2024-09-01,53,1,16,5
2024-10-01,53,1,10,4
2024-11-01,53,1,16,6
2024-12-01,53,1,14,8
2025-01-01,53,1,20,8
2025-02-01,53,1,17,8
2025-03-01,53,1,18,6
2025-04-01,53,1,19,6
2025-05-01,53,1,14,4
2025-06-01,53,1,15,4
2025-07-01,53,1,16,5
2025-08-01,53,1,23,5
2025-09-01,53,1,17,5
2025-10-01,53,1,25,9
2025-11-01,53,1,9,3
2025-12-01,53,1,26,16
2026-01-01,53,1,23,11
2026-02-01,53,1,10,6
2026-03-01,53,1,20,6
2026-04-01,53,1,12,7
2026-05-01,53,1,17,10
2026-06-01,53,1,19,8
2022-01-01,54,1,23,5
2022-02-01,54,1,17,9
2022-03-01,54,1,17,7
2022-04-01,54,1,11,3
2022-05-01,54,1,22,7
2022-06-01,54,1,19,7
2022-07-01,54,1,20,6
2022-08-01,54,1,21,5
2022-09-01,54,1,15,5
2022-10-01,54,1,20,11
2022-11-01,54,1,13,4
2022-12-01,54,1,24,10
2023-01-01,54,1,16,7
2023-02-01,54,1,8,3
2023-03-01,54,1,17,7
2023-04-01,54,1,21,6
2023-05-01,54,1,26,7
2023-06-01,54,1,14,5
2023-07-01,54,1,18,8
2023-08-01,54,1,35,16
2023-09-01,54,1,13,6
2023-10-01,54,1,21,8
2023-11-01,54,1,23,7
2023-12-01,54,1,21,8
2024-01-01,54,1,20,9
2024-02-01,54,1,10,4
2024-03-01,54,1,21,9
2024-04-01,54,1,20,5
2024-05-01,54,1,21,8
2024-06-01,54,1,14,4
2024-07-01,54,1,13,5
2024-08-01,54,1,12,2
2024-09-01,54,1,23,10
2024-10-01,54,1,21,4
2024-11-01,54,1,17,4
2024-12-01,54,1,19,6
2025-01-01,54,1,24,15
2025-02-01,54,1,21,5
2025-03-01,54,1,25,13
2025-04-01,54,1,26,7
2025-05-01,54,1,18,8
2025-06-01,54,1,19,6
2025-07-01,54,1,16,4
2025-08-01,54,1,26,12
2025-09-01,54,1,20,8
2025-10-01,54,1,13,5
2025-11-01,54,1,19,3
2025-12-01,54,1,24,9
2026-01-01,54,1,16,3
2026-02-01,54,1,12,4
2026-03-01,54,1,15,1
2026-04-01,54,1,23,9
2026-05-01,54,1,14,9
2026-06-01,54,1,22,13
2022-01-01,55,1,25,13
2022-02-01,55,1,16,3
2022-03-01,55,1,15,6
2022-04-01,55,1,17,9
2022-05-01,55,1,24,12
2022-06-01,55,1,22,8
2022-07-01,55,1,19,7
2022-08-01,55,1,20,10
2022-09-01,55,1,23,8
2022-10-01,55,1,21,11
2022-11-01,55,1,15,8
2022-12-01,55,1,18,8
2023-01-01,55,1,17,3
2023-02-01,55,1,15,7
2023-03-01,55,1,22,7
2023-04-01,55,1,20,4
2023-05-01,55,1,17,8
2023-06-01,55,1,16,2
2023-07-01,55,1,12,3
2023-08-01,55,1,13,3
2023-09-01,55,1,23,5
2023-10-01,55,1,19,6
2023-11-01,55,1,16,3
2023-12-01,55,1,19,8
2024-01-01,55,1,12,3
2024-02-01,55,1,18,7
2024-03-01,55,1,14,4
2024-04-01,55,1,18,8
2024-05-01,55,1,21,8
2024-06-01,55,1,20,10
2024-07-01,55,1,18,5
2024-08-01,55,1,16,10
2024-09-01,55,1,21,6
2024-10-01,55,1,16,4
2024-11-01,55,1,16,8
2024-12-01,55,1,19,13
2025-01-01,55,1,17,7
2025-02-01,55,1,17,5
2025-03-01,55,1,21,7
2025-04-01,55,1,24,11
2025-05-01,55,1,26,14
2025-06-01,55,1,21,10
2025-07-01,55,1,23,4
2025-08-01,55,1,26,8
2025-09-01,55,1,18,7
2025-10-01,55,1,13,3
2025-11-01,55,1,19,11
2025-12-01,55,1,20,8
2026-01-01,55,1,18,5
2026-02-01,55,1,19,10
2026-03-01,55,1,23,10
2026-04-01,55,1,15,6
2026-05-01,55,1,21,7
2026-06-01,55,1,6,2
2022-01-01,56,1,14,3
2022-02-01,56,1,12,3
2022-03-01,56,1,22,7
2022-04-01,56,1,22,7
2022-05-01,56,1,16,7
2022-06-01,56,1,19,6
2022-07-01,56,1,25,12
2022-08-01,56,1,24,9
2022-09-01,56,1,13,8
2022-10-01,56,1,13,2
2022-11-01,56,1,17,6
2022-12-01,56,1,16,5
2023-01-01,56,1,22,10
2023-02-01,56,1,20,7
2023-03-01,56,1,17,9
2023-04-01,56,1,14,6
2023-05-01,56,1,18,8
2023-06-01,56,1,22,7
2023-07-01,56,1,27,10
2023-08-01,56,1,25,9
2023-09-01,56,1,14,2
2023-10-01,56,1,23,7
2023-11-01,56,1,23,13
2023-12-01,56,1,20,4
2024-01-01,56,1,21,8
2024-02-01,56,1,14,4
2024-03-01,56,1,30,10
2024-04-01,56,1,17,8
2024-05-01,56,1,14,5
2024-06-01,56,1,23,10
2024-07-01,56,1,13,7
2024-08-01,56,1,12,4
2024-09-01,56,1,24,8
2024-10-01,56,1,22,8
2024-11-01,56,1,18,9
2024-12-01,56,1,13,4
2025-01-01,56,1,25,10
2025-02-01,56,1,14,6
2025-03-01,56,1,28,10
2025-04-01,56,1,12,5
2025-05-01,56,1,20,6
2025-06-01,56,1,15,6
2025-07-01,56,1,19,7
2025-08-01,56,1,15,5
2025-09-01,56,1,23,13
2025-10-01,56,1,11,4
2025-11-01,56,1,17,6
2025-12-01,56,1,18,9
2026-01-01,56,1,17,7
2026-02-01,56,1,17,5
2026-03-01,56,1,10,3
2026-04-01,56,1,23,6
2026-05-01,56,1,15,5
2026-06-01,56,1,21,8
2022-01-01,57,1,25,9
2022-02-01,57,1,16,3
2022-03-01,57,1,21,9
2022-04-01,57,1,18,10
2022-05-01,57,1,23,7
2022-06-01,57,1,21,10
2022-07-01,57,1,22,9
2022-08-01,57,1,15,8
2022-09-01,57,1,18,9
2022-10-01,57,1,17,7
2022-11-01,57,1,21,9
2022-12-01,57,1,22,8
2023-01-01,57,1,22,8
2023-02-01,57,1,14,4
2023-03-01,57,1,11,2
2023-04-01,57,1,12,4
2023-05-01,57,1,13,4
2023-06-01,57,1,19,8
2023-07-01,57,1,19,7
2023-08-01,57,1,16,6
2023-09-01,57,1,22,15
2023-10-01,57,1,24,8
2023-11-01,57,1,11,5
2023-12-01,57,1,22,8
2024-01-01,57,1,14,9
2024-02-01,57,1,23,8
2024-03-01,57,1,24,11
2024-04-01,57,1,18,4
2024-05-01,57,1,19,5
2024-06-01,57,1,17,3
2024-07-01,57,1,27,6
2024-08-01,57,1,17,5
2024-09-01,57,1,19,8
2024-10-01,57,1,16,8
2024-11-01,57,1,17,3
2024-12-01,57,1,18,11
2025-01-01,57,1,15,4
2025-02-01,57,1,21,6
2025-03-01,57,1,15,7
2025-04-01,57,1,13,7
2025-05-01,57,1,19,9
2025-06-01,57,1,21,7
2025-07-01,57,1,14,5
2025-08-01,57,1,19,8
2025-09-01,57,1,10,5
2025-10-01,57,1,18,8
2025-11-01,57,1,20,10
2025-12-01,57,1,17,6
2026-01-01,57,1,18,9
2026-02-01,57,1,30,12
2026-03-01,57,1,22,9
2026-04-01,57,1,20,5
2026-05-01,57,1,16,8
2026-06-01,57,1,16,4
2022-01-01,58,1,30,17
2022-02-01,58,1,14,7
2022-03-01,58,1,17,7
2022-04-01,58,1,20,7
2022-05-01,58,1,16,7
2022-06-01,58,1,16,8
2022-07-01,58,1,15,6
2022-08-01,58,1,17,3
2022-09-01,58,1,21,14
2022-10-01,58,1,27,15
2022-11-01,58,1,11,4
2022-12-01,58,1,21,8
2023-01-01,58,1,16,6
2023-02-01,58,1,14,4
2023-03-01,58,1,22,6
2023-04-01,58,1,14,2
2023-05-01,58,1,20,6
2023-06-01,58,1,17,5
2023-07-01,58,1,16,4
2023-08-01,58,1,21,8
2023-09-01,58,1,23,9
2023-10-01,58,1,19,12
2023-11-01,58,1,19,11
2023-12-01,58,1,17,9
2024-01-01,58,1,15,8
2024-02-01,58,1,13,8
2024-03-01,58,1,9,3
2024-04-01,58,1,24,7
2024-05-01,58,1,20,10
2024-06-01,58,1,24,11
2024-07-01,58,1,25,9
2024-08-01,58,1,14,9
2024-09-01,58,1,20,8
2024-10-01,58,1,16,9
2024-11-01,58,1,26,8
2024-12-01,58,1,22,6
2025-01-01,58,1,25,10
2025-02-01,58,1,19,7
2025-03-01,58,1,22,9
2025-04-01,58,1,19,9
2025-05-01,58,1,20,6
2025-06-01,58,1,13,2
2025-07-01,58,1,18,7
2025-08-01,58,1,10,3
2025-09-01,58,1,17,3
2025-10-01,58,1,23,9
2025-11-01,58,1,19,8
2025-12-01,58,1,29,7
2026-01-01,58,1,11,3
2026-02-01,58,1,19,3
2026-03-01,58,1,13,5
2026-04-01,58,1,15,8
2026-05-01,58,1,20,8
2026-06-01,58,1,7,3
2022-01-01,59,1,23,9
2022-02-01,59,1,14,5
2022-03-01,59,1,22,8
2022-04-01,59,1,22,7
2022-05-01,59,1,17,5
2022-06-01,59,1,17,7
2022-07-01,59,1,17,8
2022-08-01,59,1,17,3
2022-09-01,59,1,15,4
2022-10-01,59,1,23,12
2022-11-01,59,1,23,10
2022-12-01,59,1,28,11
2023-01-01,59,1,15,6
2023-02-01,59,1,13,3
2023-03-01,59,1,20,4
2023-04-01,59,1,27,17
2023-05-01,59,1,19,3
2023-06-01,59,1,21,10
2023-07-01,59,1,22,5
2023-08-01,59,1,14,3
2023-09-01,59,1,16,2
2023-10-01,59,1,22,9
2023-11-01,59,1,13,5
2023-12-01,59,1,19,8
2024-01-01,59,1,15,5
2024-02-01,59,1,26,8
2024-03-01,59,1,20,7
2024-04-01,59,1,18,7
2024-05-01,59,1,14,5
2024-06-01,59,1,17,3
2024-07-01,59,1,16,5
2024-08-01,59,1,17,6
2024-09-01,59,1,12,8
2024-10-01,59,1,32,16
2024-11-01,59,1,22,9
2024-12-01,59,1,19,8
2025-01-01,59,1,18,8
2025-02-01,59,1,14,5
2025-03-01,59,1,23,11
2025-04-01,59,1,21,8
2025-05-01,59,1,24,7
2025-06-01,59,1,16,5
2025-07-01,59,1,18,4
2025-08-01,59,1,23,8
2025-09-01,59,1,14,6
2025-10-01,59,1,21,8
2025-11-01,59,1,10,2
2025-12-01,59,1,24,7
2026-01-01,59,1,21,7
2026-02-01,59,1,12,3
2026-03-01,59,1,21,9
2026-04-01,59,1,22,8
2026-05-01,59,1,14,9
2026-06-01,59,1,10,3
2022-01-01,60,1,17,10
2022-02-01,60,1,15,11
2022-03-01,60,1,14,8
2022-04-01,60,1,19,8
2022-05-01,60,1,16,11
2022-06-01,60,1,21,8
2022-07-01,60,1,26,9
2022-08-01,60,1,20,6
2022-09-01,60,1,17,3
2022-10-01,60,1,18,8
2022-11-01,60,1,23,8
2022-12-01,60,1,24,12
2023-01-01,60,1,16,8
2023-02-01,60,1,17,10
2023-03-01,60,1,18,6
2023-04-01,60,1,16,8
2023-05-01,60,1,14,4
2023-06-01,60,1,22,9
2023-07-01,60,1,14,7
2023-08-01,60,1,13,4
2023-09-01,60,1,11,3
2023-10-01,60,1,16,6
2023-11-01,60,1,13,5
2023-12-01,60,1,19,8
2024-01-01,60,1,14,7
2024-02-01,60,1,15,4
2024-03-01,60,1,18,6
2024-04-01,60,1,15,6
2024-05-01,60,1,25,14
2024-06-01,60,1,16,6
2024-07-01,60,1,16,6
2024-08-01,60,1,17,5
2024-09-01,60,1,21,10
2024-10-01,60,1,17,8
2024-11-01,60,1,19,8
2024-12-01,60,1,24,8
2025-01-01,60,1,20,5
2025-02-01,60,1,21,8
2025-03-01,60,1,17,9
2025-04-01,60,1,15,4
2025-05-01,60,1,20,7
2025-06-01,60,1,22,9
2025-07-01,60,1,23,10
2025-08-01,60,1,20,7
2025-09-01,60,1,19,6
2025-10-01,60,1,9,3
2025-11-01,60,1,15,5
2025-12-01,60,1,18,3
2026-01-01,60,1,11,6
2026-02-01,60,1,20,7
2026-03-01,60,1,23,7
2026-04-01,60,1,19,10
2026-05-01,60,1,24,7
2026-06-01,60,1,21,10
2022-01-01,61,1,17,8
2022-02-01,61,1,10,6
2022-03-01,61,1,13,4
2022-04-01,61,1,14,4
2022-05-01,61,1,13,1
2022-06-01,61,1,17,3
2022-07-01,61,1,22,8
2022-08-01,61,1,13,4
2022-09-01,61,1,16,3
2022-10-01,61,1,24,4
2022-11-01,61,1,14,5
2022-12-01,61,1,11,6
2023-01-01,61,1,16,6
2023-02-01,61,1,17,7
2023-03-01,61,1,21,6
2023-04-01,61,1,20,7
2023-05-01,61,1,18,8
2023-06-01,61,1,22,6
2023-07-01,61,1,18,6
2023-08-01,61,1,20,9
2023-09-01,61,1,14,6
2023-10-01,61,1,20,8
2023-11-01,61,1,19,8
2023-12-01,61,1,17,10
2024-01-01,61,1,20,12
2024-02-01,61,1,23,5
2024-03-01,61,1,21,7
2024-04-01,61,1,18,3
2024-05-01,61,1,21,7
2024-06-01,61,1,18,9
2024-07-01,61,1,11,8
2024-08-01,61,1,11,0
2024-09-01,61,1,20,9
2024-10-01,61,1,27,13
2024-11-01,61,1,31,13
2024-12-01,61,1,16,10
2025-01-01,61,1,15,5
2025-02-01,61,1,16,5
2025-03-01,61,1,16,4
2025-04-01,61,1,17,5
2025-05-01,61,1,18,5
2025-06-01,61,1,21,7
2025-07-01,61,1,17,6
2025-08-01,61,1,25,10
2025-09-01,61,1,11,4
2025-10-01,61,1,11,5
2025-11-01,61,1,22,13
2025-12-01,61,1,22,6
2026-01-01,61,1,13,7
2026-02-01,61,1,14,6
2026-03-01,61,1,19,8
2026-04-01,61,1,16,5
2026-05-01,61,1,12,2
2026-06-01,61,1,12,3
2022-01-01,62,1,23,10
2022-02-01,62,1,21,8
2022-03-01,62,1,14,6
2022-04-01,62,1,26,8
2022-05-01,62,1,16,7
2022-06-01,62,1,17,6
2022-07-01,62,1,23,7
2022-08-01,62,1,17,7
2022-09-01,62,1,20,7
2022-10-01,62,1,19,15
2022-11-01,62,1,19,7
2022-12-01,62,1,27,12
2023-01-01,62,1,17,8
2023-02-01,62,1,16,6
2023-03-01,62,1,11,5
2023-04-01,62,1,17,6
2023-05-01,62,1,14,5
2023-06-01,62,1,17,5
2023-07-01,62,1,16,2
2023-08-01,62,1,20,9
2023-09-01,62,1,14,1
2023-10-01,62,1,19,11
2023-11-01,62,1,17,6
2023-12-01,62,1,17,9
2024-01-01,62,1,21,6
2024-02-01,62,1,23,9
2024-03-01,62,1,22,9
2024-04-01,62,1,11,1
2024-05-01,62,1,15,4
2024-06-01,62,1,19,8
2024-07-01,62,1,19,13
2024-08-01,62,1,15,5
2024-09-01,62,1,16,6
2024-10-01,62,1,16,7
2024-11-01,62,1,13,4
2024-12-01,62,1,12,3
2025-01-01,62,1,29,6
2025-02-01,62,1,16,5
2025-03-01,62,1,20,7
2025-04-01,62,1,21,5
2025-05-01,62,1,18,3
2025-06-01,62,1,25,6
2025-07-01,62,1,16,3
2025-08-01,62,1,24,8
2025-09-01,62,1,25,10
2025-10-01,62,1,23,4
2025-11-01,62,1,18,9
2025-12-01,62,1,22,9
2026-01-01,62,1,20,7
2026-02-01,62,1,15,8
2026-03-01,62,1,22,8
2026-04-01,62,1,17,1
2026-05-01,62,1,16,8
2026-06-01,62,1,24,4
2022-01-01,63,1,17,9
2022-02-01,63,1,12,4
2022-03-01,63,1,23,10
2022-04-01,63,1,18,7
2022-05-01,63,1,19,12
2022-06-01,63,1,27,6
2022-07-01,63,1,24,12
2022-08-01,63,1,20,6
2022-09-01,63,1,21,10
2022-10-01,63,1,20,7
2022-11-01,63,1,17,8
2022-12-01,63,1,18,5
2023-01-01,63,1,21,5
2023-02-01,63,1,23,9
2023-03-01,63,1,20,5
2023-04-01,63,1,21,9
2023-05-01,63,1,24,10
2023-06-01,63,1,14,8
2023-07-01,63,1,14,7
2023-08-01,63,1,14,7
2023-09-01,63,1,28,12
2023-10-01,63,1,15,8
2023-11-01,63,1,12,4
2023-12-01,63,1,25,15
2024-01-01,63,1,15,5
2024-02-01,63,1,15,8
2024-03-01,63,1,18,5
2024-04-01,63,1,21,6
2024-05-01,63,1,19,9
2024-06-01,63,1,23,8
2024-07-01,63,1,18,5
2024-08-01,63,1,22,8
2024-09-01,63,1,16,7
2024-10-01,63,1,15,9
2024-11-01,63,1,24,11
2024-12-01,63,1,15,7
2025-01-01,63,1,25,5
2025-02-01,63,1,17,7
2025-03-01,63,1,17,8
2025-04-01,63,1,18,9
2025-05-01,63,1,23,8
2025-06-01,63,1,21,8
2025-07-01,63,1,23,6
2025-08-01,63,1,16,9
2025-09-01,63,1,20,7
2025-10-01,63,1,15,3
2025-11-01,63,1,20,6
2025-12-01,63,1,27,10
2026-01-01,63,1,21,8
2026-02-01,63,1,13,5
2026-03-01,63,1,19,4
2026-04-01,63,1,20,2
2026-05-01,63,1,16,4
2026-06-01,63,1,24,8
2022-01-01,64,1,26,11
2022-02-01,64,1,18,7
2022-03-01,64,1,13,3
2022-04-01,64,1,19,7
2022-05-01,64,1,23,10
2022-06-01,64,1,20,9
2022-07-01,64,1,20,4
2022-08-01,64,1,24,10
2022-09-01,64,1,17,5
2022-10-01,64,1,15,7
2022-11-01,64,1,12,4
2022-12-01,64,1,14,3
2023-01-01,64,1,11,3
2023-02-01,64,1,24,11
2023-03-01,64,1,20,3
2023-04-01,64,1,17,6
2023-05-01,64,1,21,7
2023-06-01,64,1,16,6
2023-07-01,64,1,12,3
2023-08-01,64,1,22,6
2023-09-01,64,1,16,5
2023-10-01,64,1,23,7
2023-11-01,64,1,23,5
2023-12-01,64,1,18,3
2024-01-01,64,1,19,3
2024-02-01,64,1,15,6
2024-03-01,64,1,12,4
2024-04-01,64,1,17,7
2024-05-01,64,1,19,6
2024-06-01,64,1,21,6
2024-07-01,64,1,20,11
2024-08-01,64,1,24,8
2024-09-01,64,1,17,7
2024-10-01,64,1,22,14
2024-11-01,64,1,22,12
2024-12-01,64,1,18,4
2025-01-01,64,1,20,6
2025-02-01,64,1,13,5
2025-03-01,64,1,17,4
2025-04-01,64,1,12,6
2025-05-01,64,1,18,5
2025-06-01,64,1,18,7
2025-07-01,64,1,21,14
2025-08-01,64,1,17,9
2025-09-01,64,1,21,7
2025-10-01,64,1,16,7
2025-11-01,64,1,18,6
2025-12-01,64,1,18,10
2026-01-01,64,1,18,6
2026-02-01,64,1,20,7
2026-03-01,64,1,19,8
2026-04-01,64,1,21,4
2026-05-01,64,1,24,8
2026-06-01,64,1,20,4
2022-01-01,65,1,20,8
2022-02-01,65,1,14,5
2022-03-01,65,1,15,5
2022-04-01,65,1,17,6
2022-05-01,65,1,11,3
2022-06-01,65,1,19,8
2022-07-01,65,1,18,8
2022-08-01,65,1,12,7
2022-09-01,65,1,14,6
2022-10-01,65,1,20,11
2022-11-01,65,1,17,7
2022-12-01,65,1,22,8
2023-01-01,65,1,15,3
2023-02-01,65,1,18,5
2023-03-01,65,1,17,4
2023-04-01,65,1,11,2
2023-05-01,65,1,23,7
2023-06-01,65,1,13,4
2023-07-01,65,1,16,6
2023-08-01,65,1,16,3
2023-09-01,65,1,18,7
2023-10-01,65,1,14,5
2023-11-01,65,1,20,7
2023-12-01,65,1,25,7
2024-01-01,65,1,22,5
2024-02-01,65,1,15,5
2024-03-01,65,1,25,11
2024-04-01,65,1,9,2
2024-05-01,65,1,18,5
2024-06-01,65,1,23,7
2024-07-01,65,1,16,5
2024-08-01,65,1,22,6
2024-09-01,65,1,20,7
2024-10-01,65,1,14,6
2024-11-01,65,1,18,7
2024-12-01,65,1,21,10
2025-01-01,65,1,20,8
2025-02-01,65,1,13,7
2025-03-01,65,1,21,10
2025-04-01,65,1,22,7
2025-05-01,65,1,25,13
2025-06-01,65,1,21,8
2025-07-01,65,1,21,9
2025-08-01,65,1,25,10
2025-09-01,65,1,14,5
2025-10-01,65,1,22,8
2025-11-01,65,1,29,12
2025-12-01,65,1,12,8
2026-01-01,65,1,20,3
2026-02-01,65,1,10,3
2026-03-01,65,1,14,5
2026-04-01,65,1,25,9
2026-05-01,65,1,12,6
2026-06-01,65,1,22,11
2022-01-01,66,1,13,6
2022-02-01,66,1,18,3
2022-03-01,66,1,13,7
2022-04-01,66,1,25,10
2022-05-01,66,1,25,8
2022-06-01,66,1,21,5
2022-07-01,66,1,12,4
2022-08-01,66,1,16,6
2022-09-01,66,1,22,9
2022-10-01,66,1,11,4
2022-11-01,66,1,18,4
2022-12-01,66,1,19,10
2023-01-01,66,1,12,6
2023-02-01,66,1,15,8
2023-03-01,66,1,20,6
2023-04-01,66,1,19,5
2023-05-01,66,1,17,5
2023-06-01,66,1,20,9
2023-07-01,66,1,14,4
2023-08-01,66,1,23,12
2023-09-01,66,1,16,6
2023-10-01,66,1,18,11
2023-11-01,66,1,19,6
2023-12-01,66,1,22,8
2024-01-01,66,1,16,6
2024-02-01,66,1,17,8
2024-03-01,66,1,15,8
2024-04-01,66,1,17,7
2024-05-01,66,1,24,12
2024-06-01,66,1,21,7
2024-07-01,66,1,21,7
2024-08-01,66,1,22,11
2024-09-01,66,1,20,6
2024-10-01,66,1,19,9
2024-11-01,66,1,12,1
2024-12-01,66,1,19,8
2025-01-01,66,1,24,4
2025-02-01,66,1,14,6
2025-03-01,66,1,20,8
2025-04-01,66,1,22,7
2025-05-01,66,1,12,5
2025-06-01,66,1,14,5
2025-07-01,66,1,17,3
2025-08-01,66,1,25,9
2025-09-01,66,1,22,11
2025-10-01,66,1,14,7
2025-11-01,66,1,15,3
2025-12-01,66,1,17,4
2026-01-01,66,1,20,7
2026-02-01,66,1,17,6
2026-03-01,66,1,20,12
2026-04-01,66,1,22,12
2026-05-01,66,1,13,5
2026-06-01,66,1,15,3
2022-01-01,67,1,19,8
2022-02-01,67,1,18,8
2022-03-01,67,1,15,5
2022-04-01,67,1,23,11
2022-05-01,67,1,26,13
2022-06-01,67,1,27,8
2022-07-01,67,1,11,5
2022-08-01,67,1,18,4
2022-09-01,67,1,21,5
2022-10-01,67,1,21,7
2022-11-01,67,1,14,8
2022-12-01,67,1,25,7
2023-01-01,67,1,20,8
2023-02-01,67,1,26,11
2023-03-01,67,1,23,10
2023-04-01,67,1,21,7
2023-05-01,67,1,17,7
2023-06-01,67,1,14,5
2023-07-01,67,1,23,14
2023-08-01,67,1,23,10
2023-09-01,67,1,18,10
2023-10-01,67,1,24,13
2023-11-01,67,1,17,7
2023-12-01,67,1,17,7
2024-01-01,67,1,22,6
2024-02-01,67,1,26,14
2024-03-01,67,1,19,10
2024-04-01,67,1,12,5
2024-05-01,67,1,21,5
2024-06-01,67,1,26,9
2024-07-01,67,1,20,7
2024-08-01,67,1,25,9
2024-09-01,67,1,20,6
2024-10-01,67,1,18,8
2024-11-01,67,1,28,10
2024-12-01,67,1,18,10
2025-01-01,67,1,28,7
2025-02-01,67,1,15,6
2025-03-01,67,1,22,9
2025-04-01,67,1,10,7
2025-05-01,67,1,27,10
2025-06-01,67,1,19,9
2025-07-01,67,1,26,11
2025-08-01,67,1,20,10
2025-09-01,67,1,19,5
2025-10-01,67,1,27,12
2025-11-01,67,1,16,4
2025-12-01,67,1,24,11
2026-01-01,67,1,22,3
2026-02-01,67,1,15,5
2026-03-01,67,1,18,10
2026-04-01,67,1,16,7
2026-05-01,67,1,19,9
2026-06-01,67,1,16,7
2022-01-01,68,1,18,4
2022-02-01,68,1,11,5
2022-03-01,68,1,15,9
2022-04-01,68,1,18,9
2022-05-01,68,1,16,5
2022-06-01,68,1,21,5
2022-07-01,68,1,22,8
2022-08-01,68,1,17,7
2022-09-01,68,1,24,11
2022-10-01,68,1,17,8
2022-11-01,68,1,17,6
2022-12-01,68,1,20,5
2023-01-01,68,1,21,6
2023-02-01,68,1,18,5
2023-03-01,68,1,11,5
2023-04-01,68,1,22,10
2023-05-01,68,1,18,8
2023-06-01,68,1,8,3
2023-07-01,68,1,21,5
2023-08-01,68,1,23,15
2023-09-01,68,1,20,11
2023-10-01,68,1,19,11
2023-11-01,68,1,29,14
2023-12-01,68,1,14,4
2024-01-01,68,1,18,6
2024-02-01,68,1,12,3
2024-03-01,68,1,25,10
2024-04-01,68,1,30,14
2024-05-01,68,1,17,8
2024-06-01,68,1,21,7
2024-07-01,68,1,16,7
2024-08-01,68,1,11,6
2024-09-01,68,1,20,5
2024-10-01,68,1,11,4
2024-11-01,68,1,18,9
2024-12-01,68,1,20,5
2025-01-01,68,1,18,6
2025-02-01,68,1,20,4
2025-03-01,68,1,27,16
2025-04-01,68,1,18,10
2025-05-01,68,1,13,5
2025-06-01,68,1,14,5
2025-07-01,68,1,27,11
2025-08-01,68,1,21,10
2025-09-01,68,1,19,4
2025-10-01,68,1,19,4
2025-11-01,68,1,25,15
2025-12-01,68,1,16,11
2026-01-01,68,1,27,6
2026-02-01,68,1,19,7
2026-03-01,68,1,23,10
2026-04-01,68,1,20,10
2026-05-01,68,1,14,8
2026-06-01,68,1,17,5
2022-01-01,69,1,14,10
2022-02-01,69,1,8,4
2022-03-01,69,1,17,6
2022-04-01,69,1,17,5
2022-05-01,69,1,15,8
2022-06-01,69,1,14,5
2022-07-01,69,1,19,11
2022-08-01,69,1,22,7
2022-09-01,69,1,21,8
2022-10-01,69,1,20,5
2022-11-01,69,1,16,4
2022-12-01,69,1,22,7
2023-01-01,69,1,19,5
2023-02-01,69,1,18,9
2023-03-01,69,1,17,8
2023-04-01,69,1,25,10
2023-05-01,69,1,25,13
2023-06-01,69,1,16,3
2023-07-01,69,1,19,8
2023-08-01,69,1,18,7
2023-09-01,69,1,20,7
2023-10-01,69,1,19,9
2023-11-01,69,1,18,6
2023-12-01,69,1,22,11
2024-01-01,69,1,19,10
2024-02-01,69,1,21,9
2024-03-01,69,1,23,9
2024-04-01,69,1,19,9
2024-05-01,69,1,16,9
2024-06-01,69,1,25,12
2024-07-01,69,1,21,9
2024-08-01,69,1,20,9
2024-09-01,69,1,17,6
2024-10-01,69,1,17,6
2024-11-01,69,1,16,5
2024-12-01,69,1,22,9
2025-01-01,69,1,14,5
2025-02-01,69,1,22,9
2025-03-01,69,1,13,4
2025-04-01,69,1,16,6
2025-05-01,69,1,18,4
2025-06-01,69,1,10,6
2025-07-01,69,1,19,9
2025-08-01,69,1,13,5
2025-09-01,69,1,13,4
2025-10-01,69,1,10,2
2025-11-01,69,1,23,9
2025-12-01,69,1,18,3
2026-01-01,69,1,12,6
2026-02-01,69,1,17,8
2026-03-01,69,1,25,9
2026-04-01,69,1,15,6
2026-05-01,69,1,26,11
2026-06-01,69,1,21,11
2022-01-01,70,1,22,6
2022-02-01,70,1,19,6
2022-03-01,70,1,18,2
2022-04-01,70,1,25,10
2022-05-01,70,1,14,8
2022-06-01,70,1,16,5
2022-07-01,70,1,24,8
2022-08-01,70,1,18,4
2022-09-01,70,1,20,6
2022-10-01,70,1,20,8
2022-11-01,70,1,14,7
2022-12-01,70,1,23,7
2023-01-01,70,1,22,3
2023-02-01,70,1,14,6
2023-03-01,70,1,21,10
2023-04-01,70,1,15,4
2023-05-01,70,1,21,7
2023-06-01,70,1,11,4
2023-07-01,70,1,29,12
2023-08-01,70,1,25,9
2023-09-01,70,1,21,9
2023-10-01,70,1,25,8
2023-11-01,70,1,28,11
2023-12-01,70,1,22,8
2024-01-01,70,1,27,17
2024-02-01,70,1,20,4
2024-03-01,70,1,26,14
2024-04-01,70,1,15,6
2024-05-01,70,1,18,9
2024-06-01,70,1,12,7
2024-07-01,70,1,21,11
2024-08-01,70,1,22,7
2024-09-01,70,1,26,10
2024-10-01,70,1,16,6
2024-11-01,70,1,13,7
2024-12-01,70,1,16,6
2025-01-01,70,1,24,12
2025-02-01,70,1,14,6
2025-03-01,70,1,22,8
2025-04-01,70,1,15,7
2025-05-01,70,1,18,7
2025-06-01,70,1,11,3
2025-07-01,70,1,26,8
2025-08-01,70,1,13,5
2025-09-01,70,1,15,10
2025-10-01,70,1,17,8
2025-11-01,70,1,18,4
2025-12-01,70,1,19,12
2026-01-01,70,1,17,7
2026-02-01,70,1,13,3
2026-03-01,70,1,20,5
2026-04-01,70,1,20,9
2026-05-01,70,1,12,3
2026-06-01,70,1,29,10
2022-01-01,71,1,22,8
2022-02-01,71,1,14,4
2022-03-01,71,1,15,2
2022-04-01,71,1,18,8
2022-05-01,71,1,20,9
2022-06-01,71,1,19,8
2022-07-01,71,1,12,7
2022-08-01,71,1,22,5
2022-09-01,71,1,14,4
2022-10-01,71,1,23,10
2022-11-01,71,1,12,3
2022-12-01,71,1,22,8
2023-01-01,71,1,29,19
2023-02-01,71,1,28,9
2023-03-01,71,1,17,8
2023-04-01,71,1,24,13
2023-05-01,71,1,18,9
2023-06-01,71,1,21,6
2023-07-01,71,1,21,6
2023-08-01,71,1,14,5
2023-09-01,71,1,20,7
2023-10-01,71,1,22,8
2023-11-01,71,1,20,8
2023-12-01,71,1,19,4
2024-01-01,71,1,23,8
2024-02-01,71,1,21,7
2024-03-01,71,1,16,7
2024-04-01,71,1,18,7
2024-05-01,71,1,18,11
2024-06-01,71,1,28,12
2024-07-01,71,1,20,5
2024-08-01,71,1,16,7
2024-09-01,71,1,24,10
2024-10-01,71,1,13,4
2024-11-01,71,1,10,3
2024-12-01,71,1,23,8
2025-01-01,71,1,20,10
2025-02-01,71,1,19,10
2025-03-01,71,1,23,6
2025-04-01,71,1,18,7
2025-05-01,71,1,23,6
2025-06-01,71,1,20,11
2025-07-01,71,1,23,12
2025-08-01,71,1,17,6
2025-09-01,71,1,22,11
2025-10-01,71,1,23,10
2025-11-01,71,1,24,8
2025-12-01,71,1,23,9
2026-01-01,71,1,13,3
2026-02-01,71,1,20,7
2026-03-01,71,1,18,5
2026-04-01,71,1,13,2
2026-05-01,71,1,21,8
2026-06-01,71,1,12,3
2022-01-01,72,1,16,9
2022-02-01,72,1,11,2
2022-03-01,72,1,19,8
2022-04-01,72,1,16,9
2022-05-01,72,1,12,7
2022-06-01,72,1,19,11
2022-07-01,72,1,18,10
2022-08-01,72,1,16,7
2022-09-01,72,1,18,6
2022-10-01,72,1,15,7
2022-11-01,72,1,17,5
2022-12-01,72,1,17,11
2023-01-01,72,1,23,7
2023-02-01,72,1,15,7
2023-03-01,72,1,33,11
2023-04-01,72,1,15,5
2023-05-01,72,1,18,7
2023-06-01,72,1,19,10
2023-07-01,72,1,16,8
2023-08-01,72,1,15,5
2023-09-01,72,1,22,7
2023-10-01,72,1,21,9
2023-11-01,72,1,19,11
2023-12-01,72,1,30,8
2024-01-01,72,1,17,4
2024-02-01,72,1,14,7
2024-03-01,72,1,25,13
2024-04-01,72,1,17,9
2024-05-01,72,1,19,7
2024-06-01,72,1,10,5
2024-07-01,72,1,14,8
2024-08-01,72,1,17,10
2024-09-01,72,1,21,7
2024-10-01,72,1,10,3
2024-11-01,72,1,16,6
2024-12-01,72,1,22,10
2025-01-01,72,1,20,14
2025-02-01,72,1,14,3
2025-03-01,72,1,10,5
2025-04-01,72,1,20,9
2025-05-01,72,1,23,11
2025-06-01,72,1,24,11
2025-07-01,72,1,21,10
2025-08-01,72,1,21,10
2025-09-01,72,1,22,7
2025-10-01,72,1,17,11
2025-11-01,72,1,18,5
2025-12-01,72,1,13,5
2026-01-01,72,1,20,8
2026-02-01,72,1,16,7
2026-03-01,72,1,21,4
2026-04-01,72,1,13,5
2026-05-01,72,1,17,9
2026-06-01,72,1,17,6
2022-01-01,73,1,11,5
2022-02-01,73,1,18,12
2022-03-01,73,1,24,8
2022-04-01,73,1,18,7
2022-05-01,73,1,17,7
2022-06-01,73,1,23,7
2022-07-01,73,1,24,9
2022-08-01,73,1,16,3
2022-09-01,73,1,18,6
2022-10-01,73,1,25,9
2022-11-01,73,1,12,3
2022-12-01,73,1,22,7
2023-01-01,73,1,13,7
2023-02-01,73,1,15,6
2023-03-01,73,1,15,4
2023-04-01,73,1,19,7
2023-05-01,73,1,21,8
2023-06-01,73,1,14,1
2023-07-01,73,1,18,6
2023-08-01,73,1,23,7
2023-09-01,73,1,18,8
2023-10-01,73,1,15,8
2023-11-01,73,1,19,6
2023-12-01,73,1,13,7
2024-01-01,73,1,22,7
2024-02-01,73,1,15,4
2024-03-01,73,1,19,4
2024-04-01,73,1,16,10
2024-05-01,73,1,18,8
2024-06-01,73,1,17,8
2024-07-01,73,1,22,7
2024-08-01,73,1,10,6
2024-09-01,73,1,16,8
2024-10-01,73,1,18,9
2024-11-01,73,1,9,3
2024-12-01,73,1,20,5
2025-01-01,73,1,21,12
2025-02-01,73,1,16,5
2025-03-01,73,1,24,7
2025-04-01,73,1,23,9
2025-05-01,73,1,16,4
2025-06-01,73,1,5,1
2025-07-01,73,1,16,7
2025-08-01,73,1,12,3
2025-09-01,73,1,16,9
2025-10-01,73,1,16,7
2025-11-01,73,1,12,5
2025-12-01,73,1,22,12
2026-01-01,73,1,19,8
2026-02-01,73,1,10,3
2026-03-01,73,1,10,2
2026-04-01,73,1,23,12
2026-05-01,73,1,24,14
2026-06-01,73,1,17,5
2022-01-01,74,1,22,13
2022-02-01,74,1,12,5
2022-03-01,74,1,17,8
2022-04-01,74,1,28,14
2022-05-01,74,1,16,3
2022-06-01,74,1,15,6
2022-07-01,74,1,24,6
2022-08-01,74,1,21,6
2022-09-01,74,1,15,7
2022-10-01,74,1,19,4
2022-11-01,74,1,22,10
2022-12-01,74,1,12,4
2023-01-01,74,1,19,8
2023-02-01,74,1,22,8
2023-03-01,74,1,20,4
2023-04-01,74,1,18,9
2023-05-01,74,1,15,4
2023-06-01,74,1,14,5
2023-07-01,74,1,23,4
2023-08-01,74,1,11,4
2023-09-01,74,1,19,9
2023-10-01,74,1,19,10
2023-11-01,74,1,20,6
2023-12-01,74,1,21,7
2024-01-01,74,1,23,8
2024-02-01,74,1,14,3
2024-03-01,74,1,23,8
2024-04-01,74,1,19,4
2024-05-01,74,1,15,5
2024-06-01,74,1,21,5
2024-07-01,74,1,14,6
2024-08-01,74,1,21,6
2024-09-01,74,1,19,8
2024-10-01,74,1,16,6
2024-11-01,74,1,10,2
2024-12-01,74,1,22,6
2025-01-01,74,1,13,4
2025-02-01,74,1,20,8
2025-03-01,74,1,17,3
2025-04-01,74,1,16,7
2025-05-01,74,1,20,5
2025-06-01,74,1,13,7
2025-07-01,74,1,31,10
2025-08-01,74,1,25,7
2025-09-01,74,1,17,9
2025-10-01,74,1,19,9
2025-11-01,74,1,15,7
2025-12-01,74,1,20,7
2026-01-01,74,1,17,6
2026-02-01,74,1,18,8
2026-03-01,74,1,22,11
2026-04-01,74,1,15,10
2026-05-01,74,1,9,2
2026-06-01,74,1,17,10
2022-01-01,75,1,15,6
2022-02-01,75,1,18,7
2022-03-01,75,1,11,4
2022-04-01,75,1,22,7
2022-05-01,75,1,14,3
2022-06-01,75,1,22,12
2022-07-01,75,1,28,6
2022-08-01,75,1,22,6
2022-09-01,75,1,15,3
2022-10-01,75,1,14,3
2022-11-01,75,1,12,4
2022-12-01,75,1,26,8
2023-01-01,75,1,17,6
2023-02-01,75,1,21,9
2023-03-01,75,1,16,5
2023-04-01,75,1,15,5
2023-05-01,75,1,20,8
2023-06-01,75,1,27,9
2023-07-01,75,1,11,3
2023-08-01,75,1,30,7
2023-09-01,75,1,17,8
2023-10-01,75,1,18,4
2023-11-01,75,1,22,9
2023-12-01,75,1,20,7
2024-01-01,75,1,17,9
2024-02-01,75,1,13,2
2024-03-01,75,1,12,4
2024-04-01,75,1,17,6
2024-05-01,75,1,18,6
2024-06-01,75,1,15,3
2024-07-01,75,1,16,7
2024-08-01,75,1,17,5
2024-09-01,75,1,16,6
2024-10-01,75,1,13,6
2024-11-01,75,1,14,5
2024-12-01,75,1,18,7
2025-01-01,75,1,13,4
2025-02-01,75,1,22,5
2025-03-01,75,1,29,10
2025-04-01,75,1,24,5
2025-05-01,75,1,19,10
2025-06-01,75,1,21,13
2025-07-01,75,1,22,5
2025-08-01,75,1,19,11
2025-09-01,75,1,22,7
2025-10-01,75,1,19,12
2025-11-01,75,1,17,6
2025-12-01,75,1,21,14
2026-01-01,75,1,29,10
2026-02-01,75,1,20,5
2026-03-01,75,1,14,5
2026-04-01,75,1,23,10
2026-05-01,75,1,19,6
2026-06-01,75,1,10,4
2022-01-01,76,1,19,8
2022-02-01,76,1,14,6
2022-03-01,76,1,32,9
2022-04-01,76,1,15,5
2022-05-01,76,1,24,10
2022-06-01,76,1,16,6
2022-07-01,76,1,19,8
2022-08-01,76,1,18,7
2022-09-01,76,1,15,1
2022-10-01,76,1,14,6
2022-11-01,76,1,11,5
2022-12-01,76,1,12,4
2023-01-01,76,1,21,9
2023-02-01,76,1,17,6
2023-03-01,76,1,12,6
2023-04-01,76,1,27,12
2023-05-01,76,1,29,7
2023-06-01,76,1,16,5
2023-07-01,76,1,10,4
2023-08-01,76,1,18,6
2023-09-01,76,1,28,9
2023-10-01,76,1,14,6
2023-11-01,76,1,20,5
2023-12-01,76,1,16,5
2024-01-01,76,1,9,2
2024-02-01,76,1,16,4
2024-03-01,76,1,21,11
2024-04-01,76,1,18,2
2024-05-01,76,1,18,7
2024-06-01,76,1,24,4
2024-07-01,76,1,19,8
2024-08-01,76,1,19,8
2024-09-01,76,1,22,6
2024-10-01,76,1,20,7
2024-11-01,76,1,24,10
2024-12-01,76,1,19,8
2025-01-01,76,1,24,9
2025-02-01,76,1,25,8
2025-03-01,76,1,20,10
2025-04-01,76,1,21,9
2025-05-01,76,1,17,5
2025-06-01,76,1,18,8
2025-07-01,76,1,26,9
2025-08-01,76,1,20,5
2025-09-01,76,1,19,6
2025-10-01,76,1,21,5
2025-11-01,76,1,21,5
2025-12-01,76,1,15,5
2026-01-01,76,1,13,2
2026-02-01,76,1,19,3
2026-03-01,76,1,23,10
2026-04-01,76,1,21,9
2026-05-01,76,1,23,10
2026-06-01,76,1,18,6
2022-01-01,77,1,19,7
2022-02-01,77,1,14,5
2022-03-01,77,1,26,9
2022-04-01,77,1,17,4
2022-05-01,77,1,20,5
2022-06-01,77,1,24,8
2022-07-01,77,1,24,6
2022-08-01,77,1,12,8
2022-09-01,77,1,21,5
2022-10-01,77,1,23,11
2022-11-01,77,1,20,6
2022-12-01,77,1,19,8
2023-01-01,77,1,22,9
2023-02-01,77,1,15,6
2023-03-01,77,1,27,12
2023-04-01,77,1,16,6
2023-05-01,77,1,27,13
2023-06-01,77,1,15,6
2023-07-01,77,1,19,8
2023-08-01,77,1,18,9
2023-09-01,77,1,24,2
2023-10-01,77,1,18,6
2023-11-01,77,1,18,6
2023-12-01,77,1,17,7
2024-01-01,77,1,18,8
2024-02-01,77,1,21,8
2024-03-01,77,1,12,4
2024-04-01,77,1,9,4
2024-05-01,77,1,14,4
2024-06-01,77,1,22,9
2024-07-01,77,1,21,9
2024-08-01,77,1,19,8
2024-09-01,77,1,19,8
2024-10-01,77,1,15,5
2024-11-01,77,1,16,5
2024-12-01,77,1,24,11
2025-01-01,77,1,22,6
2025-02-01,77,1,22,6
2025-03-01,77,1,18,9
2025-04-01,77,1,17,6
2025-05-01,77,1,14,5
2025-06-01,77,1,19,5
2025-07-01,77,1,15,3
2025-08-01,77,1,9,6
2025-09-01,77,1,17,2
2025-10-01,77,1,27,10
2025-11-01,77,1,23,11
2025-12-01,77,1,18,8
2026-01-01,77,1,18,6
2026-02-01,77,1,18,8
2026-03-01,77,1,21,8
2026-04-01,77,1,16,7
2026-05-01,77,1,23,8
2026-06-01,77,1,30,12
2022-01-01,78,1,18,11
2022-02-01,78,1,15,7
2022-03-01,78,1,12,4
2022-04-01,78,1,12,6
2022-05-01,78,1,11,3
2022-06-01,78,1,14,4
2022-07-01,78,1,18,9
2022-08-01,78,1,23,8
2022-09-01,78,1,20,6
2022-10-01,78,1,12,5
2022-11-01,78,1,14,7
2022-12-01,78,1,23,11
2023-01-01,78,1,14,5
2023-02-01,78,1,16,8
2023-03-01,78,1,15,5
2023-04-01,78,1,22,9
2023-05-01,78,1,14,5
2023-06-01,78,1,19,11
2023-07-01,78,1,14,4
2023-08-01,78,1,21,9
2023-09-01,78,1,17,12
2023-10-01,78,1,20,5
2023-11-01,78,1,20,9
2023-12-01,78,1,26,8
2024-01-01,78,1,23,9
2024-02-01,78,1,24,9
2024-03-01,78,1,20,5
2024-04-01,78,1,23,10
2024-05-01,78,1,13,6
2024-06-01,78,1,11,3
2024-07-01,78,1,16,7
2024-08-01,78,1,23,7
2024-09-01,78,1,19,7
2024-10-01,78,1,18,7
2024-11-01,78,1,14,4
2024-12-01,78,1,17,5
2025-01-01,78,1,19,3
2025-02-01,78,1,8,2
2025-03-01,78,1,19,6
2025-04-01,78,1,19,8
2025-05-01,78,1,25,8
2025-06-01,78,1,16,7
2025-07-01,78,1,18,5
2025-08-01,78,1,15,6
2025-09-01,78,1,18,6
2025-10-01,78,1,17,10
2025-11-01,78,1,13,5
2025-12-01,78,1,15,6
2026-01-01,78,1,21,6
2026-02-01,78,1,19,3
2026-03-01,78,1,21,11
2026-04-01,78,1,17,7
2026-05-01,78,1,15,6
2026-06-01,78,1,15,3
2022-01-01,79,1,16,7
2022-02-01,79,1,18,6
2022-03-01,79,1,13,4
2022-04-01,79,1,23,8
2022-05-01,79,1,26,8
2022-06-01,79,1,18,7
2022-07-01,79,1,20,6
2022-08-01,79,1,19,7
2022-09-01,79,1,22,9
2022-10-01,79,1,19,10
2022-11-01,79,1,13,2
2022-12-01,79,1,16,7
2023-01-01,79,1,23,6
2023-02-01,79,1,12,4
2023-03-01,79,1,22,8
2023-04-01,79,1,21,5
2023-05-01,79,1,17,8
2023-06-01,79,1,19,10
2023-07-01,79,1,17,6
2023-08-01,79,1,16,5
2023-09-01,79,1,19,8
2023-10-01,79,1,18,5
2023-11-01,79,1,14,6
2023-12-01,79,1,13,2
2024-01-01,79,1,15,6
2024-02-01,79,1,21,7
2024-03-01,79,1,15,4
2024-04-01,79,1,21,9
2024-05-01,79,1,16,8
2024-06-01,79,1,20,4
2024-07-01,79,1,18,4
2024-08-01,79,1,12,5
2024-09-01,79,1,14,6
2024-10-01,79,1,19,7
2024-11-01,79,1,15,4
2024-12-01,79,1,20,9
2025-01-01,79,1,17,6
2025-02-01,79,1,21,5
2025-03-01,79,1,14,5
2025-04-01,79,1,15,4
2025-05-01,79,1,17,7
2025-06-01,79,1,16,6
2025-07-01,79,1,24,6
2025-08-01,79,1,21,6
2025-09-01,79,1,14,3
2025-10-01,79,1,19,6
2025-11-01,79,1,22,7
2025-12-01,79,1,25,11
2026-01-01,79,1,12,6
2026-02-01,79,1,21,16
2026-03-01,79,1,17,5
2026-04-01,79,1,23,8
2026-05-01,79,1,16,6
2026-06-01,79,1,21,8
2022-01-01,80,1,8,3
2022-02-01,80,1,20,9
2022-03-01,80,1,17,9
2022-04-01,80,1,18,10
2022-05-01,80,1,15,6
2022-06-01,80,1,21,6
2022-07-01,80,1,24,11
2022-08-01,80,1,16,4
2022-09-01,80,1,26,8
2022-10-01,80,1,19,10
2022-11-01,80,1,10,3
2022-12-01,80,1,15,4
2023-01-01,80,1,15,7
2023-02-01,80,1,14,3
2023-03-01,80,1,20,10
2023-04-01,80,1,17,5
2023-05-01,80,1,20,7
2023-06-01,80,1,13,4
2023-07-01,80,1,18,9
2023-08-01,80,1,22,10
2023-09-01,80,1,16,10
2023-10-01,80,1,17,5
2023-11-01,80,1,16,5
2023-12-01,80,1,8,3
2024-01-01,80,1,24,9
2024-02-01,80,1,11,4
2024-03-01,80,1,13,5
2024-04-01,80,1,23,6
2024-05-01,80,1,18,8
2024-06-01,80,1,23,11
2024-07-01,80,1,15,4
2024-08-01,80,1,21,8
2024-09-01,80,1,20,3
2024-10-01,80,1,18,8
2024-11-01,80,1,21,10
2024-12-01,80,1,22,4
2025-01-01,80,1,21,7
2025-02-01,80,1,13,6
2025-03-01,80,1,23,7
2025-04-01,80,1,13,2
2025-05-01,80,1,23,8
2025-06-01,80,1,25,6
2025-07-01,80,1,27,11
2025-08-01,80,1,23,8
2025-09-01,80,1,25,5
2025-10-01,80,1,21,9
2025-11-01,80,1,25,11
2025-12-01,80,1,20,11
2026-01-01,80,1,20,12
2026-02-01,80,1,11,5
2026-03-01,80,1,13,2
2026-04-01,80,1,13,3
2026-05-01,80,1,20,9
2026-06-01,80,1,17,8
2022-01-01,81,1,17,4
2022-02-01,81,1,14,5
2022-03-01,81,1,24,9
2022-04-01,81,1,19,7
2022-05-01,81,1,18,4
2022-06-01,81,1,25,12
2022-07-01,81,1,12,7
2022-08-01,81,1,18,6
2022-09-01,81,1,17,7
2022-10-01,81,1,24,8
2022-11-01,81,1,22,6
2022-12-01,81,1,23,6
2023-01-01,81,1,16,6
2023-02-01,81,1,13,6
2023-03-01,81,1,22,4
2023-04-01,81,1,17,7
2023-05-01,81,1,11,6
2023-06-01,81,1,18,9
2023-07-01,81,1,15,4
2023-08-01,81,1,18,9
2023-09-01,81,1,15,8
2023-10-01,81,1,18,5
2023-11-01,81,1,18,10
2023-12-01,81,1,17,8
2024-01-01,81,1,26,9
2024-02-01,81,1,16,5
2024-03-01,81,1,15,7
2024-04-01,81,1,11,5
2024-05-01,81,1,22,11
2024-06-01,81,1,14,4
2024-07-01,81,1,18,3
2024-08-01,81,1,14,5
2024-09-01,81,1,23,6
2024-10-01,81,1,19,3
2024-11-01,81,1,11,5
2024-12-01,81,1,18,10
2025-01-01,81,1,13,7
2025-02-01,81,1,22,3
2025-03-01,81,1,25,11
2025-04-01,81,1,18,7
2025-05-01,81,1,27,5
2025-06-01,81,1,9,2
2025-07-01,81,1,18,6
2025-08-01,81,1,13,3
2025-09-01,81,1,15,3
2025-10-01,81,1,19,6
2025-11-01,81,1,12,4
2025-12-01,81,1,16,11
2026-01-01,81,1,13,4
2026-02-01,81,1,12,7
2026-03-01,81,1,23,7
2026-04-01,81,1,15,6
2026-05-01,81,1,19,8
2026-06-01,81,1,22,12
2022-01-01,82,1,19,7
2022-02-01,82,1,20,12
2022-03-01,82,1,22,8
2022-04-01,82,1,22,7
2022-05-01,82,1,15,7
2022-06-01,82,1,23,6
2022-07-01,82,1,29,14
2022-08-01,82,1,21,7
2022-09-01,82,1,21,3
2022-10-01,82,1,12,4
2022-11-01,82,1,19,7
2022-12-01,82,1,21,9
2023-01-01,82,1,18,7
2023-02-01,82,1,24,8
2023-03-01,82,1,11,5
2023-04-01,82,1,22,10
2023-05-01,82,1,18,5
2023-06-01,82,1,15,7
2023-07-01,82,1,26,9
2023-08-01,82,1,15,5
2023-09-01,82,1,14,4
2023-10-01,82,1,19,10
2023-11-01,82,1,19,6
2023-12-01,82,1,17,6
2024-01-01,82,1,17,7
2024-02-01,82,1,17,10
2024-03-01,82,1,17,5
2024-04-01,82,1,20,4
2024-05-01,82,1,21,10
2024-06-01,82,1,19,4
2024-07-01,82,1,15,5
2024-08-01,82,1,26,7
2024-09-01,82,1,23,8
2024-10-01,82,1,25,9
2024-11-01,82,1,8,1
2024-12-01,82,1,19,6
2025-01-01,82,1,22,11
2025-02-01,82,1,14,8
2025-03-01,82,1,18,8
2025-04-01,82,1,18,8
2025-05-01,82,1,25,9
2025-06-01,82,1,19,4
2025-07-01,82,1,13,4
2025-08-01,82,1,20,8
2025-09-01,82,1,16,6
2025-10-01,82,1,23,7
2025-11-01,82,1,20,4
2025-12-01,82,1,14,7
2026-01-01,82,1,22,8
2026-02-01,82,1,13,9
2026-03-01,82,1,19,7
2026-04-01,82,1,18,6
2026-05-01,82,1,17,4
2026-06-01,82,1,17,5
2022-01-01,83,1,22,11
2022-02-01,83,1,24,7
2022-03-01,83,1,16,2
2022-04-01,83,1,18,7
2022-05-01,83,1,22,9
2022-06-01,83,1,19,6
2022-07-01,83,1,21,7
2022-08-01,83,1,19,3
2022-09-01,83,1,22,9
2022-10-01,83,1,17,8
2022-11-01,83,1,16,2
2022-12-01,83,1,16,6
2023-01-01,83,1,14,5
2023-02-01,83,1,19,5
2023-03-01,83,1,17,5
2023-04-01,83,1,8,2
2023-05-01,83,1,17,8
2023-06-01,83,1,17,7
2023-07-01,83,1,11,4
2023-08-01,83,1,19,11
2023-09-01,83,1,17,10
2023-10-01,83,1,11,3
2023-11-01,83,1,22,12
2023-12-01,83,1,10,5
2024-01-01,83,1,25,7
2024-02-01,83,1,18,10
2024-03-01,83,1,15,6
2024-04-01,83,1,10,3
2024-05-01,83,1,22,10
2024-06-01,83,1,17,7
2024-07-01,83,1,9,3
2024-08-01,83,1,19,5
2024-09-01,83,1,14,7
2024-10-01,83,1,18,6
2024-11-01,83,1,17,4
2024-12-01,83,1,27,8
2025-01-01,83,1,17,9
2025-02-01,83,1,26,12
2025-03-01,83,1,25,11
2025-04-01,83,1,15,4
2025-05-01,83,1,16,10
2025-06-01,83,1,19,11
2025-07-01,83,1,20,7
2025-08-01,83,1,14,5
2025-09-01,83,1,12,3
2025-10-01,83,1,20,10
2025-11-01,83,1,12,4
2025-12-01,83,1,16,5
2026-01-01,83,1,24,11
2026-02-01,83,1,17,8
2026-03-01,83,1,20,5
2026-04-01,83,1,18,4
2026-05-01,83,1,15,7
2026-06-01,83,1,20,5
2022-01-01,84,1,14,4
2022-02-01,84,1,19,7
2022-03-01,84,1,25,13
2022-04-01,84,1,23,8
2022-05-01,84,1,15,6
2022-06-01,84,1,26,9
2022-07-01,84,1,19,8
2022-08-01,84,1,19,7
2022-09-01,84,1,16,4
2022-10-01,84,1,15,8
2022-11-01,84,1,14,2
2022-12-01,84,1,14,8
2023-01-01,84,1,24,9
2023-02-01,84,1,15,5
2023-03-01,84,1,17,7
2023-04-01,84,1,12,2
2023-05-01,84,1,19,11
2023-06-01,84,1,22,9
2023-07-01,84,1,20,6
2023-08-01,84,1,13,5
2023-09-01,84,1,15,7
2023-10-01,84,1,26,8
2023-11-01,84,1,18,7
2023-12-01,84,1,14,6
2024-01-01,84,1,11,5
2024-02-01,84,1,17,5
2024-03-01,84,1,20,9
2024-04-01,84,1,19,5
2024-05-01,84,1,15,5
2024-06-01,84,1,18,5
2024-07-01,84,1,26,12
2024-08-01,84,1,21,11
2024-09-01,84,1,12,5
2024-10-01,84,1,29,10
2024-11-01,84,1,18,7
2024-12-01,84,1,15,4
2025-01-01,84,1,17,5
2025-02-01,84,1,18,9
2025-03-01,84,1,18,10
2025-04-01,84,1,27,8
2025-05-01,84,1,18,8
2025-06-01,84,1,21,8
2025-07-01,84,1,25,9
2025-08-01,84,1,26,10
2025-09-01,84,1,12,8
2025-10-01,84,1,17,6
2025-11-01,84,1,15,7
2025-12-01,84,1,22,11
2026-01-01,84,1,21,8
2026-02-01,84,1,18,5
2026-03-01,84,1,12,5
2026-04-01,84,1,18,7
2026-05-01,84,1,20,6
2026-06-01,84,1,12,3
2022-01-01,85,1,30,11
2022-02-01,85,1,19,4
2022-03-01,85,1,17,5
2022-04-01,85,1,16,8
2022-05-01,85,1,21,11
2022-06-01,85,1,13,3
2022-07-01,85,1,20,4
2022-08-01,85,1,19,6
2022-09-01,85,1,20,7
2022-10-01,85,1,16,5
2022-11-01,85,1,13,6
2022-12-01,85,1,18,9
2023-01-01,85,1,18,6
2023-02-01,85,1,24,5
2023-03-01,85,1,16,8
2023-04-01,85,1,15,7
2023-05-01,85,1,8,2
2023-06-01,85,1,14,4
2023-07-01,85,1,14,5
2023-08-01,85,1,19,7
2023-09-01,85,1,15,2
2023-10-01,85,1,19,7
2023-11-01,85,1,16,4
2023-12-01,85,1,27,10
2024-01-01,85,1,24,8
2024-02-01,85,1,15,4
2024-03-01,85,1,26,11
2024-04-01,85,1,18,9
2024-05-01,85,1,19,8
2024-06-01,85,1,18,8
2024-07-01,85,1,22,10
2024-08-01,85,1,25,13
2024-09-01,85,1,18,3
2024-10-01,85,1,14,6
2024-11-01,85,1,26,10
2024-12-01,85,1,19,6
2025-01-01,85,1,25,9
2025-02-01,85,1,17,5
2025-03-01,85,1,19,7
2025-04-01,85,1,18,8
2025-05-01,85,1,18,7
2025-06-01,85,1,16,9
2025-07-01,85,1,15,5
2025-08-01,85,1,18,6
2025-09-01,85,1,25,9
2025-10-01,85,1,19,9
2025-11-01,85,1,15,7
2025-12-01,85,1,17,4
2026-01-01,85,1,23,6
2026-02-01,85,1,23,7
2026-03-01,85,1,20,6
2026-04-01,85,1,13,5
2026-05-01,85,1,16,5
2026-06-01,85,1,19,7
2022-01-01,86,1,17,4
2022-02-01,86,1,17,9
2022-03-01,86,1,16,10
2022-04-01,86,1,20,8
2022-05-01,86,1,25,9
2022-06-01,86,1,14,8
2022-07-01,86,1,15,6
2022-08-01,86,1,23,8
2022-09-01,86,1,14,5
2022-10-01,86,1,22,9
2022-11-01,86,1,13,7
2022-12-01,86,1,11,3
2023-01-01,86,1,22,9
2023-02-01,86,1,15,7
2023-03-01,86,1,17,6
2023-04-01,86,1,20,9
2023-05-01,86,1,23,9
2023-06-01,86,1,13,8
2023-07-01,86,1,19,9
2023-08-01,86,1,13,6
2023-09-01,86,1,22,8
2023-10-01,86,1,22,12
2023-11-01,86,1,20,9
2023-12-01,86,1,18,7
2024-01-01,86,1,21,11
2024-02-01,86,1,14,6
2024-03-01,86,1,18,7
2024-04-01,86,1,16,8
2024-05-01,86,1,16,7
2024-06-01,86,1,20,6
2024-07-01,86,1,17,9
2024-08-01,86,1,14,4
2024-09-01,86,1,18,8
2024-10-01,86,1,22,12
2024-11-01,86,1,14,7
2024-12-01,86,1,11,2
2025-01-01,86,1,21,8
2025-02-01,86,1,12,6
2025-03-01,86,1,13,6
2025-04-01,86,1,18,6
2025-05-01,86,1,21,6
2025-06-01,86,1,21,6
2025-07-01,86,1,12,5
2025-08-01,86,1,22,9
2025-09-01,86,1,22,7
2025-10-01,86,1,12,5
2025-11-01,86,1,26,14
2025-12-01,86,1,26,6
2026-01-01,86,1,19,6
2026-02-01,86,1,18,4
2026-03-01,86,1,19,5
2026-04-01,86,1,13,4
2026-05-01,86,1,15,4
2026-06-01,86,1,26,9
2022-01-01,87,1,24,11
2022-02-01,87,1,19,9
2022-03-01,87,1,15,5
2022-04-01,87,1,13,6
2022-05-01,87,1,27,11
2022-06-01,87,1,21,5
2022-07-01,87,1,21,8
2022-08-01,87,1,17,8
2022-09-01,87,1,14,6
2022-10-01,87,1,8,6
2022-11-01,87,1,19,4
2022-12-01,87,1,14,7
2023-01-01,87,1,16,8
2023-02-01,87,1,14,8
2023-03-01,87,1,12,7
2023-04-01,87,1,16,5
2023-05-01,87,1,22,10
2023-06-01,87,1,21,7
2023-07-01,87,1,16,5
2023-08-01,87,1,20,5
2023-09-01,87,1,17,9
2023-10-01,87,1,17,4
2023-11-01,87,1,20,3
2023-12-01,87,1,15,6
2024-01-01,87,1,16,3
2024-02-01,87,1,17,4
2024-03-01,87,1,19,9
2024-04-01,87,1,13,5
2024-05-01,87,1,18,8
2024-06-01,87,1,22,11
2024-07-01,87,1,14,7
2024-08-01,87,1,30,10
2024-09-01,87,1,27,13
2024-10-01,87,1,14,7
2024-11-01,87,1,12,2
2024-12-01,87,1,19,5
2025-01-01,87,1,18,9
2025-02-01,87,1,18,10
2025-03-01,87,1,23,8
2025-04-01,87,1,13,5
2025-05-01,87,1,23,10
2025-06-01,87,1,25,12
2025-07-01,87,1,14,4
2025-08-01,87,1,17,11
2025-09-01,87,1,20,8
2025-10-01,87,1,16,7
2025-11-01,87,1,20,4
2025-12-01,87,1,23,6
2026-01-01,87,1,16,9
2026-02-01,87,1,11,3
2026-03-01,87,1,17,6
2026-04-01,87,1,20,7
2026-05-01,87,1,23,9
2026-06-01,87,1,16,9
2022-01-01,88,1,13,3
2022-02-01,88,1,12,3
2022-03-01,88,1,21,7
2022-04-01,88,1,19,6
2022-05-01,88,1,22,10
2022-06-01,88,1,18,7
2022-07-01,88,1,10,3
2022-08-01,88,1,21,7
2022-09-01,88,1,14,2
2022-10-01,88,1,14,6
2022-11-01,88,1,23,11
2022-12-01,88,1,17,10
2023-01-01,88,1,17,10
2023-02-01,88,1,19,6
2023-03-01,88,1,22,6
2023-04-01,88,1,21,7
2023-05-01,88,1,19,4
2023-06-01,88,1,16,10
2023-07-01,88,1,20,4
2023-08-01,88,1,15,6
2023-09-01,88,1,12,7
2023-10-01,88,1,19,10
2023-11-01,88,1,24,10
2023-12-01,88,1,19,10
2024-01-01,88,1,19,12
2024-02-01,88,1,15,7
2024-03-01,88,1,17,9
2024-04-01,88,1,22,9
2024-05-01,88,1,22,7
2024-06-01,88,1,20,9
2024-07-01,88,1,21,4
2024-08-01,88,1,19,7
2024-09-01,88,1,25,11
2024-10-01,88,1,24,8
2024-11-01,88,1,22,10
2024-12-01,88,1,22,6
2025-01-01,88,1,14,3
2025-02-01,88,1,15,7
2025-03-01,88,1,13,7
2025-04-01,88,1,20,7
2025-05-01,88,1,24,7
2025-06-01,88,1,17,8
2025-07-01,88,1,19,10
2025-08-01,88,1,18,6
2025-09-01,88,1,15,5
2025-10-01,88,1,27,6
2025-11-01,88,1,16,10
2025-12-01,88,1,18,8
2026-01-01,88,1,18,6
2026-02-01,88,1,19,8
2026-03-01,88,1,18,7
2026-04-01,88,1,12,2
2026-05-01,88,1,14,1
2026-06-01,88,1,13,4
2022-01-01,89,1,19,10
2022-02-01,89,1,17,6
2022-03-01,89,1,21,5
2022-04-01,89,1,26,13
2022-05-01,89,1,20,7
2022-06-01,89,1,10,3
2022-07-01,89,1,15,2
2022-08-01,89,1,21,7
2022-09-01,89,1,16,5
2022-10-01,89,1,27,9
2022-11-01,89,1,18,4
2022-12-01,89,1,21,9
2023-01-01,89,1,25,10
2023-02-01,89,1,22,8
2023-03-01,89,1,22,9
2023-04-01,89,1,22,10
2023-05-01,89,1,22,8
2023-06-01,89,1,18,9
2023-07-01,89,1,26,11
2023-08-01,89,1,21,10
2023-09-01,89,1,17,9
2023-10-01,89,1,26,13
2023-11-01,89,1,30,12
2023-12-01,89,1,15,7
2024-01-01,89,1,18,7
2024-02-01,89,1,19,7
2024-03-01,89,1,9,4
2024-04-01,89,1,19,7
2024-05-01,89,1,22,7
2024-06-01,89,1,13,2
2024-07-01,89,1,24,11
2024-08-01,89,1,16,7
2024-09-01,89,1,21,8
2024-10-01,89,1,24,11
2024-11-01,89,1,18,9
2024-12-01,89,1,17,4
2025-01-01,89,1,22,6
2025-02-01,89,1,12,3
2025-03-01,89,1,18,6
2025-04-01,89,1,18,6
2025-05-01,89,1,23,6
2025-06-01,89,1,28,11
2025-07-01,89,1,23,9
2025-08-01,89,1,30,10
2025-09-01,89,1,22,5
2025-10-01,89,1,19,10
2025-11-01,89,1,27,9
2025-12-01,89,1,24,11
2026-01-01,89,1,27,8
2026-02-01,89,1,15,7
2026-03-01,89,1,17,5
2026-04-01,89,1,12,1
2026-05-01,89,1,26,9
2026-06-01,89,1,17,8
2022-01-01,90,1,21,8
2022-02-01,90,1,18,7
2022-03-01,90,1,14,6
2022-04-01,90,1,23,11
2022-05-01,90,1,20,8
2022-06-01,90,1,25,10
2022-07-01,90,1,18,2
2022-08-01,90,1,18,10
2022-09-01,90,1,19,9
2022-10-01,90,1,25,12
2022-11-01,90,1,14,7
2022-12-01,90,1,17,7
2023-01-01,90,1,17,10
2023-02-01,90,1,15,4
2023-03-01,90,1,18,7
2023-04-01,90,1,26,7
2023-05-01,90,1,11,8
2023-06-01,90,1,14,7
2023-07-01,90,1,25,8
2023-08-01,90,1,16,3
2023-09-01,90,1,16,6
2023-10-01,90,1,17,6
2023-11-01,90,1,15,7
2023-12-01,90,1,24,10
2024-01-01,90,1,13,4
2024-02-01,90,1,16,7
2024-03-01,90,1,25,12
2024-04-01,90,1,13,5
2024-05-01,90,1,32,14
2024-06-01,90,1,23,7
2024-07-01,90,1,13,6
2024-08-01,90,1,22,3
2024-09-01,90,1,19,6
2024-10-01,90,1,17,10
2024-11-01,90,1,23,11
2024-12-01,90,1,20,7
2025-01-01,90,1,26,8
2025-02-01,90,1,20,8
2025-03-01,90,1,19,8
2025-04-01,90,1,14,6
2025-05-01,90,1,20,6
2025-06-01,90,1,29,9
2025-07-01,90,1,22,10
2025-08-01,90,1,16,9
2025-09-01,90,1,9,5
2025-10-01,90,1,21,9
2025-11-01,90,1,27,9
2025-12-01,90,1,16,3
2026-01-01,90,1,21,10
2026-02-01,90,1,18,7
2026-03-01,90,1,18,6
2026-04-01,90,1,17,7
2026-05-01,90,1,12,3
2026-06-01,90,1,16,4
2022-01-01,91,1,20,9
2022-02-01,91,1,10,1
2022-03-01,91,1,19,11
2022-04-01,91,1,20,8
2022-05-01,91,1,10,5
2022-06-01,91,1,17,6
2022-07-01,91,1,14,5
2022-08-01,91,1,22,8
2022-09-01,91,1,18,6
2022-10-01,91,1,28,11
2022-11-01,91,1,22,7
2022-12-01,91,1,23,11
2023-01-01,91,1,22,11
2023-02-01,91,1,11,3
2023-03-01,91,1,24,8
2023-04-01,91,1,19,3
2023-05-01,91,1,13,6
2023-06-01,91,1,13,4
2023-07-01,91,1,20,5
2023-08-01,91,1,17,7
2023-09-01,91,1,15,6
2023-10-01,91,1,12,7
2023-11-01,91,1,20,7
2023-12-01,91,1,19,7
2024-01-01,91,1,17,8
2024-02-01,91,1,13,4
2024-03-01,91,1,16,3
2024-04-01,91,1,12,5
2024-05-01,91,1,18,9
2024-06-01,91,1,16,6
2024-07-01,91,1,28,12
2024-08-01,91,1,19,4
2024-09-01,91,1,22,9
2024-10-01,91,1,25,7
2024-11-01,91,1,14,4
2024-12-01,91,1,24,8
2025-01-01,91,1,22,7
2025-02-01,91,1,14,4
2025-03-01,91,1,19,7
2025-04-01,91,1,25,8
2025-05-01,91,1,15,3
2025-06-01,91,1,23,8
2025-07-01,91,1,19,5
2025-08-01,91,1,12,4
2025-09-01,91,1,22,5
2025-10-01,91,1,15,5
2025-11-01,91,1,16,7
2025-12-01,91,1,14,5
2026-01-01,91,1,28,11
2026-02-01,91,1,24,8
2026-03-01,91,1,17,10
2026-04-01,91,1,16,9
2026-05-01,91,1,18,7
2026-06-01,91,1,10,3
2022-01-01,92,1,19,8
2022-02-01,92,1,15,4
2022-03-01,92,1,24,14
2022-04-01,92,1,19,4
2022-05-01,92,1,13,6
2022-06-01,92,1,22,10
2022-07-01,92,1,24,9
2022-08-01,92,1,15,8
2022-09-01,92,1,18,5
2022-10-01,92,1,19,7
2022-11-01,92,1,16,9
2022-12-01,92,1,11,6
2023-01-01,92,1,22,8
2023-02-01,92,1,19,8
2023-03-01,92,1,19,10
2023-04-01,92,1,17,5
2023-05-01,92,1,26,4
2023-06-01,92,1,20,11
2023-07-01,92,1,19,9
2023-08-01,92,1,13,4
2023-09-01,92,1,14,5
2023-10-01,92,1,17,6
2023-11-01,92,1,18,6
2023-12-01,92,1,27,10
2024-01-01,92,1,25,8
2024-02-01,92,1,19,5
2024-03-01,92,1,18,6
2024-04-01,92,1,21,9
2024-05-01,92,1,14,3
2024-06-01,92,1,19,9
2024-07-01,92,1,10,3
2024-08-01,92,1,20,9
2024-09-01,92,1,23,8
2024-10-01,92,1,19,8
2024-11-01,92,1,21,6
2024-12-01,92,1,19,9
2025-01-01,92,1,20,10
2025-02-01,92,1,19,7
2025-03-01,92,1,16,6
2025-04-01,92,1,21,12
2025-05-01,92,1,17,4
2025-06-01,92,1,19,6
2025-07-01,92,1,10,3
2025-08-01,92,1,26,11
2025-09-01,92,1,17,3
2025-10-01,92,1,23,10
2025-11-01,92,1,15,0
2025-12-01,92,1,24,10
2026-01-01,92,1,23,13
2026-02-01,92,1,15,5
2026-03-01,92,1,10,5
2026-04-01,92,1,17,5
2026-05-01,92,1,18,5
2026-06-01,92,1,12,7
2022-01-01,93,1,22,9
2022-02-01,93,1,14,7
2022-03-01,93,1,21,5
2022-04-01,93,1,24,15
2022-05-01,93,1,17,2
2022-06-01,93,1,17,8
2022-07-01,93,1,23,6
2022-08-01,93,1,12,5
2022-09-01,93,1,19,7
2022-10-01,93,1,14,3
2022-11-01,93,1,14,6
2022-12-01,93,1,24,7
2023-01-01,93,1,19,6
2023-02-01,93,1,13,6
2023-03-01,93,1,25,6
2023-04-01,93,1,20,12
2023-05-01,93,1,30,10
2023-06-01,93,1,16,6
2023-07-01,93,1,16,4
2023-08-01,93,1,21,11
2023-09-01,93,1,16,4
2023-10-01,93,1,23,3
2023-11-01,93,1,23,7
2023-12-01,93,1,31,12
2024-01-01,93,1,12,5
2024-02-01,93,1,14,3
2024-03-01,93,1,19,5
2024-04-01,93,1,22,8
2024-05-01,93,1,24,16
2024-06-01,93,1,16,8
2024-07-01,93,1,19,11
2024-08-01,93,1,23,7
2024-09-01,93,1,20,6
2024-10-01,93,1,24,8
2024-11-01,93,1,23,8
2024-12-01,93,1,20,6
2025-01-01,93,1,18,7
2025-02-01,93,1,19,11
2025-03-01,93,1,22,7
2025-04-01,93,1,16,5
2025-05-01,93,1,18,5
2025-06-01,93,1,14,6
2025-07-01,93,1,21,9
2025-08-01,93,1,21,12
2025-09-01,93,1,22,13
2025-10-01,93,1,18,5
2025-11-01,93,1,22,11
2025-12-01,93,1,15,4
2026-01-01,93,1,28,6
2026-02-01,93,1,15,7
2026-03-01,93,1,22,5
2026-04-01,93,1,15,7
2026-05-01,93,1,14,5
2026-06-01,93,1,17,4
2022-01-01,94,1,15,8
2022-02-01,94,1,7,1
2022-03-01,94,1,11,4
2022-04-01,94,1,14,7
2022-05-01,94,1,19,5
2022-06-01,94,1,17,4
2022-07-01,94,1,12,2
2022-08-01,94,1,13,8
2022-09-01,94,1,22,10
2022-10-01,94,1,18,6
2022-11-01,94,1,17,8
2022-12-01,94,1,17,8
2023-01-01,94,1,11,4
2023-02-01,94,1,19,6
2023-03-01,94,1,10,3
2023-04-01,94,1,20,5
2023-05-01,94,1,20,5
2023-06-01,94,1,28,7
2023-07-01,94,1,20,10
2023-08-01,94,1,17,7
2023-09-01,94,1,19,6
2023-10-01,94,1,27,12
2023-11-01,94,1,27,9
2023-12-01,94,1,19,7
2024-01-01,94,1,26,9
2024-02-01,94,1,21,14
2024-03-01,94,1,20,9
2024-04-01,94,1,22,11
2024-05-01,94,1,22,8
2024-06-01,94,1,15,7
2024-07-01,94,1,15,4
2024-08-01,94,1,31,13
2024-09-01,94,1,9,3
2024-10-01,94,1,22,11
2024-11-01,94,1,10,2
2024-12-01,94,1,21,10
2025-01-01,94,1,11,2
2025-02-01,94,1,13,7
2025-03-01,94,1,19,8
2025-04-01,94,1,20,8
2025-05-01,94,1,17,6
2025-06-01,94,1,22,14
2025-07-01,94,1,16,8
2025-08-01,94,1,21,8
2025-09-01,94,1,12,4
2025-10-01,94,1,10,3
2025-11-01,94,1,16,7
2025-12-01,94,1,17,3
2026-01-01,94,1,19,9
2026-02-01,94,1,15,3
2026-03-01,94,1,18,8
2026-04-01,94,1,9,3
2026-05-01,94,1,19,7
2026-06-01,94,1,16,10
2022-01-01,95,1,19,10
2022-02-01,95,1,18,6
2022-03-01,95,1,20,8
2022-04-01,95,1,15,6
2022-05-01,95,1,17,7
2022-06-01,95,1,25,15
2022-07-01,95,1,31,11
2022-08-01,95,1,21,8
2022-09-01,95,1,17,6
2022-10-01,95,1,18,8
2022-11-01,95,1,16,4
2022-12-01,95,1,21,9
2023-01-01,95,1,16,7
2023-02-01,95,1,17,5
2023-03-01,95,1,15,3
2023-04-01,95,1,11,3
2023-05-01,95,1,21,7
2023-06-01,95,1,23,9
2023-07-01,95,1,25,13
2023-08-01,95,1,11,4
2023-09-01,95,1,13,4
2023-10-01,95,1,23,9
2023-11-01,95,1,15,6
2023-12-01,95,1,21,9
2024-01-01,95,1,16,4
2024-02-01,95,1,12,6
2024-03-01,95,1,21,6
2024-04-01,95,1,16,5
2024-05-01,95,1,26,12
2024-06-01,95,1,25,10
2024-07-01,95,1,17,8
2024-08-01,95,1,18,9
2024-09-01,95,1,16,7
2024-10-01,95,1,22,8
2024-11-01,95,1,20,6
2024-12-01,95,1,22,8
2025-01-01,95,1,25,9
2025-02-01,95,1,19,10
2025-03-01,95,1,16,5
2025-04-01,95,1,22,12
2025-05-01,95,1,15,8
2025-06-01,95,1,14,7
2025-07-01,95,1,21,10
2025-08-01,95,1,23,6
2025-09-01,95,1,17,7
2025-10-01,95,1,20,6
2025-11-01,95,1,24,7
2025-12-01,95,1,27,9
2026-01-01,95,1,23,8
2026-02-01,95,1,17,6
2026-03-01,95,1,17,8
2026-04-01,95,1,28,12
2026-05-01,95,1,22,12
2026-06-01,95,1,12,4
2022-01-01,96,1,16,8
2022-02-01,96,1,18,10
2022-03-01,96,1,26,7
2022-04-01,96,1,24,11
2022-05-01,96,1,21,7
2022-06-01,96,1,19,4
2022-07-01,96,1,21,8
2022-08-01,96,1,27,11
2022-09-01,96,1,17,5
2022-10-01,96,1,16,5
2022-11-01,96,1,23,7
2022-12-01,96,1,22,7
2023-01-01,96,1,12,6
2023-02-01,96,1,16,4
2023-03-01,96,1,20,10
2023-04-01,96,1,23,7
2023-05-01,96,1,27,11
2023-06-01,96,1,17,5
2023-07-01,96,1,24,7
2023-08-01,96,1,17,9
2023-09-01,96,1,15,9
2023-10-01,96,1,24,8
2023-11-01,96,1,18,6
2023-12-01,96,1,14,5
2024-01-01,96,1,17,8
2024-02-01,96,1,16,4
2024-03-01,96,1,30,10
2024-04-01,96,1,24,10
2024-05-01,96,1,14,5
2024-06-01,96,1,13,6
2024-07-01,96,1,22,7
2024-08-01,96,1,23,6
2024-09-01,96,1,25,9
2024-10-01,96,1,17,8
2024-11-01,96,1,11,2
2024-12-01,96,1,19,9
2025-01-01,96,1,28,9
2025-02-01,96,1,17,6
2025-03-01,96,1,17,6
2025-04-01,96,1,20,7
2025-05-01,96,1,18,7
2025-06-01,96,1,20,5
2025-07-01,96,1,8,5
2025-08-01,96,1,20,6
2025-09-01,96,1,28,10
2025-10-01,96,1,18,6
2025-11-01,96,1,21,12
2025-12-01,96,1,28,11
2026-01-01,96,1,13,5
2026-02-01,96,1,22,8
2026-03-01,96,1,21,8
2026-04-01,96,1,16,5
2026-05-01,96,1,20,6
2026-06-01,96,1,24,13
2022-01-01,97,1,18,6
2022-02-01,97,1,6,4
2022-03-01,97,1,15,5
2022-04-01,97,1,15,6
2022-05-01,97,1,14,6
2022-06-01,97,1,20,8
2022-07-01,97,1,25,13
2022-08-01,97,1,16,9
2022-09-01,97,1,23,10
2022-10-01,97,1,17,9
2022-11-01,97,1,21,10
2022-12-01,97,1,21,6
2023-01-01,97,1,25,9
2023-02-01,97,1,16,8
2023-03-01,97,1,19,9
2023-04-01,97,1,16,9
2023-05-01,97,1,21,10
2023-06-01,97,1,11,3
2023-07-01,97,1,15,4
2023-08-01,97,1,16,8
2023-09-01,97,1,11,1
2023-10-01,97,1,27,7
2023-11-01,97,1,19,8
2023-12-01,97,1,26,9
2024-01-01,97,1,13,7
2024-02-01,97,1,18,7
2024-03-01,97,1,20,4
2024-04-01,97,1,19,13
2024-05-01,97,1,23,4
2024-06-01,97,1,13,4
2024-07-01,97,1,20,5
2024-08-01,97,1,17,5
2024-09-01,97,1,20,7
2024-10-01,97,1,23,10
2024-11-01,97,1,14,6
2024-12-01,97,1,13,4
2025-01-01,97,1,20,9
2025-02-01,97,1,16,7
2025-03-01,97,1,19,6
2025-04-01,97,1,19,7
2025-05-01,97,1,20,12
2025-06-01,97,1,11,5
2025-07-01,97,1,19,9
2025-08-01,97,1,16,5
2025-09-01,97,1,14,5
2025-10-01,97,1,20,5
2025-11-01,97,1,18,7
2025-12-01,97,1,20,4
2026-01-01,97,1,22,9
2026-02-01,97,1,18,6
2026-03-01,97,1,20,9
2026-04-01,97,1,17,5
2026-05-01,97,1,22,7
2026-06-01,97,1,18,5
2022-01-01,98,1,21,6
2022-02-01,98,1,16,6
2022-03-01,98,1,22,11
2022-04-01,98,1,11,4
2022-05-01,98,1,20,10
2022-06-01,98,1,21,5
2022-07-01,98,1,19,6
2022-08-01,98,1,19,12
2022-09-01,98,1,18,7
2022-10-01,98,1,23,5
2022-11-01,98,1,19,6
2022-12-01,98,1,25,10
2023-01-01,98,1,16,5
2023-02-01,98,1,15,3
2023-03-01,98,1,16,6
2023-04-01,98,1,16,4
2023-05-01,98,1,17,6
2023-06-01,98,1,25,7
2023-07-01,98,1,20,7
2023-08-01,98,1,16,8
2023-09-01,98,1,14,4
2023-10-01,98,1,18,6
2023-11-01,98,1,13,3
2023-12-01,98,1,27,12
2024-01-01,98,1,30,14
2024-02-01,98,1,13,10
2024-03-01,98,1,19,7
2024-04-01,98,1,23,7
2024-05-01,98,1,20,7
2024-06-01,98,1,18,10
2024-07-01,98,1,20,8
2024-08-01,98,1,21,10
2024-09-01,98,1,19,1
2024-10-01,98,1,11,4
2024-11-01,98,1,25,6
2024-12-01,98,1,17,8
2025-01-01,98,1,15,4
2025-02-01,98,1,20,8
2025-03-01,98,1,15,5
2025-04-01,98,1,11,3
2025-05-01,98,1,21,9
2025-06-01,98,1,20,11
2025-07-01,98,1,20,7
2025-08-01,98,1,9,3
2025-09-01,98,1,16,7
2025-10-01,98,1,26,9
2025-11-01,98,1,18,8
2025-12-01,98,1,19,8
2026-01-01,98,1,20,11
2026-02-01,98,1,21,10
2026-03-01,98,1,21,9
2026-04-01,98,1,19,9
2026-05-01,98,1,21,11
2026-06-01,98,1,21,5
2022-01-01,99,1,17,6
2022-02-01,99,1,15,7
2022-03-01,99,1,26,8
2022-04-01,99,1,12,2
2022-05-01,99,1,16,9
2022-06-01,99,1,24,8
2022-07-01,99,1,19,9
2022-08-01,99,1,15,4
2022-09-01,99,1,18,7
2022-10-01,99,1,13,5
2022-11-01,99,1,22,6
2022-12-01,99,1,24,6
2023-01-01,99,1,14,7
2023-02-01,99,1,20,10
2023-03-01,99,1,22,10
2023-04-01,99,1,18,7
2023-05-01,99,1,19,8
2023-06-01,99,1,10,4
2023-07-01,99,1,14,5
2023-08-01,99,1,16,5
2023-09-01,99,1,14,4
2023-10-01,99,1,17,6
2023-11-01,99,1,14,8
2023-12-01,99,1,15,6
2024-01-01,99,1,19,6
2024-02-01,99,1,17,5
2024-03-01,99,1,15,7
2024-04-01,99,1,27,8
2024-05-01,99,1,17,7
2024-06-01,99,1,19,5
2024-07-01,99,1,18,6
2024-08-01,99,1,24,9
2024-09-01,99,1,21,8
2024-10-01,99,1,19,3
2024-11-01,99,1,18,5
2024-12-01,99,1,12,2
2025-01-01,99,1,14,3
2025-02-01,99,1,12,6
2025-03-01,99,1,19,8
2025-04-01,99,1,17,3
2025-05-01,99,1,16,5
2025-06-01,99,1,13,5
2025-07-01,99,1,12,3
2025-08-01,99,1,16,8
2025-09-01,99,1,23,11
2025-10-01,99,1,12,5
2025-11-01,99,1,15,6
2025-12-01,99,1,25,11
2026-01-01,99,1,12,7
2026-02-01,99,1,11,3
2026-03-01,99,1,18,8
2026-04-01,99,1,18,5
2026-05-01,99,1,24,13
2026-06-01,99,1,21,7
2022-01-01,100,1,21,8
2022-02-01,100,1,18,7
2022-03-01,100,1,19,4
2022-04-01,100,1,19,5
2022-05-01,100,1,18,8
2022-06-01,100,1,16,5
2022-07-01,100,1,11,4
2022-08-01,100,1,12,4
2022-09-01,100,1,18,7
2022-10-01,100,1,20,5
2022-11-01,100,1,18,10
2022-12-01,100,1,23,7
2023-01-01,100,1,19,9
2023-02-01,100,1,13,3
2023-03-01,100,1,16,8
2023-04-01,100,1,18,4
2023-05-01,100,1,18,13
2023-06-01,100,1,18,5
2023-07-01,100,1,18,7
2023-08-01,100,1,15,3
2023-09-01,100,1,20,11
2023-10-01,100,1,14,5
2023-11-01,100,1,10,5
2023-12-01,100,1,15,5
2024-01-01,100,1,24,12
2024-02-01,100,1,24,6
2024-03-01,100,1,26,8
2024-04-01,100,1,25,12
2024-05-01,100,1,21,4
2024-06-01,100,1,13,6
2024-07-01,100,1,17,6
2024-08-01,100,1,18,8
2024-09-01,100,1,22,12
2024-10-01,100,1,17,11
2024-11-01,100,1,19,5
2024-12-01,100,1,28,7
2025-01-01,100,1,16,7
2025-02-01,100,1,11,4
2025-03-01,100,1,24,6
2025-04-01,100,1,12,6
2025-05-01,100,1,10,5
2025-06-01,100,1,21,12
2025-07-01,100,1,18,9
2025-08-01,100,1,22,7
2025-09-01,100,1,22,8
2025-10-01,100,1,16,6
2025-11-01,100,1,12,5
2025-12-01,100,1,24,12
2026-01-01,100,1,19,7
2026-02-01,100,1,20,8
2026-03-01,100,1,28,10
2026-04-01,100,1,16,9
2026-05-01,100,1,16,5
2026-06-01,100,1,24,11
2022-01-01,101,2,4,1
2022-02-01,101,2,5,2
2022-03-01,101,2,11,4
2022-04-01,101,2,3,1
2022-05-01,101,2,7,2
2022-06-01,101,2,4,0
2022-07-01,101,2,7,3
2022-08-01,101,2,6,2
2022-09-01,101,2,4,0
2022-10-01,101,2,3,1
2022-11-01,101,2,4,1
2022-12-01,101,2,6,2
2023-01-01,101,2,5,2
2023-02-01,101,2,10,5
2023-03-01,101,2,5,0
2023-04-01,101,2,4,2
2023-05-01,101,2,11,6
2023-06-01,101,2,4,1
2023-07-01,101,2,7,2
2023-08-01,101,2,7,2
2023-09-01,101,2,5,1
2023-10-01,101,2,6,3
2023-11-01,101,2,9,5
2023-12-01,101,2,7,3
2024-01-01,101,2,6,2
2024-02-01,101,2,7,4
2024-03-01,101,2,5,2
2024-04-01,101,2,8,5
2024-05-01,101,2,3,2
2024-06-01,101,2,11,6
2024-07-01,101,2,9,3
2024-08-01,101,2,7,1
2024-09-01,101,2,14,5
2024-10-01,101,2,6,3
2024-11-01,101,2,5,1
2024-12-01,101,2,8,2
2025-01-01,101,2,16,7
2025-02-01,101,2,5,2
2025-03-01,101,2,8,4
2025-04-01,101,2,3,1
2025-05-01,101,2,8,1
2025-06-01,101,2,4,2
2025-07-01,101,2,8,4
2025-08-01,101,2,7,3
2025-09-01,101,2,7,3
2025-10-01,101,2,8,5
2025-11-01,101,2,4,1
2025-12-01,101,2,6,1
2026-01-01,101,2,9,4
2026-02-01,101,2,3,2
2026-03-01,101,2,8,2
2026-04-01,101,2,6,2
2026-05-01,101,2,3,0
2026-06-01,101,2,6,1
2022-01-01,102,2,8,5
2022-02-01,102,2,7,2
2022-03-01,102,2,10,2
2022-04-01,102,2,7,4
2022-05-01,102,2,4,1
2022-06-01,102,2,5,2
2022-07-01,102,2,5,2
2022-08-01,102,2,5,4
2022-09-01,102,2,6,3
2022-10-01,102,2,11,6
2022-11-01,102,2,8,5
2022-12-01,102,2,8,3
2023-01-01,102,2,8,4
2023-02-01,102,2,3,0
2023-03-01,102,2,3,1
2023-04-01,102,2,6,2
2023-05-01,102,2,5,2
2023-06-01,102,2,6,3
2023-07-01,102,2,9,4
2023-08-01,102,2,11,6
2023-09-01,102,2,5,2
2023-10-01,102,2,11,4
2023-11-01,102,2,11,1
2023-12-01,102,2,5,3
2024-01-01,102,2,7,4
2024-02-01,102,2,10,5
2024-03-01,102,2,5,4
2024-04-01,102,2,4,1
2024-05-01,102,2,9,4
2024-06-01,102,2,7,4
2024-07-01,102,2,11,4
2024-08-01,102,2,3,2
2024-09-01,102,2,2,0
2024-10-01,102,2,9,5
2024-11-01,102,2,4,0
2024-12-01,102,2,9,3
2025-01-01,102,2,14,4
2025-02-01,102,2,7,4
2025-03-01,102,2,8,2
2025-04-01,102,2,11,3
2025-05-01,102,2,5,2
2025-06-01,102,2,9,3
2025-07-01,102,2,4,0
2025-08-01,102,2,5,3
2025-09-01,102,2,6,3
2025-10-01,102,2,3,0
2025-11-01,102,2,9,3
2025-12-01,102,2,4,3
2026-01-01,102,2,10,6
2026-02-01,102,2,4,1
2026-03-01,102,2,2,0
2026-04-01,102,2,6,2
2026-05-01,102,2,6,4
2026-06-01,102,2,25,9
2022-01-01,103,2,9,3
2022-02-01,103,2,14,7
2022-03-01,103,2,15,1
2022-04-01,103,2,5,1
2022-05-01,103,2,10,3
2022-06-01,103,2,5,1
2022-07-01,103,2,8,2
2022-08-01,103,2,9,4
2022-09-01,103,2,8,1
2022-10-01,103,2,6,4
2022-11-01,103,2,9,4
2022-12-01,103,2,4,2
2023-01-01,103,2,4,2
2023-02-01,103,2,5,3
2023-03-01,103,2,12,8
2023-04-01,103,2,2,0
2023-05-01,103,2,4,2
2023-06-01,103,2,11,6
2023-07-01,103,2,5,2
2023-08-01,103,2,3,1
2023-09-01,103,2,3,1
2023-10-01,103,2,5,1
2023-11-01,103,2,6,2
2023-12-01,103,2,7,1
2024-01-01,103,2,13,5
2024-02-01,103,2,11,6
2024-03-01,103,2,9,5
2024-04-01,103,2,9,1
2024-05-01,103,2,9,4
2024-06-01,103,2,5,2
2024-07-01,103,2,7,5
2024-08-01,103,2,11,4
2024-09-01,103,2,4,3
2024-10-01,103,2,9,6
2024-11-01,103,2,8,5
2024-12-01,103,2,5,4
2025-01-01,103,2,5,1
2025-02-01,103,2,10,4
2025-03-01,103,2,2,2
2025-04-01,103,2,6,3
2025-05-01,103,2,6,1
2025-06-01,103,2,7,2
2025-07-01,103,2,3,0
2025-08-01,103,2,8,5
2025-09-01,103,2,3,2
2025-10-01,103,2,8,2
2025-11-01,103,2,5,1
2025-12-01,103,2,7,2
2026-01-01,103,2,4,1
2026-02-01,103,2,3,1
2026-03-01,103,2,7,2
2026-04-01,103,2,10,4
2026-05-01,103,2,10,4
2026-06-01,103,2,6,1
2022-01-01,104,2,10,3
2022-02-01,104,2,8,4
2022-03-01,104,2,6,2
2022-04-01,104,2,8,3
2022-05-01,104,2,11,2
2022-06-01,104,2,6,2
2022-07-01,104,2,5,3
2022-08-01,104,2,6,2
2022-09-01,104,2,12,3
2022-10-01,104,2,10,4
2022-11-01,104,2,13,4
2022-12-01,104,2,5,2
2023-01-01,104,2,9,4
2023-02-01,104,2,6,2
2023-03-01,104,2,14,3
2023-04-01,104,2,7,1
2023-05-01,104,2,13,4
2023-06-01,104,2,6,3
2023-07-01,104,2,10,2
2023-08-01,104,2,1,0
2023-09-01,104,2,7,2
2023-10-01,104,2,11,5
2023-11-01,104,2,7,3
2023-12-01,104,2,7,3
2024-01-01,104,2,3,1
2024-02-01,104,2,6,4
2024-03-01,104,2,5,1
2024-04-01,104,2,2,1
2024-05-01,104,2,5,3
2024-06-01,104,2,8,4
2024-07-01,104,2,1,0
2024-08-01,104,2,5,3
2024-09-01,104,2,5,1
2024-10-01,104,2,12,7
2024-11-01,104,2,9,4
2024-12-01,104,2,7,1
2025-01-01,104,2,12,3
2025-02-01,104,2,9,3
2025-03-01,104,2,6,1
2025-04-01,104,2,15,9
2025-05-01,104,2,5,2
2025-06-01,104,2,7,1
2025-07-01,104,2,11,7
2025-08-01,104,2,6,0
2025-09-01,104,2,6,2
2025-10-01,104,2,6,1
2025-11-01,104,2,4,2
2025-12-01,104,2,6,2
2026-01-01,104,2,11,4
2026-02-01,104,2,6,3
2026-03-01,104,2,10,5
2026-04-01,104,2,8,3
2026-05-01,104,2,8,4
2026-06-01,104,2,6,1
2022-01-01,105,2,9,1
2022-02-01,105,2,4,2
2022-03-01,105,2,5,1
2022-04-01,105,2,11,4
2022-05-01,105,2,6,1
2022-06-01,105,2,5,1
2022-07-01,105,2,2,1
2022-08-01,105,2,5,3
2022-09-01,105,2,10,3
2022-10-01,105,2,8,2
2022-11-01,105,2,7,1
2022-12-01,105,2,5,5
2023-01-01,105,2,4,1
2023-02-01,105,2,8,2
2023-03-01,105,2,13,5
2023-04-01,105,2,3,0
2023-05-01,105,2,6,0
2023-06-01,105,2,5,3
2023-07-01,105,2,7,2
2023-08-01,105,2,5,3
2023-09-01,105,2,8,1
2023-10-01,105,2,7,5
2023-11-01,105,2,10,3
2023-12-01,105,2,7,3
2024-01-01,105,2,16,7
2024-02-01,105,2,5,1
2024-03-01,105,2,8,2
2024-04-01,105,2,7,2
2024-05-01,105,2,7,3
2024-06-01,105,2,9,3
2024-07-01,105,2,7,2
2024-08-01,105,2,6,4
2024-09-01,105,2,7,4
2024-10-01,105,2,6,0
2024-11-01,105,2,10,4
2024-12-01,105,2,1,0
2025-01-01,105,2,8,5
2025-02-01,105,2,7,1
2025-03-01,105,2,7,3
2025-04-01,105,2,5,3
2025-05-01,105,2,8,2
2025-06-01,105,2,1,1
2025-07-01,105,2,8,1
2025-08-01,105,2,6,0
2025-09-01,105,2,6,2
2025-10-01,105,2,10,2
2025-11-01,105,2,10,2
2025-12-01,105,2,8,1
2026-01-01,105,2,6,4
2026-02-01,105,2,7,2
2026-03-01,105,2,5,1
2026-04-01,105,2,9,2
2026-05-01,105,2,8,3
2026-06-01,105,2,4,4
2022-01-01,106,2,5,3
2022-02-01,106,2,11,5
2022-03-01,106,2,10,4
2022-04-01,106,2,5,2
2022-05-01,106,2,9,4
2022-06-01,106,2,10,4
2022-07-01,106,2,11,3
2022-08-01,106,2,2,2
2022-09-01,106,2,7,4
2022-10-01,106,2,7,2
2022-11-01,106,2,7,3
2022-12-01,106,2,3,1
2023-01-01,106,2,7,3
2023-02-01,106,2,8,2
2023-03-01,106,2,6,2
2023-04-01,106,2,7,5
2023-05-01,106,2,5,0
2023-06-01,106,2,11,5
2023-07-01,106,2,7,2
2023-08-01,106,2,9,3
2023-09-01,106,2,10,4
2023-10-01,106,2,6,1
2023-11-01,106,2,4,2
2023-12-01,106,2,5,4
2024-01-01,106,2,7,2
2024-02-01,106,2,6,5
2024-03-01,106,2,8,3
2024-04-01,106,2,9,2
2024-05-01,106,2,11,3
2024-06-01,106,2,10,3
2024-07-01,106,2,8,2
2024-08-01,106,2,10,3
2024-09-01,106,2,8,1
2024-10-01,106,2,3,0
2024-11-01,106,2,10,4
2024-12-01,106,2,7,2
2025-01-01,106,2,11,4
2025-02-01,106,2,5,3
2025-03-01,106,2,4,2
2025-04-01,106,2,9,5
2025-05-01,106,2,6,0
2025-06-01,106,2,7,3
2025-07-01,106,2,6,1
2025-08-01,106,2,10,4
2025-09-01,106,2,9,4
2025-10-01,106,2,3,2
2025-11-01,106,2,11,7
2025-12-01,106,2,3,1
2026-01-01,106,2,7,2
2026-02-01,106,2,4,1
2026-03-01,106,2,7,4
2026-04-01,106,2,11,5
2026-05-01,106,2,5,4
2026-06-01,106,2,11,4
2022-01-01,107,2,7,2
2022-02-01,107,2,9,3
2022-03-01,107,2,8,2
2022-04-01,107,2,2,1
2022-05-01,107,2,11,3
2022-06-01,107,2,8,4
2022-07-01,107,2,11,3
2022-08-01,107,2,7,3
2022-09-01,107,2,4,2
2022-10-01,107,2,7,6
2022-11-01,107,2,3,0
2022-12-01,107,2,3,1
2023-01-01,107,2,8,0
2023-02-01,107,2,4,1
2023-03-01,107,2,8,3
2023-04-01,107,2,7,3
2023-05-01,107,2,6,3
2023-06-01,107,2,4,1
2023-07-01,107,2,8,2
2023-08-01,107,2,4,1
2023-09-01,107,2,7,2
2023-10-01,107,2,2,1
2023-11-01,107,2,7,3
2023-12-01,107,2,5,2
2024-01-01,107,2,8,1
2024-02-01,107,2,6,3
2024-03-01,107,2,6,2
2024-04-01,107,2,6,2
2024-05-01,107,2,10,6
2024-06-01,107,2,11,7
2024-07-01,107,2,7,4
2024-08-01,107,2,7,3
2024-09-01,107,2,5,3
2024-10-01,107,2,10,3
2024-11-01,107,2,9,5
2024-12-01,107,2,6,2
2025-01-01,107,2,7,1
2025-02-01,107,2,8,3
2025-03-01,107,2,10,5
2025-04-01,107,2,6,5
2025-05-01,107,2,7,4
2025-06-01,107,2,4,1
2025-07-01,107,2,5,2
2025-08-01,107,2,9,5
2025-09-01,107,2,4,3
2025-10-01,107,2,7,4
2025-11-01,107,2,8,5
2025-12-01,107,2,3,0
2026-01-01,107,2,8,1
2026-02-01,107,2,4,2
2026-03-01,107,2,5,4
2026-04-01,107,2,5,2
2026-05-01,107,2,4,3
2026-06-01,107,2,6,2
2022-01-01,108,2,7,2
2022-02-01,108,2,7,2
2022-03-01,108,2,8,4
2022-04-01,108,2,4,1
2022-05-01,108,2,8,3
2022-06-01,108,2,8,2
2022-07-01,108,2,7,2
2022-08-01,108,2,6,1
2022-09-01,108,2,7,0
2022-10-01,108,2,10,5
2022-11-01,108,2,7,2
2022-12-01,108,2,3,2
2023-01-01,108,2,10,6
2023-02-01,108,2,4,1
2023-03-01,108,2,7,5
2023-04-01,108,2,8,2
2023-05-01,108,2,7,4
2023-06-01,108,2,6,2
2023-07-01,108,2,11,3
2023-08-01,108,2,8,2
2023-09-01,108,2,5,1
2023-10-01,108,2,10,1
2023-11-01,108,2,9,3
2023-12-01,108,2,2,2
2024-01-01,108,2,3,1
2024-02-01,108,2,8,2
2024-03-01,108,2,11,1
2024-04-01,108,2,7,2
2024-05-01,108,2,5,3
2024-06-01,108,2,8,2
2024-07-01,108,2,7,2
2024-08-01,108,2,7,3
2024-09-01,108,2,3,1
2024-10-01,108,2,10,5
2024-11-01,108,2,5,0
2024-12-01,108,2,5,2
2025-01-01,108,2,6,1
2025-02-01,108,2,2,1
2025-03-01,108,2,4,1
2025-04-01,108,2,2,1
2025-05-01,108,2,9,5
2025-06-01,108,2,5,4
2025-07-01,108,2,11,6
2025-08-01,108,2,5,2
2025-09-01,108,2,8,5
2025-10-01,108,2,9,5
2025-11-01,108,2,4,0
2025-12-01,108,2,8,2
2026-01-01,108,2,4,3
2026-02-01,108,2,9,4
2026-03-01,108,2,4,1
2026-04-01,108,2,7,1
2026-05-01,108,2,4,2
2026-06-01,108,2,6,0
2022-01-01,109,3,7,3
2022-02-01,109,3,3,0
2022-03-01,109,3,7,3
2022-04-01,109,3,9,3
2022-05-01,109,3,3,1
2022-06-01,109,3,7,2
2022-07-01,109,3,12,5
2022-08-01,109,3,5,1
2022-09-01,109,3,6,3
2022-10-01,109,3,7,2
2022-11-01,109,3,4,1
2022-12-01,109,3,8,3
2023-01-01,109,3,11,5
2023-02-01,109,3,11,3
2023-03-01,109,3,9,2
2023-04-01,109,3,7,5
2023-05-01,109,3,2,0
2023-06-01,109,3,10,3
2023-07-01,109,3,10,5
2023-08-01,109,3,4,3
2023-09-01,109,3,7,4
2023-10-01,109,3,6,1
2023-11-01,109,3,2,1
2023-12-01,109,3,6,3
2024-01-01,109,3,4,3
2024-02-01,109,3,6,2
2024-03-01,109,3,7,2
2024-04-01,109,3,9,1
2024-05-01,109,3,4,0
2024-06-01,109,3,7,4
2024-07-01,109,3,5,1
2024-08-01,109,3,7,3
2024-09-01,109,3,8,4
2024-10-01,109,3,8,3
2024-11-01,109,3,6,2
2024-12-01,109,3,6,3
2025-01-01,109,3,6,3
2025-02-01,109,3,12,6
2025-03-01,109,3,8,5
2025-04-01,109,3,4,2
2025-05-01,109,3,12,5
2025-06-01,109,3,6,2
2025-07-01,109,3,9,2
2025-08-01,109,3,5,3
2025-09-01,109,3,8,2
2025-10-01,109,3,7,1
2025-11-01,109,3,4,1
2025-12-01,109,3,12,6
2026-01-01,109,3,11,6
2026-02-01,109,3,8,4
2026-03-01,109,3,7,3
2026-04-01,109,3,4,2
2026-05-01,109,3,4,2
2026-06-01,109,3,22,8
2022-01-01,110,3,10,5
2022-02-01,110,3,8,1
2022-03-01,110,3,9,4
2022-04-01,110,3,13,5
2022-05-01,110,3,4,3
2022-06-01,110,3,3,2
2022-07-01,110,3,6,2
2022-08-01,110,3,8,5
2022-09-01,110,3,9,4
2022-10-01,110,3,3,1
2022-11-01,110,3,7,2
2022-12-01,110,3,7,4
2023-01-01,110,3,7,4
2023-02-01,110,3,3,1
2023-03-01,110,3,3,1
2023-04-01,110,3,3,2
2023-05-01,110,3,12,6
2023-06-01,110,3,7,2
2023-07-01,110,3,13,4
2023-08-01,110,3,9,3
2023-09-01,110,3,4,2
2023-10-01,110,3,8,1
2023-11-01,110,3,6,2
2023-12-01,110,3,10,2
2024-01-01,110,3,10,7
2024-02-01,110,3,10,7
2024-03-01,110,3,5,2
2024-04-01,110,3,3,0
2024-05-01,110,3,6,1
2024-06-01,110,3,10,4
2024-07-01,110,3,9,1
2024-08-01,110,3,10,2
2024-09-01,110,3,6,2
2024-10-01,110,3,8,3
2024-11-01,110,3,9,2
2024-12-01,110,3,10,2
2025-01-01,110,3,15,5
2025-02-01,110,3,6,1
2025-03-01,110,3,8,3
2025-04-01,110,3,10,2
2025-05-01,110,3,5,3
2025-06-01,110,3,6,4
2025-07-01,110,3,5,3
2025-08-01,110,3,6,2
2025-09-01,110,3,5,1
2025-10-01,110,3,5,2
2025-11-01,110,3,9,1
2025-12-01,110,3,10,6
2026-01-01,110,3,3,1
2026-02-01,110,3,8,5
2026-03-01,110,3,4,1
2026-04-01,110,3,5,1
2026-05-01,110,3,10,3
2026-06-01,110,3,8,3
2022-01-01,111,3,5,2
2022-02-01,111,3,4,1
2022-03-01,111,3,7,2
2022-04-01,111,3,11,6
2022-05-01,111,3,5,3
2022-06-01,111,3,6,3
2022-07-01,111,3,8,5
2022-08-01,111,3,6,3
2022-09-01,111,3,6,3
2022-10-01,111,3,8,0
2022-11-01,111,3,6,0
2022-12-01,111,3,3,1
2023-01-01,111,3,9,3
2023-02-01,111,3,6,3
2023-03-01,111,3,8,6
2023-04-01,111,3,5,1
2023-05-01,111,3,11,0
2023-06-01,111,3,8,3
2023-07-01,111,3,7,3
2023-08-01,111,3,6,3
2023-09-01,111,3,8,1
2023-10-01,111,3,8,3
2023-11-01,111,3,9,5
2023-12-01,111,3,6,2
2024-01-01,111,3,1,0
2024-02-01,111,3,6,3
2024-03-01,111,3,5,3
2024-04-01,111,3,7,3
2024-05-01,111,3,7,0
2024-06-01,111,3,11,5
2024-07-01,111,3,6,1
2024-08-01,111,3,7,4
2024-09-01,111,3,5,5
2024-10-01,111,3,6,2
2024-11-01,111,3,8,3
2024-12-01,111,3,4,3
2025-01-01,111,3,7,3
2025-02-01,111,3,5,1
2025-03-01,111,3,5,1
2025-04-01,111,3,8,5
2025-05-01,111,3,5,2
2025-06-01,111,3,7,4
2025-07-01,111,3,7,2
2025-08-01,111,3,10,2
2025-09-01,111,3,12,7
2025-10-01,111,3,4,2
2025-11-01,111,3,9,5
2025-12-01,111,3,4,0
2026-01-01,111,3,6,2
2026-02-01,111,3,4,0
2026-03-01,111,3,9,2
2026-04-01,111,3,11,3
2026-05-01,111,3,8,2
2026-06-01,111,3,10,2
2022-01-01,112,3,10,2
2022-02-01,112,3,5,2
2022-03-01,112,3,13,5
2022-04-01,112,3,3,1
2022-05-01,112,3,9,4
2022-06-01,112,3,11,3
2022-07-01,112,3,7,2
2022-08-01,112,3,6,1
2022-09-01,112,3,8,3
2022-10-01,112,3,5,3
2022-11-01,112,3,5,0
2022-12-01,112,3,6,5
2023-01-01,112,3,9,4
2023-02-01,112,3,4,1
2023-03-01,112,3,7,3
2023-04-01,112,3,9,4
2023-05-01,112,3,8,1
2023-06-01,112,3,6,1
2023-07-01,112,3,8,4
2023-08-01,112,3,3,2
2023-09-01,112,3,9,1
2023-10-01,112,3,5,0
2023-11-01,112,3,6,0
2023-12-01,112,3,4,2
2024-01-01,112,3,8,3
2024-02-01,112,3,5,1
2024-03-01,112,3,11,2
2024-04-01,112,3,8,3
2024-05-01,112,3,5,1
2024-06-01,112,3,6,3
2024-07-01,112,3,7,1
2024-08-01,112,3,5,1
2024-09-01,112,3,2,2
2024-10-01,112,3,7,1
2024-11-01,112,3,8,5
2024-12-01,112,3,8,2
2025-01-01,112,3,9,4
2025-02-01,112,3,8,3
2025-03-01,112,3,8,2
2025-04-01,112,3,8,2
2025-05-01,112,3,9,3
2025-06-01,112,3,5,2
2025-07-01,112,3,10,4
2025-08-01,112,3,11,3
2025-09-01,112,3,11,4
2025-10-01,112,3,5,0
2025-11-01,112,3,2,1
2025-12-01,112,3,10,3
2026-01-01,112,3,7,4
2026-02-01,112,3,4,2
2026-03-01,112,3,4,1
2026-04-01,112,3,7,5
2026-05-01,112,3,6,0
2026-06-01,112,3,6,2
2022-01-01,113,3,10,2
2022-02-01,113,3,7,5
2022-03-01,113,3,12,4
2022-04-01,113,3,9,4
2022-05-01,113,3,6,2
2022-06-01,113,3,8,5
2022-07-01,113,3,9,4
2022-08-01,113,3,8,3
2022-09-01,113,3,2,1
2022-10-01,113,3,9,3
2022-11-01,113,3,9,5
2022-12-01,113,3,5,3
2023-01-01,113,3,4,1
2023-02-01,113,3,6,1
2023-03-01,113,3,7,4
2023-04-01,113,3,5,3
2023-05-01,113,3,11,2
2023-06-01,113,3,3,1
2023-07-01,113,3,8,4
2023-08-01,113,3,7,3
2023-09-01,113,3,7,3
2023-10-01,113,3,3,0
2023-11-01,113,3,5,2
2023-12-01,113,3,7,2
2024-01-01,113,3,7,3
2024-02-01,113,3,1,0
2024-03-01,113,3,8,3
2024-04-01,113,3,9,5
2024-05-01,113,3,3,1
2024-06-01,113,3,5,0
2024-07-01,113,3,5,3
2024-08-01,113,3,1,1
2024-09-01,113,3,7,2
2024-10-01,113,3,6,1
2024-11-01,113,3,4,1
2024-12-01,113,3,5,4
2025-01-01,113,3,7,1
2025-02-01,113,3,4,2
2025-03-01,113,3,4,2
2025-04-01,113,3,8,1
2025-05-01,113,3,3,1
2025-06-01,113,3,9,3
2025-07-01,113,3,7,1
2025-08-01,113,3,7,4
2025-09-01,113,3,6,4
2025-10-01,113,3,11,5
2025-11-01,113,3,11,3
2025-12-01,113,3,3,0
2026-01-01,113,3,5,2
2026-02-01,113,3,3,1
2026-03-01,113,3,13,6
2026-04-01,113,3,8,5
2026-05-01,113,3,7,1
2026-06-01,113,3,4,2
2022-01-01,114,3,7,5
2022-02-01,114,3,9,1
2022-03-01,114,3,9,1
2022-04-01,114,3,6,2
2022-05-01,114,3,6,3
2022-06-01,114,3,5,3
2022-07-01,114,3,8,2
2022-08-01,114,3,7,1
2022-09-01,114,3,4,0
2022-10-01,114,3,7,1
2022-11-01,114,3,3,3
2022-12-01,114,3,13,7
2023-01-01,114,3,4,1
2023-02-01,114,3,5,3
2023-03-01,114,3,8,2
2023-04-01,114,3,9,1
2023-05-01,114,3,5,3
2023-06-01,114,3,15,5
2023-07-01,114,3,4,2
2023-08-01,114,3,6,3
2023-09-01,114,3,5,2
2023-10-01,114,3,4,0
2023-11-01,114,3,6,3
2023-12-01,114,3,7,1
2024-01-01,114,3,4,1
2024-02-01,114,3,3,2
2024-03-01,114,3,5,1
2024-04-01,114,3,13,5
2024-05-01,114,3,4,2
2024-06-01,114,3,6,1
2024-07-01,114,3,10,3
2024-08-01,114,3,3,1
2024-09-01,114,3,7,5
2024-10-01,114,3,10,4
2024-11-01,114,3,11,3
2024-12-01,114,3,11,7
2025-01-01,114,3,8,5
2025-02-01,114,3,10,2
2025-03-01,114,3,5,3
2025-04-01,114,3,4,1
2025-05-01,114,3,5,1
2025-06-01,114,3,5,2
2025-07-01,114,3,6,3
2025-08-01,114,3,8,1
2025-09-01,114,3,10,2
2025-10-01,114,3,9,2
2025-11-01,114,3,13,6
2025-12-01,114,3,10,6
2026-01-01,114,3,6,3
2026-02-01,114,3,9,3
2026-03-01,114,3,1,0
2026-04-01,114,3,8,3
2026-05-01,114,3,8,2
2026-06-01,114,3,6,2
2022-01-01,115,3,8,1
2022-02-01,115,3,3,0
2022-03-01,115,3,8,3
2022-04-01,115,3,9,1
2022-05-01,115,3,10,4
2022-06-01,115,3,8,2
2022-07-01,115,3,10,2
2022-08-01,115,3,6,3
2022-09-01,115,3,9,4
2022-10-01,115,3,8,3
2022-11-01,115,3,7,3
2022-12-01,115,3,7,4
2023-01-01,115,3,14,2
2023-02-01,115,3,7,2
2023-03-01,115,3,7,4
2023-04-01,115,3,9,5
2023-05-01,115,3,12,3
2023-06-01,115,3,4,2
2023-07-01,115,3,9,5
2023-08-01,115,3,8,3
2023-09-01,115,3,8,4
2023-10-01,115,3,4,4
2023-11-01,115,3,11,3
2023-12-01,115,3,4,3
2024-01-01,115,3,11,2
2024-02-01,115,3,6,4
2024-03-01,115,3,5,1
2024-04-01,115,3,9,2
2024-05-01,115,3,2,1
2024-06-01,115,3,8,4
2024-07-01,115,3,2,0
2024-08-01,115,3,12,4
2024-09-01,115,3,5,0
2024-10-01,115,3,6,2
2024-11-01,115,3,8,2
2024-12-01,115,3,7,5
2025-01-01,115,3,4,1
2025-02-01,115,3,4,1
2025-03-01,115,3,1,0
2025-04-01,115,3,7,4
2025-05-01,115,3,11,7
2025-06-01,115,3,5,3
2025-07-01,115,3,8,4
2025-08-01,115,3,7,2
2025-09-01,115,3,6,3
2025-10-01,115,3,7,3
2025-11-01,115,3,6,4
2025-12-01,115,3,8,3
2026-01-01,115,3,2,2
2026-02-01,115,3,12,3
2026-03-01,115,3,7,1
2026-04-01,115,3,9,4
2026-05-01,115,3,8,1
2026-06-01,115,3,8,2
2022-01-01,116,3,7,2
2022-02-01,116,3,5,2
2022-03-01,116,3,6,2
2022-04-01,116,3,7,1
2022-05-01,116,3,5,1
2022-06-01,116,3,9,3
2022-07-01,116,3,5,2
2022-08-01,116,3,8,3
2022-09-01,116,3,4,1
2022-10-01,116,3,7,1
2022-11-01,116,3,6,4
2022-12-01,116,3,6,2
2023-01-01,116,3,5,0
2023-02-01,116,3,10,4
2023-03-01,116,3,7,1
2023-04-01,116,3,5,3
2023-05-01,116,3,1,1
2023-06-01,116,3,10,4
2023-07-01,116,3,5,0
2023-08-01,116,3,6,3
2023-09-01,116,3,6,3
2023-10-01,116,3,4,1
2023-11-01,116,3,6,3
2023-12-01,116,3,5,1
2024-01-01,116,3,11,6
2024-02-01,116,3,9,4
2024-03-01,116,3,8,3
2024-04-01,116,3,7,2
2024-05-01,116,3,5,4
2024-06-01,116,3,3,1
2024-07-01,116,3,6,2
2024-08-01,116,3,4,3
2024-09-01,116,3,3,2
2024-10-01,116,3,5,0
2024-11-01,116,3,8,3
2024-12-01,116,3,5,3
2025-01-01,116,3,5,1
2025-02-01,116,3,3,2
2025-03-01,116,3,4,2
2025-04-01,116,3,3,2
2025-05-01,116,3,19,7
2025-06-01,116,3,14,2
2025-07-01,116,3,5,2
2025-08-01,116,3,8,5
2025-09-01,116,3,7,4
2025-10-01,116,3,8,2
2025-11-01,116,3,8,1
2025-12-01,116,3,7,4
2026-01-01,116,3,7,2
2026-02-01,116,3,4,2
2026-03-01,116,3,6,3
2026-04-01,116,3,12,3
2026-05-01,116,3,6,3
2026-06-01,116,3,5,1
2022-01-01,117,4,12,3
2022-02-01,117,4,6,3
2022-03-01,117,4,9,2
2022-04-01,117,4,4,2
2022-05-01,117,4,7,2
2022-06-01,117,4,5,2
2022-07-01,117,4,5,2
2022-08-01,117,4,4,2
2022-09-01,117,4,6,1
2022-10-01,117,4,5,2
2022-11-01,117,4,3,1
2022-12-01,117,4,9,1
2023-01-01,117,4,7,2
2023-02-01,117,4,7,3
2023-03-01,117,4,4,2
2023-04-01,117,4,10,4
2023-05-01,117,4,6,1
2023-06-01,117,4,7,2
2023-07-01,117,4,6,1
2023-08-01,117,4,9,6
2023-09-01,117,4,10,4
2023-10-01,117,4,8,1
2023-11-01,117,4,5,1
2023-12-01,117,4,7,0
2024-01-01,117,4,13,5
2024-02-01,117,4,4,1
2024-03-01,117,4,7,2
2024-04-01,117,4,11,5
2024-05-01,117,4,9,3
2024-06-01,117,4,6,0
2024-07-01,117,4,7,3
2024-08-01,117,4,12,5
2024-09-01,117,4,4,1
2024-10-01,117,4,8,1
2024-11-01,117,4,5,1
2024-12-01,117,4,6,2
2025-01-01,117,4,9,4
2025-02-01,117,4,10,2
2025-03-01,117,4,6,4
2025-04-01,117,4,5,2
2025-05-01,117,4,6,2
2025-06-01,117,4,5,2
2025-07-01,117,4,13,7
2025-08-01,117,4,6,2
2025-09-01,117,4,11,5
2025-10-01,117,4,7,2
2025-11-01,117,4,5,1
2025-12-01,117,4,3,1
2026-01-01,117,4,7,2
2026-02-01,117,4,6,2
2026-03-01,117,4,13,6
2026-04-01,117,4,6,2
2026-05-01,117,4,8,4
2026-06-01,117,4,6,1
2022-01-01,118,4,3,1
2022-02-01,118,4,3,1
2022-03-01,118,4,5,3
2022-04-01,118,4,9,2
2022-05-01,118,4,6,1
2022-06-01,118,4,6,1
2022-07-01,118,4,7,2
2022-08-01,118,4,5,4
2022-09-01,118,4,8,2
2022-10-01,118,4,7,3
2022-11-01,118,4,5,2
2022-12-01,118,4,5,3
2023-01-01,118,4,9,2
2023-02-01,118,4,3,2
2023-03-01,118,4,4,2
2023-04-01,118,4,7,3
2023-05-01,118,4,6,3
2023-06-01,118,4,6,3
2023-07-01,118,4,6,2
2023-08-01,118,4,9,3
2023-09-01,118,4,5,1
2023-10-01,118,4,8,1
2023-11-01,118,4,5,1
2023-12-01,118,4,7,5
2024-01-01,118,4,7,4
2024-02-01,118,4,7,3
2024-03-01,118,4,11,3
2024-04-01,118,4,5,3
2024-05-01,118,4,6,3
2024-06-01,118,4,8,4
2024-07-01,118,4,6,1
2024-08-01,118,4,3,3
2024-09-01,118,4,2,1
2024-10-01,118,4,5,2
2024-11-01,118,4,8,6
2024-12-01,118,4,12,3
2025-01-01,118,4,4,1
2025-02-01,118,4,3,3
2025-03-01,118,4,5,1
2025-04-01,118,4,8,1
2025-05-01,118,4,4,2
2025-06-01,118,4,11,2
2025-07-01,118,4,4,1
2025-08-01,118,4,2,1
2025-09-01,118,4,10,6
2025-10-01,118,4,11,1
2025-11-01,118,4,11,1
2025-12-01,118,4,5,3
2026-01-01,118,4,6,2
2026-02-01,118,4,5,2
2026-03-01,118,4,8,2
2026-04-01,118,4,6,1
2026-05-01,118,4,2,0
2026-06-01,118,4,25,6
2022-01-01,119,4,12,7
2022-02-01,119,4,9,3
2022-03-01,119,4,5,4
2022-04-01,119,4,7,1
2022-05-01,119,4,9,3
2022-06-01,119,4,4,2
2022-07-01,119,4,7,4
2022-08-01,119,4,8,2
2022-09-01,119,4,9,5
2022-10-01,119,4,4,2
2022-11-01,119,4,6,3
2022-12-01,119,4,3,1
2023-01-01,119,4,7,3
2023-02-01,119,4,7,3
2023-03-01,119,4,7,4
2023-04-01,119,4,4,3
2023-05-01,119,4,9,2
2023-06-01,119,4,8,5
2023-07-01,119,4,10,5
2023-08-01,119,4,7,3
2023-09-01,119,4,9,4
2023-10-01,119,4,9,4
2023-11-01,119,4,4,3
2023-12-01,119,4,6,4
2024-01-01,119,4,6,4
2024-02-01,119,4,3,2
2024-03-01,119,4,6,2
2024-04-01,119,4,11,6
2024-05-01,119,4,7,0
2024-06-01,119,4,8,2
2024-07-01,119,4,6,2
2024-08-01,119,4,5,1
2024-09-01,119,4,8,7
2024-10-01,119,4,6,4
2024-11-01,119,4,13,5
2024-12-01,119,4,6,4
2025-01-01,119,4,10,3
2025-02-01,119,4,5,3
2025-03-01,119,4,6,2
2025-04-01,119,4,7,4
2025-05-01,119,4,8,4
2025-06-01,119,4,6,4
2025-07-01,119,4,10,7
2025-08-01,119,4,5,1
2025-09-01,119,4,5,3
2025-10-01,119,4,8,3
2025-11-01,119,4,4,1
2025-12-01,119,4,9,3
2026-01-01,119,4,7,4
2026-02-01,119,4,8,2
2026-03-01,119,4,8,3
2026-04-01,119,4,6,2
2026-05-01,119,4,6,3
2026-06-01,119,4,8,2
2022-01-01,120,4,8,2
2022-02-01,120,4,3,3
2022-03-01,120,4,7,3
2022-04-01,120,4,7,3
2022-05-01,120,4,5,2
2022-06-01,120,4,7,6
2022-07-01,120,4,6,3
2022-08-01,120,4,4,1
2022-09-01,120,4,7,2
2022-10-01,120,4,7,4
2022-11-01,120,4,12,3
2022-12-01,120,4,9,2
2023-01-01,120,4,4,2
2023-02-01,120,4,5,1
2023-03-01,120,4,4,3
2023-04-01,120,4,5,0
2023-05-01,120,4,8,5
2023-06-01,120,4,14,7
2023-07-01,120,4,7,4
2023-08-01,120,4,9,6
2023-09-01,120,4,4,2
2023-10-01,120,4,8,1
2023-11-01,120,4,6,2
2023-12-01,120,4,7,0
2024-01-01,120,4,5,2
2024-02-01,120,4,4,2
2024-03-01,120,4,8,4
2024-04-01,120,4,6,2
2024-05-01,120,4,4,3
2024-06-01,120,4,10,4
2024-07-01,120,4,4,1
2024-08-01,120,4,10,5
2024-09-01,120,4,8,4
2024-10-01,120,4,5,2
2024-11-01,120,4,6,4
2024-12-01,120,4,5,1
2025-01-01,120,4,8,1
2025-02-01,120,4,11,5
2025-03-01,120,4,5,1
2025-04-01,120,4,7,4
2025-05-01,120,4,12,4
2025-06-01,120,4,3,1
2025-07-01,120,4,7,3
2025-08-01,120,4,6,3
2025-09-01,120,4,6,2
2025-10-01,120,4,5,2
2025-11-01,120,4,6,1
2025-12-01,120,4,6,2
2026-01-01,120,4,6,2
2026-02-01,120,4,7,4
2026-03-01,120,4,6,2
2026-04-01,120,4,8,2
2026-05-01,120,4,5,4
2026-06-01,120,4,6,3
2022-01-01,121,4,5,4
2022-02-01,121,4,3,1
2022-03-01,121,4,6,3
2022-04-01,121,4,4,1
2022-05-01,121,4,6,4
2022-06-01,121,4,8,4
2022-07-01,121,4,9,4
2022-08-01,121,4,14,4
2022-09-01,121,4,6,3
2022-10-01,121,4,10,2
2022-11-01,121,4,10,4
2022-12-01,121,4,4,3
2023-01-01,121,4,10,2
2023-02-01,121,4,7,2
2023-03-01,121,4,7,4
2023-04-01,121,4,6,1
2023-05-01,121,4,5,3
2023-06-01,121,4,8,3
2023-07-01,121,4,6,2
2023-08-01,121,4,5,2
2023-09-01,121,4,5,0
2023-10-01,121,4,8,4
2023-11-01,121,4,4,2
2023-12-01,121,4,10,1
2024-01-01,121,4,6,2
2024-02-01,121,4,9,5
2024-03-01,121,4,6,4
2024-04-01,121,4,4,2
2024-05-01,121,4,6,2
2024-06-01,121,4,5,3
2024-07-01,121,4,5,1
2024-08-01,121,4,5,3
2024-09-01,121,4,5,0
2024-10-01,121,4,11,4
2024-11-01,121,4,7,1
2024-12-01,121,4,6,2
2025-01-01,121,4,8,2
2025-02-01,121,4,7,1
2025-03-01,121,4,5,2
2025-04-01,121,4,9,1
2025-05-01,121,4,4,1
2025-06-01,121,4,6,3
2025-07-01,121,4,6,2
2025-08-01,121,4,12,6
2025-09-01,121,4,7,0
2025-10-01,121,4,9,3
2025-11-01,121,4,5,1
2025-12-01,121,4,8,2
2026-01-01,121,4,7,3
2026-02-01,121,4,5,3
2026-03-01,121,4,5,2
2026-04-01,121,4,3,1
2026-05-01,121,4,8,1
2026-06-01,121,4,8,3
2022-01-01,122,4,10,1
2022-02-01,122,4,3,1
2022-03-01,122,4,10,4
2022-04-01,122,4,5,0
2022-05-01,122,4,7,3
2022-06-01,122,4,10,6
2022-07-01,122,4,7,3
2022-08-01,122,4,11,5
2022-09-01,122,4,7,2
2022-10-01,122,4,8,2
2022-11-01,122,4,8,2
2022-12-01,122,4,6,2
2023-01-01,122,4,5,2
2023-02-01,122,4,8,4
2023-03-01,122,4,4,3
2023-04-01,122,4,7,3
2023-05-01,122,4,7,3
2023-06-01,122,4,3,1
2023-07-01,122,4,3,0
2023-08-01,122,4,5,2
2023-09-01,122,4,12,2
2023-10-01,122,4,12,6
2023-11-01,122,4,8,2
2023-12-01,122,4,13,5
2024-01-01,122,4,7,3
2024-02-01,122,4,7,5
2024-03-01,122,4,6,0
2024-04-01,122,4,4,3
2024-05-01,122,4,7,2
2024-06-01,122,4,2,0
2024-07-01,122,4,6,2
2024-08-01,122,4,15,4
2024-09-01,122,4,10,2
2024-10-01,122,4,10,1
2024-11-01,122,4,8,3
2024-12-01,122,4,8,2
2025-01-01,122,4,7,5
2025-02-01,122,4,4,1
2025-03-01,122,4,10,5
2025-04-01,122,4,4,2
2025-05-01,122,4,5,3
2025-06-01,122,4,3,2
2025-07-01,122,4,10,3
2025-08-01,122,4,9,5
2025-09-01,122,4,7,3
2025-10-01,122,4,8,3
2025-11-01,122,4,7,0
2025-12-01,122,4,3,2
2026-01-01,122,4,9,4
2026-02-01,122,4,5,3
2026-03-01,122,4,8,4
2026-04-01,122,4,7,4
2026-05-01,122,4,9,3
2026-06-01,122,4,10,4
2022-01-01,123,4,4,0
2022-02-01,123,4,8,4
2022-03-01,123,4,9,3
2022-04-01,123,4,7,3
2022-05-01,123,4,15,5
2022-06-01,123,4,5,2
2022-07-01,123,4,9,5
2022-08-01,123,4,6,2
2022-09-01,123,4,6,4
2022-10-01,123,4,10,2
2022-11-01,123,4,10,2
2022-12-01,123,4,8,3
2023-01-01,123,4,4,1
2023-02-01,123,4,4,2
2023-03-01,123,4,14,4
2023-04-01,123,4,8,2
2023-05-01,123,4,5,2
2023-06-01,123,4,6,1
2023-07-01,123,4,8,2
2023-08-01,123,4,5,3
2023-09-01,123,4,9,4
2023-10-01,123,4,11,4
2023-11-01,123,4,6,2
2023-12-01,123,4,10,4
2024-01-01,123,4,9,5
2024-02-01,123,4,8,2
2024-03-01,123,4,4,1
2024-04-01,123,4,3,1
2024-05-01,123,4,9,0
2024-06-01,123,4,8,2
2024-07-01,123,4,11,5
2024-08-01,123,4,8,4
2024-09-01,123,4,10,6
2024-10-01,123,4,9,4
2024-11-01,123,4,10,6
2024-12-01,123,4,3,1
2025-01-01,123,4,2,1
2025-02-01,123,4,3,2
2025-03-01,123,4,9,0
2025-04-01,123,4,7,2
2025-05-01,123,4,8,4
2025-06-01,123,4,12,5
2025-07-01,123,4,7,5
2025-08-01,123,4,9,5
2025-09-01,123,4,7,2
2025-10-01,123,4,3,1
2025-11-01,123,4,10,4
2025-12-01,123,4,11,7
2026-01-01,123,4,7,2
2026-02-01,123,4,3,0
2026-03-01,123,4,7,3
2026-04-01,123,4,4,3
2026-05-01,123,4,13,8
2026-06-01,123,4,4,1
2022-01-01,124,4,6,4
2022-02-01,124,4,12,3
2022-03-01,124,4,11,4
2022-04-01,124,4,5,2
2022-05-01,124,4,8,3
2022-06-01,124,4,8,2
2022-07-01,124,4,4,0
2022-08-01,124,4,9,5
2022-09-01,124,4,6,2
2022-10-01,124,4,8,4
2022-11-01,124,4,5,3
2022-12-01,124,4,8,4
2023-01-01,124,4,6,3
2023-02-01,124,4,7,2
2023-03-01,124,4,6,3
2023-04-01,124,4,6,1
2023-05-01,124,4,12,6
2023-06-01,124,4,6,3
2023-07-01,124,4,8,2
2023-08-01,124,4,8,2
2023-09-01,124,4,5,2
2023-10-01,124,4,6,1
2023-11-01,124,4,10,1
2023-12-01,124,4,8,3
2024-01-01,124,4,9,3
2024-02-01,124,4,5,0
2024-03-01,124,4,6,3
2024-04-01,124,4,9,3
2024-05-01,124,4,8,2
2024-06-01,124,4,7,1
2024-07-01,124,4,7,5
2024-08-01,124,4,3,1
2024-09-01,124,4,4,0
2024-10-01,124,4,10,3
2024-11-01,124,4,8,3
2024-12-01,124,4,2,0
2025-01-01,124,4,3,0
2025-02-01,124,4,5,1
2025-03-01,124,4,8,4
2025-04-01,124,4,4,2
2025-05-01,124,4,2,1
2025-06-01,124,4,7,4
2025-07-01,124,4,5,4
2025-08-01,124,4,6,3
2025-09-01,124,4,5,2
2025-10-01,124,4,8,1
2025-11-01,124,4,8,3
2025-12-01,124,4,6,3
2026-01-01,124,4,8,1
2026-02-01,124,4,6,2
2026-03-01,124,4,7,3
2026-04-01,124,4,5,2
2026-05-01,124,4,7,3
2026-06-01,124,4,4,1
2022-01-01,125,5,4,2
2022-02-01,125,5,10,2
2022-03-01,125,5,8,3
2022-04-01,125,5,12,7
2022-05-01,125,5,7,3
2022-06-01,125,5,10,4
2022-07-01,125,5,5,2
2022-08-01,125,5,6,1
2022-09-01,125,5,9,3
2022-10-01,125,5,5,2
2022-11-01,125,5,5,2
2022-12-01,125,5,8,5
2023-01-01,125,5,8,4
2023-02-01,125,5,7,3
2023-03-01,125,5,10,3
2023-04-01,125,5,8,4
2023-05-01,125,5,10,1
2023-06-01,125,5,7,3
2023-07-01,125,5,6,3
2023-08-01,125,5,11,2
2023-09-01,125,5,5,3
2023-10-01,125,5,7,4
2023-11-01,125,5,5,4
2023-12-01,125,5,8,3
2024-01-01,125,5,6,2
2024-02-01,125,5,4,1
2024-03-01,125,5,6,2
2024-04-01,125,5,3,0
2024-05-01,125,5,8,2
2024-06-01,125,5,12,4
2024-07-01,125,5,4,1
2024-08-01,125,5,4,2
2024-09-01,125,5,6,2
2024-10-01,125,5,5,3
2024-11-01,125,5,5,1
2024-12-01,125,5,4,3
2025-01-01,125,5,13,6
2025-02-01,125,5,7,5
2025-03-01,125,5,7,5
2025-04-01,125,5,6,4
2025-05-01,125,5,3,1
2025-06-01,125,5,10,3
2025-07-01,125,5,6,1
2025-08-01,125,5,7,3
2025-09-01,125,5,11,6
2025-10-01,125,5,9,4
2025-11-01,125,5,9,4
2025-12-01,125,5,2,1
2026-01-01,125,5,10,4
2026-02-01,125,5,4,1
2026-03-01,125,5,8,2
2026-04-01,125,5,7,3
2026-05-01,125,5,11,3
2026-06-01,125,5,5,1
2022-01-01,126,5,4,0
2022-02-01,126,5,8,3
2022-03-01,126,5,7,2
2022-04-01,126,5,8,3
2022-05-01,126,5,8,4
2022-06-01,126,5,5,2
2022-07-01,126,5,7,1
2022-08-01,126,5,6,3
2022-09-01,126,5,8,3
2022-10-01,126,5,9,4
2022-11-01,126,5,8,6
2022-12-01,126,5,6,0
2023-01-01,126,5,8,4
2023-02-01,126,5,6,2
2023-03-01,126,5,4,1
2023-04-01,126,5,4,0
2023-05-01,126,5,3,0
2023-06-01,126,5,4,2
2023-07-01,126,5,6,1
2023-08-01,126,5,11,5
2023-09-01,126,5,6,4
2023-10-01,126,5,13,4
2023-11-01,126,5,14,5
2023-12-01,126,5,6,2
2024-01-01,126,5,4,1
2024-02-01,126,5,11,7
2024-03-01,126,5,8,3
2024-04-01,126,5,4,2
2024-05-01,126,5,8,2
2024-06-01,126,5,3,1
2024-07-01,126,5,5,1
2024-08-01,126,5,9,3
2024-09-01,126,5,9,4
2024-10-01,126,5,8,3
2024-11-01,126,5,6,5
2024-12-01,126,5,9,1
2025-01-01,126,5,9,3
2025-02-01,126,5,8,3
2025-03-01,126,5,7,2
2025-04-01,126,5,5,4
2025-05-01,126,5,11,3
2025-06-01,126,5,7,3
2025-07-01,126,5,6,2
2025-08-01,126,5,4,0
2025-09-01,126,5,5,3
2025-10-01,126,5,8,2
2025-11-01,126,5,11,5
2025-12-01,126,5,5,3
2026-01-01,126,5,4,2
2026-02-01,126,5,4,2
2026-03-01,126,5,6,2
2026-04-01,126,5,6,3
2026-05-01,126,5,5,3
2026-06-01,126,5,8,3
2022-01-01,127,5,9,2
2022-02-01,127,5,8,2
2022-03-01,127,5,7,2
2022-04-01,127,5,7,5
2022-05-01,127,5,11,7
2022-06-01,127,5,6,1
2022-07-01,127,5,7,5
2022-08-01,127,5,5,1
2022-09-01,127,5,5,2
2022-10-01,127,5,6,2
2022-11-01,127,5,11,5
2022-12-01,127,5,6,4
2023-01-01,127,5,14,6
2023-02-01,127,5,7,1
2023-03-01,127,5,10,4
2023-04-01,127,5,10,8
2023-05-01,127,5,6,4
2023-06-01,127,5,7,1
2023-07-01,127,5,9,1
2023-08-01,127,5,9,4
2023-09-01,127,5,9,3
2023-10-01,127,5,5,2
2023-11-01,127,5,4,2
2023-12-01,127,5,5,2
2024-01-01,127,5,5,4
2024-02-01,127,5,5,2
2024-03-01,127,5,6,5
2024-04-01,127,5,6,2
2024-05-01,127,5,10,2
2024-06-01,127,5,9,4
2024-07-01,127,5,7,2
2024-08-01,127,5,4,2
2024-09-01,127,5,12,3
2024-10-01,127,5,9,4
2024-11-01,127,5,8,2
2024-12-01,127,5,4,1
2025-01-01,127,5,6,2
2025-02-01,127,5,4,0
2025-03-01,127,5,9,4
2025-04-01,127,5,2,0
2025-05-01,127,5,6,1
2025-06-01,127,5,8,2
2025-07-01,127,5,6,2
2025-08-01,127,5,9,4
2025-09-01,127,5,10,6
2025-10-01,127,5,6,4
2025-11-01,127,5,10,3
2025-12-01,127,5,4,1
2026-01-01,127,5,10,3
2026-02-01,127,5,2,1
2026-03-01,127,5,7,3
2026-04-01,127,5,8,4
2026-05-01,127,5,6,1
2026-06-01,127,5,8,4
2022-01-01,128,5,8,2
2022-02-01,128,5,2,1
2022-03-01,128,5,4,1
2022-04-01,128,5,1,0
2022-05-01,128,5,7,0
2022-06-01,128,5,8,3
2022-07-01,128,5,9,3
2022-08-01,128,5,8,2
2022-09-01,128,5,9,3
2022-10-01,128,5,6,1
2022-11-01,128,5,8,4
2022-12-01,128,5,5,4
2023-01-01,128,5,7,3
2023-02-01,128,5,5,2
2023-03-01,128,5,6,2
2023-04-01,128,5,4,1
2023-05-01,128,5,7,4
2023-06-01,128,5,6,2
2023-07-01,128,5,10,4
2023-08-01,128,5,8,3
2023-09-01,128,5,5,1
2023-10-01,128,5,13,8
2023-11-01,128,5,6,1
2023-12-01,128,5,4,0
2024-01-01,128,5,10,4
2024-02-01,128,5,13,5
2024-03-01,128,5,7,1
2024-04-01,128,5,4,2
2024-05-01,128,5,6,2
2024-06-01,128,5,4,2
2024-07-01,128,5,5,0
2024-08-01,128,5,7,2
2024-09-01,128,5,4,2
2024-10-01,128,5,7,2
2024-11-01,128,5,10,5
2024-12-01,128,5,5,3
2025-01-01,128,5,5,0
2025-02-01,128,5,8,3
2025-03-01,128,5,4,1
2025-04-01,128,5,4,2
2025-05-01,128,5,14,5
2025-06-01,128,5,5,3
2025-07-01,128,5,7,4
2025-08-01,128,5,8,4
2025-09-01,128,5,5,3
2025-10-01,128,5,5,2
2025-11-01,128,5,5,3
2025-12-01,128,5,6,3
2026-01-01,128,5,5,0
2026-02-01,128,5,6,3
2026-03-01,128,5,9,2
2026-04-01,128,5,7,2
2026-05-01,128,5,7,2
2026-06-01,128,5,7,3
2022-01-01,129,5,9,6
2022-02-01,129,5,6,3
2022-03-01,129,5,6,1
2022-04-01,129,5,11,3
2022-05-01,129,5,8,2
2022-06-01,129,5,5,2
2022-07-01,129,5,3,1
2022-08-01,129,5,9,2
2022-09-01,129,5,5,1
2022-10-01,129,5,9,3
2022-11-01,129,5,5,1
2022-12-01,129,5,7,1
2023-01-01,129,5,6,2
2023-02-01,129,5,4,1
2023-03-01,129,5,6,2
2023-04-01,129,5,4,2
2023-05-01,129,5,8,3
2023-06-01,129,5,7,3
2023-07-01,129,5,10,4
2023-08-01,129,5,5,3
2023-09-01,129,5,8,2
2023-10-01,129,5,5,3
2023-11-01,129,5,4,2
2023-12-01,129,5,5,1
2024-01-01,129,5,8,3
2024-02-01,129,5,5,0
2024-03-01,129,5,9,2
2024-04-01,129,5,5,2
2024-05-01,129,5,0,0
2024-06-01,129,5,11,3
2024-07-01,129,5,4,2
2024-08-01,129,5,8,1
2024-09-01,129,5,2,2
2024-10-01,129,5,4,0
2024-11-01,129,5,2,1
2024-12-01,129,5,8,3
2025-01-01,129,5,5,1
2025-02-01,129,5,5,3
2025-03-01,129,5,4,2
2025-04-01,129,5,4,2
2025-05-01,129,5,6,2
2025-06-01,129,5,13,5
2025-07-01,129,5,3,1
2025-08-01,129,5,9,3
2025-09-01,129,5,6,2
2025-10-01,129,5,8,3
2025-11-01,129,5,5,3
2025-12-01,129,5,9,4
2026-01-01,129,5,5,2
2026-02-01,129,5,7,2
2026-03-01,129,5,11,4
2026-04-01,129,5,6,3
2026-05-01,129,5,6,2
2026-06-01,129,5,29,10
2022-01-01,130,5,8,3
2022-02-01,130,5,13,7
2022-03-01,130,5,6,2
2022-04-01,130,5,8,1
2022-05-01,130,5,4,2
2022-06-01,130,5,5,2
2022-07-01,130,5,6,2
2022-08-01,130,5,10,3
2022-09-01,130,5,10,4
2022-10-01,130,5,9,2
2022-11-01,130,5,5,1
2022-12-01,130,5,5,2
2023-01-01,130,5,4,2
2023-02-01,130,5,10,3
2023-03-01,130,5,6,2
2023-04-01,130,5,5,2
2023-05-01,130,5,6,3
2023-06-01,130,5,8,5
2023-07-01,130,5,7,1
2023-08-01,130,5,5,1
2023-09-01,130,5,5,1
2023-10-01,130,5,6,3
2023-11-01,130,5,9,3
2023-12-01,130,5,9,2
2024-01-01,130,5,7,3
2024-02-01,130,5,9,3
2024-03-01,130,5,5,2
2024-04-01,130,5,11,5
2024-05-01,130,5,9,5
2024-06-01,130,5,5,1
2024-07-01,130,5,12,4
2024-08-01,130,5,13,3
2024-09-01,130,5,12,3
2024-10-01,130,5,5,1
2024-11-01,130,5,6,1
2024-12-01,130,5,8,1
2025-01-01,130,5,11,5
2025-02-01,130,5,5,4
2025-03-01,130,5,7,4
2025-04-01,130,5,10,4
2025-05-01,130,5,7,3
2025-06-01,130,5,2,1
2025-07-01,130,5,6,3
2025-08-01,130,5,5,0
2025-09-01,130,5,5,3
2025-10-01,130,5,8,4
2025-11-01,130,5,12,4
2025-12-01,130,5,10,4
2026-01-01,130,5,12,6
2026-02-01,130,5,11,7
2026-03-01,130,5,3,0
2026-04-01,130,5,9,3
2026-05-01,130,5,9,3
2026-06-01,130,5,7,4
2022-01-01,131,5,13,7
2022-02-01,131,5,8,2
2022-03-01,131,5,3,0
2022-04-01,131,5,6,3
2022-05-01,131,5,6,3
2022-06-01,131,5,1,1
2022-07-01,131,5,9,3
2022-08-01,131,5,4,1
2022-09-01,131,5,7,3
2022-10-01,131,5,5,3
2022-11-01,131,5,9,1
2022-12-01,131,5,4,1
2023-01-01,131,5,5,1
2023-02-01,131,5,6,3
2023-03-01,131,5,5,4
2023-04-01,131,5,8,3
2023-05-01,131,5,5,0
2023-06-01,131,5,3,3
2023-07-01,131,5,6,4
2023-08-01,131,5,9,4
2023-09-01,131,5,5,3
2023-10-01,131,5,5,1
2023-11-01,131,5,4,1
2023-12-01,131,5,7,1
2024-01-01,131,5,13,6
2024-02-01,131,5,11,6
2024-03-01,131,5,10,4
2024-04-01,131,5,11,2
2024-05-01,131,5,10,4
2024-06-01,131,5,9,2
2024-07-01,131,5,11,5
2024-08-01,131,5,3,2
2024-09-01,131,5,4,0
2024-10-01,131,5,6,1
2024-11-01,131,5,4,0
2024-12-01,131,5,6,2
2025-01-01,131,5,10,4
2025-02-01,131,5,7,3
2025-03-01,131,5,7,3
2025-04-01,131,5,12,6
2025-05-01,131,5,6,3
2025-06-01,131,5,5,2
2025-07-01,131,5,5,4
2025-08-01,131,5,5,2
2025-09-01,131,5,5,2
2025-10-01,131,5,7,3
2025-11-01,131,5,5,2
2025-12-01,131,5,11,6
2026-01-01,131,5,4,1
2026-02-01,131,5,5,0
2026-03-01,131,5,4,0
2026-04-01,131,5,5,1
2026-05-01,131,5,7,3
2026-06-01,131,5,7,3
2022-01-01,132,5,3,1
2022-02-01,132,5,3,2
2022-03-01,132,5,10,4
2022-04-01,132,5,6,4
2022-05-01,132,5,7,2
2022-06-01,132,5,8,4
2022-07-01,132,5,9,4
2022-08-01,132,5,10,4
2022-09-01,132,5,2,1
2022-10-01,132,5,4,0
2022-11-01,132,5,9,5
2022-12-01,132,5,10,2
2023-01-01,132,5,9,5
2023-02-01,132,5,6,5
2023-03-01,132,5,9,3
2023-04-01,132,5,6,3
2023-05-01,132,5,7,3
2023-06-01,132,5,3,1
2023-07-01,132,5,8,2
2023-08-01,132,5,10,7
2023-09-01,132,5,6,2
2023-10-01,132,5,7,4
2023-11-01,132,5,6,2
2023-12-01,132,5,3,2
2024-01-01,132,5,8,5
2024-02-01,132,5,3,1
2024-03-01,132,5,13,8
2024-04-01,132,5,4,2
2024-05-01,132,5,6,1
2024-06-01,132,5,8,5
2024-07-01,132,5,6,2
2024-08-01,132,5,7,3
2024-09-01,132,5,9,4
2024-10-01,132,5,2,1
2024-11-01,132,5,7,5
2024-12-01,132,5,9,5
2025-01-01,132,5,7,1
2025-02-01,132,5,9,4
2025-03-01,132,5,10,5
2025-04-01,132,5,13,8
2025-05-01,132,5,4,0
2025-06-01,132,5,5,3
2025-07-01,132,5,10,5
2025-08-01,132,5,6,1
2025-09-01,132,5,7,4
2025-10-01,132,5,5,2
2025-11-01,132,5,9,3
2025-12-01,132,5,8,3
2026-01-01,132,5,8,4
2026-02-01,132,5,9,0
2026-03-01,132,5,10,5
2026-04-01,132,5,5,2
2026-05-01,132,5,2,2
2026-06-01,132,5,1,0
2022-01-01,133,6,9,4
2022-02-01,133,6,5,2
2022-03-01,133,6,6,1
2022-04-01,133,6,4,1
2022-05-01,133,6,9,4
2022-06-01,133,6,8,2
2022-07-01,133,6,5,1
2022-08-01,133,6,8,3
2022-09-01,133,6,9,3
2022-10-01,133,6,11,4
2022-11-01,133,6,4,1
2022-12-01,133,6,3,1
2023-01-01,133,6,7,2
2023-02-01,133,6,10,4
2023-03-01,133,6,6,3
2023-04-01,133,6,4,1
2023-05-01,133,6,10,3
2023-06-01,133,6,7,2
2023-07-01,133,6,14,6
2023-08-01,133,6,4,2
2023-09-01,133,6,5,2
2023-10-01,133,6,8,1
2023-11-01,133,6,9,2
2023-12-01,133,6,10,1
2024-01-01,133,6,10,4
2024-02-01,133,6,8,4
2024-03-01,133,6,9,3
2024-04-01,133,6,6,3
2024-05-01,133,6,12,6
2024-06-01,133,6,7,3
2024-07-01,133,6,11,5
2024-08-01,133,6,12,6
2024-09-01,133,6,6,3
2024-10-01,133,6,3,1
2024-11-01,133,6,6,3
2024-12-01,133,6,2,0
2025-01-01,133,6,9,3
2025-02-01,133,6,9,5
2025-03-01,133,6,7,3
2025-04-01,133,6,8,4
2025-05-01,133,6,4,1
2025-06-01,133,6,11,2
2025-07-01,133,6,5,1
2025-08-01,133,6,6,2
2025-09-01,133,6,7,2
2025-10-01,133,6,5,2
2025-11-01,133,6,7,4
2025-12-01,133,6,6,4
2026-01-01,133,6,4,2
2026-02-01,133,6,7,3
2026-03-01,133,6,7,3
2026-04-01,133,6,7,0
2026-05-01,133,6,9,3
2026-06-01,133,6,2,1
2022-01-01,134,6,5,3
2022-02-01,134,6,6,3
2022-03-01,134,6,6,2
2022-04-01,134,6,6,3
2022-05-01,134,6,8,2
2022-06-01,134,6,4,3
2022-07-01,134,6,9,2
2022-08-01,134,6,2,0
2022-09-01,134,6,7,2
2022-10-01,134,6,10,8
2022-11-01,134,6,5,2
2022-12-01,134,6,8,1
2023-01-01,134,6,11,7
2023-02-01,134,6,3,1
2023-03-01,134,6,10,6
2023-04-01,134,6,8,1
2023-05-01,134,6,5,1
2023-06-01,134,6,6,1
2023-07-01,134,6,6,3
2023-08-01,134,6,6,3
2023-09-01,134,6,9,6
2023-10-01,134,6,8,4
2023-11-01,134,6,5,3
2023-12-01,134,6,8,5
2024-01-01,134,6,6,2
2024-02-01,134,6,7,1
2024-03-01,134,6,5,4
2024-04-01,134,6,3,1
2024-05-01,134,6,12,6
2024-06-01,134,6,6,2
2024-07-01,134,6,6,2
2024-08-01,134,6,5,2
2024-09-01,134,6,10,8
2024-10-01,134,6,6,3
2024-11-01,134,6,2,1
2024-12-01,134,6,10,4
2025-01-01,134,6,8,3
2025-02-01,134,6,6,3
2025-03-01,134,6,2,0
2025-04-01,134,6,13,5
2025-05-01,134,6,11,2
2025-06-01,134,6,2,1
2025-07-01,134,6,7,5
2025-08-01,134,6,7,2
2025-09-01,134,6,5,2
2025-10-01,134,6,4,1
2025-11-01,134,6,6,3
2025-12-01,134,6,8,3
2026-01-01,134,6,7,3
2026-02-01,134,6,5,4
2026-03-01,134,6,7,6
2026-04-01,134,6,10,5
2026-05-01,134,6,4,1
2026-06-01,134,6,7,2
2022-01-01,135,6,11,5
2022-02-01,135,6,5,2
2022-03-01,135,6,8,2
2022-04-01,135,6,2,1
2022-05-01,135,6,4,0
2022-06-01,135,6,6,3
2022-07-01,135,6,11,3
2022-08-01,135,6,4,0
2022-09-01,135,6,10,6
2022-10-01,135,6,8,2
2022-11-01,135,6,2,1
2022-12-01,135,6,4,0
2023-01-01,135,6,7,3
2023-02-01,135,6,8,3
2023-03-01,135,6,6,4
2023-04-01,135,6,5,2
2023-05-01,135,6,4,0
2023-06-01,135,6,8,5
2023-07-01,135,6,9,5
2023-08-01,135,6,6,0
2023-09-01,135,6,5,2
2023-10-01,135,6,5,4
2023-11-01,135,6,5,1
2023-12-01,135,6,6,5
2024-01-01,135,6,5,2
2024-02-01,135,6,7,2
2024-03-01,135,6,8,6
2024-04-01,135,6,7,0
2024-05-01,135,6,10,2
2024-06-01,135,6,10,3
2024-07-01,135,6,8,2
2024-08-01,135,6,7,1
2024-09-01,135,6,7,3
2024-10-01,135,6,5,2
2024-11-01,135,6,6,2
2024-12-01,135,6,7,2
2025-01-01,135,6,10,4
2025-02-01,135,6,9,4
2025-03-01,135,6,6,2
2025-04-01,135,6,3,3
2025-05-01,135,6,5,2
2025-06-01,135,6,6,1
2025-07-01,135,6,7,2
2025-08-01,135,6,3,2
2025-09-01,135,6,12,4
2025-10-01,135,6,10,2
2025-11-01,135,6,11,5
2025-12-01,135,6,5,1
2026-01-01,135,6,7,3
2026-02-01,135,6,8,2
2026-03-01,135,6,7,6
2026-04-01,135,6,5,3
2026-05-01,135,6,5,1
2026-06-01,135,6,26,11
2022-01-01,136,6,6,1
2022-02-01,136,6,7,1
2022-03-01,136,6,8,0
2022-04-01,136,6,4,1
2022-05-01,136,6,10,2
2022-06-01,136,6,5,1
2022-07-01,136,6,8,3
2022-08-01,136,6,8,3
2022-09-01,136,6,3,1
2022-10-01,136,6,6,2
2022-11-01,136,6,7,4
2022-12-01,136,6,6,2
2023-01-01,136,6,9,2
2023-02-01,136,6,5,1
2023-03-01,136,6,12,6
2023-04-01,136,6,8,6
2023-05-01,136,6,4,2
2023-06-01,136,6,8,3
2023-07-01,136,6,6,2
2023-08-01,136,6,9,3
2023-09-01,136,6,12,4
2023-10-01,136,6,7,1
2023-11-01,136,6,9,5
2023-12-01,136,6,9,4
2024-01-01,136,6,9,2
2024-02-01,136,6,8,3
2024-03-01,136,6,2,1
2024-04-01,136,6,8,1
2024-05-01,136,6,9,4
2024-06-01,136,6,6,2
2024-07-01,136,6,5,2
2024-08-01,136,6,6,2
2024-09-01,136,6,5,3
2024-10-01,136,6,5,1
2024-11-01,136,6,6,3
2024-12-01,136,6,3,1
2025-01-01,136,6,7,1
2025-02-01,136,6,5,4
2025-03-01,136,6,9,4
2025-04-01,136,6,4,2
2025-05-01,136,6,10,6
2025-06-01,136,6,7,2
2025-07-01,136,6,11,4
2025-08-01,136,6,5,2
2025-09-01,136,6,7,4
2025-10-01,136,6,5,2
2025-11-01,136,6,5,1
2025-12-01,136,6,7,3
2026-01-01,136,6,4,1
2026-02-01,136,6,7,2
2026-03-01,136,6,11,5
2026-04-01,136,6,7,1
2026-05-01,136,6,9,5
2026-06-01,136,6,7,1
2022-01-01,137,6,6,2
2022-02-01,137,6,6,2
2022-03-01,137,6,3,0
2022-04-01,137,6,4,1
2022-05-01,137,6,10,3
2022-06-01,137,6,11,5
2022-07-01,137,6,4,2
2022-08-01,137,6,11,5
2022-09-01,137,6,7,3
2022-10-01,137,6,10,6
2022-11-01,137,6,7,4
2022-12-01,137,6,9,4
2023-01-01,137,6,5,1
2023-02-01,137,6,11,4
2023-03-01,137,6,5,2
2023-04-01,137,6,7,3
2023-05-01,137,6,9,2
2023-06-01,137,6,4,2
2023-07-01,137,6,7,4
2023-08-01,137,6,7,1
2023-09-01,137,6,6,3
2023-10-01,137,6,7,2
2023-11-01,137,6,10,5
2023-12-01,137,6,8,3
2024-01-01,137,6,3,2
2024-02-01,137,6,4,1
2024-03-01,137,6,7,2
2024-04-01,137,6,4,3
2024-05-01,137,6,6,0
2024-06-01,137,6,7,1
2024-07-01,137,6,9,7
2024-08-01,137,6,8,3
2024-09-01,137,6,8,3
2024-10-01,137,6,5,3
2024-11-01,137,6,10,4
2024-12-01,137,6,8,3
2025-01-01,137,6,6,3
2025-02-01,137,6,7,2
2025-03-01,137,6,10,5
2025-04-01,137,6,6,1
2025-05-01,137,6,3,3
2025-06-01,137,6,7,3
2025-07-01,137,6,6,3
2025-08-01,137,6,2,1
2025-09-01,137,6,12,5
2025-10-01,137,6,5,2
2025-11-01,137,6,7,4
2025-12-01,137,6,11,3
2026-01-01,137,6,7,5
2026-02-01,137,6,9,4
2026-03-01,137,6,8,4
2026-04-01,137,6,3,1
2026-05-01,137,6,9,5
2026-06-01,137,6,7,2
2022-01-01,138,6,6,2
2022-02-01,138,6,6,3
2022-03-01,138,6,3,2
2022-04-01,138,6,5,1
2022-05-01,138,6,7,0
2022-06-01,138,6,7,3
2022-07-01,138,6,3,0
2022-08-01,138,6,5,3
2022-09-01,138,6,7,3
2022-10-01,138,6,9,4
2022-11-01,138,6,9,2
2022-12-01,138,6,10,4
2023-01-01,138,6,5,2
2023-02-01,138,6,11,3
2023-03-01,138,6,11,4
2023-04-01,138,6,5,0
2023-05-01,138,6,7,6
2023-06-01,138,6,10,5
2023-07-01,138,6,4,1
2023-08-01,138,6,5,0
2023-09-01,138,6,4,2
2023-10-01,138,6,8,1
2023-11-01,138,6,10,5
2023-12-01,138,6,9,5
2024-01-01,138,6,2,0
2024-02-01,138,6,10,1
2024-03-01,138,6,8,3
2024-04-01,138,6,11,1
2024-05-01,138,6,4,0
2024-06-01,138,6,9,2
2024-07-01,138,6,8,4
2024-08-01,138,6,9,2
2024-09-01,138,6,7,0
2024-10-01,138,6,5,1
2024-11-01,138,6,7,2
2024-12-01,138,6,9,4
2025-01-01,138,6,6,2
2025-02-01,138,6,9,3
2025-03-01,138,6,8,6
2025-04-01,138,6,9,3
2025-05-01,138,6,4,3
2025-06-01,138,6,10,1
2025-07-01,138,6,5,1
2025-08-01,138,6,5,2
2025-09-01,138,6,6,2
2025-10-01,138,6,7,2
2025-11-01,138,6,9,3
2025-12-01,138,6,10,4
2026-01-01,138,6,7,2
2026-02-01,138,6,9,5
2026-03-01,138,6,2,1
2026-04-01,138,6,6,4
2026-05-01,138,6,7,4
2026-06-01,138,6,2,1
2022-01-01,139,6,7,3
2022-02-01,139,6,8,2
2022-03-01,139,6,9,2
2022-04-01,139,6,5,0
2022-05-01,139,6,10,4
2022-06-01,139,6,5,2
2022-07-01,139,6,3,2
2022-08-01,139,6,4,1
2022-09-01,139,6,5,3
2022-10-01,139,6,11,2
2022-11-01,139,6,6,4
2022-12-01,139,6,7,1
2023-01-01,139,6,4,3
2023-02-01,139,6,8,3
2023-03-01,139,6,4,3
2023-04-01,139,6,7,3
2023-05-01,139,6,12,2
2023-06-01,139,6,5,1
2023-07-01,139,6,12,3
2023-08-01,139,6,6,1
2023-09-01,139,6,4,1
2023-10-01,139,6,12,7
2023-11-01,139,6,5,1
2023-12-01,139,6,8,1
2024-01-01,139,6,5,2
2024-02-01,139,6,12,6
2024-03-01,139,6,6,3
2024-04-01,139,6,6,1
2024-05-01,139,6,6,3
2024-06-01,139,6,10,3
2024-07-01,139,6,11,2
2024-08-01,139,6,4,1
2024-09-01,139,6,7,2
2024-10-01,139,6,9,4
2024-11-01,139,6,7,3
2024-12-01,139,6,10,3
2025-01-01,139,6,9,3
2025-02-01,139,6,4,2
2025-03-01,139,6,8,5
2025-04-01,139,6,7,2
2025-05-01,139,6,7,2
2025-06-01,139,6,4,1
2025-07-01,139,6,12,2
2025-08-01,139,6,9,4
2025-09-01,139,6,8,3
2025-10-01,139,6,6,2
2025-11-01,139,6,10,4
2025-12-01,139,6,9,3
2026-01-01,139,6,5,1
2026-02-01,139,6,6,3
2026-03-01,139,6,8,6
2026-04-01,139,6,6,4
2026-05-01,139,6,4,0
2026-06-01,139,6,2,0
2022-01-01,140,6,3,2
2022-02-01,140,6,8,1
2022-03-01,140,6,9,4
2022-04-01,140,6,7,3
2022-05-01,140,6,6,2
2022-06-01,140,6,6,2
2022-07-01,140,6,9,5
2022-08-01,140,6,8,4
2022-09-01,140,6,6,2
2022-10-01,140,6,3,2
2022-11-01,140,6,8,4
2022-12-01,140,6,7,0
2023-01-01,140,6,5,4
2023-02-01,140,6,4,1
2023-03-01,140,6,6,3
2023-04-01,140,6,4,3
2023-05-01,140,6,10,7
2023-06-01,140,6,3,1
2023-07-01,140,6,9,6
2023-08-01,140,6,8,3
2023-09-01,140,6,5,1
2023-10-01,140,6,6,3
2023-11-01,140,6,4,1
2023-12-01,140,6,6,2
2024-01-01,140,6,7,2
2024-02-01,140,6,3,1
2024-03-01,140,6,4,2
2024-04-01,140,6,9,2
2024-05-01,140,6,7,2
2024-06-01,140,6,8,2
2024-07-01,140,6,11,6
2024-08-01,140,6,5,1
2024-09-01,140,6,10,4
2024-10-01,140,6,2,1
2024-11-01,140,6,8,5
2024-12-01,140,6,8,2
2025-01-01,140,6,8,3
2025-02-01,140,6,4,3
2025-03-01,140,6,5,2
2025-04-01,140,6,10,6
2025-05-01,140,6,12,6
2025-06-01,140,6,7,2
2025-07-01,140,6,6,3
2025-08-01,140,6,11,7
2025-09-01,140,6,5,3
2025-10-01,140,6,8,4
2025-11-01,140,6,5,2
2025-12-01,140,6,10,4
2026-01-01,140,6,7,2
2026-02-01,140,6,5,3
2026-03-01,140,6,8,3
2026-04-01,140,6,6,2
2026-05-01,140,6,7,2
2026-06-01,140,6,5,2
2022-01-01,141,7,8,2
2022-02-01,141,7,7,2
2022-03-01,141,7,9,2
2022-04-01,141,7,5,0
2022-05-01,141,7,4,2
2022-06-01,141,7,5,3
2022-07-01,141,7,8,1
2022-08-01,141,7,10,5
2022-09-01,141,7,1,1
2022-10-01,141,7,9,1
2022-11-01,141,7,3,1
2022-12-01,141,7,3,0
2023-01-01,141,7,1,0
2023-02-01,141,7,3,1
2023-03-01,141,7,8,3
2023-04-01,141,7,4,0
2023-05-01,141,7,10,3
2023-06-01,141,7,5,2
2023-07-01,141,7,7,1
2023-08-01,141,7,8,3
2023-09-01,141,7,3,2
2023-10-01,141,7,9,3
2023-11-01,141,7,7,5
2023-12-01,141,7,6,3
2024-01-01,141,7,13,7
2024-02-01,141,7,11,5
2024-03-01,141,7,7,3
2024-04-01,141,7,4,0
2024-05-01,141,7,5,3
2024-06-01,141,7,8,2
2024-07-01,141,7,9,3
2024-08-01,141,7,7,5
2024-09-01,141,7,7,3
2024-10-01,141,7,5,2
2024-11-01,141,7,3,2
2024-12-01,141,7,8,2
2025-01-01,141,7,11,5
2025-02-01,141,7,7,3
2025-03-01,141,7,8,2
2025-04-01,141,7,8,2
2025-05-01,141,7,5,1
2025-06-01,141,7,8,4
2025-07-01,141,7,8,3
2025-08-01,141,7,6,2
2025-09-01,141,7,7,2
2025-10-01,141,7,5,3
2025-11-01,141,7,7,4
2025-12-01,141,7,6,4
2026-01-01,141,7,5,1
2026-02-01,141,7,9,4
2026-03-01,141,7,8,5
2026-04-01,141,7,6,3
2026-05-01,141,7,10,1
2026-06-01,141,7,6,2
2022-01-01,142,7,7,3
2022-02-01,142,7,9,6
2022-03-01,142,7,5,0
2022-04-01,142,7,6,5
2022-05-01,142,7,9,4
2022-06-01,142,7,6,0
2022-07-01,142,7,7,1
2022-08-01,142,7,8,3
2022-09-01,142,7,5,2
2022-10-01,142,7,5,3
2022-11-01,142,7,4,1
2022-12-01,142,7,8,1
2023-01-01,142,7,10,2
2023-02-01,142,7,2,1
2023-03-01,142,7,3,1
2023-04-01,142,7,10,5
2023-05-01,142,7,3,1
2023-06-01,142,7,7,4
2023-07-01,142,7,8,3
2023-08-01,142,7,11,2
2023-09-01,142,7,10,2
2023-10-01,142,7,8,2
2023-11-01,142,7,4,1
2023-12-01,142,7,10,3
2024-01-01,142,7,8,6
2024-02-01,142,7,5,2
2024-03-01,142,7,11,6
2024-04-01,142,7,5,1
2024-05-01,142,7,8,4
2024-06-01,142,7,6,4
2024-07-01,142,7,10,3
2024-08-01,142,7,8,4
2024-09-01,142,7,8,1
2024-10-01,142,7,2,1
2024-11-01,142,7,12,5
2024-12-01,142,7,5,4
2025-01-01,142,7,8,1
2025-02-01,142,7,9,5
2025-03-01,142,7,5,1
2025-04-01,142,7,5,3
2025-05-01,142,7,9,5
2025-06-01,142,7,2,0
2025-07-01,142,7,4,2
2025-08-01,142,7,7,3
2025-09-01,142,7,6,2
2025-10-01,142,7,5,2
2025-11-01,142,7,10,4
2025-12-01,142,7,6,5
2026-01-01,142,7,12,1
2026-02-01,142,7,3,1
2026-03-01,142,7,7,4
2026-04-01,142,7,9,4
2026-05-01,142,7,7,3
2026-06-01,142,7,5,3
2022-01-01,143,7,7,3
2022-02-01,143,7,7,2
2022-03-01,143,7,4,3
2022-04-01,143,7,7,1
2022-05-01,143,7,9,2
2022-06-01,143,7,3,1
2022-07-01,143,7,11,3
2022-08-01,143,7,7,2
2022-09-01,143,7,7,4
2022-10-01,143,7,5,3
2022-11-01,143,7,8,3
2022-12-01,143,7,7,3
2023-01-01,143,7,3,2
2023-02-01,143,7,7,2
2023-03-01,143,7,7,2
2023-04-01,143,7,3,1
2023-05-01,143,7,7,3
2023-06-01,143,7,2,0
2023-07-01,143,7,9,3
2023-08-01,143,7,11,2
2023-09-01,143,7,4,2
2023-10-01,143,7,12,2
2023-11-01,143,7,7,3
2023-12-01,143,7,8,3
2024-01-01,143,7,10,2
2024-02-01,143,7,7,2
2024-03-01,143,7,9,2
2024-04-01,143,7,7,1
2024-05-01,143,7,1,0
2024-06-01,143,7,9,3
2024-07-01,143,7,13,4
2024-08-01,143,7,11,5
2024-09-01,143,7,5,3
2024-10-01,143,7,7,3
2024-11-01,143,7,8,3
2024-12-01,143,7,8,6
2025-01-01,143,7,4,2
2025-02-01,143,7,6,3
2025-03-01,143,7,5,2
2025-04-01,143,7,9,5
2025-05-01,143,7,3,2
2025-06-01,143,7,6,3
2025-07-01,143,7,5,2
2025-08-01,143,7,7,2
2025-09-01,143,7,5,1
2025-10-01,143,7,5,1
2025-11-01,143,7,1,0
2025-12-01,143,7,5,4
2026-01-01,143,7,12,5
2026-02-01,143,7,8,4
2026-03-01,143,7,8,5
2026-04-01,143,7,6,2
2026-05-01,143,7,5,2
2026-06-01,143,7,3,0
2022-01-01,144,7,10,6
2022-02-01,144,7,5,3
2022-03-01,144,7,4,1
2022-04-01,144,7,8,4
2022-05-01,144,7,5,1
2022-06-01,144,7,6,0
2022-07-01,144,7,9,6
2022-08-01,144,7,7,1
2022-09-01,144,7,6,1
2022-10-01,144,7,5,2
2022-11-01,144,7,8,2
2022-12-01,144,7,2,0
2023-01-01,144,7,12,4
2023-02-01,144,7,11,4
2023-03-01,144,7,14,6
2023-04-01,144,7,4,2
2023-05-01,144,7,7,0
2023-06-01,144,7,11,6
2023-07-01,144,7,1,0
2023-08-01,144,7,15,7
2023-09-01,144,7,9,4
2023-10-01,144,7,9,4
2023-11-01,144,7,9,4
2023-12-01,144,7,11,5
2024-01-01,144,7,8,1
2024-02-01,144,7,7,2
2024-03-01,144,7,3,0
2024-04-01,144,7,8,4
2024-05-01,144,7,3,0
2024-06-01,144,7,8,2
2024-07-01,144,7,3,0
2024-08-01,144,7,5,2
2024-09-01,144,7,9,2
2024-10-01,144,7,7,3
2024-11-01,144,7,7,2
2024-12-01,144,7,9,4
2025-01-01,144,7,4,1
2025-02-01,144,7,4,4
2025-03-01,144,7,6,2
2025-04-01,144,7,5,3
2025-05-01,144,7,11,4
2025-06-01,144,7,10,3
2025-07-01,144,7,5,0
2025-08-01,144,7,7,3
2025-09-01,144,7,7,2
2025-10-01,144,7,9,4
2025-11-01,144,7,8,3
2025-12-01,144,7,4,2
2026-01-01,144,7,7,1
2026-02-01,144,7,7,3
2026-03-01,144,7,3,2
2026-04-01,144,7,5,3
2026-05-01,144,7,8,3
2026-06-01,144,7,6,2
2022-01-01,145,7,8,3
2022-02-01,145,7,4,2
2022-03-01,145,7,12,5
2022-04-01,145,7,4,3
2022-05-01,145,7,4,2
2022-06-01,145,7,8,2
2022-07-01,145,7,7,3
2022-08-01,145,7,11,2
2022-09-01,145,7,11,3
2022-10-01,145,7,6,3
2022-11-01,145,7,7,1
2022-12-01,145,7,7,0
2023-01-01,145,7,8,1
2023-02-01,145,7,2,0
2023-03-01,145,7,7,6
2023-04-01,145,7,8,4
2023-05-01,145,7,10,5
2023-06-01,145,7,9,3
2023-07-01,145,7,7,4
2023-08-01,145,7,6,5
2023-09-01,145,7,7,4
2023-10-01,145,7,12,5
2023-11-01,145,7,8,1
2023-12-01,145,7,5,0
2024-01-01,145,7,8,3
2024-02-01,145,7,14,4
2024-03-01,145,7,10,4
2024-04-01,145,7,4,2
2024-05-01,145,7,7,0
2024-06-01,145,7,6,2
2024-07-01,145,7,9,1
2024-08-01,145,7,5,0
2024-09-01,145,7,6,1
2024-10-01,145,7,8,3
2024-11-01,145,7,8,2
2024-12-01,145,7,5,3
2025-01-01,145,7,7,3
2025-02-01,145,7,5,2
2025-03-01,145,7,7,3
2025-04-01,145,7,12,5
2025-05-01,145,7,5,2
2025-06-01,145,7,9,1
2025-07-01,145,7,8,5
2025-08-01,145,7,6,4
2025-09-01,145,7,6,3
2025-10-01,145,7,8,2
2025-11-01,145,7,9,3
2025-12-01,145,7,6,1
2026-01-01,145,7,7,2
2026-02-01,145,7,6,1
2026-03-01,145,7,5,1
2026-04-01,145,7,4,3
2026-05-01,145,7,6,0
2026-06-01,145,7,7,4
2022-01-01,146,7,7,1
2022-02-01,146,7,6,0
2022-03-01,146,7,9,1
2022-04-01,146,7,5,3
2022-05-01,146,7,11,4
2022-06-01,146,7,8,6
2022-07-01,146,7,9,6
2022-08-01,146,7,8,3
2022-09-01,146,7,12,2
2022-10-01,146,7,1,0
2022-11-01,146,7,5,2
2022-12-01,146,7,6,2
2023-01-01,146,7,10,5
2023-02-01,146,7,10,5
2023-03-01,146,7,3,1
2023-04-01,146,7,11,4
2023-05-01,146,7,9,2
2023-06-01,146,7,5,4
2023-07-01,146,7,6,3
2023-08-01,146,7,10,4
2023-09-01,146,7,9,3
2023-10-01,146,7,6,2
2023-11-01,146,7,7,1
2023-12-01,146,7,9,5
2024-01-01,146,7,4,2
2024-02-01,146,7,4,2
2024-03-01,146,7,6,3
2024-04-01,146,7,10,3
2024-05-01,146,7,13,6
2024-06-01,146,7,8,1
2024-07-01,146,7,9,3
2024-08-01,146,7,3,0
2024-09-01,146,7,5,1
2024-10-01,146,7,7,3
2024-11-01,146,7,3,1
2024-12-01,146,7,8,2
2025-01-01,146,7,6,2
2025-02-01,146,7,5,3
2025-03-01,146,7,7,1
2025-04-01,146,7,7,4
2025-05-01,146,7,10,4
2025-06-01,146,7,9,5
2025-07-01,146,7,9,5
2025-08-01,146,7,6,1
2025-09-01,146,7,7,2
2025-10-01,146,7,4,2
2025-11-01,146,7,7,2
2025-12-01,146,7,1,1
2026-01-01,146,7,5,1
2026-02-01,146,7,5,2
2026-03-01,146,7,9,3
2026-04-01,146,7,6,2
2026-05-01,146,7,8,4
2026-06-01,146,7,11,5
2022-01-01,147,7,12,6
2022-02-01,147,7,8,3
2022-03-01,147,7,3,1
2022-04-01,147,7,8,4
2022-05-01,147,7,4,1
2022-06-01,147,7,4,2
2022-07-01,147,7,7,3
2022-08-01,147,7,6,1
2022-09-01,147,7,6,2
2022-10-01,147,7,7,2
2022-11-01,147,7,3,0
2022-12-01,147,7,3,2
2023-01-01,147,7,6,1
2023-02-01,147,7,9,2
2023-03-01,147,7,9,5
2023-04-01,147,7,12,3
2023-05-01,147,7,8,0
2023-06-01,147,7,7,3
2023-07-01,147,7,8,3
2023-08-01,147,7,5,1
2023-09-01,147,7,6,3
2023-10-01,147,7,9,4
2023-11-01,147,7,7,2
2023-12-01,147,7,3,0
2024-01-01,147,7,4,1
2024-02-01,147,7,11,4
2024-03-01,147,7,11,3
2024-04-01,147,7,13,5
2024-05-01,147,7,9,5
2024-06-01,147,7,11,7
2024-07-01,147,7,9,3
2024-08-01,147,7,6,2
2024-09-01,147,7,8,4
2024-10-01,147,7,10,1
2024-11-01,147,7,10,1
2024-12-01,147,7,13,8
2025-01-01,147,7,3,1
2025-02-01,147,7,2,1
2025-03-01,147,7,8,2
2025-04-01,147,7,12,4
2025-05-01,147,7,4,0
2025-06-01,147,7,10,3
2025-07-01,147,7,4,1
2025-08-01,147,7,5,0
2025-09-01,147,7,8,3
2025-10-01,147,7,5,4
2025-11-01,147,7,8,2
2025-12-01,147,7,3,0
2026-01-01,147,7,6,2
2026-02-01,147,7,7,2
2026-03-01,147,7,10,5
2026-04-01,147,7,5,1
2026-05-01,147,7,4,2
2026-06-01,147,7,7,5
2022-01-01,148,7,7,3
2022-02-01,148,7,2,1
2022-03-01,148,7,9,3
2022-04-01,148,7,9,3
2022-05-01,148,7,9,3
2022-06-01,148,7,6,3
2022-07-01,148,7,7,2
2022-08-01,148,7,3,2
2022-09-01,148,7,7,4
2022-10-01,148,7,9,5
2022-11-01,148,7,4,1
2022-12-01,148,7,7,3
2023-01-01,148,7,7,2
2023-02-01,148,7,5,2
2023-03-01,148,7,8,2
2023-04-01,148,7,1,1
2023-05-01,148,7,14,4
2023-06-01,148,7,10,1
2023-07-01,148,7,8,4
2023-08-01,148,7,4,1
2023-09-01,148,7,3,1
2023-10-01,148,7,6,2
2023-11-01,148,7,5,0
2023-12-01,148,7,3,1
2024-01-01,148,7,4,3
2024-02-01,148,7,5,1
2024-03-01,148,7,9,3
2024-04-01,148,7,6,1
2024-05-01,148,7,4,1
2024-06-01,148,7,8,3
2024-07-01,148,7,4,2
2024-08-01,148,7,12,5
2024-09-01,148,7,4,3
2024-10-01,148,7,8,1
2024-11-01,148,7,6,3
2024-12-01,148,7,7,3
2025-01-01,148,7,5,2
2025-02-01,148,7,6,4
2025-03-01,148,7,6,3
2025-04-01,148,7,4,1
2025-05-01,148,7,12,3
2025-06-01,148,7,2,0
2025-07-01,148,7,3,1
2025-08-01,148,7,6,3
2025-09-01,148,7,11,3
2025-10-01,148,7,4,1
2025-11-01,148,7,5,1
2025-12-01,148,7,3,1
2026-01-01,148,7,7,3
2026-02-01,148,7,7,1
2026-03-01,148,7,7,1
2026-04-01,148,7,7,4
2026-05-01,148,7,13,7
2026-06-01,148,7,28,10
2022-01-01,149,8,9,2
2022-02-01,149,8,5,3
2022-03-01,149,8,7,2
2022-04-01,149,8,6,2
2022-05-01,149,8,6,1
2022-06-01,149,8,7,1
2022-07-01,149,8,8,2
2022-08-01,149,8,3,2
2022-09-01,149,8,7,2
2022-10-01,149,8,6,1
2022-11-01,149,8,7,1
2022-12-01,149,8,12,8
2023-01-01,149,8,6,1
2023-02-01,149,8,7,1
2023-03-01,149,8,13,6
2023-04-01,149,8,6,3
2023-05-01,149,8,6,3
2023-06-01,149,8,5,1
2023-07-01,149,8,7,4
2023-08-01,149,8,9,4
2023-09-01,149,8,0,0
2023-10-01,149,8,7,3
2023-11-01,149,8,7,4
2023-12-01,149,8,5,1
2024-01-01,149,8,9,3
2024-02-01,149,8,4,0
2024-03-01,149,8,8,3
2024-04-01,149,8,6,1
2024-05-01,149,8,5,2
2024-06-01,149,8,4,1
2024-07-01,149,8,8,4
2024-08-01,149,8,8,5
2024-09-01,149,8,7,4
2024-10-01,149,8,9,3
2024-11-01,149,8,6,2
2024-12-01,149,8,11,2
2025-01-01,149,8,7,3
2025-02-01,149,8,11,3
2025-03-01,149,8,5,2
2025-04-01,149,8,6,3
2025-05-01,149,8,9,1
2025-06-01,149,8,9,3
2025-07-01,149,8,9,3
2025-08-01,149,8,7,3
2025-09-01,149,8,4,0
2025-10-01,149,8,4,4
2025-11-01,149,8,12,5
2025-12-01,149,8,6,1
2026-01-01,149,8,6,3
2026-02-01,149,8,6,3
2026-03-01,149,8,7,1
2026-04-01,149,8,5,2
2026-05-01,149,8,10,1
2026-06-01,149,8,12,4
2022-01-01,150,8,7,2
2022-02-01,150,8,4,1
2022-03-01,150,8,10,3
2022-04-01,150,8,9,3
2022-05-01,150,8,11,4
2022-06-01,150,8,9,2
2022-07-01,150,8,6,2
2022-08-01,150,8,3,0
2022-09-01,150,8,6,2
2022-10-01,150,8,4,1
2022-11-01,150,8,2,2
2022-12-01,150,8,8,3
2023-01-01,150,8,9,5
2023-02-01,150,8,3,2
2023-03-01,150,8,7,4
2023-04-01,150,8,4,2
2023-05-01,150,8,6,1
2023-06-01,150,8,11,5
2023-07-01,150,8,8,3
2023-08-01,150,8,3,1
2023-09-01,150,8,10,6
2023-10-01,150,8,8,4
2023-11-01,150,8,10,2
2023-12-01,150,8,9,3
2024-01-01,150,8,8,3
2024-02-01,150,8,5,1
2024-03-01,150,8,2,0
2024-04-01,150,8,11,5
2024-05-01,150,8,9,5
2024-06-01,150,8,4,2
2024-07-01,150,8,8,3
2024-08-01,150,8,14,7
2024-09-01,150,8,7,2
2024-10-01,150,8,7,0
2024-11-01,150,8,9,4
2024-12-01,150,8,5,1
2025-01-01,150,8,8,3
2025-02-01,150,8,11,2
2025-03-01,150,8,2,0
2025-04-01,150,8,8,3
2025-05-01,150,8,11,3
2025-06-01,150,8,11,5
2025-07-01,150,8,11,3
2025-08-01,150,8,10,7
2025-09-01,150,8,4,0
2025-10-01,150,8,6,2
2025-11-01,150,8,7,4
2025-12-01,150,8,10,2
2026-01-01,150,8,7,3
2026-02-01,150,8,8,2
2026-03-01,150,8,8,2
2026-04-01,150,8,3,1
2026-05-01,150,8,11,3
2026-06-01,150,8,8,4
2022-01-01,151,8,9,4
2022-02-01,151,8,7,4
2022-03-01,151,8,7,3
2022-04-01,151,8,5,2
2022-05-01,151,8,4,2
2022-06-01,151,8,5,2
2022-07-01,151,8,5,1
2022-08-01,151,8,7,2
2022-09-01,151,8,8,6
2022-10-01,151,8,3,0
2022-11-01,151,8,7,4
2022-12-01,151,8,7,2
2023-01-01,151,8,11,3
2023-02-01,151,8,1,0
2023-03-01,151,8,3,1
2023-04-01,151,8,5,1
2023-05-01,151,8,9,3
2023-06-01,151,8,13,3
2023-07-01,151,8,10,4
2023-08-01,151,8,3,2
2023-09-01,151,8,3,1
2023-10-01,151,8,11,5
2023-11-01,151,8,5,3
2023-12-01,151,8,5,2
2024-01-01,151,8,8,3
2024-02-01,151,8,10,5
2024-03-01,151,8,7,2
2024-04-01,151,8,5,2
2024-05-01,151,8,3,0
2024-06-01,151,8,5,3
2024-07-01,151,8,5,1
2024-08-01,151,8,7,3
2024-09-01,151,8,6,3
2024-10-01,151,8,9,4
2024-11-01,151,8,6,2
2024-12-01,151,8,2,0
2025-01-01,151,8,7,2
2025-02-01,151,8,10,5
2025-03-01,151,8,7,3
2025-04-01,151,8,6,3
2025-05-01,151,8,4,2
2025-06-01,151,8,7,1
2025-07-01,151,8,4,2
2025-08-01,151,8,7,2
2025-09-01,151,8,10,3
2025-10-01,151,8,3,1
2025-11-01,151,8,8,0
2025-12-01,151,8,3,2
2026-01-01,151,8,5,0
2026-02-01,151,8,4,1
2026-03-01,151,8,7,2
2026-04-01,151,8,9,3
2026-05-01,151,8,2,2
2026-06-01,151,8,5,2
2022-01-01,152,8,7,2
2022-02-01,152,8,2,0
2022-03-01,152,8,5,4
2022-04-01,152,8,9,4
2022-05-01,152,8,3,0
2022-06-01,152,8,12,5
2022-07-01,152,8,11,2
2022-08-01,152,8,7,3
2022-09-01,152,8,4,2
2022-10-01,152,8,9,3
2022-11-01,152,8,6,2
2022-12-01,152,8,2,0
2023-01-01,152,8,7,3
2023-02-01,152,8,8,2
2023-03-01,152,8,7,3
2023-04-01,152,8,7,3
2023-05-01,152,8,5,3
2023-06-01,152,8,2,1
2023-07-01,152,8,5,1
2023-08-01,152,8,7,3
2023-09-01,152,8,5,2
2023-10-01,152,8,8,3
2023-11-01,152,8,4,2
2023-12-01,152,8,7,4
2024-01-01,152,8,7,2
2024-02-01,152,8,6,2
2024-03-01,152,8,4,2
2024-04-01,152,8,5,2
2024-05-01,152,8,3,2
2024-06-01,152,8,6,3
2024-07-01,152,8,6,1
2024-08-01,152,8,6,2
2024-09-01,152,8,5,2
2024-10-01,152,8,15,8
2024-11-01,152,8,10,5
2024-12-01,152,8,7,5
2025-01-01,152,8,8,2
2025-02-01,152,8,3,0
2025-03-01,152,8,8,4
2025-04-01,152,8,5,1
2025-05-01,152,8,11,2
2025-06-01,152,8,3,2
2025-07-01,152,8,6,3
2025-08-01,152,8,6,2
2025-09-01,152,8,6,2
2025-10-01,152,8,6,1
2025-11-01,152,8,7,2
2025-12-01,152,8,5,2
2026-01-01,152,8,7,1
2026-02-01,152,8,7,4
2026-03-01,152,8,5,1
2026-04-01,152,8,8,2
2026-05-01,152,8,6,2
2026-06-01,152,8,5,1
2022-01-01,153,8,6,0
2022-02-01,153,8,6,2
2022-03-01,153,8,5,3
2022-04-01,153,8,9,1
2022-05-01,153,8,6,2
2022-06-01,153,8,7,3
2022-07-01,153,8,9,4
2022-08-01,153,8,6,3
2022-09-01,153,8,5,2
2022-10-01,153,8,9,3
2022-11-01,153,8,6,2
2022-12-01,153,8,3,2
2023-01-01,153,8,4,2
2023-02-01,153,8,5,1
2023-03-01,153,8,9,4
2023-04-01,153,8,6,3
2023-05-01,153,8,6,4
2023-06-01,153,8,5,3
2023-07-01,153,8,8,3
2023-08-01,153,8,9,2
2023-09-01,153,8,6,3
2023-10-01,153,8,8,3
2023-11-01,153,8,7,1
2023-12-01,153,8,6,3
2024-01-01,153,8,5,2
2024-02-01,153,8,5,2
2024-03-01,153,8,6,4
2024-04-01,153,8,4,0
2024-05-01,153,8,8,2
2024-06-01,153,8,9,2
2024-07-01,153,8,8,3
2024-08-01,153,8,6,4
2024-09-01,153,8,20,7
2024-10-01,153,8,5,1
2024-11-01,153,8,9,3
2024-12-01,153,8,10,6
2025-01-01,153,8,4,1
2025-02-01,153,8,3,0
2025-03-01,153,8,10,5
2025-04-01,153,8,5,0
2025-05-01,153,8,10,3
2025-06-01,153,8,5,2
2025-07-01,153,8,1,1
2025-08-01,153,8,9,4
2025-09-01,153,8,7,5
2025-10-01,153,8,5,2
2025-11-01,153,8,7,3
2025-12-01,153,8,8,2
2026-01-01,153,8,9,3
2026-02-01,153,8,4,2
2026-03-01,153,8,5,2
2026-04-01,153,8,4,3
2026-05-01,153,8,9,7
2026-06-01,153,8,6,0
2022-01-01,154,8,1,1
2022-02-01,154,8,10,2
2022-03-01,154,8,7,4
2022-04-01,154,8,6,4
2022-05-01,154,8,9,5
2022-06-01,154,8,7,0
2022-07-01,154,8,8,2
2022-08-01,154,8,4,2
2022-09-01,154,8,5,1
2022-10-01,154,8,7,3
2022-11-01,154,8,4,1
2022-12-01,154,8,6,2
2023-01-01,154,8,8,3
2023-02-01,154,8,12,6
2023-03-01,154,8,2,1
2023-04-01,154,8,11,4
2023-05-01,154,8,3,1
2023-06-01,154,8,6,2
2023-07-01,154,8,10,6
2023-08-01,154,8,8,3
2023-09-01,154,8,4,1
2023-10-01,154,8,7,1
2023-11-01,154,8,3,1
2023-12-01,154,8,4,0
2024-01-01,154,8,3,1
2024-02-01,154,8,5,2
2024-03-01,154,8,5,2
2024-04-01,154,8,6,2
2024-05-01,154,8,10,3
2024-06-01,154,8,10,6
2024-07-01,154,8,3,0
2024-08-01,154,8,8,3
2024-09-01,154,8,1,1
2024-10-01,154,8,9,1
2024-11-01,154,8,6,1
2024-12-01,154,8,1,0
2025-01-01,154,8,6,4
2025-02-01,154,8,4,1
2025-03-01,154,8,7,1
2025-04-01,154,8,5,1
2025-05-01,154,8,9,2
2025-06-01,154,8,3,1
2025-07-01,154,8,5,3
2025-08-01,154,8,6,2
2025-09-01,154,8,9,6
2025-10-01,154,8,7,3
2025-11-01,154,8,7,3
2025-12-01,154,8,5,0
2026-01-01,154,8,5,2
2026-02-01,154,8,6,4
2026-03-01,154,8,5,3
2026-04-01,154,8,6,3
2026-05-01,154,8,4,1
2026-06-01,154,8,31,10
2022-01-01,155,8,13,6
2022-02-01,155,8,9,4
2022-03-01,155,8,9,3
2022-04-01,155,8,8,5
2022-05-01,155,8,8,3
2022-06-01,155,8,9,6
2022-07-01,155,8,12,2
2022-08-01,155,8,7,2
2022-09-01,155,8,10,2
2022-10-01,155,8,7,2
2022-11-01,155,8,6,3
2022-12-01,155,8,7,2
2023-01-01,155,8,5,2
2023-02-01,155,8,8,3
2023-03-01,155,8,10,3
2023-04-01,155,8,7,2
2023-05-01,155,8,10,1
2023-06-01,155,8,10,3
2023-07-01,155,8,8,3
2023-08-01,155,8,10,4
2023-09-01,155,8,6,1
2023-10-01,155,8,8,3
2023-11-01,155,8,3,0
2023-12-01,155,8,9,2
2024-01-01,155,8,8,4
2024-02-01,155,8,7,2
2024-03-01,155,8,6,1
2024-04-01,155,8,4,1
2024-05-01,155,8,12,4
2024-06-01,155,8,11,6
2024-07-01,155,8,5,1
2024-08-01,155,8,11,6
2024-09-01,155,8,10,8
2024-10-01,155,8,7,1
2024-11-01,155,8,7,2
2024-12-01,155,8,7,4
2025-01-01,155,8,7,4
2025-02-01,155,8,5,2
2025-03-01,155,8,5,2
2025-04-01,155,8,9,4
2025-05-01,155,8,6,1
2025-06-01,155,8,5,0
2025-07-01,155,8,10,8
2025-08-01,155,8,9,3
2025-09-01,155,8,5,0
2025-10-01,155,8,8,4
2025-11-01,155,8,5,3
2025-12-01,155,8,12,4
2026-01-01,155,8,6,3
2026-02-01,155,8,9,7
2026-03-01,155,8,9,3
2026-04-01,155,8,9,5
2026-05-01,155,8,8,2
2026-06-01,155,8,5,3
2022-01-01,156,8,8,4
2022-02-01,156,8,7,1
2022-03-01,156,8,9,4
2022-04-01,156,8,5,4
2022-05-01,156,8,6,1
2022-06-01,156,8,11,4
2022-07-01,156,8,7,2
2022-08-01,156,8,10,3
2022-09-01,156,8,6,1
2022-10-01,156,8,7,3
2022-11-01,156,8,4,1
2022-12-01,156,8,6,0
2023-01-01,156,8,6,3
2023-02-01,156,8,6,3
2023-03-01,156,8,6,2
2023-04-01,156,8,10,5
2023-05-01,156,8,9,4
2023-06-01,156,8,9,6
2023-07-01,156,8,3,3
2023-08-01,156,8,9,4
2023-09-01,156,8,8,4
2023-10-01,156,8,9,2
2023-11-01,156,8,5,1
2023-12-01,156,8,12,6
2024-01-01,156,8,7,3
2024-02-01,156,8,4,1
2024-03-01,156,8,6,1
2024-04-01,156,8,8,2
2024-05-01,156,8,5,3
2024-06-01,156,8,6,3
2024-07-01,156,8,11,5
2024-08-01,156,8,6,1
2024-09-01,156,8,7,3
2024-10-01,156,8,13,8
2024-11-01,156,8,10,4
2024-12-01,156,8,8,4
2025-01-01,156,8,9,3
2025-02-01,156,8,6,1
2025-03-01,156,8,9,4
2025-04-01,156,8,10,3
2025-05-01,156,8,7,2
2025-06-01,156,8,7,1
2025-07-01,156,8,5,1
2025-08-01,156,8,9,2
2025-09-01,156,8,6,3
2025-10-01,156,8,9,5
2025-11-01,156,8,6,2
2025-12-01,156,8,10,4
2026-01-01,156,8,12,6
2026-02-01,156,8,4,1
2026-03-01,156,8,12,4
2026-04-01,156,8,2,1
2026-05-01,156,8,10,6
2026-06-01,156,8,5,1
2022-01-01,157,9,6,3
2022-02-01,157,9,13,4
2022-03-01,157,9,10,6
2022-04-01,157,9,5,1
2022-05-01,157,9,5,2
2022-06-01,157,9,5,1
2022-07-01,157,9,4,1
2022-08-01,157,9,14,4
2022-09-01,157,9,4,1
2022-10-01,157,9,3,1
2022-11-01,157,9,5,2
2022-12-01,157,9,5,0
2023-01-01,157,9,6,1
2023-02-01,157,9,2,0
2023-03-01,157,9,4,1
2023-04-01,157,9,7,4
2023-05-01,157,9,5,3
2023-06-01,157,9,4,1
2023-07-01,157,9,6,1
2023-08-01,157,9,6,3
2023-09-01,157,9,8,5
2023-10-01,157,9,13,1
2023-11-01,157,9,9,4
2023-12-01,157,9,6,3
2024-01-01,157,9,12,4
2024-02-01,157,9,4,2
2024-03-01,157,9,10,3
2024-04-01,157,9,7,4
2024-05-01,157,9,8,1
2024-06-01,157,9,7,3
2024-07-01,157,9,8,2
2024-08-01,157,9,4,2
2024-09-01,157,9,4,1
2024-10-01,157,9,7,3
2024-11-01,157,9,10,5
2024-12-01,157,9,7,2
2025-01-01,157,9,8,4
2025-02-01,157,9,4,1
2025-03-01,157,9,12,5
2025-04-01,157,9,9,4
2025-05-01,157,9,5,3
2025-06-01,157,9,3,2
2025-07-01,157,9,10,1
2025-08-01,157,9,12,5
2025-09-01,157,9,12,4
2025-10-01,157,9,1,1
2025-11-01,157,9,7,2
2025-12-01,157,9,6,2
2026-01-01,157,9,5,0
2026-02-01,157,9,12,3
2026-03-01,157,9,4,1
2026-04-01,157,9,9,5
2026-05-01,157,9,8,4
2026-06-01,157,9,9,1
2022-01-01,158,9,11,4
2022-02-01,158,9,5,3
2022-03-01,158,9,7,4
2022-04-01,158,9,10,4
2022-05-01,158,9,5,4
2022-06-01,158,9,9,4
2022-07-01,158,9,3,1
2022-08-01,158,9,7,2
2022-09-01,158,9,8,2
2022-10-01,158,9,10,1
2022-11-01,158,9,5,1
2022-12-01,158,9,7,2
2023-01-01,158,9,8,2
2023-02-01,158,9,4,2
2023-03-01,158,9,5,1
2023-04-01,158,9,4,2
2023-05-01,158,9,7,2
2023-06-01,158,9,7,4
2023-07-01,158,9,3,1
2023-08-01,158,9,5,0
2023-09-01,158,9,6,3
2023-10-01,158,9,6,1
2023-11-01,158,9,4,2
2023-12-01,158,9,8,3
2024-01-01,158,9,8,1
2024-02-01,158,9,6,2
2024-03-01,158,9,8,4
2024-04-01,158,9,10,2
2024-05-01,158,9,5,2
2024-06-01,158,9,8,3
2024-07-01,158,9,8,4
2024-08-01,158,9,8,1
2024-09-01,158,9,5,1
2024-10-01,158,9,7,2
2024-11-01,158,9,5,3
2024-12-01,158,9,5,2
2025-01-01,158,9,5,1
2025-02-01,158,9,4,0
2025-03-01,158,9,5,2
2025-04-01,158,9,6,1
2025-05-01,158,9,7,3
2025-06-01,158,9,11,1
2025-07-01,158,9,7,2
2025-08-01,158,9,10,1
2025-09-01,158,9,6,3
2025-10-01,158,9,11,5
2025-11-01,158,9,4,2
2025-12-01,158,9,9,4
2026-01-01,158,9,6,3
2026-02-01,158,9,6,2
2026-03-01,158,9,8,3
2026-04-01,158,9,8,3
2026-05-01,158,9,8,3
2026-06-01,158,9,10,7
2022-01-01,159,9,6,3
2022-02-01,159,9,6,3
2022-03-01,159,9,8,3
2022-04-01,159,9,8,3
2022-05-01,159,9,3,2
2022-06-01,159,9,4,1
2022-07-01,159,9,6,2
2022-08-01,159,9,9,4
2022-09-01,159,9,5,2
2022-10-01,159,9,6,3
2022-11-01,159,9,6,4
2022-12-01,159,9,6,1
2023-01-01,159,9,12,5
2023-02-01,159,9,9,4
2023-03-01,159,9,6,3
2023-04-01,159,9,4,3
2023-05-01,159,9,7,3
2023-06-01,159,9,5,3
2023-07-01,159,9,5,3
2023-08-01,159,9,7,2
2023-09-01,159,9,4,3
2023-10-01,159,9,12,4
2023-11-01,159,9,7,2
2023-12-01,159,9,7,2
2024-01-01,159,9,5,2
2024-02-01,159,9,8,3
2024-03-01,159,9,4,2
2024-04-01,159,9,12,3
2024-05-01,159,9,5,2
2024-06-01,159,9,3,2
2024-07-01,159,9,11,3
2024-08-01,159,9,7,4
2024-09-01,159,9,10,3
2024-10-01,159,9,3,1
2024-11-01,159,9,4,0
2024-12-01,159,9,8,2
2025-01-01,159,9,10,4
2025-02-01,159,9,7,2
2025-03-01,159,9,3,2
2025-04-01,159,9,6,2
2025-05-01,159,9,6,1
2025-06-01,159,9,6,3
2025-07-01,159,9,5,2
2025-08-01,159,9,8,3
2025-09-01,159,9,5,2
2025-10-01,159,9,5,1
2025-11-01,159,9,15,9
2025-12-01,159,9,8,2
2026-01-01,159,9,5,4
2026-02-01,159,9,6,1
2026-03-01,159,9,6,2
2026-04-01,159,9,7,2
2026-05-01,159,9,5,2
2026-06-01,159,9,9,5
2022-01-01,160,9,5,2
2022-02-01,160,9,8,5
2022-03-01,160,9,2,1
2022-04-01,160,9,1,1
2022-05-01,160,9,3,2
2022-06-01,160,9,9,6
2022-07-01,160,9,5,0
2022-08-01,160,9,6,3
2022-09-01,160,9,8,4
2022-10-01,160,9,13,3
2022-11-01,160,9,6,3
2022-12-01,160,9,8,3
2023-01-01,160,9,6,1
2023-02-01,160,9,7,3
2023-03-01,160,9,5,3
2023-04-01,160,9,9,3
2023-05-01,160,9,7,2
2023-06-01,160,9,8,4
2023-07-01,160,9,5,1
2023-08-01,160,9,6,4
2023-09-01,160,9,2,1
2023-10-01,160,9,7,3
2023-11-01,160,9,10,4
2023-12-01,160,9,6,3
2024-01-01,160,9,2,0
2024-02-01,160,9,3,0
2024-03-01,160,9,7,1
2024-04-01,160,9,3,1
2024-05-01,160,9,12,3
2024-06-01,160,9,9,2
2024-07-01,160,9,3,0
2024-08-01,160,9,11,1
2024-09-01,160,9,9,3
2024-10-01,160,9,9,5
2024-11-01,160,9,7,2
2024-12-01,160,9,12,3
2025-01-01,160,9,8,2
2025-02-01,160,9,6,3
2025-03-01,160,9,2,1
2025-04-01,160,9,3,0
2025-05-01,160,9,8,3
2025-06-01,160,9,4,2
2025-07-01,160,9,5,1
2025-08-01,160,9,10,3
2025-09-01,160,9,7,2
2025-10-01,160,9,8,4
2025-11-01,160,9,11,4
2025-12-01,160,9,12,6
2026-01-01,160,9,7,2
2026-02-01,160,9,5,3
2026-03-01,160,9,4,2
2026-04-01,160,9,8,6
2026-05-01,160,9,10,5
2026-06-01,160,9,5,1
2022-01-01,161,9,5,2
2022-02-01,161,9,8,2
2022-03-01,161,9,6,0
2022-04-01,161,9,7,2
2022-05-01,161,9,6,1
2022-06-01,161,9,8,2
2022-07-01,161,9,8,4
2022-08-01,161,9,5,1
2022-09-01,161,9,11,4
2022-10-01,161,9,10,5
2022-11-01,161,9,12,2
2022-12-01,161,9,10,7
2023-01-01,161,9,7,2
2023-02-01,161,9,12,6
2023-03-01,161,9,4,2
2023-04-01,161,9,9,4
2023-05-01,161,9,5,3
2023-06-01,161,9,8,4
2023-07-01,161,9,9,5
2023-08-01,161,9,8,1
2023-09-01,161,9,8,1
2023-10-01,161,9,9,5
2023-11-01,161,9,12,4
2023-12-01,161,9,2,1
2024-01-01,161,9,4,3
2024-02-01,161,9,2,0
2024-03-01,161,9,8,4
2024-04-01,161,9,10,5
2024-05-01,161,9,8,3
2024-06-01,161,9,11,8
2024-07-01,161,9,3,0
2024-08-01,161,9,6,4
2024-09-01,161,9,7,3
2024-10-01,161,9,11,3
2024-11-01,161,9,3,2
2024-12-01,161,9,3,2
2025-01-01,161,9,9,1
2025-02-01,161,9,7,4
2025-03-01,161,9,9,3
2025-04-01,161,9,8,3
2025-05-01,161,9,7,4
2025-06-01,161,9,2,1
2025-07-01,161,9,4,3
2025-08-01,161,9,10,2
2025-09-01,161,9,6,5
2025-10-01,161,9,8,3
2025-11-01,161,9,9,4
2025-12-01,161,9,10,3
2026-01-01,161,9,8,5
2026-02-01,161,9,6,3
2026-03-01,161,9,13,5
2026-04-01,161,9,5,2
2026-05-01,161,9,4,2
2026-06-01,161,9,7,3
2022-01-01,162,9,4,1
2022-02-01,162,9,8,3
2022-03-01,162,9,6,3
2022-04-01,162,9,6,1
2022-05-01,162,9,4,1
2022-06-01,162,9,4,0
2022-07-01,162,9,9,3
2022-08-01,162,9,6,2
2022-09-01,162,9,11,6
2022-10-01,162,9,10,3
2022-11-01,162,9,9,3
2022-12-01,162,9,9,4
2023-01-01,162,9,4,2
2023-02-01,162,9,4,1
2023-03-01,162,9,5,2
2023-04-01,162,9,6,3
2023-05-01,162,9,5,3
2023-06-01,162,9,3,1
2023-07-01,162,9,6,3
2023-08-01,162,9,9,5
2023-09-01,162,9,9,4
2023-10-01,162,9,4,2
2023-11-01,162,9,5,2
2023-12-01,162,9,14,9
2024-01-01,162,9,9,4
2024-02-01,162,9,7,3
2024-03-01,162,9,6,3
2024-04-01,162,9,4,0
2024-05-01,162,9,4,2
2024-06-01,162,9,11,3
2024-07-01,162,9,9,4
2024-08-01,162,9,7,4
2024-09-01,162,9,13,5
2024-10-01,162,9,6,2
2024-11-01,162,9,11,5
2024-12-01,162,9,3,1
2025-01-01,162,9,8,4
2025-02-01,162,9,3,1
2025-03-01,162,9,3,0
2025-04-01,162,9,7,2
2025-05-01,162,9,13,4
2025-06-01,162,9,7,3
2025-07-01,162,9,3,1
2025-08-01,162,9,6,2
2025-09-01,162,9,14,4
2025-10-01,162,9,6,2
2025-11-01,162,9,7,4
2025-12-01,162,9,7,3
2026-01-01,162,9,6,2
2026-02-01,162,9,7,3
2026-03-01,162,9,8,4
2026-04-01,162,9,9,3
2026-05-01,162,9,7,3
2026-06-01,162,9,25,9
2022-01-01,163,9,5,1
2022-02-01,163,9,6,3
2022-03-01,163,9,9,2
2022-04-01,163,9,10,6
2022-05-01,163,9,8,4
2022-06-01,163,9,9,4
2022-07-01,163,9,6,1
2022-08-01,163,9,7,4
2022-09-01,163,9,8,5
2022-10-01,163,9,6,3
2022-11-01,163,9,11,3
2022-12-01,163,9,6,2
2023-01-01,163,9,11,6
2023-02-01,163,9,5,2
2023-03-01,163,9,8,2
2023-04-01,163,9,8,1
2023-05-01,163,9,11,2
2023-06-01,163,9,8,1
2023-07-01,163,9,4,3
2023-08-01,163,9,8,3
2023-09-01,163,9,4,2
2023-10-01,163,9,6,5
2023-11-01,163,9,7,2
2023-12-01,163,9,3,1
2024-01-01,163,9,7,2
2024-02-01,163,9,12,3
2024-03-01,163,9,7,4
2024-04-01,163,9,2,1
2024-05-01,163,9,5,1
2024-06-01,163,9,11,4
2024-07-01,163,9,9,3
2024-08-01,163,9,4,3
2024-09-01,163,9,8,3
2024-10-01,163,9,2,0
2024-11-01,163,9,8,3
2024-12-01,163,9,8,4
2025-01-01,163,9,2,0
2025-02-01,163,9,3,0
2025-03-01,163,9,3,1
2025-04-01,163,9,13,5
2025-05-01,163,9,9,3
2025-06-01,163,9,11,5
2025-07-01,163,9,5,1
2025-08-01,163,9,5,2
2025-09-01,163,9,6,2
2025-10-01,163,9,11,6
2025-11-01,163,9,7,2
2025-12-01,163,9,3,2
2026-01-01,163,9,6,2
2026-02-01,163,9,7,6
2026-03-01,163,9,5,3
2026-04-01,163,9,10,2
2026-05-01,163,9,8,1
2026-06-01,163,9,10,4
2022-01-01,164,9,4,3
2022-02-01,164,9,8,1
2022-03-01,164,9,6,2
2022-04-01,164,9,11,5
2022-05-01,164,9,4,0
2022-06-01,164,9,9,4
2022-07-01,164,9,6,2
2022-08-01,164,9,10,6
2022-09-01,164,9,4,3
2022-10-01,164,9,4,0
2022-11-01,164,9,1,0
2022-12-01,164,9,6,3
2023-01-01,164,9,9,2
2023-02-01,164,9,6,2
2023-03-01,164,9,4,1
2023-04-01,164,9,2,0
2023-05-01,164,9,5,3
2023-06-01,164,9,7,2
2023-07-01,164,9,8,2
2023-08-01,164,9,11,3
2023-09-01,164,9,7,2
2023-10-01,164,9,4,0
2023-11-01,164,9,9,3
2023-12-01,164,9,5,3
2024-01-01,164,9,3,0
2024-02-01,164,9,7,1
2024-03-01,164,9,5,2
2024-04-01,164,9,9,3
2024-05-01,164,9,6,2
2024-06-01,164,9,9,4
2024-07-01,164,9,5,1
2024-08-01,164,9,7,2
2024-09-01,164,9,11,5
2024-10-01,164,9,10,2
2024-11-01,164,9,4,2
2024-12-01,164,9,5,1
2025-01-01,164,9,5,2
2025-02-01,164,9,3,2
2025-03-01,164,9,9,5
2025-04-01,164,9,7,3
2025-05-01,164,9,8,4
2025-06-01,164,9,8,3
2025-07-01,164,9,5,2
2025-08-01,164,9,6,3
2025-09-01,164,9,8,3
2025-10-01,164,9,10,4
2025-11-01,164,9,6,3
2025-12-01,164,9,4,1
2026-01-01,164,9,9,5
2026-02-01,164,9,8,4
2026-03-01,164,9,8,4
2026-04-01,164,9,9,5
2026-05-01,164,9,8,2
2026-06-01,164,9,5,4
